image,original_tp,original_fp,original_fn,flip_w_tp,flip_w_fp,flip_w_fn,flip_h_tp,flip_h_fp,flip_h_fn,flip_hw_tp,flip_hw_fp,flip_hw_fn,tta_tp,tta_fp,tta_fn
test_100_0_0.png,0,0,0,0,0,0,0,0,0,0,0,0,0,0,0
test_100_0_1.png,0,0,1131,0,0,1131,0,0,1131,0,0,1131,0,0,1131
test_100_0_2.png,0,0,219,0,0,219,0,0,219,0,0,219,0,0,219
test_100_0_3.png,6805,500,414,6817,437,402,6830,508,389,6865,440,354,6834,479,385
test_100_1_0.png,54,0,393,267,0,180,393,0,54,397,2,50,347,0,100
test_100_1_1.png,0,0,0,0,0,0,0,0,0,0,0,0,0,0,0
test_100_1_2.png,5644,330,526,5641,349,529,5651,466,519,5635,318,535,5650,348,520
test_100_1_3.png,17442,781,1444,17413,861,1473,17259,766,1627,17104,685,1782,17301,746,1585
test_100_2_0.png,0,0,0,0,0,0,0,0,0,0,0,0,0,0,0
test_100_2_1.png,1865,57,269,1843,63,291,1861,74,273,1861,59,273,1858,61,276
test_100_2_2.png,14868,492,1221,14805,484,1284,14950,547,1139,14888,493,1201,14880,479,1209
test_100_2_3.png,17627,781,1216,17610,874,1233,17428,630,1415,17311,597,1532,17533,668,1310
test_100_3_0.png,0,0,0,0,0,0,0,0,0,0,0,0,0,0,0
test_100_3_1.png,10875,525,891,10963,575,803,10988,514,778,10826,445,940,10933,475,833
test_100_3_2.png,19307,819,1109,19203,825,1213,19140,661,1276,19249,775,1167,19232,708,1184
test_100_3_3.png,14390,370,1133,14515,499,1008,14404,442,1119,14329,407,1194,14423,408,1100
test_101_0_0.png,0,0,0,0,0,0,0,0,0,0,0,0,0,0,0
test_101_0_1.png,11451,753,235,11511,877,175,11546,900,140,11504,832,182,11509,820,177
test_101_0_2.png,0,0,0,0,0,0,0,0,0,0,0,0,0,0,0
test_101_0_3.png,0,0,0,0,0,0,0,0,0,0,0,0,0,0,0
test_101_1_0.png,0,0,211,0,0,211,0,0,211,0,0,211,0,0,211
test_101_1_1.png,0,0,0,0,0,0,0,0,0,0,0,0,0,0,0
test_101_1_2.png,0,0,0,0,0,0,0,0,0,0,0,0,0,0,0
test_101_1_3.png,0,0,486,0,0,486,0,0,486,0,0,486,0,0,486
test_101_2_0.png,1505,47,181,1479,34,207,1436,27,250,1061,26,625,1457,31,229
test_101_2_1.png,7263,91,632,7251,64,644,7229,58,666,7222,48,673,7248,60,647
test_101_2_2.png,995,22,159,986,23,168,1008,34,146,969,26,185,992,24,162
test_101_2_3.png,6642,182,433,6535,134,540,6597,168,478,6619,179,456,6595,155,480
test_101_3_0.png,413,9,1309,331,0,1391,94,0,1628,156,0,1566,277,0,1445
test_101_3_1.png,7360,726,1004,7441,744,923,7415,790,949,7437,852,927,7401,761,963
test_101_3_2.png,5048,96,562,5085,113,525,5093,131,517,5120,115,490,5085,101,525
test_101_3_3.png,3246,152,241,3203,119,284,3238,158,249,3214,132,273,3234,132,253
test_102_0_0.png,0,20,0,0,0,0,0,220,0,0,0,0,0,0,0
test_102_0_1.png,2328,6,115,2314,8,129,2320,3,123,2314,2,129,2317,4,126
test_102_0_2.png,20621,369,205,20606,294,220,20577,196,249,20545,192,281,20591,230,235
test_102_0_3.png,15600,188,566,15666,252,500,15581,209,585,15586,186,580,15610,199,556
test_102_1_0.png,2198,89,166,2171,102,193,2195,128,169,2190,149,174,2198,104,166
test_102_1_1.png,18537,691,42,18522,600,57,18517,519,62,18508,604,71,18524,579,55
test_102_1_2.png,14402,156,199,14369,145,232,14344,120,257,14370,181,231,14375,144,226
test_102_1_3.png,2689,0,163,2674,0,178,2676,0,176,2674,0,178,2676,0,176
test_102_2_0.png,13424,208,129,13449,301,104,13345,67,208,13395,131,158,13407,137,146
test_102_2_1.png,2052,4,71,2079,24,44,2074,123,49,2049,1,74,2070,12,53
test_102_2_2.png,0,0,0,0,0,0,0,0,0,0,0,0,0,0,0
test_102_2_3.png,0,0,0,0,0,0,0,0,0,0,0,0,0,0,0
test_102_3_0.png,11209,352,774,11245,380,738,11391,546,592,11538,572,445,11280,428,703
test_102_3_1.png,0,0,0,0,0,0,0,0,0,0,0,0,0,0,0
test_102_3_2.png,0,0,0,0,0,0,0,0,0,0,0,0,0,0,0
test_102_3_3.png,0,0,0,0,0,0,0,0,0,0,0,0,0,0,0
test_103_0_0.png,3005,236,307,3021,329,291,3069,290,243,3010,245,302,3035,256,277
test_103_0_1.png,849,12,2863,2079,283,1633,0,0,3712,1558,156,2154,1143,22,2569
test_103_0_2.png,0,0,0,0,0,0,0,0,0,0,0,0,0,0,0
test_103_0_3.png,4685,969,184,4662,97,207,4685,689,184,4755,602,114,4701,559,168
test_103_1_0.png,1889,375,3208,1768,277,3329,1801,166,3296,1480,164,3617,1757,137,3340
test_103_1_1.png,63,2,1155,0,0,1218,0,0,1218,0,0,1218,0,0,1218
test_103_1_2.png,0,0,0,0,0,0,0,0,0,0,0,0,0,0,0
test_103_1_3.png,0,2934,0,0,68,0,0,4548,0,0,4800,0,0,3406,0
test_103_2_0.png,0,0,0,0,0,0,0,0,0,0,0,0,0,0,0
test_103_2_1.png,0,0,0,0,0,0,0,0,0,0,0,0,0,0,0
test_103_2_2.png,0,0,0,0,0,0,0,0,0,0,0,0,0,0,0
test_103_2_3.png,0,0,0,0,0,0,0,0,0,0,0,0,0,0,0
test_103_3_0.png,0,0,0,0,0,0,0,0,0,0,0,0,0,0,0
test_103_3_1.png,0,0,0,0,0,0,0,0,0,0,0,0,0,0,0
test_103_3_2.png,0,0,0,0,0,0,0,0,0,0,0,0,0,0,0
test_103_3_3.png,0,249,0,0,283,0,0,0,0,0,0,0,0,0,0
test_104_0_0.png,0,0,0,0,0,0,0,0,0,0,0,0,0,0,0
test_104_0_1.png,0,0,0,0,0,0,0,0,0,0,0,0,0,0,0
test_104_0_2.png,0,0,0,0,0,0,0,0,0,0,0,0,0,0,0
test_104_0_3.png,0,0,0,0,0,0,0,0,0,0,0,0,0,0,0
test_104_1_0.png,0,0,0,0,0,0,0,0,0,0,0,0,0,0,0
test_104_1_1.png,0,0,0,0,0,0,0,0,0,0,0,0,0,0,0
test_104_1_2.png,0,0,0,0,0,0,0,0,0,0,0,0,0,0,0
test_104_1_3.png,0,0,0,0,0,0,0,0,0,0,0,0,0,0,0
test_104_2_0.png,17839,1756,304,17748,1119,395,17918,1165,225,17794,1781,349,17831,1266,312
test_104_2_1.png,0,0,0,0,0,0,0,0,0,0,0,0,0,0,0
test_104_2_2.png,0,0,0,0,0,0,0,0,0,0,0,0,0,0,0
test_104_2_3.png,0,0,0,0,0,0,0,0,0,0,0,0,0,0,0
test_104_3_0.png,172,925,734,31,867,875,171,907,735,100,912,806,123,914,783
test_104_3_1.png,0,0,0,0,0,0,0,0,0,0,0,0,0,0,0
test_104_3_2.png,0,0,0,0,0,0,0,0,0,0,0,0,0,0,0
test_104_3_3.png,0,877,0,0,883,0,0,698,0,0,820,0,0,846,0
test_105_0_0.png,0,0,0,0,0,0,0,0,0,0,0,0,0,0,0
test_105_0_1.png,0,0,0,0,0,0,0,0,0,0,0,0,0,0,0
test_105_0_2.png,0,0,0,0,0,0,0,0,0,0,0,0,0,0,0
test_105_0_3.png,0,0,0,0,0,0,0,0,0,0,0,0,0,0,0
test_105_1_0.png,2314,57,201,2308,76,207,2313,60,202,2323,89,192,2321,65,194
test_105_1_1.png,0,0,0,0,0,0,0,0,0,0,0,0,0,0,0
test_105_1_2.png,0,0,35,0,0,35,0,0,35,0,0,35,0,0,35
test_105_1_3.png,11663,643,1344,11625,613,1382,11755,726,1252,11652,544,1355,11706,597,1301
test_105_2_0.png,8057,506,774,8054,550,777,7947,483,884,8109,519,722,8037,495,794
test_105_2_1.png,0,0,0,0,0,0,0,0,0,0,0,0,0,0,0
test_105_2_2.png,1358,181,186,1357,185,187,1391,344,153,1353,292,191,1361,168,183
test_105_2_3.png,1945,922,156,1966,898,135,1940,832,161,1936,909,165,1952,886,149
test_105_3_0.png,12687,996,973,12498,835,1162,12439,782,1221,12640,968,1020,12589,862,1071
test_105_3_1.png,2964,124,186,2966,112,184,2943,136,207,2982,112,168,2974,112,176
test_105_3_2.png,1074,46,94,1127,64,41,1079,61,89,1103,72,65,1093,52,75
test_105_3_3.png,6294,409,580,6262,393,612,6275,430,599,6260,397,614,6276,391,598
test_106_0_0.png,459,62,248,408,49,299,456,75,251,447,48,260,448,58,259
test_106_0_1.png,0,0,0,0,0,0,0,0,0,0,0,0,0,0,0
test_106_0_2.png,3234,236,338,3231,254,341,3178,248,394,3208,224,364,3220,235,352
test_106_0_3.png,16294,927,1234,16320,1001,1208,16165,929,1363,16266,965,1262,16282,915,1246
test_106_1_0.png,0,0,0,0,0,0,0,0,0,0,0,0,0,0,0
test_106_1_1.png,0,0,0,0,0,0,0,0,0,0,0,0,0,0,0
test_106_1_2.png,0,0,0,0,0,0,0,0,0,0,0,0,0,0,0
test_106_1_3.png,0,0,0,0,0,0,0,0,0,0,0,0,0,0,0
test_106_2_0.png,0,0,0,0,0,0,0,0,0,0,0,0,0,0,0
test_106_2_1.png,0,0,0,0,0,0,0,0,0,0,0,0,0,0,0
test_106_2_2.png,0,0,0,0,0,0,0,0,0,0,0,0,0,0,0
test_106_2_3.png,556,28,231,163,71,624,732,73,55,591,50,196,605,63,182
test_106_3_0.png,0,261,0,0,254,0,0,273,0,0,230,0,0,254,0
test_106_3_1.png,0,0,0,0,0,0,0,0,0,0,0,0,0,0,0
test_106_3_2.png,0,0,0,0,0,0,0,0,0,0,0,0,0,0,0
test_106_3_3.png,1379,11,207,1381,53,205,1407,209,179,1356,11,230,1390,17,196
test_107_0_0.png,0,0,315,0,0,315,107,0,208,0,0,315,0,0,315
test_107_0_1.png,0,0,0,0,0,0,0,0,0,0,0,0,0,0,0
test_107_0_2.png,0,0,0,0,0,0,0,0,0,0,0,0,0,0,0
test_107_0_3.png,0,0,331,3,0,328,0,0,331,0,0,331,0,0,331
test_107_1_0.png,0,239,0,0,249,0,0,36,0,0,48,0,0,202,0
test_107_1_1.png,0,0,0,0,0,0,0,0,0,0,0,0,0,0,0
test_107_1_2.png,0,0,0,0,0,0,0,66,0,0,59,0,0,0,0
test_107_1_3.png,0,0,0,0,0,0,0,0,0,0,0,0,0,0,0
test_107_2_0.png,0,0,0,0,0,0,0,0,0,0,0,0,0,0,0
test_107_2_1.png,0,0,0,0,0,0,0,0,0,0,0,0,0,0,0
test_107_2_2.png,746,47,26,765,21,7,739,17,33,763,7,9,763,25,9
test_107_2_3.png,0,0,0,0,0,0,0,0,0,0,0,0,0,0,0
test_107_3_0.png,0,0,0,0,0,0,0,0,0,0,0,0,0,0,0
test_107_3_1.png,0,0,0,0,0,0,0,0,0,0,0,0,0,0,0
test_107_3_2.png,735,19,145,499,3,381,645,10,235,807,59,73,676,10,204
test_107_3_3.png,0,0,0,0,0,0,0,0,0,0,0,0,0,0,0
test_108_0_0.png,0,0,0,0,0,0,0,0,0,0,0,0,0,0,0
test_108_0_1.png,0,0,0,0,0,0,0,0,0,0,0,0,0,0,0
test_108_0_2.png,0,0,0,0,0,0,0,0,0,0,0,0,0,0,0
test_108_0_3.png,0,0,0,0,0,0,0,0,0,0,0,0,0,0,0
test_108_1_0.png,0,0,0,0,0,0,0,0,0,0,0,0,0,0,0
test_108_1_1.png,0,0,0,0,0,0,0,0,0,0,0,0,0,0,0
test_108_1_2.png,0,0,0,0,0,0,0,0,0,0,0,0,0,0,0
test_108_1_3.png,0,0,0,0,0,0,0,0,0,0,0,0,0,0,0
test_108_2_0.png,0,0,0,0,0,0,0,0,0,0,0,0,0,0,0
test_108_2_1.png,0,0,0,0,0,0,0,0,0,0,0,0,0,0,0
test_108_2_2.png,0,0,0,0,0,0,0,0,0,0,0,0,0,0,0
test_108_2_3.png,0,0,0,0,0,0,0,0,0,0,0,0,0,0,0
test_108_3_0.png,0,0,0,0,0,0,0,0,0,0,0,0,0,0,0
test_108_3_1.png,0,0,0,0,0,0,0,0,0,0,0,0,0,0,0
test_108_3_2.png,0,0,0,0,0,0,0,0,0,0,0,0,0,0,0
test_108_3_3.png,0,0,0,0,0,0,0,0,0,0,0,0,0,0,0
test_109_0_0.png,0,0,0,0,0,0,0,0,0,0,0,0,0,0,0
test_109_0_1.png,0,0,0,0,0,0,0,0,0,0,0,0,0,0,0
test_109_0_2.png,0,0,0,0,0,0,0,0,0,0,0,0,0,0,0
test_109_0_3.png,0,0,0,0,0,0,0,0,0,0,0,0,0,0,0
test_109_1_0.png,0,0,0,0,0,0,0,0,0,0,0,0,0,0,0
test_109_1_1.png,0,0,0,0,0,0,0,0,0,0,0,0,0,0,0
test_109_1_2.png,0,0,0,0,0,0,0,0,0,0,0,0,0,0,0
test_109_1_3.png,0,0,0,0,0,0,0,0,0,0,0,0,0,0,0
test_109_2_0.png,0,0,0,0,0,0,0,0,0,0,0,0,0,0,0
test_109_2_1.png,0,0,0,0,0,0,0,0,0,0,0,0,0,0,0
test_109_2_2.png,3856,177,66,3843,195,79,3865,241,57,3854,215,68,3854,196,68
test_109_2_3.png,0,0,0,0,0,0,0,0,0,0,0,0,0,0,0
test_109_3_0.png,0,0,769,0,0,769,0,0,769,0,0,769,0,0,769
test_109_3_1.png,0,0,0,0,0,0,0,0,0,0,0,0,0,0,0
test_109_3_2.png,0,0,0,0,0,0,0,0,0,0,0,0,0,0,0
test_109_3_3.png,0,0,0,0,0,0,0,0,0,0,0,0,0,0,0
test_10_0_0.png,0,0,0,0,0,0,0,0,0,0,0,0,0,0,0
test_10_0_1.png,0,0,0,0,0,0,0,0,0,0,0,0,0,0,0
test_10_0_2.png,0,0,0,0,0,0,0,0,0,0,0,0,0,0,0
test_10_0_3.png,0,0,0,0,0,0,0,0,0,0,0,0,0,0,0
test_10_1_0.png,1137,43,65,1131,35,71,1139,38,63,1136,42,66,1136,40,66
test_10_1_1.png,2870,137,136,2876,122,130,2876,130,130,2887,140,119,2885,133,121
test_10_1_2.png,0,0,0,0,0,0,0,0,0,0,0,0,0,0,0
test_10_1_3.png,0,0,0,0,0,0,0,0,0,0,0,0,0,0,0
test_10_2_0.png,6918,729,480,6885,668,513,6855,715,543,6916,685,482,6900,672,498
test_10_2_1.png,13882,1297,861,13860,1295,883,13728,1222,1015,13931,1387,812,13848,1265,895
test_10_2_2.png,11309,1357,570,11314,1301,565,11225,1425,654,11362,1553,517,11320,1378,559
test_10_2_3.png,6986,680,275,6979,645,282,6954,648,307,6967,693,294,6977,667,284
test_10_3_0.png,16350,1903,559,16303,1916,606,16307,1902,602,16180,1757,729,16302,1824,607
test_10_3_1.png,9305,1170,529,9237,1201,597,9250,1306,584,9166,1144,668,9258,1172,576
test_10_3_2.png,9325,1027,465,9292,1040,498,9233,848,557,9270,980,520,9286,929,504
test_10_3_3.png,18557,2055,1151,18376,1973,1332,18478,2010,1230,18629,2236,1079,18541,2018,1167
test_110_0_0.png,0,0,0,0,0,0,0,0,0,0,0,0,0,0,0
test_110_0_1.png,0,0,0,0,0,0,0,0,0,0,0,0,0,0,0
test_110_0_2.png,0,0,0,0,0,0,0,0,0,0,0,0,0,0,0
test_110_0_3.png,0,0,0,0,0,0,0,0,0,0,0,0,0,0,0
test_110_1_0.png,0,0,0,0,0,0,0,0,0,0,0,0,0,0,0
test_110_1_1.png,0,0,0,0,0,0,0,0,0,0,0,0,0,0,0
test_110_1_2.png,0,0,0,0,0,0,0,0,0,0,0,0,0,0,0
test_110_1_3.png,2578,364,155,2536,189,197,2542,199,191,2522,198,211,2547,209,186
test_110_2_0.png,4871,138,962,4489,122,1344,4800,172,1033,4623,212,1210,4640,146,1193
test_110_2_1.png,0,0,0,0,0,0,0,0,0,0,0,0,0,0,0
test_110_2_2.png,0,0,0,0,0,0,0,0,0,0,0,0,0,0,0
test_110_2_3.png,0,0,62,0,0,62,0,0,62,0,0,62,0,0,62
test_110_3_0.png,0,0,0,0,0,0,0,0,0,0,0,0,0,0,0
test_110_3_1.png,0,0,0,0,0,0,0,0,0,0,0,0,0,0,0
test_110_3_2.png,0,0,0,0,0,0,0,0,0,0,0,0,0,0,0
test_110_3_3.png,0,0,159,23,0,136,0,0,159,25,0,134,0,0,159
test_111_0_0.png,0,0,0,0,0,0,0,0,0,0,0,0,0,0,0
test_111_0_1.png,0,0,0,0,0,0,0,0,0,0,0,0,0,0,0
test_111_0_2.png,4387,328,472,4479,179,380,4371,138,488,4343,209,516,4402,153,457
test_111_0_3.png,0,0,12,0,0,12,0,0,12,0,0,12,0,0,12
test_111_1_0.png,0,0,0,0,0,0,0,0,0,0,0,0,0,0,0
test_111_1_1.png,0,0,625,0,0,625,529,27,96,267,11,358,0,0,625
test_111_1_2.png,2414,136,239,2449,192,204,2445,192,208,2418,104,235,2430,146,223
test_111_1_3.png,1498,123,284,1601,121,181,1354,115,428,1604,129,178,1574,120,208
test_111_2_0.png,0,0,0,0,0,0,0,0,0,0,0,0,0,0,0
test_111_2_1.png,0,0,0,0,0,0,0,0,0,0,0,0,0,0,0
test_111_2_2.png,0,0,0,0,0,0,0,0,0,0,0,0,0,0,0
test_111_2_3.png,1071,56,2115,748,32,2438,958,87,2228,890,56,2296,858,43,2328
test_111_3_0.png,13792,834,1637,13933,908,1496,13920,894,1509,14111,1106,1318,13951,866,1478
test_111_3_1.png,2237,290,303,2246,295,294,2257,316,283,2248,288,292,2245,291,295
test_111_3_2.png,0,0,0,0,0,0,0,0,0,0,0,0,0,0,0
test_111_3_3.png,0,0,0,0,0,0,0,0,0,0,0,0,0,0,0
test_112_0_0.png,0,0,0,0,0,0,0,0,0,0,0,0,0,0,0
test_112_0_1.png,0,0,0,0,0,0,0,0,0,0,0,0,0,0,0
test_112_0_2.png,0,18,0,0,0,0,0,53,0,0,0,0,0,0,0
test_112_0_3.png,0,0,0,0,0,0,0,0,0,0,0,0,0,0,0
test_112_1_0.png,748,7,829,1202,480,375,925,147,652,925,154,652,925,70,652
test_112_1_1.png,0,0,0,0,0,0,0,0,0,0,0,0,0,0,0
test_112_1_2.png,0,0,0,0,0,0,0,0,0,0,0,0,0,0,0
test_112_1_3.png,0,0,0,0,0,0,0,0,0,0,0,0,0,0,0
test_112_2_0.png,0,0,0,0,0,0,0,0,0,0,0,0,0,0,0
test_112_2_1.png,3,0,347,0,0,350,249,1,101,276,5,74,181,0,169
test_112_2_2.png,3754,130,246,3776,112,224,3636,108,364,3695,121,305,3746,112,254
test_112_2_3.png,2763,14,255,2806,32,212,2704,19,314,2484,31,534,2758,16,260
test_112_3_0.png,0,0,0,0,0,0,0,0,0,0,0,0,0,0,0
test_112_3_1.png,0,0,0,0,0,0,0,0,0,0,0,0,0,0,0
test_112_3_2.png,0,218,0,0,233,0,0,204,0,0,222,0,0,219,0
test_112_3_3.png,0,0,0,0,0,0,0,0,0,0,0,0,0,0,0
test_113_0_0.png,0,0,0,0,0,0,0,0,0,0,0,0,0,0,0
test_113_0_1.png,0,0,80,0,0,80,5,0,75,0,0,80,0,0,80
test_113_0_2.png,1344,29,1153,1783,42,714,2117,59,380,2093,52,404,1952,44,545
test_113_0_3.png,0,0,0,0,0,0,0,0,0,0,0,0,0,0,0
test_113_1_0.png,0,0,0,0,0,0,0,0,0,0,0,0,0,0,0
test_113_1_1.png,1203,24,268,1346,32,125,1289,19,182,1348,26,123,1336,24,135
test_113_1_2.png,1220,3,153,1215,3,158,1237,11,136,1212,4,161,1219,3,154
test_113_1_3.png,9443,522,688,9433,606,698,9354,471,777,9175,493,956,9397,498,734
test_113_2_0.png,0,0,0,0,0,0,0,0,0,0,0,0,0,0,0
test_113_2_1.png,0,0,0,0,0,0,0,0,0,0,0,0,0,0,0
test_113_2_2.png,0,0,0,0,0,0,0,0,0,0,0,0,0,0,0
test_113_2_3.png,16462,1091,1888,16643,1113,1707,14948,935,3402,15749,958,2601,16094,1006,2256
test_113_3_0.png,0,0,272,0,0,272,0,0,272,0,0,272,0,0,272
test_113_3_1.png,0,0,0,0,0,0,0,0,0,0,0,0,0,0,0
test_113_3_2.png,0,0,0,0,0,0,0,0,0,0,0,0,0,0,0
test_113_3_3.png,20978,873,868,21081,1104,765,21073,1125,773,21132,1120,714,21093,995,753
test_114_0_0.png,0,0,0,0,0,0,0,0,0,0,82,0,0,0,0
test_114_0_1.png,0,0,185,0,0,185,0,0,185,0,0,185,0,0,185
test_114_0_2.png,416,82,532,925,273,23,384,97,564,387,35,561,384,80,564
test_114_0_3.png,342,51,816,349,234,809,943,212,215,704,133,454,570,120,588
test_114_1_0.png,2661,1104,397,2648,1049,410,2722,1124,336,2770,1078,288,2686,1070,372
test_114_1_1.png,15867,1334,1116,16093,1770,890,15806,1313,1177,15861,1402,1122,15921,1453,1062
test_114_1_2.png,3718,1322,28,3715,1283,31,3684,1277,62,3729,1301,17,3725,1296,21
test_114_1_3.png,545,457,23,545,438,23,547,522,21,544,451,24,546,454,22
test_114_2_0.png,156,4,16,103,0,69,151,3,21,153,6,19,151,4,21
test_114_2_1.png,1431,77,52,1433,79,50,1437,96,46,1444,89,39,1433,83,50
test_114_2_2.png,0,0,0,0,0,0,0,0,0,0,0,0,0,0,0
test_114_2_3.png,1052,89,24,1047,82,29,1045,62,31,1053,61,23,1052,70,24
test_114_3_0.png,0,0,0,0,0,0,0,0,0,0,0,0,0,0,0
test_114_3_1.png,1961,418,152,1931,865,182,1943,1025,170,1912,433,201,1928,655,185
test_114_3_2.png,1748,27,207,1751,21,204,1750,27,205,1768,21,187,1753,24,202
test_114_3_3.png,620,39,725,988,48,357,784,61,561,613,37,732,637,42,708
test_115_0_0.png,9370,405,638,9392,351,616,9375,399,633,9360,376,648,9385,370,623
test_115_0_1.png,22243,1567,1105,22096,1255,1252,22079,1378,1269,22023,1176,1325,22130,1280,1218
test_115_0_2.png,23092,783,2195,22943,761,2344,23061,777,2226,23150,816,2137,23075,722,2212
test_115_0_3.png,22414,843,1707,22334,843,1787,22385,862,1736,22459,847,1662,22401,818,1720
test_115_1_0.png,0,0,0,0,0,0,0,0,0,0,0,0,0,0,0
test_115_1_1.png,13420,658,747,13484,655,683,13575,805,592,13428,760,739,13502,697,665
test_115_1_2.png,25727,1176,1895,25218,1017,2404,25295,932,2327,25364,960,2258,25437,973,2185
test_115_1_3.png,20879,959,2110,21025,981,1964,20948,1036,2041,21168,1116,1821,21039,974,1950
test_115_2_0.png,4285,360,149,4272,392,162,4270,376,164,4286,335,148,4285,315,149
test_115_2_1.png,454,4,172,452,1,174,448,9,178,452,4,174,453,3,173
test_115_2_2.png,5667,212,558,5643,170,582,5708,213,517,5664,241,561,5675,189,550
test_115_2_3.png,9757,487,628,9716,431,669,9762,426,623,9721,386,664,9751,399,634
test_115_3_0.png,7996,362,402,8000,410,398,7968,381,430,7976,396,422,7991,364,407
test_115_3_1.png,1502,148,25,1498,154,29,1496,147,31,1503,151,24,1500,147,27
test_115_3_2.png,0,0,0,0,0,0,0,0,0,0,0,0,0,0,0
test_115_3_3.png,1522,68,160,1521,75,161,1522,74,160,1563,90,119,1534,75,148
test_116_0_0.png,0,0,0,0,325,0,0,56,0,0,0,0,0,4,0
test_116_0_1.png,0,0,0,0,0,0,0,0,0,0,0,0,0,0,0
test_116_0_2.png,0,0,0,0,0,0,0,0,0,0,0,0,0,0,0
test_116_0_3.png,0,0,325,0,0,325,0,0,325,0,0,325,0,0,325
test_116_1_0.png,9920,221,185,9960,341,145,9921,307,184,9942,413,163,9950,269,155
test_116_1_1.png,0,0,0,0,0,0,0,0,0,0,0,0,0,0,0
test_116_1_2.png,0,0,0,0,0,0,0,0,0,0,0,0,0,0,0
test_116_1_3.png,0,0,0,0,0,0,0,0,0,0,0,0,0,0,0
test_116_2_0.png,1771,45,468,1189,36,1050,1888,56,351,675,31,1564,1199,32,1040
test_116_2_1.png,0,95,67,0,0,67,0,0,67,0,0,67,0,0,67
test_116_2_2.png,0,0,0,0,0,0,0,0,0,0,0,0,0,0,0
test_116_2_3.png,0,0,0,0,0,0,0,0,0,0,0,0,0,0,0
test_116_3_0.png,0,0,0,0,0,0,0,0,0,0,0,0,0,0,0
test_116_3_1.png,0,0,0,0,0,0,0,0,0,0,0,0,0,0,0
test_116_3_2.png,0,0,0,0,0,0,0,0,0,0,0,0,0,0,0
test_116_3_3.png,0,0,0,0,0,0,0,0,0,0,0,0,0,0,0
test_117_0_0.png,0,0,0,0,0,0,0,0,0,0,0,0,0,0,0
test_117_0_1.png,0,0,0,0,0,0,0,0,0,0,0,0,0,0,0
test_117_0_2.png,0,0,0,0,0,0,0,0,0,0,0,0,0,0,0
test_117_0_3.png,0,0,0,0,0,0,0,0,0,0,0,0,0,0,0
test_117_1_0.png,0,0,0,0,0,0,0,0,0,0,0,0,0,0,0
test_117_1_1.png,0,0,0,0,0,0,0,0,0,0,0,0,0,0,0
test_117_1_2.png,0,0,0,0,0,0,0,0,0,0,0,0,0,0,0
test_117_1_3.png,0,0,0,0,0,0,0,0,0,0,0,0,0,0,0
test_117_2_0.png,0,0,0,0,0,0,0,0,0,0,0,0,0,0,0
test_117_2_1.png,0,0,0,0,0,0,0,0,0,0,0,0,0,0,0
test_117_2_2.png,0,0,0,0,0,0,0,0,0,0,0,0,0,0,0
test_117_2_3.png,0,0,0,0,0,0,0,0,0,0,0,0,0,0,0
test_117_3_0.png,0,0,0,0,0,0,0,0,0,0,0,0,0,0,0
test_117_3_1.png,0,0,0,0,0,0,0,0,0,0,0,0,0,0,0
test_117_3_2.png,0,0,0,0,0,0,0,0,0,0,0,0,0,0,0
test_117_3_3.png,0,0,0,0,0,0,0,0,0,0,0,0,0,0,0
test_118_0_0.png,6840,242,768,6820,267,788,6883,249,725,6830,237,778,6848,203,760
test_118_0_1.png,17399,842,1170,17327,666,1242,17073,533,1496,17265,632,1304,17289,645,1280
test_118_0_2.png,11782,715,1048,11810,891,1020,11543,468,1287,11609,877,1221,11748,521,1082
test_118_0_3.png,0,0,122,0,0,122,0,0,122,0,0,122,0,0,122
test_118_1_0.png,8941,429,632,8863,359,710,8883,384,690,8937,414,636,8910,379,663
test_118_1_1.png,14519,762,1160,14361,648,1318,14359,687,1320,14384,664,1295,14409,663,1270
test_118_1_2.png,1401,16,224,1381,13,244,1390,26,235,1385,19,240,1392,14,233
test_118_1_3.png,0,0,265,67,0,198,0,0,265,0,0,265,0,0,265
test_118_2_0.png,12035,638,889,12012,561,912,11879,540,1045,12006,589,918,12001,565,923
test_118_2_1.png,16289,896,901,16371,878,819,16083,660,1107,16118,686,1072,16241,738,949
test_118_2_2.png,10896,386,934,11098,505,732,10874,401,956,10927,428,903,10941,406,889
test_118_2_3.png,643,256,31,625,263,49,632,46,42,632,244,42,632,239,42
test_118_3_0.png,4126,189,302,4234,167,194,4288,283,140,4263,292,165,4257,181,171
test_118_3_1.png,6517,893,180,6546,979,151,6490,684,207,6531,822,166,6535,848,162
test_118_3_2.png,14015,886,732,14056,886,691,13931,730,816,13941,759,806,13994,785,753
test_118_3_3.png,13834,506,890,13941,531,783,13914,569,810,13954,591,770,13914,530,810
test_119_0_0.png,0,0,0,0,0,0,0,0,0,0,0,0,0,0,0
test_119_0_1.png,598,29,164,601,30,161,589,30,173,593,27,169,596,29,166
test_119_0_2.png,0,0,0,0,0,0,0,0,0,0,0,0,0,0,0
test_119_0_3.png,0,0,0,0,0,0,0,0,0,0,0,0,0,0,0
test_119_1_0.png,736,134,77,743,112,70,740,95,73,734,94,79,738,103,75
test_119_1_1.png,2804,46,458,2819,47,443,2786,77,476,2768,83,494,2802,50,460
test_119_1_2.png,10403,294,905,10470,350,838,10268,283,1040,10333,327,975,10357,309,951
test_119_1_3.png,6910,332,516,6955,342,471,6787,200,639,6879,314,547,6903,311,523
test_119_2_0.png,4879,299,1083,5582,310,380,4706,319,1256,5566,354,396,5296,287,666
test_119_2_1.png,2343,130,200,2365,123,178,2320,76,223,2345,103,198,2360,102,183
test_119_2_2.png,9146,375,1035,9007,397,1174,9058,318,1123,9046,354,1135,9061,344,1120
test_119_2_3.png,9193,315,813,9265,311,741,9238,313,768,9246,336,760,9215,305,791
test_119_3_0.png,14322,1216,616,14280,1146,658,14248,1165,690,14234,1096,704,14278,1142,660
test_119_3_1.png,9494,814,680,9482,791,692,9377,713,797,9398,722,776,9431,747,743
test_119_3_2.png,0,0,521,0,0,521,0,0,521,10,0,511,0,0,521
test_119_3_3.png,634,104,7,640,111,1,637,77,4,638,98,3,638,101,3
test_11_0_0.png,0,0,0,0,0,0,0,0,0,0,0,0,0,0,0
test_11_0_1.png,0,0,0,0,0,0,0,0,0,0,0,0,0,0,0
test_11_0_2.png,0,0,0,0,0,0,0,0,0,0,0,0,0,0,0
test_11_0_3.png,0,0,0,0,0,0,0,0,0,0,0,0,0,0,0
test_11_1_0.png,0,0,0,0,0,0,0,0,0,0,0,0,0,0,0
test_11_1_1.png,0,0,0,0,0,0,0,0,0,0,0,0,0,0,0
test_11_1_2.png,0,0,0,0,0,0,0,0,0,0,0,0,0,0,0
test_11_1_3.png,0,0,0,0,0,0,0,0,0,0,0,0,0,0,0
test_11_2_0.png,0,0,0,0,0,0,0,0,0,0,0,0,0,0,0
test_11_2_1.png,0,0,0,0,0,0,0,0,0,0,0,0,0,0,0
test_11_2_2.png,1892,121,87,1912,138,67,1894,152,85,1888,121,91,1896,129,83
test_11_2_3.png,1064,128,50,1091,115,23,1080,112,34,1078,117,36,1081,117,33
test_11_3_0.png,0,0,0,0,0,0,0,0,0,0,0,0,0,0,0
test_11_3_1.png,4916,525,244,4887,523,273,4908,571,252,4872,479,288,4905,516,255
test_11_3_2.png,660,38,29,646,48,43,673,46,16,653,48,36,660,42,29
test_11_3_3.png,2149,176,144,1867,156,426,1234,172,1059,1781,187,512,1813,162,480
test_120_0_0.png,0,0,0,0,0,0,0,0,0,0,0,0,0,0,0
test_120_0_1.png,0,0,0,0,0,0,0,0,0,0,0,0,0,0,0
test_120_0_2.png,18455,919,788,18323,859,920,18389,932,854,18233,769,1010,18363,845,880
test_120_0_3.png,7108,315,645,7252,355,501,7029,301,724,7225,354,528,7203,314,550
test_120_1_0.png,0,0,0,0,0,0,0,0,0,0,0,0,0,0,0
test_120_1_1.png,0,0,0,0,0,0,0,0,0,0,0,0,0,0,0
test_120_1_2.png,12280,534,778,12337,523,721,12289,585,769,12243,527,815,12301,521,757
test_120_1_3.png,16644,1128,655,16458,927,841,16408,891,891,16504,1015,795,16508,955,791
test_120_2_0.png,0,0,0,0,0,0,0,0,0,0,0,0,0,0,0
test_120_2_1.png,2978,233,127,2980,219,125,2987,201,118,2982,190,123,2975,201,130
test_120_2_2.png,16434,1186,883,16512,1241,805,16407,1076,910,16256,1005,1061,16410,1112,907
test_120_2_3.png,17932,1070,641,17815,1052,758,17662,824,911,17795,894,778,17846,944,727
test_120_3_0.png,0,0,0,0,0,0,0,0,0,0,0,0,0,0,0
test_120_3_1.png,11960,726,383,11963,803,380,11836,646,507,11879,703,464,11920,696,423
test_120_3_2.png,12088,937,546,12054,956,580,11876,694,758,12014,868,620,12047,811,587
test_120_3_3.png,5465,1270,267,5496,1299,236,5428,1190,304,5515,1358,217,5467,1253,265
test_121_0_0.png,0,0,0,0,0,0,0,0,0,0,0,0,0,0,0
test_121_0_1.png,0,0,0,0,0,0,0,0,0,0,0,0,0,0,0
test_121_0_2.png,0,0,0,0,0,0,0,0,0,0,0,0,0,0,0
test_121_0_3.png,0,0,0,0,0,0,0,0,0,0,0,0,0,0,0
test_121_1_0.png,0,0,0,0,0,0,0,0,0,0,0,0,0,0,0
test_121_1_1.png,0,0,0,0,0,0,0,0,0,0,0,0,0,0,0
test_121_1_2.png,0,0,0,0,0,0,0,0,0,0,0,0,0,0,0
test_121_1_3.png,0,0,0,0,0,0,0,0,0,0,0,0,0,0,0
test_121_2_0.png,0,0,0,0,0,0,0,0,0,0,0,0,0,0,0
test_121_2_1.png,0,0,0,0,0,0,0,0,0,0,0,0,0,0,0
test_121_2_2.png,0,0,0,0,0,0,0,0,0,0,0,0,0,0,0
test_121_2_3.png,0,0,0,0,0,0,0,0,0,0,0,0,0,0,0
test_121_3_0.png,11167,925,2008,11447,1004,1728,11182,848,1993,11416,820,1759,11293,910,1882
test_121_3_1.png,11394,1107,1435,11481,1407,1348,11395,1197,1434,11486,1160,1343,11451,1176,1378
test_121_3_2.png,0,0,29,0,0,29,0,0,29,0,0,29,0,0,29
test_121_3_3.png,0,0,0,0,0,0,0,0,0,0,0,0,0,0,0
test_122_0_0.png,0,0,0,0,0,0,0,0,0,0,0,0,0,0,0
test_122_0_1.png,0,0,0,0,0,0,0,0,0,0,0,0,0,0,0
test_122_0_2.png,0,0,0,0,0,0,0,0,0,0,0,0,0,0,0
test_122_0_3.png,0,0,0,0,0,0,0,0,0,0,0,0,0,0,0
test_122_1_0.png,0,0,0,0,0,0,0,0,0,0,0,0,0,0,0
test_122_1_1.png,0,0,0,0,0,0,0,0,0,0,0,0,0,0,0
test_122_1_2.png,0,0,0,0,0,0,0,0,0,0,0,0,0,0,0
test_122_1_3.png,0,0,0,0,0,0,0,0,0,0,0,0,0,0,0
test_122_2_0.png,0,0,0,0,0,0,0,0,0,0,0,0,0,0,0
test_122_2_1.png,0,0,0,0,0,0,0,0,0,0,0,0,0,0,0
test_122_2_2.png,0,0,0,0,0,0,0,0,0,0,0,0,0,0,0
test_122_2_3.png,0,0,0,0,0,0,0,0,0,0,0,0,0,0,0
test_122_3_0.png,0,0,0,0,0,0,0,0,0,0,0,0,0,0,0
test_122_3_1.png,0,0,0,0,0,0,0,0,0,0,0,0,0,0,0
test_122_3_2.png,0,0,0,0,0,0,0,0,0,0,0,0,0,0,0
test_122_3_3.png,0,0,0,0,0,0,0,0,0,0,0,0,0,0,0
test_123_0_0.png,0,0,0,0,0,0,0,0,0,0,0,0,0,0,0
test_123_0_1.png,0,0,0,0,0,0,0,0,0,0,0,0,0,0,0
test_123_0_2.png,0,0,0,0,0,0,0,0,0,0,0,0,0,0,0
test_123_0_3.png,17,0,36,5,0,48,1,0,52,0,0,53,3,0,50
test_123_1_0.png,0,0,0,0,0,0,0,0,0,0,0,0,0,0,0
test_123_1_1.png,0,0,0,0,0,0,0,0,0,0,0,0,0,0,0
test_123_1_2.png,0,0,0,0,0,0,0,0,0,0,0,0,0,0,0
test_123_1_3.png,3547,180,285,3570,183,262,3520,170,312,3541,187,291,3546,176,286
test_123_2_0.png,0,0,0,0,0,0,0,0,0,0,0,0,0,0,0
test_123_2_1.png,0,0,0,0,0,0,0,0,0,0,0,0,0,0,0
test_123_2_2.png,0,0,0,0,0,0,0,0,0,0,0,0,0,0,0
test_123_2_3.png,0,0,0,0,0,0,0,0,0,0,0,0,0,0,0
test_123_3_0.png,0,0,0,0,0,0,0,0,0,0,0,0,0,0,0
test_123_3_1.png,0,0,0,0,0,0,0,0,0,0,0,0,0,0,0
test_123_3_2.png,0,0,0,0,0,0,0,0,0,0,0,0,0,0,0
test_123_3_3.png,0,0,0,0,0,0,0,0,0,0,0,0,0,0,0
test_124_0_0.png,11084,564,865,11116,568,833,11130,586,819,11118,583,831,11118,561,831
test_124_0_1.png,8426,372,653,8479,482,600,8469,405,610,8408,409,671,8444,400,635
test_124_0_2.png,0,0,78,0,0,78,0,0,78,0,0,78,0,0,78
test_124_0_3.png,0,0,0,0,0,0,0,0,0,0,0,0,0,0,0
test_124_1_0.png,512,32,24,516,21,20,519,50,17,521,43,15,519,31,17
test_124_1_1.png,0,0,0,0,0,0,0,0,0,0,0,0,0,0,0
test_124_1_2.png,0,0,0,0,0,0,0,0,0,0,0,0,0,0,0
test_124_1_3.png,0,0,0,0,0,0,0,0,0,0,0,0,0,0,0
test_124_2_0.png,0,0,0,0,0,0,0,0,0,0,0,0,0,0,0
test_124_2_1.png,0,0,0,0,0,0,0,0,0,0,0,0,0,0,0
test_124_2_2.png,0,0,0,0,0,0,0,0,0,0,0,0,0,0,0
test_124_2_3.png,0,0,0,0,0,0,0,0,0,0,0,0,0,0,0
test_124_3_0.png,0,0,0,0,0,0,0,0,0,0,0,0,0,0,0
test_124_3_1.png,0,0,0,0,0,0,0,0,0,0,0,0,0,0,0
test_124_3_2.png,0,0,0,0,0,0,0,0,0,0,0,0,0,0,0
test_124_3_3.png,0,0,0,0,0,0,0,0,0,0,0,0,0,0,0
test_125_0_0.png,0,0,0,0,0,0,0,0,0,0,0,0,0,0,0
test_125_0_1.png,0,0,0,0,0,0,0,0,0,0,0,0,0,0,0
test_125_0_2.png,0,0,0,0,0,0,0,0,0,0,0,0,0,0,0
test_125_0_3.png,0,0,0,0,0,0,0,0,0,0,0,0,0,0,0
test_125_1_0.png,0,0,0,0,0,0,0,0,0,0,0,0,0,0,0
test_125_1_1.png,0,0,0,0,0,0,0,0,0,0,0,0,0,0,0
test_125_1_2.png,0,0,0,0,0,0,0,0,0,0,0,0,0,0,0
test_125_1_3.png,0,0,0,0,0,0,0,0,0,0,0,0,0,0,0
test_125_2_0.png,0,0,0,0,0,0,0,0,0,0,0,0,0,0,0
test_125_2_1.png,0,0,0,0,0,0,0,0,0,0,0,0,0,0,0
test_125_2_2.png,0,0,0,0,0,0,0,0,0,0,0,0,0,0,0
test_125_2_3.png,0,0,0,0,0,0,0,0,0,0,0,0,0,0,0
test_125_3_0.png,0,0,0,0,0,0,0,0,0,0,0,0,0,0,0
test_125_3_1.png,0,0,0,0,0,0,0,0,0,0,0,0,0,0,0
test_125_3_2.png,0,0,0,0,0,0,0,0,0,0,0,0,0,0,0
test_125_3_3.png,0,0,0,0,0,0,0,0,0,0,0,0,0,0,0
test_126_0_0.png,0,0,0,0,0,0,0,0,0,0,0,0,0,0,0
test_126_0_1.png,3867,251,448,3810,235,505,3827,224,488,3826,162,489,3827,216,488
test_126_0_2.png,8170,370,778,8256,492,692,8059,340,889,8074,333,874,8172,362,776
test_126_0_3.png,9173,452,1692,9249,508,1616,9130,411,1735,9156,403,1709,9192,430,1673
test_126_1_0.png,764,11,102,765,10,101,771,10,95,778,10,88,769,10,97
test_126_1_1.png,0,0,0,0,0,0,0,0,0,0,0,0,0,0,0
test_126_1_2.png,974,16,84,993,18,65,985,25,73,998,15,60,987,20,71
test_126_1_3.png,14395,1041,1654,14464,1035,1585,14323,937,1726,14391,984,1658,14391,969,1658
test_126_2_0.png,627,61,52,641,69,38,640,50,39,634,64,45,639,59,40
test_126_2_1.png,0,0,0,0,0,0,0,0,0,0,0,0,0,0,0
test_126_2_2.png,0,0,0,0,0,0,0,0,0,0,0,0,0,0,0
test_126_2_3.png,2213,264,634,2310,256,537,2136,172,711,2328,246,519,2254,248,593
test_126_3_0.png,0,0,0,0,0,0,0,0,0,0,0,0,0,0,0
test_126_3_1.png,923,26,93,916,13,100,922,17,94,918,29,98,921,21,95
test_126_3_2.png,0,0,0,0,0,0,0,0,0,0,0,0,0,0,0
test_126_3_3.png,0,0,0,0,0,0,0,0,0,0,0,0,0,0,0
test_127_0_0.png,0,0,0,0,0,0,0,0,0,0,0,0,0,0,0
test_127_0_1.png,5469,203,496,5482,231,483,5559,208,406,5475,204,490,5499,204,466
test_127_0_2.png,9469,669,894,9456,661,907,9489,717,874,9501,653,862,9486,660,877
test_127_0_3.png,6815,272,998,6746,270,1067,6765,269,1048,6773,270,1040,6775,256,1038
test_127_1_0.png,0,0,0,0,0,0,0,0,0,0,0,0,0,0,0
test_127_1_1.png,0,0,0,0,0,0,0,0,0,0,0,0,0,0,0
test_127_1_2.png,554,33,35,560,31,29,569,183,20,559,98,30,561,53,28
test_127_1_3.png,0,0,2,0,0,2,0,0,2,0,0,2,0,0,2
test_127_2_0.png,0,0,0,0,0,0,0,0,0,0,0,0,0,0,0
test_127_2_1.png,0,0,0,0,0,0,0,0,0,0,0,0,0,0,0
test_127_2_2.png,0,0,0,0,0,0,0,0,0,0,0,0,0,0,0
test_127_2_3.png,0,0,0,0,0,0,0,0,0,0,0,0,0,0,0
test_127_3_0.png,0,0,0,0,0,0,0,0,0,0,0,0,0,0,0
test_127_3_1.png,0,0,0,0,0,0,0,0,0,0,0,0,0,0,0
test_127_3_2.png,0,0,0,0,0,0,0,0,0,0,0,0,0,0,0
test_127_3_3.png,0,0,0,0,0,0,0,0,0,0,0,0,0,0,0
test_128_0_0.png,0,0,0,0,0,0,0,0,0,0,0,0,0,0,0
test_128_0_1.png,0,0,0,0,0,0,0,0,0,0,0,0,0,0,0
test_128_0_2.png,0,0,0,0,0,0,0,0,0,0,0,0,0,0,0
test_128_0_3.png,0,0,0,0,0,0,0,0,0,0,0,0,0,0,0
test_128_1_0.png,0,0,0,0,0,0,0,0,0,0,0,0,0,0,0
test_128_1_1.png,0,0,0,0,0,0,0,0,0,0,0,0,0,0,0
test_128_1_2.png,0,0,0,0,0,0,0,0,0,0,0,0,0,0,0
test_128_1_3.png,0,0,0,0,0,0,0,0,0,0,0,0,0,0,0
test_128_2_0.png,213,0,88,0,0,301,0,0,301,0,0,301,0,0,301
test_128_2_1.png,0,108,0,0,381,0,0,260,0,0,12,0,0,128,0
test_128_2_2.png,0,0,0,0,0,0,0,0,0,0,0,0,0,0,0
test_128_2_3.png,0,0,0,0,0,0,0,0,0,0,0,0,0,0,0
test_128_3_0.png,0,0,0,0,0,0,0,0,0,0,0,0,0,0,0
test_128_3_1.png,0,0,0,0,0,0,0,0,0,0,0,0,0,0,0
test_128_3_2.png,0,0,230,0,0,230,0,0,230,0,0,230,0,0,230
test_128_3_3.png,0,0,0,0,0,0,0,0,0,0,0,0,0,0,0
test_12_0_0.png,0,0,0,0,0,0,0,0,0,0,0,0,0,0,0
test_12_0_1.png,0,0,0,0,0,0,0,0,0,0,0,0,0,0,0
test_12_0_2.png,0,0,0,0,0,0,0,0,0,0,0,0,0,0,0
test_12_0_3.png,0,0,0,0,0,0,0,0,0,0,0,0,0,0,0
test_12_1_0.png,9126,1235,799,9167,1318,758,9188,1352,737,9118,1325,807,9158,1244,767
test_12_1_1.png,3054,296,115,3056,378,113,3058,302,111,3037,295,132,3055,314,114
test_12_1_2.png,0,0,0,0,0,0,0,0,0,0,0,0,0,0,0
test_12_1_3.png,0,0,0,0,0,0,0,0,0,0,0,0,0,0,0
test_12_2_0.png,6593,567,755,6541,519,807,6569,507,779,6618,494,730,6581,500,767
test_12_2_1.png,9834,1282,896,9779,1374,951,9762,1357,968,9727,1461,1003,9785,1342,945
test_12_2_2.png,11561,1110,904,11594,1199,871,11525,1171,940,11425,1115,1040,11554,1095,911
test_12_2_3.png,13825,1395,1119,13834,1360,1110,13738,1277,1206,13750,1361,1194,13786,1303,1158
test_12_3_0.png,7851,609,641,7759,605,733,7724,578,768,7803,675,689,7793,598,699
test_12_3_1.png,12184,1052,1037,12229,1130,992,12095,1105,1126,12178,1195,1043,12225,1095,996
test_12_3_2.png,13318,1508,921,13369,1627,870,13279,1647,960,13338,1658,901,13354,1595,885
test_12_3_3.png,9808,2044,711,9906,1972,613,9853,2049,666,9818,1998,701,9848,1969,671
test_13_0_0.png,2899,388,121,2901,407,119,2912,319,108,2856,365,164,2908,375,112
test_13_0_1.png,13074,954,911,13026,1015,959,12908,803,1077,13045,996,940,13017,932,968
test_13_0_2.png,11163,1099,546,11012,1080,697,11132,980,577,11120,1201,589,11158,1059,551
test_13_0_3.png,4719,953,250,4713,541,256,4680,513,289,4694,569,275,4695,524,274
test_13_1_0.png,0,0,0,0,0,0,0,0,0,0,0,0,0,0,0
test_13_1_1.png,9388,932,545,9330,943,603,9296,869,637,9422,1058,511,9395,928,538
test_13_1_2.png,14765,875,1450,14880,934,1335,14759,943,1456,14854,1117,1361,14832,919,1383
test_13_1_3.png,13669,1413,899,13701,1406,867,13593,1444,975,13832,1553,736,13731,1426,837
test_13_2_0.png,215,15,47,220,22,42,211,17,51,212,17,50,216,16,46
test_13_2_1.png,0,0,29,0,0,29,0,0,29,0,0,29,0,0,29
test_13_2_2.png,14343,1071,1400,14477,1110,1266,14172,1032,1571,14234,1018,1509,14363,1029,1380
test_13_2_3.png,7481,744,633,7466,703,648,7418,713,696,7509,714,605,7466,720,648
test_13_3_0.png,683,34,3,669,27,17,683,46,3,685,78,1,683,41,3
test_13_3_1.png,0,0,0,0,0,0,0,0,0,0,0,0,0,0,0
test_13_3_2.png,1467,101,134,1538,105,63,1418,93,183,1525,108,76,1489,106,112
test_13_3_3.png,1799,130,125,1514,94,410,1523,107,401,1648,127,276,1613,111,311
test_14_0_0.png,13630,791,1415,13693,769,1352,13624,881,1421,13514,752,1531,13612,774,1433
test_14_0_1.png,8408,803,552,8264,756,696,8268,764,692,8293,764,667,8344,752,616
test_14_0_2.png,1742,297,47,1725,175,64,1742,170,47,1730,184,59,1735,180,54
test_14_0_3.png,0,0,0,0,0,0,0,0,0,0,0,0,0,0,0
test_14_1_0.png,16520,1549,1169,16486,1418,1203,16279,1409,1410,16379,1506,1310,16444,1441,1245
test_14_1_1.png,17774,1922,1219,17716,1770,1277,17772,1875,1221,17719,1807,1274,17757,1805,1236
test_14_1_2.png,7470,562,446,7432,572,484,7379,572,537,7361,591,555,7428,567,488
test_14_1_3.png,0,0,0,0,0,0,0,0,0,0,0,0,0,0,0
test_14_2_0.png,15111,1133,1320,15021,1069,1410,15033,1052,1398,14997,1146,1434,15039,1072,1392
test_14_2_1.png,10782,686,785,10726,674,841,10750,676,817,10795,706,772,10766,676,801
test_14_2_2.png,407,44,48,411,68,44,423,53,32,417,49,38,416,51,39
test_14_2_3.png,0,202,0,0,205,0,0,202,0,0,196,0,0,202,0
test_14_3_0.png,10381,906,438,10348,830,471,10382,949,437,10400,907,419,10389,871,430
test_14_3_1.png,3268,203,560,3241,205,587,3253,200,575,3237,209,591,3258,199,570
test_14_3_2.png,0,0,0,0,0,0,0,0,0,0,0,0,0,0,0
test_14_3_3.png,0,0,0,0,0,0,0,0,0,0,0,0,0,0,0
test_15_0_0.png,0,0,0,0,0,0,0,0,0,0,0,0,0,0,0
test_15_0_1.png,0,0,141,0,0,141,0,0,141,0,0,141,0,0,141
test_15_0_2.png,0,0,0,0,0,0,0,0,0,0,0,0,0,0,0
test_15_0_3.png,5481,276,531,5404,249,608,5430,316,582,5365,242,647,5425,249,587
test_15_1_0.png,0,0,0,0,0,0,0,0,0,0,0,0,0,0,0
test_15_1_1.png,0,0,0,0,0,0,0,0,0,0,0,0,0,0,0
test_15_1_2.png,0,0,0,0,0,0,0,0,0,0,0,0,0,0,0
test_15_1_3.png,0,0,0,0,0,0,0,0,0,0,0,0,0,0,0
test_15_2_0.png,0,0,0,0,0,0,0,0,0,0,0,0,0,0,0
test_15_2_1.png,0,0,0,0,0,0,0,0,0,0,0,0,0,0,0
test_15_2_2.png,0,0,0,0,0,0,0,0,0,0,0,0,0,0,0
test_15_2_3.png,3727,193,418,3727,198,418,3734,188,411,3703,180,442,3724,181,421
test_15_3_0.png,1208,17,517,1192,12,533,1148,8,577,1212,15,513,1206,14,519
test_15_3_1.png,0,0,0,0,0,0,0,0,0,0,0,0,0,0,0
test_15_3_2.png,674,11,68,675,9,67,604,1,138,509,4,233,651,6,91
test_15_3_3.png,0,0,114,0,0,114,0,0,114,0,0,114,0,0,114
test_16_0_0.png,5270,6,135,5255,2,150,5257,8,148,5231,12,174,5253,7,152
test_16_0_1.png,43776,677,472,43786,446,462,43734,530,514,43747,524,501,43760,520,488
test_16_0_2.png,1063,127,0,1063,125,0,1063,122,0,1063,123,0,1063,125,0
test_16_0_3.png,0,0,0,0,0,0,0,0,0,0,0,0,0,0,0
test_16_1_0.png,3475,105,262,3449,98,288,3404,111,333,3456,114,281,3441,99,296
test_16_1_1.png,1311,135,124,1298,118,137,1128,108,307,1292,128,143,1301,120,134
test_16_1_2.png,0,0,0,0,0,0,0,0,0,0,0,0,0,0,0
test_16_1_3.png,0,0,0,0,0,0,0,0,0,0,0,0,0,0,0
test_16_2_0.png,369,34,180,396,41,153,432,47,117,317,28,232,389,36,160
test_16_2_1.png,1465,126,13,1454,134,24,1446,143,32,1455,128,23,1459,129,19
test_16_2_2.png,0,0,0,0,0,0,0,0,0,0,0,0,0,0,0
test_16_2_3.png,0,0,0,0,0,0,0,0,0,0,0,0,0,0,0
test_16_3_0.png,1749,120,87,1254,96,582,1227,80,609,1263,103,573,1250,90,586
test_16_3_1.png,0,0,0,0,0,0,0,0,0,0,0,0,0,0,0
test_16_3_2.png,0,0,0,0,0,0,0,0,0,0,0,0,0,0,0
test_16_3_3.png,0,0,0,0,0,0,0,0,0,0,0,0,0,0,0
test_17_0_0.png,0,0,0,0,0,0,0,0,0,0,0,0,0,0,0
test_17_0_1.png,0,0,0,0,0,0,0,0,0,0,0,0,0,0,0
test_17_0_2.png,0,0,0,0,0,0,0,0,0,0,0,0,0,0,0
test_17_0_3.png,0,0,0,0,0,0,0,0,0,0,0,0,0,0,0
test_17_1_0.png,0,0,0,0,0,0,0,0,0,0,0,0,0,0,0
test_17_1_1.png,0,0,0,0,0,0,0,0,0,0,0,0,0,0,0
test_17_1_2.png,0,0,0,0,0,0,0,0,0,0,0,0,0,0,0
test_17_1_3.png,0,0,0,0,0,0,0,0,0,0,0,0,0,0,0
test_17_2_0.png,5794,523,612,5622,354,784,5797,457,609,5738,503,668,5747,423,659
test_17_2_1.png,3747,282,435,3778,405,404,3740,231,442,3799,299,383,3770,276,412
test_17_2_2.png,4688,244,303,4733,280,258,4710,217,281,4692,254,299,4718,236,273
test_17_2_3.png,0,0,0,0,0,0,0,0,0,0,0,0,0,0,0
test_17_3_0.png,4518,364,459,4493,285,484,4477,349,500,4510,274,467,4502,299,475
test_17_3_1.png,4830,256,533,5006,324,357,4880,293,483,4953,312,410,4950,282,413
test_17_3_2.png,8111,648,487,8092,637,506,8110,658,488,8124,702,474,8118,642,480
test_17_3_3.png,1523,439,73,1513,123,83,1508,102,88,1507,95,89,1508,89,88
test_18_0_0.png,0,0,0,0,3,0,0,0,0,0,135,0,0,0,0
test_18_0_1.png,0,0,0,0,0,0,0,0,0,0,0,0,0,0,0
test_18_0_2.png,11974,2262,643,11960,1896,657,12049,2327,568,11959,1952,658,12008,2066,609
test_18_0_3.png,13044,2061,245,12922,1637,367,12957,1651,332,12853,1553,436,12965,1575,324
test_18_1_0.png,0,0,0,0,0,0,0,0,0,0,0,0,0,0,0
test_18_1_1.png,0,0,0,0,0,0,0,0,0,0,0,0,0,0,0
test_18_1_2.png,2349,312,319,2420,278,248,2384,288,284,2236,275,432,2357,284,311
test_18_1_3.png,16000,2576,321,15900,2335,421,15899,2645,422,15887,2415,434,15912,2460,409
test_18_2_0.png,0,0,98,0,0,98,0,0,98,0,0,98,0,0,98
test_18_2_1.png,1324,234,2007,1055,144,2276,410,53,2921,1294,119,2037,1235,123,2096
test_18_2_2.png,0,0,0,0,0,0,0,0,0,0,0,0,0,0,0
test_18_2_3.png,9375,1921,300,9069,1799,606,9387,2015,288,8933,1919,742,9266,1894,409
test_18_3_0.png,3699,382,2028,3786,413,1941,3670,342,2057,3722,349,2005,3716,357,2011
test_18_3_1.png,0,0,640,0,0,640,0,0,640,0,0,640,0,0,640
test_18_3_2.png,3048,286,1002,3133,425,917,3077,292,973,3044,210,1006,3055,261,995
test_18_3_3.png,877,133,146,980,177,43,584,121,439,584,143,439,706,135,317
test_19_0_0.png,344,6,1134,0,0,1478,0,0,1478,28,0,1450,0,0,1478
test_19_0_1.png,0,0,0,0,0,0,0,0,0,0,0,0,0,0,0
test_19_0_2.png,0,0,0,0,386,0,0,399,0,0,396,0,0,387,0
test_19_0_3.png,0,0,0,0,0,0,0,209,0,0,0,0,0,0,0
test_19_1_0.png,0,0,1364,0,0,1364,0,0,1364,0,0,1364,0,0,1364
test_19_1_1.png,0,296,0,0,119,0,0,7,0,0,0,0,0,49,0
test_19_1_2.png,0,0,0,0,0,0,0,0,0,0,0,0,0,0,0
test_19_1_3.png,0,0,66,0,0,66,0,0,66,0,0,66,0,0,66
test_19_2_0.png,2649,335,1320,2842,411,1127,3140,397,829,2668,159,1301,2750,357,1219
test_19_2_1.png,6489,411,687,6577,416,599,6564,643,612,6457,548,719,6562,459,614
test_19_2_2.png,0,0,29,0,0,29,0,0,29,0,0,29,0,0,29
test_19_2_3.png,1152,187,316,727,1,741,1174,198,294,868,215,600,1074,177,394
test_19_3_0.png,4624,205,275,4570,219,329,4580,264,319,4493,198,406,4602,175,297
test_19_3_1.png,13002,910,1170,13084,1076,1088,13019,697,1153,13038,706,1134,13047,814,1125
test_19_3_2.png,14411,1030,1212,14404,856,1219,14404,1113,1219,14434,886,1189,14438,925,1185
test_19_3_3.png,4676,448,244,4756,490,164,4662,454,258,4722,540,198,4748,471,172
test_1_0_0.png,0,0,0,0,0,0,0,0,0,0,0,0,0,0,0
test_1_0_1.png,0,0,0,0,0,0,0,0,0,0,0,0,0,0,0
test_1_0_2.png,0,0,0,0,0,0,0,0,0,0,0,0,0,0,0
test_1_0_3.png,11763,626,1426,11863,685,1326,11792,723,1397,11872,715,1317,11802,661,1387
test_1_1_0.png,0,0,0,0,0,0,0,0,0,0,0,0,0,0,0
test_1_1_1.png,0,0,0,0,0,0,0,0,0,0,0,0,0,0,0
test_1_1_2.png,0,0,0,0,0,0,0,0,0,0,0,0,0,0,0
test_1_1_3.png,0,0,0,0,0,0,0,0,0,0,0,0,0,0,0
test_1_2_0.png,0,0,0,0,0,0,0,0,0,0,0,0,0,0,0
test_1_2_1.png,0,0,0,0,0,0,0,0,0,0,0,0,0,0,0
test_1_2_2.png,0,0,0,0,0,0,0,0,0,0,0,0,0,0,0
test_1_2_3.png,0,0,0,0,0,0,0,0,0,0,0,0,0,0,0
test_1_3_0.png,0,0,0,0,0,0,0,0,0,0,0,0,0,0,0
test_1_3_1.png,0,0,0,0,0,0,0,0,0,0,0,0,0,0,0
test_1_3_2.png,0,0,0,0,0,0,0,0,0,0,0,0,0,0,0
test_1_3_3.png,0,0,0,0,0,0,0,0,0,0,0,0,0,0,0
test_20_0_0.png,7081,705,501,7115,916,467,7129,845,453,7227,995,355,7156,818,426
test_20_0_1.png,19528,1486,1391,19505,1425,1414,19722,1765,1197,19725,1672,1194,19655,1505,1264
test_20_0_2.png,14927,1107,1059,15164,1186,822,15158,1177,828,14964,915,1022,15015,1044,971
test_20_0_3.png,20858,1553,1473,21349,1317,982,20926,1431,1405,21486,2798,845,21233,1342,1098
test_20_1_0.png,19514,1441,905,19447,1331,972,19591,1560,828,19463,1205,956,19527,1346,892
test_20_1_1.png,19484,1434,897,19276,1123,1105,19507,1298,874,19466,1520,915,19472,1305,909
test_20_1_2.png,9954,680,681,9950,654,685,9931,702,704,9923,820,712,9970,664,665
test_20_1_3.png,4567,528,203,4579,493,191,4573,491,197,4577,527,193,4582,499,188
test_20_2_0.png,21821,2055,734,21846,2026,709,21801,2118,754,21801,2050,754,21850,2020,705
test_20_2_1.png,18785,1334,1182,19252,1449,715,18960,1454,1007,19067,1725,900,18941,1434,1026
test_20_2_2.png,0,0,0,0,0,0,0,0,0,0,0,0,0,0,0
test_20_2_3.png,0,0,0,0,0,0,0,0,0,0,0,0,0,0,0
test_20_3_0.png,23164,1576,1006,23221,1827,949,22953,1478,1217,23127,1698,1043,23128,1560,1042
test_20_3_1.png,19864,955,1259,20150,952,973,19587,791,1536,19891,983,1232,19882,872,1241
test_20_3_2.png,4720,446,311,4777,576,254,4668,443,363,4754,500,277,4742,467,289
test_20_3_3.png,0,0,0,0,0,0,0,0,0,0,0,0,0,0,0
test_21_0_0.png,5890,410,785,5732,387,943,5927,625,748,5833,415,842,5878,426,797
test_21_0_1.png,8981,847,774,9088,899,667,8980,927,775,9030,966,725,9025,840,730
test_21_0_2.png,13376,1804,837,13395,1400,818,13484,1551,729,13470,1487,743,13447,1543,766
test_21_0_3.png,10125,321,927,10253,351,799,9997,283,1055,10235,398,817,10157,312,895
test_21_1_0.png,7532,895,1222,7149,652,1605,7541,994,1213,7519,860,1235,7482,868,1272
test_21_1_1.png,9801,783,985,9670,762,1116,9727,724,1059,9764,804,1022,9772,737,1014
test_21_1_2.png,16677,927,1023,16628,838,1072,16686,783,1014,16690,858,1010,16704,822,996
test_21_1_3.png,16840,1175,1628,17028,1150,1440,16871,1127,1597,17062,1307,1406,16974,1146,1494
test_21_2_0.png,2115,168,125,2169,274,71,1920,238,320,1951,77,289,2018,106,222
test_21_2_1.png,17627,727,1030,17926,616,731,17605,675,1052,17507,632,1150,17571,635,1086
test_21_2_2.png,16381,1043,1031,16234,504,1178,16528,1009,884,16304,682,1108,16429,726,983
test_21_2_3.png,599,35,107,605,28,101,609,44,97,612,19,94,604,32,102
test_21_3_0.png,1879,80,608,1996,139,491,1996,89,491,1947,88,540,1959,91,528
test_21_3_1.png,4169,766,2150,4380,454,1939,4535,710,1784,4555,860,1764,4531,670,1788
test_21_3_2.png,6496,229,1334,6305,200,1525,6628,233,1202,6603,405,1227,6540,223,1290
test_21_3_3.png,4469,483,113,4507,407,75,4484,577,98,4498,463,84,4481,498,101
test_22_0_0.png,0,0,0,0,0,0,0,0,0,0,0,0,0,0,0
test_22_0_1.png,0,0,0,0,0,0,0,0,0,0,0,0,0,0,0
test_22_0_2.png,0,0,0,0,0,0,0,0,0,0,0,0,0,0,0
test_22_0_3.png,0,0,0,0,0,0,0,0,0,0,0,0,0,0,0
test_22_1_0.png,0,0,0,0,0,0,0,0,0,0,0,0,0,0,0
test_22_1_1.png,0,0,0,0,0,0,0,0,0,0,0,0,0,0,0
test_22_1_2.png,0,0,0,0,0,0,0,0,0,0,0,0,0,0,0
test_22_1_3.png,0,0,6,0,0,6,0,0,6,0,0,6,0,0,6
test_22_2_0.png,2891,149,85,2872,143,104,2888,328,88,2881,127,95,2888,130,88
test_22_2_1.png,0,0,0,0,0,0,0,0,0,0,0,0,0,0,0
test_22_2_2.png,1088,66,379,1124,60,343,1138,78,329,1135,58,332,1126,63,341
test_22_2_3.png,7901,308,1507,7867,244,1541,7999,408,1409,7865,319,1543,7948,279,1460
test_22_3_0.png,6298,1001,947,6362,890,883,5725,828,1520,5632,803,1613,6203,851,1042
test_22_3_1.png,10779,848,1766,10688,806,1857,10954,892,1591,10965,925,1580,10773,846,1772
test_22_3_2.png,7827,568,1630,7821,501,1636,7671,564,1786,7653,522,1804,7768,506,1689
test_22_3_3.png,7030,987,605,6940,830,695,7039,898,596,7102,949,533,7040,802,595
test_23_0_0.png,4187,273,157,4174,268,170,4190,291,154,4199,283,145,4196,265,148
test_23_0_1.png,5685,210,918,5995,269,608,5725,282,878,5826,500,777,5795,276,808
test_23_0_2.png,0,0,0,0,0,0,0,0,0,0,0,0,0,0,0
test_23_0_3.png,0,0,0,0,0,0,0,0,0,0,0,0,0,0,0
test_23_1_0.png,7622,587,733,7486,433,869,7441,631,914,7575,592,780,7521,451,834
test_23_1_1.png,9707,660,1021,9660,626,1068,9699,530,1029,9852,508,876,9743,557,985
test_23_1_2.png,240,0,314,305,0,249,285,0,269,347,13,207,298,0,256
test_23_1_3.png,0,145,0,0,179,0,0,191,0,0,196,0,0,188,0
test_23_2_0.png,8176,1065,2010,7967,1032,2219,8895,1106,1291,8834,1091,1352,8561,967,1625
test_23_2_1.png,8077,429,1858,7810,393,2125,8329,643,1606,8512,643,1423,8224,485,1711
test_23_2_2.png,3370,105,185,3374,92,181,3378,139,177,3422,143,133,3397,118,158
test_23_2_3.png,0,0,0,0,0,0,0,0,0,0,0,0,0,0,0
test_23_3_0.png,6298,780,808,6152,313,954,6122,385,984,6214,456,892,6193,385,913
test_23_3_1.png,2601,111,719,2766,134,554,2835,91,485,2591,74,729,2695,94,625
test_23_3_2.png,0,0,0,0,0,0,0,0,0,0,0,0,0,0,0
test_23_3_3.png,0,0,0,0,0,0,0,0,0,0,0,0,0,0,0
test_24_0_0.png,233,15,260,338,17,155,337,14,156,248,11,245,311,15,182
test_24_0_1.png,0,0,0,0,0,0,0,0,0,0,0,0,0,0,0
test_24_0_2.png,2511,409,206,2586,238,131,2467,314,250,2550,204,167,2557,278,160
test_24_0_3.png,645,29,35,664,59,16,579,19,101,549,26,131,633,21,47
test_24_1_0.png,2092,115,140,2062,79,170,2092,120,140,2110,154,122,2092,107,140
test_24_1_1.png,2817,612,62,2828,590,51,2794,641,85,2821,554,58,2822,585,57
test_24_1_2.png,1936,201,118,1925,121,129,1909,90,145,1936,101,118,1928,106,126
test_24_1_3.png,3093,246,362,3113,282,342,3124,288,331,3160,420,295,3122,286,333
test_24_2_0.png,6666,409,431,6692,623,405,6605,643,492,6684,686,413,6685,556,412
test_24_2_1.png,3888,394,250,3832,373,306,3905,353,233,3845,392,293,3861,351,277
test_24_2_2.png,3016,356,95,2989,298,122,2944,303,167,3027,412,84,3012,333,99
test_24_2_3.png,6240,566,313,6221,596,332,6109,458,444,6107,448,446,6196,511,357
test_24_3_0.png,536,88,41,532,87,45,398,18,179,499,87,78,517,73,60
test_24_3_1.png,8994,614,381,9008,573,367,9065,611,310,9026,610,349,9050,587,325
test_24_3_2.png,9547,1580,548,9408,1605,687,9433,1603,662,9607,1601,488,9529,1545,566
test_24_3_3.png,2983,349,231,2907,240,307,2862,226,352,2910,225,304,2916,208,298
test_25_0_0.png,889,1469,157,888,1207,158,892,1235,154,888,623,158,901,1147,145
test_25_0_1.png,0,0,470,0,0,470,0,0,470,0,0,470,0,0,470
test_25_0_2.png,0,0,0,0,0,0,0,0,0,0,0,0,0,0,0
test_25_0_3.png,153,0,1422,0,0,1575,561,7,1014,157,0,1418,38,0,1537
test_25_1_0.png,5067,434,470,5020,438,517,5188,517,349,5195,543,342,5138,413,399
test_25_1_1.png,1692,140,152,1701,145,143,1687,88,157,1736,175,108,1701,131,143
test_25_1_2.png,528,28,466,492,26,502,755,48,239,707,68,287,643,33,351
test_25_1_3.png,528,47,451,535,60,444,555,57,424,603,52,376,528,55,451
test_25_2_0.png,5300,258,976,5335,322,941,5218,248,1058,5454,367,822,5347,264,929
test_25_2_1.png,3902,295,148,3889,291,161,3827,254,223,3855,283,195,3866,272,184
test_25_2_2.png,4603,837,399,4635,588,367,4623,728,379,4667,655,335,4627,675,375
test_25_2_3.png,3157,547,415,3106,539,466,3083,543,489,3139,557,433,3120,536,452
test_25_3_0.png,2574,500,73,2523,469,124,2542,340,105,2571,503,76,2559,465,88
test_25_3_1.png,5776,580,349,5863,989,262,5825,656,300,5816,693,309,5830,619,295
test_25_3_2.png,3530,224,369,3557,199,342,3422,185,477,3520,226,379,3523,209,376
test_25_3_3.png,0,0,0,0,0,0,0,0,0,0,0,0,0,0,0
test_26_0_0.png,1487,65,109,1491,66,105,1468,61,128,1478,82,118,1481,60,115
test_26_0_1.png,1018,333,47,1030,374,35,1020,372,45,1038,499,27,1030,370,35
test_26_0_2.png,2006,99,83,2002,247,87,2012,104,77,1981,211,108,2006,119,83
test_26_0_3.png,3259,151,384,3234,124,409,3259,191,384,3104,181,539,3239,156,404
test_26_1_0.png,1158,124,346,1371,219,133,1290,289,214,1251,183,253,1279,217,225
test_26_1_1.png,0,0,0,0,0,0,0,0,0,0,0,0,0,0,0
test_26_1_2.png,0,0,0,0,0,0,0,0,0,0,0,0,0,0,0
test_26_1_3.png,3733,239,168,3709,258,192,3764,354,137,3768,259,133,3757,246,144
test_26_2_0.png,620,11,119,623,9,116,624,20,115,608,4,131,624,6,115
test_26_2_1.png,0,0,0,0,0,0,0,0,0,0,0,0,0,0,0
test_26_2_2.png,0,1005,249,100,1032,149,95,952,154,90,903,159,92,972,157
test_26_2_3.png,4727,697,439,4705,698,461,4419,635,747,4683,619,483,4653,615,513
test_26_3_0.png,891,54,636,1185,122,342,867,49,660,920,56,607,916,43,611
test_26_3_1.png,0,0,0,0,0,0,0,0,0,0,0,0,0,0,0
test_26_3_2.png,2917,288,105,2899,212,123,2917,172,105,2895,212,127,2917,210,105
test_26_3_3.png,6899,705,1276,7061,554,1114,6907,443,1268,6886,653,1289,6972,549,1203
test_27_0_0.png,1785,83,47,1778,77,54,1789,64,43,1780,56,52,1788,65,44
test_27_0_1.png,2544,521,977,2829,352,692,2720,437,801,2912,420,609,2792,450,729
test_27_0_2.png,0,0,150,91,0,59,0,0,150,0,0,150,0,0,150
test_27_0_3.png,3456,79,898,3489,63,865,3486,75,868,3096,53,1258,3457,63,897
test_27_1_0.png,4840,142,127,4843,124,124,4863,382,104,4879,138,88,4862,129,105
test_27_1_1.png,1011,268,38,1007,48,42,1015,68,34,1004,890,45,1011,196,38
test_27_1_2.png,0,0,0,0,0,0,0,0,0,0,0,0,0,0,0
test_27_1_3.png,0,206,0,0,262,0,0,278,0,0,258,0,0,251,0
test_27_2_0.png,12870,925,1046,12893,701,1023,13025,1053,891,12915,970,1001,12921,909,995
test_27_2_1.png,5359,568,1255,5752,633,862,5858,1040,756,5765,553,849,5748,552,866
test_27_2_2.png,2190,119,350,2267,168,273,2170,90,370,2270,109,270,2228,100,312
test_27_2_3.png,0,0,0,0,0,0,0,0,0,0,0,0,0,0,0
test_27_3_0.png,17904,1875,2029,17934,1715,1999,18060,2177,1873,17938,2017,1995,17958,1900,1975
test_27_3_1.png,8028,1475,715,8041,1530,702,8080,1817,663,7575,1479,1168,8057,1509,686
test_27_3_2.png,0,0,0,0,0,0,0,0,0,0,0,0,0,0,0
test_27_3_3.png,0,0,0,0,29,0,0,0,0,0,0,0,0,0,0
test_28_0_0.png,0,0,0,0,0,0,0,0,0,0,0,0,0,0,0
test_28_0_1.png,0,0,0,0,0,0,0,0,0,0,0,0,0,0,0
test_28_0_2.png,0,0,0,0,0,0,0,0,0,0,0,0,0,0,0
test_28_0_3.png,3676,208,329,3708,173,297,3737,150,268,3693,145,312,3724,177,281
test_28_1_0.png,3375,242,450,3550,191,275,3455,131,370,3518,167,307,3520,157,305
test_28_1_1.png,0,0,0,0,0,0,0,0,0,0,0,0,0,0,0
test_28_1_2.png,0,0,0,0,0,0,0,0,0,0,0,0,0,0,0
test_28_1_3.png,0,0,0,0,0,0,0,0,0,0,0,0,0,0,0
test_28_2_0.png,14520,1015,1258,14479,846,1299,14624,1227,1154,14513,886,1265,14548,908,1230
test_28_2_1.png,10611,1079,892,10662,952,841,10664,2265,839,10584,1185,919,10649,1082,854
test_28_2_2.png,4986,1752,795,4927,290,854,5348,1888,433,5036,1557,745,4971,1544,810
test_28_2_3.png,0,0,0,0,0,0,0,0,0,0,0,0,0,0,0
test_28_3_0.png,14377,1062,1269,14206,792,1440,14436,1119,1210,14371,1035,1275,14377,975,1269
test_28_3_1.png,17263,1895,772,17223,1739,812,17385,1632,650,17358,1752,677,17349,1669,686
test_28_3_2.png,14045,1140,1940,14075,1058,1910,14022,1133,1963,13797,1062,2188,14048,1039,1937
test_28_3_3.png,11166,1202,1077,11273,1191,970,11003,1070,1240,11221,1153,1022,11160,1142,1083
test_29_0_0.png,0,0,0,0,0,0,0,0,0,0,0,0,0,0,0
test_29_0_1.png,0,0,0,0,0,0,0,0,0,0,0,0,0,0,0
test_29_0_2.png,2497,106,200,2501,90,196,2528,81,169,2522,87,175,2512,95,185
test_29_0_3.png,2829,178,453,2817,171,465,2844,176,438,2854,171,428,2832,166,450
test_29_1_0.png,1238,71,89,1238,50,89,1238,55,89,1244,55,83,1241,51,86
test_29_1_1.png,19866,1005,1047,19803,927,1110,20005,1136,908,20094,1324,819,19985,1057,928
test_29_1_2.png,17617,775,1245,17676,736,1186,17817,970,1045,17993,1224,869,17810,873,1052
test_29_1_3.png,8100,340,532,8033,320,599,7931,276,701,8041,336,591,8058,301,574
test_29_2_0.png,16048,690,553,16080,677,521,16004,776,597,16063,778,538,16075,700,526
test_29_2_1.png,15476,895,830,15459,885,847,15612,1062,694,15508,1065,798,15540,940,766
test_29_2_2.png,12552,726,721,12595,709,678,12722,1029,551,12745,1142,528,12683,837,590
test_29_2_3.png,6499,106,936,6264,79,1171,6653,195,782,6563,158,872,6525,113,910
test_29_3_0.png,9989,675,782,9954,649,817,10035,691,736,10079,758,692,10049,669,722
test_29_3_1.png,14741,1130,1293,14707,839,1327,14724,1032,1310,14816,877,1218,14771,954,1263
test_29_3_2.png,3685,252,146,3662,233,169,3687,211,144,3684,218,147,3686,194,145
test_29_3_3.png,2675,97,431,2686,72,420,2649,88,457,2665,87,441,2670,79,436
test_2_0_0.png,15476,1336,1026,15435,1286,1067,15249,1222,1253,15406,1289,1096,15408,1260,1094
test_2_0_1.png,16327,1037,1179,16306,961,1200,16277,1078,1229,16358,1094,1148,16327,1001,1179
test_2_0_2.png,11347,940,655,11375,883,627,11287,860,715,11328,925,674,11360,870,642
test_2_0_3.png,2396,181,157,2406,182,147,2390,186,163,2407,199,146,2400,190,153
test_2_1_0.png,0,0,0,0,0,0,0,0,0,0,0,0,0,0,0
test_2_1_1.png,0,0,0,0,0,0,0,0,0,0,0,0,0,0,0
test_2_1_2.png,0,0,0,0,0,0,0,0,0,0,0,0,0,0,0
test_2_1_3.png,0,0,0,0,0,0,0,0,0,0,0,0,0,0,0
test_2_2_0.png,0,0,0,0,0,0,0,0,0,0,0,0,0,0,0
test_2_2_1.png,0,0,0,0,0,0,0,0,0,0,0,0,0,0,0
test_2_2_2.png,0,0,0,0,0,0,0,0,0,0,0,0,0,0,0
test_2_2_3.png,0,0,0,0,0,0,0,0,0,0,0,0,0,0,0
test_2_3_0.png,0,0,0,0,0,0,0,0,0,0,0,0,0,0,0
test_2_3_1.png,0,0,0,0,0,0,0,0,0,0,0,0,0,0,0
test_2_3_2.png,0,0,0,0,0,0,0,0,0,0,0,0,0,0,0
test_2_3_3.png,1659,110,99,1692,103,66,1677,106,81,1683,99,75,1679,100,79
test_30_0_0.png,0,0,0,0,0,0,0,0,0,0,0,0,0,0,0
test_30_0_1.png,350,47,1,346,40,5,348,30,3,349,38,2,349,37,2
test_30_0_2.png,0,0,0,0,0,0,0,0,0,0,0,0,0,0,0
test_30_0_3.png,0,0,0,0,0,0,0,0,0,0,0,0,0,0,0
test_30_1_0.png,3514,205,584,3338,83,760,3378,110,720,3376,103,722,3391,100,707
test_30_1_1.png,741,11,136,774,410,103,769,22,108,781,24,96,770,18,107
test_30_1_2.png,0,0,0,0,0,0,0,0,0,0,0,0,0,0,0
test_30_1_3.png,0,0,0,0,0,0,0,0,0,0,0,0,0,0,0
test_30_2_0.png,1380,480,238,1399,455,219,1397,448,221,1478,445,140,1413,438,205
test_30_2_1.png,3535,283,338,3595,275,278,3444,250,429,3389,231,484,3466,246,407
test_30_2_2.png,4939,314,570,4927,385,582,4873,276,636,4920,503,589,4941,310,568
test_30_2_3.png,4031,648,421,3937,525,515,3866,762,586,3895,387,557,3905,550,547
test_30_3_0.png,3516,99,786,3561,150,741,3397,212,905,3362,48,940,3437,78,865
test_30_3_1.png,10451,833,863,10435,781,879,10285,618,1029,10368,705,946,10423,713,891
test_30_3_2.png,11836,1144,1001,11792,1089,1045,11619,860,1218,11852,1077,985,11779,937,1058
test_30_3_3.png,12766,784,1191,12921,699,1036,12809,612,1148,12758,584,1199,12869,659,1088
test_31_0_0.png,6453,372,785,6493,318,745,6409,493,829,6418,390,820,6452,377,786
test_31_0_1.png,5430,422,472,5339,659,563,5297,427,605,5413,466,489,5381,504,521
test_31_0_2.png,0,0,0,0,0,0,0,0,0,0,0,0,0,0,0
test_31_0_3.png,8277,481,764,8198,389,843,8268,523,773,8159,526,882,8294,457,747
test_31_1_0.png,13288,884,4862,13073,779,5077,13762,840,4388,13062,864,5088,13249,782,4901
test_31_1_1.png,2832,49,611,2846,48,597,2990,39,453,2909,47,534,2879,40,564
test_31_1_2.png,598,11,42,611,21,29,610,11,30,619,22,21,610,16,30
test_31_1_3.png,3603,1740,191,3582,1724,212,3560,706,234,3595,1706,199,3600,1682,194
test_31_2_0.png,43,622,1026,55,611,1014,43,622,1026,44,619,1025,43,615,1026
test_31_2_1.png,4592,234,272,4594,208,270,4592,276,272,4595,287,269,4601,224,263
test_31_2_2.png,4163,855,85,4183,849,65,4138,756,110,4193,898,55,4172,839,76
test_31_2_3.png,385,309,12,379,465,18,388,23,9,389,12,8,386,13,11
test_31_3_0.png,9573,466,1033,9480,525,1126,9321,437,1285,9456,539,1150,9457,461,1149
test_31_3_1.png,2813,78,1761,2923,73,1651,2732,37,1842,2846,57,1728,2826,51,1748
test_31_3_2.png,2354,61,186,2374,59,166,2402,78,138,2372,71,168,2377,64,163
test_31_3_3.png,3248,64,798,3146,58,900,3300,93,746,3296,55,750,3263,59,783
test_32_0_0.png,0,0,0,0,0,0,0,0,0,0,0,0,0,0,0
test_32_0_1.png,0,0,0,0,0,0,0,0,0,0,0,0,0,0,0
test_32_0_2.png,452,40,13,388,1,77,448,78,17,452,36,13,451,36,14
test_32_0_3.png,1361,33,64,1378,27,47,1346,32,79,1377,25,48,1365,28,60
test_32_1_0.png,0,0,1498,0,0,1498,0,0,1498,0,0,1498,0,0,1498
test_32_1_1.png,0,0,0,0,0,0,0,0,0,0,0,0,0,0,0
test_32_1_2.png,0,0,0,0,0,0,0,0,0,0,0,0,0,0,0
test_32_1_3.png,0,0,0,0,0,0,0,375,0,0,420,0,0,0,0
test_32_2_0.png,0,0,667,0,0,667,0,0,667,0,0,667,0,0,667
test_32_2_1.png,1519,129,54,1535,72,38,1525,124,48,1491,96,82,1521,115,52
test_32_2_2.png,1,0,239,31,0,209,89,3,151,0,0,240,7,0,233
test_32_2_3.png,3220,544,170,3222,793,168,3257,348,133,3244,414,146,3243,340,147
test_32_3_0.png,0,0,0,0,0,0,0,0,0,0,0,0,0,0,0
test_32_3_1.png,0,0,0,0,0,0,0,0,0,0,0,0,0,0,0
test_32_3_2.png,338,48,18,339,49,17,343,42,13,349,50,7,346,42,10
test_32_3_3.png,5988,319,317,6010,329,295,6059,661,246,6050,415,255,6035,364,270
test_33_0_0.png,2263,156,345,2212,70,396,1775,69,833,2109,119,499,2151,46,457
test_33_0_1.png,0,368,0,0,197,0,0,357,0,0,824,0,0,343,0
test_33_0_2.png,0,0,0,0,0,0,0,0,0,0,0,0,0,0,0
test_33_0_3.png,0,0,0,0,0,0,0,105,0,0,0,0,0,0,0
test_33_1_0.png,0,478,0,0,417,0,0,458,0,0,0,0,0,431,0
test_33_1_1.png,0,0,0,0,0,0,0,0,0,0,0,0,0,0,0
test_33_1_2.png,9757,652,971,9738,534,990,9804,570,924,9687,640,1041,9783,512,945
test_33_1_3.png,5535,1043,1720,6043,865,1212,5833,906,1422,6342,758,913,5983,899,1272
test_33_2_0.png,0,0,0,0,0,0,0,0,0,0,0,0,0,0,0
test_33_2_1.png,1183,75,254,1183,33,254,1187,70,250,1161,62,276,1178,61,259
test_33_2_2.png,11992,1360,559,11953,942,598,11901,967,650,12057,1226,494,12017,1051,534
test_33_2_3.png,17323,1346,1152,17304,1010,1171,17360,1322,1115,17349,1250,1126,17376,1093,1099
test_33_3_0.png,3429,339,956,3466,482,919,3371,469,1014,3371,528,1014,3404,428,981
test_33_3_1.png,9638,352,1181,9312,379,1507,9673,524,1146,9664,698,1155,9635,458,1184
test_33_3_2.png,0,0,0,0,0,0,0,0,0,0,0,0,0,0,0
test_33_3_3.png,3235,111,475,3071,95,639,3269,189,441,2987,147,723,3156,102,554
test_34_0_0.png,14912,1543,1951,14572,827,2291,14644,1397,2219,14376,1175,2487,14707,1044,2156
test_34_0_1.png,10781,772,1928,11811,1199,898,10853,812,1856,10901,990,1808,10848,817,1861
test_34_0_2.png,0,0,1235,0,0,1235,0,0,1235,0,0,1235,0,0,1235
test_34_0_3.png,0,0,0,0,0,0,0,0,0,0,0,0,0,0,0
test_34_1_0.png,5997,266,1761,5732,206,2026,5777,228,1981,5782,209,1976,5827,196,1931
test_34_1_1.png,10770,436,672,10608,445,834,10957,846,485,10752,866,690,10782,536,660
test_34_1_2.png,421,54,93,338,12,176,424,38,90,322,6,192,408,21,106
test_34_1_3.png,4835,211,199,4804,211,230,4850,228,184,4841,205,193,4835,207,199
test_34_2_0.png,5392,1512,657,5383,1802,666,5264,1624,785,5195,1888,854,5341,1689,708
test_34_2_1.png,16072,1184,1581,16142,1088,1511,16000,1309,1653,16018,1304,1635,16112,1127,1541
test_34_2_2.png,11721,774,875,11684,730,912,11686,787,910,11791,825,805,11742,749,854
test_34_2_3.png,7827,602,895,8231,616,491,8367,709,355,8230,743,492,8214,649,508
test_34_3_0.png,3531,383,93,3497,117,127,3510,177,114,3481,130,143,3509,140,115
test_34_3_1.png,7381,1364,308,7192,1309,497,7400,1380,289,7317,1394,372,7380,1327,309
test_34_3_2.png,9995,582,389,10007,860,377,10053,696,331,10033,634,351,10039,696,345
test_34_3_3.png,16925,941,760,16919,948,766,17241,1498,444,17127,1460,558,17030,1082,655
test_35_0_0.png,0,0,0,0,0,0,0,0,0,0,0,0,0,0,0
test_35_0_1.png,0,0,0,0,0,0,0,0,0,0,0,0,0,0,0
test_35_0_2.png,0,0,0,0,0,0,0,0,0,0,0,0,0,0,0
test_35_0_3.png,10654,487,740,10786,519,608,10786,586,608,10718,509,676,10753,496,641
test_35_1_0.png,0,0,0,0,0,0,0,0,0,0,0,0,0,0,0
test_35_1_1.png,0,0,0,0,0,0,0,0,0,0,0,0,0,0,0
test_35_1_2.png,4763,412,194,4781,438,176,4744,405,213,4680,332,277,4770,382,187
test_35_1_3.png,16431,1290,425,16384,1366,472,16300,1300,556,16218,1205,638,16380,1256,476
test_35_2_0.png,0,0,0,0,0,0,0,0,0,0,0,0,0,0,0
test_35_2_1.png,6769,308,478,6745,327,502,6930,403,317,6830,352,417,6818,318,429
test_35_2_2.png,16511,959,1032,16449,1004,1094,16672,1103,871,16322,982,1221,16521,977,1022
test_35_2_3.png,10432,680,589,10532,752,489,10585,834,436,10491,703,530,10521,721,500
test_35_3_0.png,0,0,0,0,0,0,0,0,0,0,0,0,0,0,0
test_35_3_1.png,8496,498,543,8474,505,565,8537,564,502,8391,441,648,8462,477,577
test_35_3_2.png,14150,1067,744,14100,1003,794,14039,1004,855,14042,955,852,14092,986,802
test_35_3_3.png,8292,707,698,8334,783,656,8227,641,763,8184,594,806,8261,660,729
test_36_0_0.png,0,0,0,0,0,0,0,0,0,0,0,0,0,0,0
test_36_0_1.png,0,0,0,0,0,0,0,0,0,0,0,0,0,0,0
test_36_0_2.png,0,0,0,0,0,0,0,0,0,0,0,0,0,0,0
test_36_0_3.png,0,0,0,0,0,0,0,0,0,0,0,0,0,0,0
test_36_1_0.png,0,0,0,0,0,0,0,0,0,0,0,0,0,0,0
test_36_1_1.png,0,0,0,0,0,0,0,0,0,0,0,0,0,0,0
test_36_1_2.png,0,0,0,0,0,0,0,0,0,0,0,0,0,0,0
test_36_1_3.png,0,0,0,0,0,0,0,0,0,0,0,0,0,0,0
test_36_2_0.png,0,0,0,0,0,0,0,0,0,0,0,0,0,0,0
test_36_2_1.png,0,0,0,0,0,0,0,0,0,0,0,0,0,0,0
test_36_2_2.png,0,0,0,0,0,0,0,0,0,0,0,0,0,0,0
test_36_2_3.png,250,19,2,249,19,3,250,19,2,247,14,5,250,13,2
test_36_3_0.png,0,0,0,0,0,0,0,0,0,0,0,0,0,0,0
test_36_3_1.png,0,236,0,0,211,0,0,207,0,0,230,0,0,224,0
test_36_3_2.png,3434,250,313,3487,279,260,3432,220,315,3452,236,295,3452,235,295
test_36_3_3.png,12017,991,549,11998,1041,568,11893,898,673,11966,929,600,11985,958,581
test_37_0_0.png,15801,2258,853,15710,2317,944,15782,2468,872,15480,2269,1174,15772,2292,882
test_37_0_1.png,5944,829,434,5931,898,447,5876,850,502,5843,706,535,5922,802,456
test_37_0_2.png,3972,895,962,3914,1085,1020,3985,963,949,4079,991,855,3988,950,946
test_37_0_3.png,0,0,0,0,0,0,0,0,0,0,0,0,0,0,0
test_37_1_0.png,15306,1965,1349,15280,1957,1375,14904,1886,1751,15275,1633,1380,15230,1863,1425
test_37_1_1.png,11661,1583,1699,11610,1586,1750,11719,1681,1641,11714,1434,1646,11695,1559,1665
test_37_1_2.png,4348,416,1044,4339,372,1053,4301,564,1091,4284,451,1108,4328,441,1064
test_37_1_3.png,0,0,0,0,0,0,0,0,0,0,0,0,0,0,0
test_37_2_0.png,4067,475,334,4076,526,325,4037,490,364,4074,527,327,4079,479,322
test_37_2_1.png,0,0,0,0,0,0,0,0,0,0,0,0,0,0,0
test_37_2_2.png,0,0,312,0,0,312,0,0,312,0,0,312,0,0,312
test_37_2_3.png,0,0,0,0,0,0,0,0,0,0,0,0,0,0,0
test_37_3_0.png,0,0,0,0,0,0,0,0,0,0,0,0,0,0,0
test_37_3_1.png,0,0,0,0,0,0,0,0,0,0,0,0,0,0,0
test_37_3_2.png,0,0,0,0,0,0,0,0,0,0,0,0,0,0,0
test_37_3_3.png,0,0,0,0,0,0,0,0,0,0,0,0,0,0,0
test_38_0_0.png,4020,231,247,4071,303,196,4017,223,250,4007,255,260,4025,246,242
test_38_0_1.png,8157,753,248,8188,866,217,8125,715,280,8119,778,286,8167,749,238
test_38_0_2.png,9018,627,607,8996,634,629,8977,693,648,9086,693,539,9030,640,595
test_38_0_3.png,14987,1093,816,14808,983,995,14710,877,1093,14673,807,1130,14815,905,988
test_38_1_0.png,13041,839,761,13033,917,769,13083,908,719,13068,882,734,13072,859,730
test_38_1_1.png,10458,941,931,10405,910,984,10319,868,1070,10395,938,994,10410,884,979
test_38_1_2.png,10306,713,534,10340,736,500,10301,847,539,10384,762,456,10348,731,492
test_38_1_3.png,6979,581,355,7004,647,330,6933,521,401,6933,578,401,6964,568,370
test_38_2_0.png,989,83,56,928,67,117,1010,90,35,1000,83,45,1000,78,45
test_38_2_1.png,2000,104,190,1990,63,200,2004,100,186,1949,60,241,2000,73,190
test_38_2_2.png,12113,891,613,12123,918,603,12095,875,631,12182,905,544,12154,885,572
test_38_2_3.png,14603,840,715,14701,995,617,14698,920,620,14726,1006,592,14702,876,616
test_38_3_0.png,0,8,0,0,4,0,0,20,0,0,3,0,0,5,0
test_38_3_1.png,0,0,0,0,0,0,0,0,0,0,0,0,0,0,0
test_38_3_2.png,9211,715,777,9221,718,767,9189,656,799,9209,625,779,9224,645,764
test_38_3_3.png,14220,902,1060,14403,1038,877,14186,946,1094,14353,1035,927,14340,951,940
test_39_0_0.png,0,0,0,0,0,0,0,0,0,0,0,0,0,0,0
test_39_0_1.png,0,0,0,0,0,0,0,0,0,0,0,0,0,0,0
test_39_0_2.png,0,0,0,0,0,0,0,0,0,0,0,0,0,0,0
test_39_0_3.png,40,1,268,0,0,308,0,0,308,0,0,308,0,0,308
test_39_1_0.png,0,0,0,0,0,0,0,0,0,0,0,0,0,0,0
test_39_1_1.png,0,0,0,0,0,0,0,0,0,0,0,0,0,0,0
test_39_1_2.png,0,0,0,0,0,0,0,0,0,0,0,0,0,0,0
test_39_1_3.png,0,0,0,0,0,0,0,0,0,0,0,0,0,0,0
test_39_2_0.png,0,0,0,0,0,0,0,0,0,0,0,0,0,0,0
test_39_2_1.png,4096,282,184,4124,322,156,3967,238,313,4008,220,272,4077,247,203
test_39_2_2.png,1235,69,162,1324,126,73,1229,58,168,1220,55,177,1269,59,128
test_39_2_3.png,0,0,0,0,0,0,0,0,0,0,0,0,0,0,0
test_39_3_0.png,12449,1264,1122,12022,1119,1549,12138,1209,1433,12133,1120,1438,12202,1116,1369
test_39_3_1.png,17989,1338,1902,17507,3032,2384,17729,1346,2162,17520,2970,2371,17819,2433,2072
test_39_3_2.png,11782,829,1185,11333,806,1634,11660,820,1307,11525,716,1442,11580,739,1387
test_39_3_3.png,0,0,0,0,0,0,0,0,0,0,0,0,0,0,0
test_3_0_0.png,191,1,191,65,0,317,316,0,66,17,0,365,159,0,223
test_3_0_1.png,0,0,0,0,0,0,0,0,0,0,0,0,0,0,0
test_3_0_2.png,0,0,0,0,0,0,0,0,0,0,0,0,0,0,0
test_3_0_3.png,0,0,0,0,0,0,0,0,0,0,0,0,0,0,0
test_3_1_0.png,0,0,460,5,0,455,0,0,460,0,0,460,0,0,460
test_3_1_1.png,0,0,0,0,0,0,0,0,0,0,0,0,0,0,0
test_3_1_2.png,0,0,0,0,0,0,0,0,0,0,0,0,0,0,0
test_3_1_3.png,0,0,0,0,0,0,0,0,0,0,0,0,0,0,0
test_3_2_0.png,0,190,0,0,189,0,0,187,0,0,186,0,0,186,0
test_3_2_1.png,0,0,0,0,0,0,0,0,0,0,0,0,0,0,0
test_3_2_2.png,0,0,0,0,0,0,0,0,0,0,0,0,0,0,0
test_3_2_3.png,420,56,28,416,53,32,419,55,29,417,56,31,418,55,30
test_3_3_0.png,609,15,32,614,15,27,615,16,26,596,14,45,611,15,30
test_3_3_1.png,1599,81,134,1592,74,141,1610,80,123,1579,85,154,1595,74,138
test_3_3_2.png,1979,99,61,1966,87,74,1990,106,50,1982,97,58,1980,91,60
test_3_3_3.png,1542,201,50,1533,147,59,1383,164,209,1551,238,41,1545,188,47
test_40_0_0.png,0,313,130,0,315,130,0,307,130,0,300,130,0,310,130
test_40_0_1.png,13650,687,772,13722,686,700,13752,846,670,13626,665,796,13714,685,708
test_40_0_2.png,9267,495,517,9279,490,505,9253,510,531,9207,399,577,9261,466,523
test_40_0_3.png,0,0,64,0,0,64,0,0,64,0,0,64,0,0,64
test_40_1_0.png,0,162,569,564,203,5,487,126,82,558,166,11,541,166,28
test_40_1_1.png,0,0,0,0,0,0,0,0,0,0,0,0,0,0,0
test_40_1_2.png,0,0,0,0,0,0,0,0,0,0,0,0,0,0,0
test_40_1_3.png,0,0,0,0,0,0,0,0,0,0,0,0,0,0,0
test_40_2_0.png,0,0,0,0,0,0,0,0,0,0,0,0,0,0,0
test_40_2_1.png,0,0,0,0,0,0,0,0,0,0,0,0,0,0,0
test_40_2_2.png,0,0,0,0,0,0,0,0,0,0,0,0,0,0,0
test_40_2_3.png,0,0,0,0,0,0,0,0,0,0,0,0,0,0,0
test_40_3_0.png,0,0,0,0,0,0,0,0,0,0,0,0,0,0,0
test_40_3_1.png,0,0,0,0,0,0,0,0,0,0,0,0,0,0,0
test_40_3_2.png,0,0,0,0,0,0,0,0,0,0,0,0,0,0,0
test_40_3_3.png,0,0,0,0,0,0,0,0,0,0,0,0,0,0,0
test_41_0_0.png,0,0,0,0,0,0,0,0,0,0,0,0,0,0,0
test_41_0_1.png,0,0,0,0,0,0,0,0,0,0,0,0,0,0,0
test_41_0_2.png,6109,223,598,6102,152,605,6169,159,538,6147,136,560,6147,141,560
test_41_0_3.png,5586,319,314,5612,336,288,5653,346,247,5615,307,285,5628,312,272
test_41_1_0.png,0,0,0,0,0,0,0,0,0,0,0,0,0,0,0
test_41_1_1.png,0,0,0,0,0,0,0,0,0,0,0,0,0,0,0
test_41_1_2.png,1729,161,74,1741,277,62,1738,235,65,1727,217,76,1739,216,64
test_41_1_3.png,13250,698,647,13240,732,657,13180,681,717,13280,619,617,13262,671,635
test_41_2_0.png,0,0,0,0,0,0,0,0,0,0,0,0,0,0,0
test_41_2_1.png,3147,175,432,3218,185,361,3115,154,464,3082,152,497,3141,170,438
test_41_2_2.png,16348,709,1216,16423,838,1141,16251,833,1313,15939,654,1625,16295,724,1269
test_41_2_3.png,19636,961,1412,19791,973,1257,19500,908,1548,19491,959,1557,19652,896,1396
test_41_3_0.png,7577,420,508,7572,464,513,7558,462,527,7493,403,592,7555,419,530
test_41_3_1.png,15038,1199,778,15016,1208,800,15073,1236,743,14973,1128,843,15039,1145,777
test_41_3_2.png,20583,1058,894,20474,1095,1003,20502,995,975,20334,929,1143,20502,973,975
test_41_3_3.png,19511,775,1404,19562,778,1353,19629,810,1286,19507,729,1408,19575,738,1340
test_42_0_0.png,578,47,401,542,38,437,554,36,425,548,52,431,555,39,424
test_42_0_1.png,0,0,0,0,0,0,0,0,0,0,0,0,0,0,0
test_42_0_2.png,0,0,0,0,0,0,0,0,0,0,14,0,0,0,0
test_42_0_3.png,0,0,0,0,0,0,0,0,0,0,370,0,0,0,0
test_42_1_0.png,2642,165,159,2615,129,186,2624,125,177,2633,141,168,2636,143,165
test_42_1_1.png,1411,96,56,1415,112,52,1413,107,54,1421,106,46,1414,103,53
test_42_1_2.png,0,0,0,0,0,0,0,0,0,0,0,0,0,0,0
test_42_1_3.png,6669,596,309,6680,600,298,6632,525,346,6651,451,327,6657,522,321
test_42_2_0.png,7621,758,384,7610,731,395,7599,777,406,7589,806,416,7617,760,388
test_42_2_1.png,4145,192,285,4145,187,285,4111,174,319,4099,170,331,4141,172,289
test_42_2_2.png,10567,827,511,10572,811,506,10534,751,544,10492,673,586,10548,736,530
test_42_2_3.png,15519,1330,844,15542,1262,821,15439,1275,924,15335,1153,1028,15470,1207,893
test_42_3_0.png,0,0,0,0,0,0,0,0,0,0,0,0,0,0,0
test_42_3_1.png,0,0,0,0,0,0,0,0,0,0,0,0,0,0,0
test_42_3_2.png,627,22,68,618,17,77,621,27,74,612,17,83,621,21,74
test_42_3_3.png,1605,55,183,1611,58,177,1612,71,176,1601,54,187,1604,52,184
test_43_0_0.png,2206,115,149,2178,95,177,2203,143,152,2166,108,189,2187,105,168
test_43_0_1.png,2084,103,323,2027,103,380,2066,109,341,2103,286,304,2071,100,336
test_43_0_2.png,1897,97,196,1840,92,253,1736,89,357,1737,81,356,1810,83,283
test_43_0_3.png,2217,215,179,2214,215,182,2193,189,203,2194,211,202,2211,202,185
test_43_1_0.png,0,0,0,0,0,0,0,0,0,0,0,0,0,0,0
test_43_1_1.png,0,0,0,0,0,0,0,0,0,0,0,0,0,0,0
test_43_1_2.png,0,0,0,0,0,0,0,0,0,0,0,0,0,0,0
test_43_1_3.png,1855,228,18,1859,105,14,1860,431,13,1852,65,21,1858,122,15
test_43_2_0.png,0,0,0,0,0,0,0,0,0,0,0,0,0,0,0
test_43_2_1.png,0,0,0,0,0,0,0,0,0,0,0,0,0,0,0
test_43_2_2.png,0,0,0,0,0,0,0,0,0,0,0,0,0,0,0
test_43_2_3.png,539,49,48,550,72,37,567,67,20,570,81,17,563,67,24
test_43_3_0.png,0,0,0,0,0,0,0,0,0,0,0,0,0,0,0
test_43_3_1.png,4939,683,339,4878,672,400,4925,723,353,4565,572,713,4905,639,373
test_43_3_2.png,9691,1176,528,9611,1083,608,9434,1030,785,9615,1162,604,9617,1073,602
test_43_3_3.png,5662,676,555,5776,661,441,5490,644,727,5580,620,637,5626,637,591
test_44_0_0.png,0,0,0,0,0,0,0,0,0,0,0,0,0,0,0
test_44_0_1.png,0,0,0,0,0,0,0,0,0,0,0,0,0,0,0
test_44_0_2.png,0,0,0,0,0,0,0,0,0,0,0,0,0,0,0
test_44_0_3.png,561,29,31,573,38,19,568,37,24,568,39,24,569,36,23
test_44_1_0.png,0,0,0,0,0,0,0,0,0,0,0,0,0,0,0
test_44_1_1.png,0,0,0,0,0,0,0,0,0,0,0,0,0,0,0
test_44_1_2.png,0,0,0,0,0,0,0,0,0,0,0,0,0,0,0
test_44_1_3.png,1969,113,113,1961,114,121,1952,106,130,1968,92,114,1968,100,114
test_44_2_0.png,0,0,0,0,0,0,0,0,0,0,0,0,0,0,0
test_44_2_1.png,0,0,0,0,0,0,0,0,0,0,0,0,0,0,0
test_44_2_2.png,2471,299,190,2488,418,173,2483,404,178,2476,411,185,2484,365,177
test_44_2_3.png,14762,1034,1013,14817,1077,958,14708,1008,1067,14743,974,1032,14769,998,1006
test_44_3_0.png,0,0,0,0,0,0,0,0,0,0,0,0,0,0,0
test_44_3_1.png,0,0,0,0,0,0,0,0,0,0,0,0,0,0,0
test_44_3_2.png,0,0,0,0,0,0,0,0,0,0,0,0,0,0,0
test_44_3_3.png,8717,680,858,9112,768,463,8989,774,586,9083,723,492,9069,696,506
test_45_0_0.png,15102,1063,1219,14823,1090,1498,14629,1106,1692,14374,1113,1947,14726,1062,1595
test_45_0_1.png,17943,1696,1463,17951,1818,1455,18091,1770,1315,18054,1792,1352,18051,1733,1355
test_45_0_2.png,16637,1579,1147,16720,1747,1064,16548,1563,1236,16496,1537,1288,16623,1577,1161
test_45_0_3.png,19025,1899,1554,18969,1846,1610,19042,1859,1537,18941,1827,1638,19017,1806,1562
test_45_1_0.png,17229,1413,1335,17308,1486,1256,17181,1293,1383,17248,1372,1316,17288,1352,1276
test_45_1_1.png,18874,1319,1546,18956,1487,1464,18948,1365,1472,18711,1218,1709,18909,1321,1511
test_45_1_2.png,19897,2001,1058,19918,1867,1037,19944,1950,1011,19804,1816,1151,19897,1813,1058
test_45_1_3.png,17040,1774,1098,17033,1680,1105,17007,1672,1131,16986,1657,1152,17036,1671,1102
test_45_2_0.png,5555,581,509,5580,779,484,5616,611,448,5643,545,421,5623,593,441
test_45_2_1.png,9545,459,872,9617,531,800,9531,571,886,9443,551,974,9550,489,867
test_45_2_2.png,18167,1584,1089,18083,1491,1173,18134,1606,1122,17920,1385,1336,18097,1461,1159
test_45_2_3.png,19604,1698,1065,19466,1553,1203,19270,1556,1399,19297,1577,1372,19431,1529,1238
test_45_3_0.png,7905,636,579,7980,680,504,7941,608,543,7906,665,578,7965,628,519
test_45_3_1.png,10394,962,764,10377,857,781,10437,979,721,10395,914,763,10402,906,756
test_45_3_2.png,13474,1234,1087,13328,1060,1233,13294,1034,1267,13168,949,1393,13370,1022,1191
test_45_3_3.png,19271,1753,1476,19190,1530,1557,18921,1483,1826,19098,1502,1649,19164,1508,1583
test_46_0_0.png,18588,1339,995,18687,1445,896,18619,1387,964,18411,1204,1172,18605,1289,978
test_46_0_1.png,19222,1770,1473,19139,1680,1556,19164,1658,1531,19054,1585,1641,19171,1623,1524
test_46_0_2.png,8676,681,386,8676,709,386,8632,597,430,8571,579,491,8650,628,412
test_46_0_3.png,0,0,0,0,0,0,0,0,0,0,0,0,0,0,0
test_46_1_0.png,20001,942,1339,20134,1140,1206,20143,1132,1197,20176,1127,1164,20146,1044,1194
test_46_1_1.png,17898,1384,1261,17932,1366,1227,17832,1270,1327,17728,1285,1431,17911,1285,1248
test_46_1_2.png,9247,540,701,9252,563,696,9273,591,675,9171,538,777,9251,536,697
test_46_1_3.png,0,0,0,0,0,0,0,0,0,0,0,0,0,0,0
test_46_2_0.png,5958,405,514,5953,349,519,5906,367,566,5959,378,513,5951,369,521
test_46_2_1.png,7421,488,485,7399,508,507,7369,492,537,7431,574,475,7411,494,495
test_46_2_2.png,1289,217,134,1250,180,173,1277,227,146,1273,221,150,1275,216,148
test_46_2_3.png,0,0,0,0,0,0,0,0,0,0,0,0,0,0,0
test_46_3_0.png,3309,157,149,3304,158,154,3305,168,153,3309,191,149,3312,151,146
test_46_3_1.png,854,69,107,816,61,145,814,60,147,808,78,153,817,68,144
test_46_3_2.png,0,0,0,0,0,0,0,0,0,0,0,0,0,0,0
test_46_3_3.png,0,0,0,0,0,0,0,0,0,0,0,0,0,0,0
test_47_0_0.png,0,0,0,0,0,0,0,0,0,0,0,0,0,0,0
test_47_0_1.png,5194,311,224,5195,322,223,5194,301,224,5216,317,202,5200,294,218
test_47_0_2.png,0,0,0,0,0,0,0,0,0,0,0,0,0,0,0
test_47_0_3.png,5386,549,159,5395,505,150,5380,546,165,5400,524,145,5392,513,153
test_47_1_0.png,0,0,0,0,0,0,0,0,0,0,0,0,0,0,0
test_47_1_1.png,4853,303,278,4805,309,326,4797,297,334,4813,311,318,4826,292,305
test_47_1_2.png,14819,987,805,14788,988,836,14771,1033,853,14844,1086,780,14833,982,791
test_47_1_3.png,15647,1402,560,15768,1607,439,15650,1388,557,15740,1443,467,15730,1429,477
test_47_2_0.png,460,24,52,466,21,46,489,30,23,480,27,32,478,22,34
test_47_2_1.png,0,0,0,0,0,0,0,0,0,0,0,0,0,0,0
test_47_2_2.png,7896,615,994,7862,593,1028,7906,665,984,7875,598,1015,7896,605,994
test_47_2_3.png,14514,1031,793,14410,1032,897,14378,999,929,14294,895,1013,14428,942,879
test_47_3_0.png,0,0,0,0,0,0,0,0,0,0,0,0,0,0,0
test_47_3_1.png,0,0,0,0,0,0,0,0,0,0,0,0,0,0,0
test_47_3_2.png,222,15,134,252,26,104,286,33,70,313,42,43,254,23,102
test_47_3_3.png,4149,328,1161,4124,321,1186,3949,203,1361,4112,271,1198,4129,275,1181
test_48_0_0.png,0,0,0,0,0,0,0,0,0,0,0,0,0,0,0
test_48_0_1.png,2197,37,156,2205,48,148,2208,68,145,2201,56,152,2207,49,146
test_48_0_2.png,509,6,77,436,1,150,492,2,94,71,1,515,489,1,97
test_48_0_3.png,4284,750,266,4336,764,214,4307,778,243,4252,600,298,4299,703,251
test_48_1_0.png,0,0,0,0,0,0,0,0,0,0,0,0,0,0,0
test_48_1_1.png,0,0,0,0,0,0,0,0,0,0,0,0,0,0,0
test_48_1_2.png,0,0,0,0,0,0,0,0,0,0,0,0,0,0,0
test_48_1_3.png,0,0,0,0,0,0,0,0,0,0,0,0,0,0,0
test_48_2_0.png,0,0,0,0,0,0,0,0,0,0,0,0,0,0,0
test_48_2_1.png,0,0,0,0,0,0,0,0,0,0,0,0,0,0,0
test_48_2_2.png,0,0,0,0,0,0,0,0,0,0,0,0,0,0,0
test_48_2_3.png,0,2,0,0,0,0,0,0,0,0,0,0,0,0,0
test_48_3_0.png,0,0,0,0,0,0,0,0,0,0,0,0,0,0,0
test_48_3_1.png,0,0,0,0,0,0,0,0,0,0,0,0,0,0,0
test_48_3_2.png,0,0,0,0,0,0,0,0,0,0,0,0,0,0,0
test_48_3_3.png,883,62,10,885,84,8,877,45,16,882,62,11,882,62,11
test_49_0_0.png,0,0,0,0,0,0,0,0,0,0,0,0,0,0,0
test_49_0_1.png,6717,687,423,6709,645,431,6697,688,443,6687,640,453,6702,647,438
test_49_0_2.png,11360,754,983,11328,802,1015,11398,826,945,11379,801,964,11412,795,931
test_49_0_3.png,12611,1019,1358,12513,846,1456,12527,965,1442,12262,769,1707,12519,891,1450
test_49_1_0.png,208,1,43,190,0,61,197,0,54,200,0,51,200,0,51
test_49_1_1.png,9323,572,443,9346,633,420,9392,697,374,9372,650,394,9366,627,400
test_49_1_2.png,14347,928,873,14418,993,802,14350,901,870,14336,953,884,14383,933,837
test_49_1_3.png,11893,1074,640,11922,1100,611,11860,1066,673,11899,1124,634,11906,1078,627
test_49_2_0.png,1621,14,150,1634,16,137,1651,19,120,1650,26,121,1636,19,135
test_49_2_1.png,6133,402,287,6164,391,256,6123,465,297,6138,493,282,6150,369,270
test_49_2_2.png,7875,474,534,7845,464,564,7900,484,509,7853,445,556,7873,457,536
test_49_2_3.png,8197,551,221,8170,499,248,8200,537,218,8184,492,234,8194,512,224
test_49_3_0.png,0,0,0,0,0,0,0,0,0,0,0,0,0,0,0
test_49_3_1.png,0,0,0,0,0,0,0,0,0,0,0,0,0,0,0
test_49_3_2.png,10945,249,1014,10936,250,1023,11017,303,942,10991,236,968,10984,247,975
test_49_3_3.png,17337,1373,1030,17311,1400,1056,17506,1680,861,17452,1587,915,17414,1493,953
test_4_0_0.png,327,31,15,330,30,12,333,25,9,330,42,12,329,29,13
test_4_0_1.png,204,36,266,205,32,265,206,41,264,206,46,264,206,37,264
test_4_0_2.png,359,44,58,355,38,62,358,47,59,364,36,53,359,42,58
test_4_0_3.png,0,0,0,0,0,0,0,0,0,0,0,0,0,0,0
test_4_1_0.png,0,0,0,0,0,0,0,0,0,0,0,0,0,0,0
test_4_1_1.png,0,0,0,0,0,0,0,0,0,0,0,0,0,0,0
test_4_1_2.png,0,0,0,0,0,0,0,0,0,0,0,0,0,0,0
test_4_1_3.png,0,0,0,0,0,0,0,0,0,0,0,0,0,0,0
test_4_2_0.png,0,0,0,0,0,0,0,0,0,0,0,0,0,0,0
test_4_2_1.png,0,0,0,0,0,0,0,0,0,0,0,0,0,0,0
test_4_2_2.png,0,0,0,0,0,0,0,0,0,0,0,0,0,0,0
test_4_2_3.png,0,0,0,0,0,0,0,0,0,0,0,0,0,0,0
test_4_3_0.png,0,0,0,0,0,0,0,0,0,0,0,0,0,0,0
test_4_3_1.png,1413,44,181,1441,41,153,1411,55,183,1422,51,172,1422,49,172
test_4_3_2.png,3429,263,222,3471,259,180,3406,233,245,3418,247,233,3427,244,224
test_4_3_3.png,5241,265,482,5227,246,496,5168,250,555,5233,247,490,5221,244,502
test_50_0_0.png,0,0,0,0,0,0,0,0,0,0,0,0,0,0,0
test_50_0_1.png,0,0,0,0,0,0,0,0,0,0,0,0,0,0,0
test_50_0_2.png,0,0,0,0,0,0,0,0,0,0,0,0,0,0,0
test_50_0_3.png,0,0,0,0,0,0,0,0,0,0,0,0,0,0,0
test_50_1_0.png,0,0,0,0,0,0,0,0,0,0,0,0,0,0,0
test_50_1_1.png,0,0,0,0,0,0,0,0,0,0,0,0,0,0,0
test_50_1_2.png,0,0,0,0,0,0,0,0,0,0,0,0,0,0,0
test_50_1_3.png,93,16,73,0,0,166,0,0,166,0,0,166,0,0,166
test_50_2_0.png,4184,414,289,4274,448,199,4095,258,378,3985,326,488,4161,344,312
test_50_2_1.png,1087,143,83,1077,147,93,1085,132,85,1071,141,99,1080,140,90
test_50_2_2.png,1067,70,32,1061,74,38,1063,56,36,1068,78,31,1063,71,36
test_50_2_3.png,3820,777,466,3771,763,515,3767,705,519,3776,768,510,3777,749,509
test_50_3_0.png,13645,660,1060,13780,717,925,13717,649,988,13643,607,1062,13728,634,977
test_50_3_1.png,17389,1407,1301,17233,1400,1457,17167,1239,1523,16967,1071,1723,17213,1258,1477
test_50_3_2.png,14324,1199,969,14307,1140,986,14284,1089,1009,14417,1170,876,14331,1138,962
test_50_3_3.png,3706,261,145,3727,302,124,3668,265,183,3698,286,153,3698,270,153
test_51_0_0.png,6513,1580,379,6540,1596,352,6545,1547,347,6396,1387,496,6516,1520,376
test_51_0_1.png,0,0,0,0,0,0,0,0,0,0,0,0,0,0,0
test_51_0_2.png,0,0,0,0,0,0,0,0,0,0,0,0,0,0,0
test_51_0_3.png,0,0,0,0,0,0,0,0,0,0,0,0,0,0,0
test_51_1_0.png,0,0,47,0,0,47,0,0,47,0,0,47,0,0,47
test_51_1_1.png,0,0,0,0,0,0,0,0,0,0,0,0,0,0,0
test_51_1_2.png,0,0,0,0,0,0,0,0,0,0,0,0,0,0,0
test_51_1_3.png,0,0,0,0,0,0,0,0,0,0,0,0,0,0,0
test_51_2_0.png,0,0,0,0,0,0,0,0,0,0,0,0,0,0,0
test_51_2_1.png,0,0,0,0,0,0,0,0,0,0,0,0,0,0,0
test_51_2_2.png,0,0,0,0,0,0,0,0,0,0,0,0,0,0,0
test_51_2_3.png,0,0,0,0,0,0,0,0,0,0,0,0,0,0,0
test_51_3_0.png,0,0,0,0,0,0,0,0,0,0,0,0,0,0,0
test_51_3_1.png,0,0,0,0,0,0,0,0,0,0,0,0,0,0,0
test_51_3_2.png,0,0,0,0,0,0,0,0,0,0,0,0,0,0,0
test_51_3_3.png,0,0,0,0,0,0,0,0,0,0,0,0,0,0,0
test_52_0_0.png,0,0,0,0,0,0,0,0,0,0,0,0,0,0,0
test_52_0_1.png,0,0,0,0,0,0,0,0,0,0,0,0,0,0,0
test_52_0_2.png,0,0,0,0,0,0,0,0,0,0,0,0,0,0,0
test_52_0_3.png,0,0,0,0,0,0,0,0,0,0,0,0,0,0,0
test_52_1_0.png,0,0,0,0,0,0,0,0,0,0,0,0,0,0,0
test_52_1_1.png,0,0,0,0,0,0,0,0,0,0,0,0,0,0,0
test_52_1_2.png,0,0,0,0,0,0,0,0,0,0,0,0,0,0,0
test_52_1_3.png,0,0,0,0,0,0,0,0,0,0,0,0,0,0,0
test_52_2_0.png,9023,561,1290,8981,596,1332,8945,571,1368,8983,561,1330,8978,552,1335
test_52_2_1.png,2398,69,163,2315,58,246,2319,44,242,2339,56,222,2337,56,224
test_52_2_2.png,0,0,0,0,0,0,0,0,0,0,0,0,0,0,0
test_52_2_3.png,0,0,0,0,0,0,0,0,0,0,0,0,0,0,0
test_52_3_0.png,19819,973,1318,19695,852,1442,19832,1044,1305,19961,1055,1176,19840,970,1297
test_52_3_1.png,7532,219,588,7561,255,559,7628,258,492,7618,227,502,7587,236,533
test_52_3_2.png,0,0,82,0,0,82,0,0,82,0,0,82,0,0,82
test_52_3_3.png,0,0,0,0,0,0,0,0,0,0,0,0,0,0,0
test_53_0_0.png,0,0,0,0,0,0,0,0,0,0,0,0,0,0,0
test_53_0_1.png,0,0,0,0,0,0,0,0,0,0,0,0,0,0,0
test_53_0_2.png,0,0,0,0,0,0,0,0,0,0,0,0,0,0,0
test_53_0_3.png,0,0,46,0,0,46,0,0,46,0,0,46,0,0,46
test_53_1_0.png,0,0,0,0,0,0,0,0,0,0,0,0,0,0,0
test_53_1_1.png,0,0,0,0,0,0,0,0,0,0,0,0,0,0,0
test_53_1_2.png,0,0,0,0,0,0,0,0,0,0,0,0,0,0,0
test_53_1_3.png,0,0,142,0,0,142,0,0,142,0,0,142,0,0,142
test_53_2_0.png,0,0,0,0,0,0,0,0,0,0,0,0,0,0,0
test_53_2_1.png,1626,103,71,1633,97,64,1614,78,83,1636,79,61,1628,87,69
test_53_2_2.png,0,0,0,0,0,0,0,0,0,0,0,0,0,0,0
test_53_2_3.png,0,0,0,0,0,0,0,0,0,0,0,0,0,0,0
test_53_3_0.png,937,8,103,935,6,105,952,10,88,945,9,95,945,10,95
test_53_3_1.png,4084,137,278,4056,134,306,4123,116,239,4082,149,280,4091,132,271
test_53_3_2.png,4063,110,317,4065,103,315,4065,120,315,4090,135,290,4080,112,300
test_53_3_3.png,0,0,0,0,0,0,0,0,0,0,0,0,0,0,0
test_54_0_0.png,6111,297,213,6094,326,230,6118,298,206,6111,247,213,6110,282,214
test_54_0_1.png,6789,300,627,6766,271,650,6793,283,623,6767,294,649,6771,283,645
test_54_0_2.png,1043,151,282,1098,97,227,1110,435,215,1038,436,287,1069,114,256
test_54_0_3.png,0,0,0,0,0,0,0,0,0,0,0,0,0,0,0
test_54_1_0.png,3585,336,141,3591,340,135,3599,369,127,3649,411,77,3608,353,118
test_54_1_1.png,6338,132,831,6394,186,775,6446,170,723,6449,217,720,6407,165,762
test_54_1_2.png,0,0,0,0,0,0,0,0,0,0,0,0,0,0,0
test_54_1_3.png,0,0,0,0,0,0,0,0,0,0,0,0,0,0,0
test_54_2_0.png,2288,601,37,2274,554,51,2277,746,48,2219,519,106,2276,545,49
test_54_2_1.png,0,0,0,0,0,0,0,0,0,0,0,0,0,0,0
test_54_2_2.png,0,0,0,0,0,0,0,0,0,0,0,0,0,0,0
test_54_2_3.png,0,0,0,0,0,0,0,0,0,0,0,0,0,0,0
test_54_3_0.png,2771,305,54,2549,299,276,2322,159,503,2323,178,502,2335,184,490
test_54_3_1.png,0,0,0,0,0,0,0,0,0,0,0,0,0,0,0
test_54_3_2.png,0,0,0,0,0,0,0,0,0,0,0,0,0,0,0
test_54_3_3.png,0,0,0,0,0,0,0,0,0,0,0,0,0,0,0
test_55_0_0.png,0,0,0,0,0,0,0,0,0,0,0,0,0,0,0
test_55_0_1.png,0,0,0,0,0,0,0,0,0,0,0,0,0,0,0
test_55_0_2.png,0,0,0,0,0,0,0,0,0,0,0,0,0,0,0
test_55_0_3.png,0,0,0,0,0,0,0,0,0,0,0,0,0,0,0
test_55_1_0.png,8313,416,332,8306,362,339,8353,440,292,8364,394,281,8335,389,310
test_55_1_1.png,3301,182,193,3277,208,217,3278,154,216,3307,137,187,3298,156,196
test_55_1_2.png,0,0,0,0,0,0,0,0,0,0,0,0,0,0,0
test_55_1_3.png,0,0,0,0,0,0,0,0,0,0,0,0,0,0,0
test_55_2_0.png,19911,1585,923,19883,1655,951,19770,1522,1064,19747,1583,1087,19834,1554,1000
test_55_2_1.png,12647,973,1340,12867,988,1120,12423,874,1564,12426,897,1561,12497,910,1490
test_55_2_2.png,3180,164,248,3163,164,265,3185,162,243,3150,168,278,3171,162,257
test_55_2_3.png,0,0,0,0,0,0,0,0,0,0,0,0,0,0,0
test_55_3_0.png,11431,668,957,11268,605,1120,10922,731,1466,11135,647,1253,11252,625,1136
test_55_3_1.png,19848,1570,1174,19894,1529,1128,19904,1817,1118,19789,1384,1233,19872,1549,1150
test_55_3_2.png,16443,1509,996,16481,1464,958,16479,1708,960,16361,1462,1078,16451,1470,988
test_55_3_3.png,13343,711,1036,13292,649,1087,13219,550,1160,13251,620,1128,13287,614,1092
test_56_0_0.png,0,0,0,0,0,0,0,0,0,0,0,0,0,0,0
test_56_0_1.png,0,0,0,0,0,0,0,0,0,0,0,0,0,0,0
test_56_0_2.png,0,513,0,0,0,0,0,0,0,0,0,0,0,0,0
test_56_0_3.png,953,222,47,956,247,44,965,292,35,968,274,32,959,260,41
test_56_1_0.png,0,0,0,0,11,0,0,0,0,0,0,0,0,0,0
test_56_1_1.png,0,0,0,0,0,0,0,0,0,0,0,0,0,0,0
test_56_1_2.png,0,0,0,0,0,0,0,0,0,0,0,0,0,0,0
test_56_1_3.png,0,0,0,0,0,0,0,0,0,0,0,0,0,0,0
test_56_2_0.png,0,0,0,0,0,0,0,9,0,0,51,0,0,0,0
test_56_2_1.png,1355,0,91,1342,0,104,1314,0,132,1325,0,121,1334,0,112
test_56_2_2.png,3623,113,318,3608,152,333,3590,120,351,3579,95,362,3592,114,349
test_56_2_3.png,0,0,0,0,0,0,0,0,0,0,0,0,0,0,0
test_56_3_0.png,0,0,0,0,0,0,0,0,0,0,0,0,0,0,0
test_56_3_1.png,1331,1,159,1272,24,218,1236,0,254,1212,0,278,1259,0,231
test_56_3_2.png,0,0,8,0,0,8,0,0,8,0,0,8,0,0,8
test_56_3_3.png,0,0,0,0,0,0,0,0,0,0,0,0,0,0,0
test_57_0_0.png,528,0,285,388,2,425,370,9,443,375,5,438,379,2,434
test_57_0_1.png,7585,735,710,7700,788,595,7609,854,686,7715,815,580,7665,779,630
test_57_0_2.png,8096,681,627,8185,844,538,8114,787,609,8202,705,521,8171,711,552
test_57_0_3.png,0,0,0,0,0,0,0,0,0,0,0,0,0,0,0
test_57_1_0.png,0,0,0,0,0,0,0,0,0,0,0,0,0,0,0
test_57_1_1.png,0,0,0,0,0,0,0,0,0,0,0,0,0,0,0
test_57_1_2.png,0,0,0,0,0,0,0,0,0,0,0,0,0,0,0
test_57_1_3.png,0,0,0,0,0,0,0,0,0,0,0,0,0,0,0
test_57_2_0.png,0,0,119,0,0,119,0,0,119,0,0,119,0,0,119
test_57_2_1.png,0,0,0,0,0,0,0,0,0,0,0,0,0,0,0
test_57_2_2.png,0,0,0,0,0,0,0,0,0,0,0,0,0,0,0
test_57_2_3.png,0,0,0,0,0,0,0,0,0,0,0,0,0,0,0
test_57_3_0.png,73,12,903,0,0,976,244,43,732,266,52,710,211,35,765
test_57_3_1.png,219,76,17,236,121,0,235,136,1,0,0,236,235,99,1
test_57_3_2.png,0,0,0,0,0,0,0,0,0,0,0,0,0,0,0
test_57_3_3.png,0,0,0,0,0,0,0,0,0,0,0,0,0,0,0
test_58_0_0.png,475,799,64,498,800,41,513,828,26,522,848,17,510,818,29
test_58_0_1.png,0,0,0,0,0,0,0,0,0,0,0,0,0,0,0
test_58_0_2.png,0,0,0,0,0,0,0,0,0,0,0,0,0,0,0
test_58_0_3.png,0,0,0,0,0,0,0,0,0,0,0,0,0,0,0
test_58_1_0.png,0,0,0,0,0,0,0,0,0,0,0,0,0,0,0
test_58_1_1.png,0,0,0,0,0,0,0,0,0,0,0,0,0,0,0
test_58_1_2.png,0,0,0,0,0,0,0,0,0,0,0,0,0,0,0
test_58_1_3.png,0,0,0,0,0,0,0,0,0,0,0,0,0,0,0
test_58_2_0.png,0,0,0,0,0,0,0,0,0,0,0,0,0,0,0
test_58_2_1.png,0,0,0,0,0,0,0,0,0,0,0,0,0,0,0
test_58_2_2.png,0,0,0,0,0,0,0,0,0,0,0,0,0,0,0
test_58_2_3.png,0,0,0,0,0,0,0,0,0,0,0,0,0,0,0
test_58_3_0.png,0,0,0,0,0,0,0,0,0,0,0,0,0,0,0
test_58_3_1.png,0,0,0,0,0,0,0,0,0,0,0,0,0,0,0
test_58_3_2.png,0,0,0,0,0,0,0,0,0,0,0,0,0,0,0
test_58_3_3.png,0,0,0,0,0,0,0,0,0,0,0,0,0,0,0
test_59_0_0.png,0,0,0,0,0,0,0,0,0,0,0,0,0,0,0
test_59_0_1.png,0,0,0,0,0,0,0,0,0,0,0,0,0,0,0
test_59_0_2.png,0,0,0,0,0,0,0,0,0,0,0,0,0,0,0
test_59_0_3.png,0,0,0,0,0,0,0,0,0,0,0,0,0,0,0
test_59_1_0.png,0,0,0,0,0,0,0,0,0,0,0,0,0,0,0
test_59_1_1.png,0,0,0,0,0,0,0,0,0,0,0,0,0,0,0
test_59_1_2.png,0,0,0,0,0,0,0,0,0,0,0,0,0,0,0
test_59_1_3.png,0,0,0,0,0,0,0,0,0,0,0,0,0,0,0
test_59_2_0.png,0,0,0,0,0,0,0,0,0,0,0,0,0,0,0
test_59_2_1.png,0,0,0,0,0,0,0,0,0,0,0,0,0,0,0
test_59_2_2.png,0,0,0,0,0,0,0,0,0,0,0,0,0,0,0
test_59_2_3.png,0,0,0,0,0,0,0,0,0,0,0,0,0,0,0
test_59_3_0.png,0,0,0,0,0,0,0,0,0,0,0,0,0,0,0
test_59_3_1.png,0,0,0,0,0,0,0,0,0,0,0,0,0,0,0
test_59_3_2.png,0,0,230,0,0,230,0,0,230,0,0,230,0,0,230
test_59_3_3.png,0,0,0,0,0,0,0,0,0,0,0,0,0,0,0
test_5_0_0.png,0,0,0,0,0,0,0,0,0,0,0,0,0,0,0
test_5_0_1.png,0,0,0,0,0,0,0,0,0,0,0,0,0,0,0
test_5_0_2.png,0,0,0,0,0,0,0,0,0,0,0,0,0,0,0
test_5_0_3.png,0,0,0,0,0,0,0,0,0,0,0,0,0,0,0
test_5_1_0.png,0,0,0,0,0,0,0,0,0,0,0,0,0,0,0
test_5_1_1.png,0,0,0,0,0,0,0,0,0,0,0,0,0,0,0
test_5_1_2.png,0,0,0,0,0,0,0,0,0,0,0,0,0,0,0
test_5_1_3.png,0,0,0,0,0,0,0,0,0,0,0,0,0,0,0
test_5_2_0.png,0,0,0,0,0,0,0,0,0,0,0,0,0,0,0
test_5_2_1.png,0,0,0,0,0,0,0,0,0,0,0,0,0,0,0
test_5_2_2.png,62,0,60,40,0,82,79,0,43,85,2,37,76,0,46
test_5_2_3.png,5029,306,400,5020,319,409,5025,295,404,4995,284,434,5023,292,406
test_5_3_0.png,0,0,0,0,0,0,0,0,0,0,0,0,0,0,0
test_5_3_1.png,0,0,0,0,0,0,0,0,0,0,0,0,0,0,0
test_5_3_2.png,2031,105,62,2039,97,54,2034,116,59,2039,129,54,2039,109,54
test_5_3_3.png,4684,317,244,4671,319,257,4659,302,269,4691,295,237,4676,313,252
test_60_0_0.png,0,0,0,0,0,0,0,0,0,0,0,0,0,0,0
test_60_0_1.png,0,0,0,0,0,0,0,0,0,0,0,0,0,0,0
test_60_0_2.png,0,0,0,0,0,0,0,0,0,0,0,0,0,0,0
test_60_0_3.png,0,0,0,0,0,0,0,0,0,0,0,0,0,0,0
test_60_1_0.png,0,0,0,0,0,0,0,0,0,0,0,0,0,0,0
test_60_1_1.png,0,0,0,0,0,0,0,0,0,0,0,0,0,0,0
test_60_1_2.png,0,0,0,0,0,0,0,0,0,0,0,0,0,0,0
test_60_1_3.png,0,0,0,0,0,0,0,0,0,0,0,0,0,0,0
test_60_2_0.png,0,0,0,0,0,0,0,0,0,0,0,0,0,0,0
test_60_2_1.png,0,0,0,0,0,0,0,0,0,0,0,0,0,0,0
test_60_2_2.png,0,0,0,0,0,0,0,0,0,0,0,0,0,0,0
test_60_2_3.png,0,0,0,0,0,0,0,0,0,0,0,0,0,0,0
test_60_3_0.png,0,0,0,0,0,0,0,0,0,0,0,0,0,0,0
test_60_3_1.png,0,0,0,0,0,0,0,0,0,0,0,0,0,0,0
test_60_3_2.png,0,0,0,0,0,0,0,0,0,0,0,0,0,0,0
test_60_3_3.png,0,0,0,0,0,0,0,0,0,0,0,0,0,0,0
test_61_0_0.png,0,0,0,0,0,0,0,0,0,0,0,0,0,0,0
test_61_0_1.png,0,0,0,0,0,0,0,0,0,0,0,0,0,0,0
test_61_0_2.png,0,0,0,0,0,0,0,0,0,0,0,0,0,0,0
test_61_0_3.png,0,0,0,0,0,0,0,0,0,0,0,0,0,0,0
test_61_1_0.png,0,0,0,0,0,0,0,0,0,0,0,0,0,0,0
test_61_1_1.png,0,0,0,0,0,0,0,0,0,0,0,0,0,0,0
test_61_1_2.png,0,0,0,0,0,0,0,0,0,0,0,0,0,0,0
test_61_1_3.png,0,0,185,0,0,185,0,0,185,0,0,185,0,0,185
test_61_2_0.png,0,0,0,0,0,0,0,0,0,0,0,0,0,0,0
test_61_2_1.png,0,0,0,0,0,0,0,0,0,0,0,0,0,0,0
test_61_2_2.png,0,0,0,0,0,0,0,0,0,0,0,0,0,0,0
test_61_2_3.png,0,0,0,0,0,0,0,0,0,0,0,0,0,0,0
test_61_3_0.png,0,0,0,0,0,0,0,0,0,0,0,0,0,0,0
test_61_3_1.png,0,0,0,0,0,0,0,0,0,0,0,0,0,0,0
test_61_3_2.png,0,0,0,0,0,0,0,0,0,0,0,0,0,0,0
test_61_3_3.png,0,0,0,0,0,0,0,0,0,0,0,0,0,0,0
test_62_0_0.png,0,0,0,0,0,0,0,0,0,0,0,0,0,0,0
test_62_0_1.png,0,0,0,0,0,0,0,0,0,0,0,0,0,0,0
test_62_0_2.png,0,0,0,0,0,0,0,0,0,0,0,0,0,0,0
test_62_0_3.png,0,0,0,0,0,0,0,0,0,0,0,0,0,0,0
test_62_1_0.png,0,0,0,0,0,0,0,0,0,0,0,0,0,0,0
test_62_1_1.png,0,0,0,0,0,0,0,0,0,0,0,0,0,0,0
test_62_1_2.png,0,0,0,0,0,0,0,0,0,0,0,0,0,0,0
test_62_1_3.png,0,0,0,0,0,0,0,0,0,0,0,0,0,0,0
test_62_2_0.png,0,0,0,0,0,0,0,0,0,0,0,0,0,0,0
test_62_2_1.png,0,0,0,0,0,0,0,0,0,0,0,0,0,0,0
test_62_2_2.png,0,0,0,0,0,0,0,0,0,0,0,0,0,0,0
test_62_2_3.png,0,0,0,0,0,0,0,0,0,0,0,0,0,0,0
test_62_3_0.png,0,0,0,0,0,0,0,0,0,0,0,0,0,0,0
test_62_3_1.png,0,0,0,0,0,0,0,0,0,0,0,0,0,0,0
test_62_3_2.png,0,0,0,0,0,0,0,0,0,0,0,0,0,0,0
test_62_3_3.png,0,0,0,0,0,0,0,0,0,0,0,0,0,0,0
test_63_0_0.png,0,0,0,0,0,0,0,0,0,0,0,0,0,0,0
test_63_0_1.png,0,0,0,0,0,0,0,0,0,0,0,0,0,0,0
test_63_0_2.png,0,0,0,0,0,0,0,0,0,0,0,0,0,0,0
test_63_0_3.png,0,0,0,0,0,0,0,0,0,0,0,0,0,0,0
test_63_1_0.png,0,0,262,0,0,262,0,0,262,0,0,262,0,0,262
test_63_1_1.png,0,0,0,0,0,0,0,0,0,0,0,0,0,0,0
test_63_1_2.png,0,0,0,0,0,0,0,0,0,0,0,0,0,0,0
test_63_1_3.png,0,0,0,0,0,0,0,0,0,0,0,0,0,0,0
test_63_2_0.png,0,0,0,0,0,0,0,0,0,0,0,0,0,0,0
test_63_2_1.png,0,0,0,0,0,0,0,0,0,0,0,0,0,0,0
test_63_2_2.png,0,0,0,0,0,0,0,0,0,0,0,0,0,0,0
test_63_2_3.png,0,0,0,0,0,0,0,0,0,0,0,0,0,0,0
test_63_3_0.png,0,0,0,0,0,0,0,0,0,0,0,0,0,0,0
test_63_3_1.png,0,0,0,0,0,0,0,0,0,0,0,0,0,0,0
test_63_3_2.png,0,0,0,0,0,0,0,0,0,0,0,0,0,0,0
test_63_3_3.png,0,0,0,0,0,0,0,0,0,0,0,0,0,0,0
test_64_0_0.png,0,0,0,0,0,0,0,0,0,0,0,0,0,0,0
test_64_0_1.png,0,0,0,0,0,0,0,0,0,0,0,0,0,0,0
test_64_0_2.png,0,0,0,0,0,0,0,0,0,0,0,0,0,0,0
test_64_0_3.png,0,0,0,0,0,0,0,0,0,0,0,0,0,0,0
test_64_1_0.png,0,0,0,0,0,0,0,0,0,0,0,0,0,0,0
test_64_1_1.png,0,0,0,0,0,0,0,0,0,0,0,0,0,0,0
test_64_1_2.png,0,0,0,0,0,0,0,0,0,0,0,0,0,0,0
test_64_1_3.png,0,0,0,0,0,0,0,0,0,0,0,0,0,0,0
test_64_2_0.png,0,0,0,0,0,0,0,0,0,0,0,0,0,0,0
test_64_2_1.png,0,0,0,0,0,0,0,0,0,0,0,0,0,0,0
test_64_2_2.png,0,0,0,0,0,0,0,0,0,0,0,0,0,0,0
test_64_2_3.png,0,0,0,0,0,0,0,0,0,0,0,0,0,0,0
test_64_3_0.png,0,0,0,0,0,0,0,0,0,0,0,0,0,0,0
test_64_3_1.png,0,0,0,0,0,0,0,0,0,0,0,0,0,0,0
test_64_3_2.png,0,0,0,0,0,0,0,0,0,0,0,0,0,0,0
test_64_3_3.png,0,0,0,0,0,0,0,0,0,0,0,0,0,0,0
test_65_0_0.png,0,0,0,0,0,0,0,0,0,0,0,0,0,0,0
test_65_0_1.png,0,0,0,0,0,0,0,0,0,0,0,0,0,0,0
test_65_0_2.png,0,0,0,0,0,0,0,0,0,0,0,0,0,0,0
test_65_0_3.png,0,0,0,0,0,0,0,0,0,0,0,0,0,0,0
test_65_1_0.png,0,0,0,0,0,0,0,0,0,0,0,0,0,0,0
test_65_1_1.png,0,0,0,0,0,0,0,0,0,0,0,0,0,0,0
test_65_1_2.png,0,0,0,0,0,0,0,0,0,0,0,0,0,0,0
test_65_1_3.png,0,0,0,0,0,0,0,0,0,0,0,0,0,0,0
test_65_2_0.png,0,0,0,0,0,0,0,0,0,0,0,0,0,0,0
test_65_2_1.png,0,0,0,0,0,0,0,0,0,0,0,0,0,0,0
test_65_2_2.png,0,0,0,0,0,0,0,0,0,0,0,0,0,0,0
test_65_2_3.png,0,0,0,0,0,0,0,0,0,0,0,0,0,0,0
test_65_3_0.png,0,0,0,0,0,0,0,0,0,0,0,0,0,0,0
test_65_3_1.png,0,0,0,0,0,0,0,0,0,0,0,0,0,0,0
test_65_3_2.png,0,0,0,0,0,0,0,0,0,0,0,0,0,0,0
test_65_3_3.png,0,0,0,0,0,0,0,0,0,0,0,0,0,0,0
test_66_0_0.png,0,0,0,0,0,0,0,0,0,0,0,0,0,0,0
test_66_0_1.png,0,0,0,0,0,0,0,0,0,0,0,0,0,0,0
test_66_0_2.png,0,0,0,0,0,0,0,0,0,0,0,0,0,0,0
test_66_0_3.png,0,0,0,0,0,0,0,0,0,0,0,0,0,0,0
test_66_1_0.png,0,0,0,0,0,0,0,0,0,0,0,0,0,0,0
test_66_1_1.png,0,0,0,0,0,0,0,0,0,0,0,0,0,0,0
test_66_1_2.png,0,0,0,0,0,0,0,0,0,0,0,0,0,0,0
test_66_1_3.png,0,0,0,0,0,0,0,0,0,0,0,0,0,0,0
test_66_2_0.png,0,0,0,0,0,0,0,0,0,0,0,0,0,0,0
test_66_2_1.png,0,0,0,0,0,0,0,0,0,0,0,0,0,0,0
test_66_2_2.png,0,0,0,0,0,0,0,0,0,0,0,0,0,0,0
test_66_2_3.png,0,0,0,0,0,0,0,0,0,0,0,0,0,0,0
test_66_3_0.png,0,0,0,0,0,0,0,0,0,0,0,0,0,0,0
test_66_3_1.png,0,0,0,0,0,0,0,0,0,0,0,0,0,0,0
test_66_3_2.png,0,0,0,0,0,0,0,0,0,0,0,0,0,0,0
test_66_3_3.png,0,0,0,0,0,0,0,0,0,0,0,0,0,0,0
test_67_0_0.png,0,0,0,0,0,0,0,0,0,0,0,0,0,0,0
test_67_0_1.png,0,0,0,0,0,0,0,0,0,0,0,0,0,0,0
test_67_0_2.png,3364,477,79,3322,468,121,3349,456,94,3331,421,112,3359,452,84
test_67_0_3.png,16391,1267,728,16310,1335,809,16425,1356,694,16208,1551,911,16377,1212,742
test_67_1_0.png,316,1,487,385,2,418,526,5,277,60,0,743,359,0,444
test_67_1_1.png,0,0,0,0,0,0,0,0,0,0,0,0,0,0,0
test_67_1_2.png,3082,202,202,3034,179,250,3073,192,211,3069,175,215,3066,182,218
test_67_1_3.png,5890,664,278,5765,622,403,5591,543,577,5552,545,616,5580,579,588
test_67_2_0.png,382,11,250,380,17,252,380,15,252,380,9,252,380,11,252
test_67_2_1.png,0,0,0,0,0,0,0,0,0,0,0,0,0,0,0
test_67_2_2.png,6115,470,177,6151,469,141,6135,469,157,6046,404,246,6146,430,146
test_67_2_3.png,13362,1465,306,13358,1423,310,13347,1432,321,13323,1299,345,13370,1391,298
test_67_3_0.png,924,58,17,920,62,21,926,52,15,926,56,15,924,52,17
test_67_3_1.png,0,0,0,0,0,0,0,0,0,0,0,0,0,0,0
test_67_3_2.png,0,0,0,0,0,0,0,0,0,0,0,0,0,0,0
test_67_3_3.png,202,3,12,206,5,8,200,4,14,197,7,17,203,6,11
test_68_0_0.png,12392,977,572,12470,1018,494,12370,1003,594,12449,1103,515,12430,998,534
test_68_0_1.png,1743,209,19,1745,245,17,1747,269,15,1747,299,15,1746,252,16
test_68_0_2.png,0,0,0,0,0,0,0,0,0,0,0,0,0,0,0
test_68_0_3.png,0,0,465,0,0,465,465,33,0,0,0,465,0,0,465
test_68_1_0.png,18563,1448,447,18679,1693,331,18603,1427,407,18487,1211,523,18620,1416,390
test_68_1_1.png,12547,1182,345,12489,1046,403,12524,1082,368,12502,1120,390,12526,1077,366
test_68_1_2.png,5199,494,335,5182,535,352,5091,495,443,5146,522,388,5170,517,364
test_68_1_3.png,372,10,37,371,4,38,366,1,43,330,1,79,366,2,43
test_68_2_0.png,21011,1060,823,21287,1436,547,21177,1274,657,21140,1310,694,21188,1226,646
test_68_2_1.png,9328,664,259,9416,815,171,9291,637,296,9301,655,286,9347,668,240
test_68_2_2.png,0,0,172,46,115,126,0,0,172,0,0,172,0,0,172
test_68_2_3.png,0,112,457,0,53,457,0,0,457,0,0,457,0,12,457
test_68_3_0.png,8106,744,297,8148,943,255,8078,807,325,8082,874,321,8112,808,291
test_68_3_1.png,0,0,0,0,0,0,0,0,0,0,0,0,0,0,0
test_68_3_2.png,0,0,0,0,0,0,0,0,0,0,0,0,0,0,0
test_68_3_3.png,0,0,0,0,0,0,0,0,0,0,0,0,0,0,0
test_69_0_0.png,0,0,0,0,0,0,0,0,0,0,0,0,0,0,0
test_69_0_1.png,0,0,0,0,0,0,0,0,0,0,0,0,0,0,0
test_69_0_2.png,0,0,0,0,0,0,0,0,0,0,0,0,0,0,0
test_69_0_3.png,8382,582,347,8393,602,336,8405,528,324,8317,497,412,8377,532,352
test_69_1_0.png,2536,213,46,2509,197,73,2532,227,50,2491,230,91,2522,204,60
test_69_1_1.png,861,54,243,863,59,241,862,57,242,858,47,246,864,53,240
test_69_1_2.png,20,0,47,12,0,55,0,0,67,12,0,55,10,0,57
test_69_1_3.png,10842,461,552,10839,465,555,10851,414,543,10781,410,613,10840,419,554
test_69_2_0.png,17759,1027,359,17819,1066,299,17719,897,399,17716,1084,402,17756,981,362
test_69_2_1.png,15303,1048,667,15278,1018,692,15260,904,710,15230,869,740,15280,921,690
test_69_2_2.png,9235,691,132,9217,668,150,9103,582,264,9073,582,294,9190,612,177
test_69_2_3.png,1020,95,7,1016,98,11,1015,100,12,1012,98,15,1015,95,12
test_69_3_0.png,18947,1328,363,18969,1378,341,18994,1530,316,18816,1234,494,18966,1326,344
test_69_3_1.png,16320,1081,403,16294,1093,429,16306,1064,417,16281,1048,442,16318,1021,405
test_69_3_2.png,19047,1069,409,19011,1026,445,18899,949,557,19003,988,453,19014,979,442
test_69_3_3.png,11368,938,299,11378,869,289,11316,869,351,11172,763,495,11360,781,307
test_6_0_0.png,0,0,0,0,0,0,0,0,0,0,0,0,0,0,0
test_6_0_1.png,376,5,92,48,0,420,398,11,70,364,12,104,367,7,101
test_6_0_2.png,0,0,0,0,0,0,0,0,0,0,0,0,0,0,0
test_6_0_3.png,0,0,0,0,0,0,0,0,0,0,0,0,0,0,0
test_6_1_0.png,291,17,10,275,13,26,290,15,11,295,13,6,291,14,10
test_6_1_1.png,0,0,0,0,0,0,0,0,0,0,0,0,0,0,0
test_6_1_2.png,0,0,0,0,0,0,0,0,0,0,0,0,0,0,0
test_6_1_3.png,0,0,367,0,0,367,100,0,267,0,0,367,0,0,367
test_6_2_0.png,0,0,0,0,0,0,0,0,0,0,0,0,0,0,0
test_6_2_1.png,0,0,0,0,0,0,0,0,0,0,0,0,0,0,0
test_6_2_2.png,469,27,48,477,27,40,467,24,50,471,34,46,471,28,46
test_6_2_3.png,0,59,254,0,12,254,0,0,254,0,0,254,0,0,254
test_6_3_0.png,0,0,0,0,0,0,0,0,0,0,0,0,0,0,0
test_6_3_1.png,0,0,0,0,0,0,0,0,0,0,0,0,0,0,0
test_6_3_2.png,0,0,0,0,0,0,0,0,0,0,0,0,0,0,0
test_6_3_3.png,392,18,140,389,13,143,375,9,157,388,12,144,386,10,146
test_70_0_0.png,11710,723,367,11736,838,341,11657,749,420,11541,661,536,11697,708,380
test_70_0_1.png,4675,532,144,4682,487,137,4661,485,158,4657,437,162,4674,479,145
test_70_0_2.png,11094,1204,446,11063,1147,477,11107,1190,433,11019,1099,521,11088,1131,452
test_70_0_3.png,16424,1081,834,16469,1192,789,16416,1183,842,16425,1193,833,16454,1120,804
test_70_1_0.png,16940,1143,477,17011,1279,406,16892,1049,525,16692,909,725,16912,1041,505
test_70_1_1.png,19400,1102,737,19339,1053,798,19449,1118,688,19324,1076,813,19380,1029,757
test_70_1_2.png,17609,897,642,17613,880,638,17642,911,609,17585,934,666,17633,875,618
test_70_1_3.png,13357,715,580,13241,673,696,13352,705,585,13362,750,575,13358,690,579
test_70_2_0.png,702,18,614,697,20,619,703,20,613,670,14,646,695,20,621
test_70_2_1.png,6055,333,298,6052,358,301,6026,311,327,6005,302,348,6037,314,316
test_70_2_2.png,11440,493,392,11465,515,367,11465,479,367,11411,510,421,11453,475,379
test_70_2_3.png,12334,695,630,12247,656,717,12288,721,676,12292,740,672,12294,677,670
test_70_3_0.png,15992,297,154,15944,368,202,16003,346,143,15995,354,151,15990,331,156
test_70_3_1.png,4259,382,213,4259,325,213,4229,365,243,4221,332,251,4247,348,225
test_70_3_2.png,8883,413,397,8906,450,374,8918,394,362,8728,394,552,8899,405,381
test_70_3_3.png,8344,560,522,8314,506,552,8348,597,518,8175,450,691,8332,487,534
test_71_0_0.png,4758,263,236,4749,258,245,4752,235,242,4711,221,283,4754,228,240
test_71_0_1.png,6252,325,428,6237,375,443,6271,341,409,6294,350,386,6269,329,411
test_71_0_2.png,1941,185,39,1951,185,29,1961,211,19,1955,211,25,1954,188,26
test_71_0_3.png,0,0,0,0,0,0,0,0,0,0,0,0,0,0,0
test_71_1_0.png,0,0,0,0,0,0,0,0,0,0,0,0,0,0,0
test_71_1_1.png,187,487,4742,1503,1,3426,115,0,4814,786,66,4143,479,0,4450
test_71_1_2.png,3798,197,405,3937,916,266,4113,814,90,3823,382,380,3847,355,356
test_71_1_3.png,0,0,0,0,0,0,0,0,0,0,0,0,0,0,0
test_71_2_0.png,0,0,0,0,0,0,0,0,0,0,0,0,0,0,0
test_71_2_1.png,0,319,0,0,65,0,0,358,0,0,102,0,0,238,0
test_71_2_2.png,1590,110,323,1590,79,323,1593,124,320,1594,97,319,1589,101,324
test_71_2_3.png,824,176,2611,5,0,3430,99,0,3336,214,0,3221,163,0,3272
test_71_3_0.png,0,0,0,0,0,0,0,0,0,0,0,0,0,0,0
test_71_3_1.png,0,0,0,0,0,0,0,0,0,0,0,0,0,0,0
test_71_3_2.png,1,658,779,199,790,581,393,714,387,127,713,653,161,749,619
test_71_3_3.png,43921,2550,967,44348,1549,540,43805,1500,1083,44384,1248,504,44059,1407,829
test_72_0_0.png,15636,913,652,15713,881,575,15627,869,661,15639,856,649,15689,836,599
test_72_0_1.png,8023,469,383,8080,503,326,8096,496,310,7966,379,440,8052,452,354
test_72_0_2.png,13468,924,467,13486,950,449,13380,892,555,13374,754,561,13445,856,490
test_72_0_3.png,16123,670,596,15992,589,727,15956,591,763,16025,583,694,16038,576,681
test_72_1_0.png,7020,311,419,7023,346,416,7064,402,375,7044,327,395,7048,328,391
test_72_1_1.png,2150,352,114,2157,152,107,2169,153,95,2155,100,109,2159,137,105
test_72_1_2.png,7588,824,316,7653,516,251,7548,939,356,7627,523,277,7613,569,291
test_72_1_3.png,15314,684,579,15275,741,618,15293,663,600,15298,634,595,15326,663,567
test_72_2_0.png,0,0,0,0,0,0,0,0,0,0,0,0,0,0,0
test_72_2_1.png,0,0,0,0,0,0,0,0,0,0,0,0,0,0,0
test_72_2_2.png,1714,612,212,1681,565,245,1297,724,629,1705,931,221,1684,571,242
test_72_2_3.png,5459,728,1520,4309,939,2670,5216,850,1763,5082,1137,1897,5091,855,1888
test_72_3_0.png,0,0,0,0,0,0,0,0,0,0,0,0,0,0,0
test_72_3_1.png,0,0,0,0,0,0,0,0,0,0,0,0,0,0,0
test_72_3_2.png,0,0,0,0,0,0,0,0,0,0,0,0,0,0,0
test_72_3_3.png,0,0,0,0,0,0,0,0,0,0,0,0,0,0,0
test_73_0_0.png,19319,894,824,19296,863,847,19371,999,772,19267,853,876,19335,860,808
test_73_0_1.png,2566,179,155,2521,151,200,2539,159,182,2533,150,188,2547,153,174
test_73_0_2.png,0,0,0,0,0,0,0,0,0,0,0,0,0,0,0
test_73_0_3.png,0,0,0,0,0,0,0,0,0,0,0,0,0,0,0
test_73_1_0.png,15585,592,923,15630,553,878,15732,736,776,15449,552,1059,15648,556,860
test_73_1_1.png,0,0,0,0,0,0,0,0,0,0,0,0,0,0,0
test_73_1_2.png,0,0,0,0,0,0,0,0,0,0,0,0,0,0,0
test_73_1_3.png,0,0,0,0,0,0,0,0,0,0,0,0,0,0,0
test_73_2_0.png,2911,124,151,2879,124,183,2924,137,138,2883,97,179,2906,104,156
test_73_2_1.png,0,0,0,0,0,0,0,0,0,0,0,0,0,0,0
test_73_2_2.png,0,0,0,0,0,0,0,0,0,0,0,0,0,0,0
test_73_2_3.png,318,20,29,313,12,34,312,15,35,312,14,35,314,16,33
test_73_3_0.png,0,0,0,0,0,0,0,0,0,0,0,0,0,0,0
test_73_3_1.png,0,0,0,0,0,0,0,0,0,0,0,0,0,0,0
test_73_3_2.png,0,0,0,0,0,0,0,0,0,0,0,0,0,0,0
test_73_3_3.png,0,0,0,0,0,0,0,0,0,0,0,0,0,0,0
test_74_0_0.png,4809,287,221,4817,263,213,4842,300,188,4804,215,226,4834,233,196
test_74_0_1.png,20885,838,830,20851,859,864,20664,690,1051,20707,708,1008,20804,751,911
test_74_0_2.png,18053,972,601,17999,923,655,17860,897,794,17985,932,669,18010,885,644
test_74_0_3.png,5496,339,275,5407,319,364,5532,452,239,5533,379,238,5523,356,248
test_74_1_0.png,946,88,24,941,77,29,903,101,67,928,126,42,939,96,31
test_74_1_1.png,3305,154,207,3242,118,270,3297,158,215,3282,150,230,3291,137,221
test_74_1_2.png,11434,539,436,11493,556,377,11448,540,422,11468,596,402,11475,546,395
test_74_1_3.png,552,16,112,551,19,113,552,17,112,546,28,118,552,14,112
test_74_2_0.png,2697,335,91,2683,314,105,2719,386,69,2695,372,93,2703,348,85
test_74_2_1.png,8816,650,311,8821,556,306,8782,638,345,8804,570,323,8819,599,308
test_74_2_2.png,6909,437,359,6873,406,395,6923,577,345,6915,512,353,6913,470,355
test_74_2_3.png,0,0,0,0,0,0,0,0,0,0,0,0,0,0,0
test_74_3_0.png,0,0,0,0,0,0,0,0,0,0,0,0,0,0,0
test_74_3_1.png,2178,132,158,2177,151,159,2181,145,155,2183,133,153,2187,130,149
test_74_3_2.png,6258,632,214,6254,633,218,6236,637,236,6176,617,296,6261,607,211
test_74_3_3.png,0,0,0,0,0,0,0,0,0,0,0,0,0,0,0
test_75_0_0.png,0,0,0,0,0,0,0,0,0,0,0,0,0,0,0
test_75_0_1.png,0,0,0,0,0,0,0,0,0,0,0,0,0,0,0
test_75_0_2.png,0,0,0,0,0,0,0,0,0,0,0,0,0,0,0
test_75_0_3.png,0,0,0,0,0,0,0,0,0,0,0,0,0,0,0
test_75_1_0.png,0,0,0,0,0,0,0,0,0,0,0,0,0,0,0
test_75_1_1.png,0,0,0,0,0,0,0,0,0,0,0,0,0,0,0
test_75_1_2.png,0,0,0,0,0,0,0,0,0,0,0,0,0,0,0
test_75_1_3.png,0,0,0,0,0,0,0,0,0,0,0,0,0,0,0
test_75_2_0.png,0,0,0,0,0,0,0,0,0,0,0,0,0,0,0
test_75_2_1.png,6515,715,525,6598,755,442,6551,743,489,6453,695,587,6546,701,494
test_75_2_2.png,11439,937,821,11514,1133,746,11458,791,802,11390,850,870,11459,911,801
test_75_2_3.png,5623,266,624,5688,270,559,5646,287,601,5621,245,626,5645,264,602
test_75_3_0.png,1440,73,223,1413,72,250,1438,75,225,1399,68,264,1424,71,239
test_75_3_1.png,15117,1100,1244,15162,1159,1199,15097,1055,1264,15120,1163,1241,15149,1085,1212
test_75_3_2.png,17782,1612,1381,17881,1836,1282,17655,1490,1508,17811,1721,1352,17794,1602,1369
test_75_3_3.png,12333,1753,1079,12390,1785,1022,12339,1473,1073,12394,1576,1018,12363,1578,1049
test_76_0_0.png,0,0,0,0,0,0,0,0,0,0,0,0,0,0,0
test_76_0_1.png,159,3,23,152,0,30,171,6,11,168,2,14,165,1,17
test_76_0_2.png,0,0,166,0,0,166,0,0,166,0,0,166,0,0,166
test_76_0_3.png,5586,879,922,5115,857,1393,5667,1048,841,5165,1035,1343,5457,905,1051
test_76_1_0.png,0,0,0,0,0,0,0,0,0,0,0,0,0,0,0
test_76_1_1.png,0,0,148,114,0,34,0,0,148,0,0,148,0,0,148
test_76_1_2.png,0,0,0,0,0,0,0,0,0,0,0,0,0,0,0
test_76_1_3.png,0,0,928,0,0,928,0,0,928,0,0,928,0,0,928
test_76_2_0.png,0,0,0,0,0,0,0,0,0,0,0,0,0,0,0
test_76_2_1.png,0,0,0,0,0,0,0,0,0,0,0,0,0,0,0
test_76_2_2.png,0,0,0,0,0,0,0,0,0,0,0,0,0,0,0
test_76_2_3.png,4620,405,96,4572,234,144,4519,247,197,4518,159,198,4571,175,145
test_76_3_0.png,0,0,0,0,0,0,0,0,0,0,0,0,0,0,0
test_76_3_1.png,241,8,667,0,0,908,0,0,908,22,0,886,0,0,908
test_76_3_2.png,0,0,0,0,0,0,0,0,0,0,0,0,0,0,0
test_76_3_3.png,0,0,0,0,0,0,0,0,0,0,0,0,0,0,0
test_77_0_0.png,11363,2398,5296,13723,1371,2936,13368,555,3291,13518,691,3141,12810,1068,3849
test_77_0_1.png,34,140,199,129,112,104,123,149,110,192,2501,41,131,148,102
test_77_0_2.png,4656,42,1388,4542,36,1502,4511,20,1533,4476,19,1568,4533,23,1511
test_77_0_3.png,0,0,463,0,0,463,0,0,463,0,0,463,0,0,463
test_77_1_0.png,21968,7488,820,22036,7027,752,21995,6596,793,22093,7237,695,22046,7206,742
test_77_1_1.png,241,148,359,0,0,600,0,0,600,0,0,600,0,0,600
test_77_1_2.png,2808,118,320,2790,553,338,2815,623,313,2771,593,357,2798,578,330
test_77_1_3.png,0,0,0,0,0,0,0,0,0,0,0,0,0,0,0
test_77_2_0.png,9227,570,2180,9131,439,2276,11157,3782,250,9098,6339,2309,9197,806,2210
test_77_2_1.png,10733,1660,767,11234,2780,266,9847,814,1653,10441,7844,1059,10802,1121,698
test_77_2_2.png,4924,865,310,4770,793,464,4806,784,428,4827,775,407,4860,803,374
test_77_2_3.png,822,64,33,823,51,32,814,42,41,811,49,44,817,47,38
test_77_3_0.png,15440,2174,3387,15209,1972,3618,15519,2513,3308,15039,1708,3788,15236,1936,3591
test_77_3_1.png,18870,3638,546,18829,4649,587,18869,2919,547,18492,2709,924,18771,3327,645
test_77_3_2.png,21195,738,1992,21217,1325,1970,21883,757,1304,21761,1215,1426,21896,921,1291
test_77_3_3.png,7677,17,9406,10066,32,7017,8760,20,8323,15717,33,1366,9811,25,7272
test_78_0_0.png,0,0,0,0,0,0,0,0,0,0,0,0,0,0,0
test_78_0_1.png,0,0,0,0,0,0,0,0,0,0,0,0,0,0,0
test_78_0_2.png,0,0,0,0,0,0,0,0,0,0,0,0,0,0,0
test_78_0_3.png,843,114,114,925,139,32,904,121,53,875,116,82,898,122,59
test_78_1_0.png,0,0,0,0,0,0,0,0,0,0,0,0,0,0,0
test_78_1_1.png,0,0,0,0,0,0,0,0,0,0,0,0,0,0,0
test_78_1_2.png,0,0,0,0,0,0,0,0,0,0,0,0,0,0,0
test_78_1_3.png,0,0,0,0,0,0,0,0,0,0,0,0,0,0,0
test_78_2_0.png,5392,338,194,5369,166,217,5370,174,216,5349,142,237,5380,169,206
test_78_2_1.png,5325,167,154,5316,191,163,5266,114,213,5279,116,200,5306,124,173
test_78_2_2.png,0,0,0,0,0,0,0,0,0,0,0,0,0,0,0
test_78_2_3.png,0,0,0,0,0,0,0,0,0,0,0,0,0,0,0
test_78_3_0.png,11600,350,336,11422,152,514,11574,487,362,11263,112,673,11503,193,433
test_78_3_1.png,4405,78,222,4422,80,205,4420,76,207,4414,78,213,4421,79,206
test_78_3_2.png,0,0,0,0,0,0,0,0,0,0,0,0,0,0,0
test_78_3_3.png,0,0,0,0,0,0,0,0,0,0,0,0,0,0,0
test_79_0_0.png,435,1,758,202,0,991,0,0,1193,0,0,1193,16,0,1177
test_79_0_1.png,312,3,1707,147,0,1872,269,0,1750,301,1,1718,218,0,1801
test_79_0_2.png,2862,110,610,2781,95,691,2913,212,559,2904,215,568,2876,99,596
test_79_0_3.png,1946,20,519,1982,32,483,1979,45,486,2023,22,442,1999,28,466
test_79_1_0.png,0,0,292,0,0,292,0,0,292,0,0,292,0,0,292
test_79_1_1.png,0,0,0,0,0,0,0,0,0,0,0,0,0,0,0
test_79_1_2.png,0,0,173,0,0,173,0,0,173,0,0,173,0,0,173
test_79_1_3.png,511,6,109,609,95,11,560,28,60,600,85,20,579,36,41
test_79_2_0.png,0,0,0,0,0,0,0,0,0,0,0,0,0,0,0
test_79_2_1.png,2890,161,611,2817,145,684,2945,155,556,2637,98,864,2867,138,634
test_79_2_2.png,1251,51,335,1199,87,387,1406,197,180,1497,198,89,1390,127,196
test_79_2_3.png,2779,146,531,2743,122,567,2869,155,441,2727,111,583,2790,123,520
test_79_3_0.png,0,0,2766,0,0,2766,0,10,2766,0,18,2766,0,0,2766
test_79_3_1.png,0,0,0,0,0,0,0,0,0,0,0,0,0,0,0
test_79_3_2.png,1858,36,195,1847,27,206,1858,20,195,1864,39,189,1857,28,196
test_79_3_3.png,4829,270,683,4822,297,690,4834,295,678,4881,284,631,4861,279,651
test_7_0_0.png,0,0,0,0,0,0,0,0,0,0,0,0,0,0,0
test_7_0_1.png,0,0,0,0,0,0,0,0,0,0,0,0,0,0,0
test_7_0_2.png,8084,756,499,8058,687,525,8065,760,518,8130,722,453,8066,711,517
test_7_0_3.png,0,0,0,0,0,0,0,0,0,0,0,0,0,0,0
test_7_1_0.png,8710,672,670,8678,639,702,8698,781,682,8667,659,713,8691,669,689
test_7_1_1.png,5152,596,265,5202,639,215,5174,557,243,5205,581,212,5186,591,231
test_7_1_2.png,8570,729,391,8488,648,473,8480,684,481,8470,696,491,8499,688,462
test_7_1_3.png,12204,1062,813,12144,986,873,12090,1013,927,12193,1097,824,12165,1007,852
test_7_2_0.png,14617,1323,614,14494,1309,737,14453,1255,778,14520,1303,711,14529,1265,702
test_7_2_1.png,15999,1523,1838,16040,1471,1797,15880,1394,1957,15978,1412,1859,15982,1432,1855
test_7_2_2.png,4330,327,192,4356,316,166,4345,309,177,4345,287,177,4349,309,173
test_7_2_3.png,6002,425,470,6005,416,467,5994,437,478,5908,355,564,5976,405,496
test_7_3_0.png,4245,385,251,4255,404,241,4254,446,242,4243,424,253,4257,403,239
test_7_3_1.png,8300,1254,312,8337,1212,275,8248,1134,364,8305,1347,307,8296,1227,316
test_7_3_2.png,568,27,30,552,25,46,563,21,35,555,13,43,561,22,37
test_7_3_3.png,9806,849,913,9629,850,1090,9717,812,1002,9687,847,1032,9736,825,983
test_80_0_0.png,12283,1606,1560,12254,1549,1589,12212,1466,1631,12139,1398,1704,12282,1472,1561
test_80_0_1.png,20078,2350,959,19821,2454,1216,19315,2229,1722,18913,2069,2124,19772,2275,1265
test_80_0_2.png,20922,2681,887,20262,2051,1547,20061,1921,1748,19551,1968,2258,20247,2017,1562
test_80_0_3.png,20993,2666,1464,21185,2731,1272,20502,2191,1955,20697,2378,1760,20894,2461,1563
test_80_1_0.png,7622,775,897,7674,789,845,7695,844,824,7654,741,865,7674,800,845
test_80_1_1.png,17104,3142,1358,16950,3050,1512,17027,3084,1435,17096,3341,1366,17088,3162,1374
test_80_1_2.png,13627,2701,1281,13451,2335,1457,13524,2375,1384,13495,2399,1413,13550,2428,1358
test_80_1_3.png,9892,1116,2876,9309,988,3459,9510,1120,3258,9467,1226,3301,9534,1067,3234
test_80_2_0.png,2603,276,1262,2539,297,1326,2667,214,1198,2611,353,1254,2588,287,1277
test_80_2_1.png,12843,886,2587,13332,880,2098,13272,777,2158,13307,745,2123,13292,816,2138
test_80_2_2.png,3236,257,1144,3454,249,926,3224,473,1156,3623,395,757,3355,261,1025
test_80_2_3.png,15007,1002,1934,14302,884,2639,12486,608,4455,13800,676,3141,14241,737,2700
test_80_3_0.png,7283,486,1307,7181,357,1409,6920,344,1670,6749,262,1841,7070,341,1520
test_80_3_1.png,10525,775,941,10524,610,942,10447,736,1019,10500,585,966,10487,598,979
test_80_3_2.png,0,0,200,0,0,200,0,0,200,0,0,200,0,0,200
test_80_3_3.png,12448,1397,2297,11353,807,3392,12487,1302,2258,11906,1305,2839,11939,1261,2806
test_81_0_0.png,1593,207,155,1579,160,169,1555,198,193,1554,187,194,1579,174,169
test_81_0_1.png,1730,4,138,1770,4,98,1760,11,108,1780,7,88,1759,7,109
test_81_0_2.png,0,0,0,0,0,0,0,0,0,0,0,0,0,0,0
test_81_0_3.png,0,0,0,0,0,0,0,0,0,0,0,0,0,0,0
test_81_1_0.png,0,0,0,0,0,0,0,0,0,0,0,0,0,0,0
test_81_1_1.png,0,0,0,0,0,0,0,0,0,0,0,0,0,0,0
test_81_1_2.png,0,0,0,0,0,0,0,0,0,0,0,0,0,0,0
test_81_1_3.png,1723,34,1438,1789,95,1372,1836,90,1325,830,1,2331,1770,46,1391
test_81_2_0.png,0,0,0,0,0,0,0,0,0,0,0,0,0,0,0
test_81_2_1.png,0,0,0,0,0,0,0,0,0,0,0,0,0,0,0
test_81_2_2.png,0,0,0,0,0,0,0,0,0,0,0,0,0,0,0
test_81_2_3.png,1748,827,27,1742,832,33,1746,889,29,1731,827,44,1747,843,28
test_81_3_0.png,0,0,0,0,0,0,0,0,0,0,0,0,0,0,0
test_81_3_1.png,283,1,359,280,5,362,0,0,642,0,0,642,85,0,557
test_81_3_2.png,0,0,0,0,0,0,0,0,0,0,0,0,0,0,0
test_81_3_3.png,0,0,0,0,0,0,0,0,0,0,0,0,0,0,0
test_82_0_0.png,0,0,0,0,0,0,0,0,0,0,0,0,0,0,0
test_82_0_1.png,0,0,0,0,0,0,0,0,0,0,0,0,0,0,0
test_82_0_2.png,0,0,0,0,0,0,0,0,0,0,0,0,0,0,0
test_82_0_3.png,0,0,0,0,0,0,0,0,0,0,0,0,0,0,0
test_82_1_0.png,0,0,0,0,0,0,0,0,0,0,0,0,0,0,0
test_82_1_1.png,0,0,6094,0,0,6094,0,0,6094,0,0,6094,0,0,6094
test_82_1_2.png,0,0,11259,0,0,11259,0,0,11259,0,0,11259,0,0,11259
test_82_1_3.png,0,0,0,0,0,0,0,0,0,0,0,0,0,0,0
test_82_2_0.png,0,0,783,0,0,783,0,0,783,0,0,783,0,0,783
test_82_2_1.png,2090,69,1292,0,0,3382,35,0,3347,0,0,3382,0,0,3382
test_82_2_2.png,14704,1373,7497,15438,1430,6763,12893,921,9308,14928,1760,7273,14530,1193,7671
test_82_2_3.png,0,0,576,0,0,576,0,0,576,0,0,576,0,0,576
test_82_3_0.png,0,0,0,0,0,0,0,0,0,0,0,0,0,0,0
test_82_3_1.png,0,0,1357,0,0,1357,0,0,1357,0,0,1357,0,0,1357
test_82_3_2.png,2248,215,141,2148,95,241,2032,219,357,1945,200,444,2132,100,257
test_82_3_3.png,5101,1077,419,5078,664,442,5073,1139,447,5045,605,475,5075,785,445
test_83_0_0.png,0,0,0,0,0,0,0,0,0,0,0,0,0,0,0
test_83_0_1.png,0,0,0,0,0,0,0,0,0,0,0,0,0,0,0
test_83_0_2.png,0,0,0,0,0,0,0,0,0,0,0,0,0,0,0
test_83_0_3.png,0,0,0,0,0,0,0,0,0,0,0,0,0,0,0
test_83_1_0.png,0,0,0,0,0,0,0,0,0,0,0,0,0,0,0
test_83_1_1.png,0,0,0,0,0,0,0,0,0,0,0,0,0,0,0
test_83_1_2.png,0,0,0,0,0,0,0,0,0,0,0,0,0,0,0
test_83_1_3.png,0,0,0,0,0,0,0,0,0,0,0,0,0,0,0
test_83_2_0.png,0,0,0,0,0,0,0,0,0,0,0,0,0,0,0
test_83_2_1.png,9630,454,1326,9565,429,1391,9746,580,1210,9702,605,1254,9666,473,1290
test_83_2_2.png,1205,9,359,1182,4,382,1179,13,385,1209,11,355,1187,7,377
test_83_2_3.png,0,0,0,0,0,0,0,0,0,0,0,0,0,0,0
test_83_3_0.png,6202,569,988,6186,489,1004,6156,558,1034,6168,480,1022,6170,479,1020
test_83_3_1.png,20405,2106,3216,20085,1675,3536,20483,2722,3138,20027,1699,3594,20255,1644,3366
test_83_3_2.png,5839,180,901,5930,221,810,5109,119,1631,5765,153,975,5813,152,927
test_83_3_3.png,0,0,0,0,30,0,0,0,0,0,67,0,0,0,0
test_84_0_0.png,0,0,0,0,0,0,0,0,0,0,0,0,0,0,0
test_84_0_1.png,58,7,50,54,0,54,59,0,49,62,4,46,59,0,49
test_84_0_2.png,1232,586,175,1248,758,159,1224,762,183,1218,644,189,1227,672,180
test_84_0_3.png,2029,180,896,2062,159,863,1928,137,997,2000,136,925,1996,139,929
test_84_1_0.png,0,0,0,0,0,0,0,0,0,0,0,0,0,0,0
test_84_1_1.png,4484,280,895,4711,356,668,4828,316,551,4746,457,633,4717,328,662
test_84_1_2.png,10964,989,1816,11028,858,1752,11107,1289,1673,10883,1125,1897,11031,1009,1749
test_84_1_3.png,5303,698,888,5322,713,869,5464,858,727,5355,861,836,5356,758,835
test_84_2_0.png,0,0,0,0,0,0,0,0,0,0,0,0,0,0,0
test_84_2_1.png,3694,279,937,3698,210,933,3898,603,733,3777,207,854,3748,261,883
test_84_2_2.png,8477,265,1740,8453,326,1764,8587,303,1630,8586,273,1631,8526,238,1691
test_84_2_3.png,2174,169,841,2354,179,661,2275,154,740,2313,158,702,2327,158,688
test_84_3_0.png,0,0,0,0,0,0,0,0,0,0,0,0,0,0,0
test_84_3_1.png,1205,186,440,1246,179,399,1297,208,348,1307,214,338,1273,192,372
test_84_3_2.png,2027,65,291,2064,87,254,1999,43,319,2039,51,279,2048,49,270
test_84_3_3.png,0,0,0,0,0,0,0,0,0,0,0,0,0,0,0
test_85_0_0.png,0,0,0,0,0,0,0,0,0,0,0,0,0,0,0
test_85_0_1.png,0,0,308,0,0,308,0,0,308,0,0,308,0,0,308
test_85_0_2.png,0,0,0,0,0,0,0,0,0,0,0,0,0,0,0
test_85_0_3.png,0,0,0,0,0,0,0,0,0,0,0,0,0,0,0
test_85_1_0.png,8781,338,975,8830,340,926,8840,361,916,8729,343,1027,8803,340,953
test_85_1_1.png,1772,26,230,1790,23,212,1789,33,213,1781,29,221,1780,24,222
test_85_1_2.png,0,0,0,0,0,0,0,0,0,0,0,0,0,0,0
test_85_1_3.png,0,0,0,0,0,0,0,0,0,0,0,0,0,0,0
test_85_2_0.png,13684,1188,1349,13587,1085,1446,13506,1159,1527,13606,1117,1427,13610,1096,1423
test_85_2_1.png,9252,783,1180,9285,817,1147,9208,723,1224,9212,690,1220,9241,726,1191
test_85_2_2.png,0,0,0,0,0,0,0,0,0,0,0,0,0,0,0
test_85_2_3.png,0,0,0,0,0,0,0,0,0,0,0,0,0,0,0
test_85_3_0.png,6037,450,557,6017,513,577,6048,601,546,6095,566,499,6053,539,541
test_85_3_1.png,2642,222,569,2645,191,566,2669,226,542,2645,220,566,2655,213,556
test_85_3_2.png,0,0,0,0,0,0,0,0,0,0,0,0,0,0,0
test_85_3_3.png,865,140,670,586,1,949,558,21,977,582,145,953,700,95,835
test_86_0_0.png,0,0,0,0,0,0,0,0,0,0,0,0,0,0,0
test_86_0_1.png,0,0,743,292,0,451,531,0,212,0,0,743,80,0,663
test_86_0_2.png,0,0,0,0,0,0,0,0,0,0,0,0,0,0,0
test_86_0_3.png,0,0,0,0,0,0,0,0,0,0,0,0,0,0,0
test_86_1_0.png,383,63,37,384,14,36,379,40,41,394,1376,26,386,21,34
test_86_1_1.png,0,0,0,0,0,0,0,0,0,0,0,0,0,0,0
test_86_1_2.png,0,0,0,0,0,0,0,0,0,0,0,0,0,0,0
test_86_1_3.png,0,0,0,0,0,0,0,0,0,0,0,0,0,0,0
test_86_2_0.png,0,983,53,0,912,53,0,237,53,0,789,53,0,860,53
test_86_2_1.png,710,9,41,697,319,54,707,26,44,703,10,48,705,10,46
test_86_2_2.png,0,0,0,0,0,0,0,0,0,0,0,0,0,0,0
test_86_2_3.png,0,0,0,0,0,0,0,0,0,0,0,0,0,0,0
test_86_3_0.png,0,0,227,0,0,227,0,0,227,0,0,227,0,0,227
test_86_3_1.png,0,0,0,0,0,0,0,0,0,0,0,0,0,0,0
test_86_3_2.png,0,764,0,0,768,0,0,813,0,0,801,0,0,785,0
test_86_3_3.png,0,0,0,0,0,0,0,0,0,0,0,0,0,0,0
test_87_0_0.png,3907,404,860,3805,503,962,3780,506,987,3764,547,1003,3822,495,945
test_87_0_1.png,14193,490,2645,14184,530,2654,14112,459,2726,14030,426,2808,14132,455,2706
test_87_0_2.png,10702,585,1611,10727,608,1586,10827,567,1486,10717,677,1596,10675,578,1638
test_87_0_3.png,0,0,0,0,0,0,0,0,0,0,0,0,0,0,0
test_87_1_0.png,14932,567,2837,14890,571,2879,14874,591,2895,14937,575,2832,14906,561,2863
test_87_1_1.png,22935,638,3895,22861,670,3969,22762,649,4068,22629,603,4201,22833,615,3997
test_87_1_2.png,11997,539,2159,11966,518,2190,11994,621,2162,11883,718,2273,11986,604,2170
test_87_1_3.png,403,0,93,409,2,87,361,0,135,412,0,84,401,0,95
test_87_2_0.png,5682,2537,544,5717,399,509,5656,388,570,5742,394,484,5699,395,527
test_87_2_1.png,7106,314,1130,7104,350,1132,7170,323,1066,7124,315,1112,7135,302,1101
test_87_2_2.png,2680,189,884,2632,241,932,2667,218,897,2607,251,957,2616,224,948
test_87_2_3.png,0,0,0,0,0,0,0,0,0,0,0,0,0,0,0
test_87_3_0.png,0,0,0,0,0,0,0,0,0,0,0,0,0,0,0
test_87_3_1.png,0,0,0,0,0,0,0,0,0,0,0,0,0,0,0
test_87_3_2.png,0,0,0,0,0,0,0,0,0,0,0,0,0,0,0
test_87_3_3.png,0,0,0,0,0,0,0,0,0,0,0,0,0,0,0
test_88_0_0.png,140,128,433,174,205,399,0,0,573,0,0,573,0,1,573
test_88_0_1.png,0,0,0,0,0,0,0,0,0,0,0,0,0,0,0
test_88_0_2.png,0,0,0,0,0,0,0,0,0,0,0,0,0,0,0
test_88_0_3.png,0,0,0,0,0,0,0,0,0,0,0,0,0,0,0
test_88_1_0.png,0,0,0,0,0,0,0,0,0,0,0,0,0,0,0
test_88_1_1.png,0,0,0,0,0,0,0,0,0,0,0,0,0,0,0
test_88_1_2.png,0,0,0,0,0,0,0,0,0,0,0,0,0,0,0
test_88_1_3.png,0,0,0,0,0,0,0,0,0,0,0,0,0,0,0
test_88_2_0.png,0,0,0,0,0,0,0,0,0,0,0,0,0,0,0
test_88_2_1.png,0,0,0,0,0,0,0,0,0,0,0,0,0,0,0
test_88_2_2.png,0,0,0,0,0,0,0,0,0,0,0,0,0,0,0
test_88_2_3.png,0,0,0,0,0,0,0,0,0,0,0,0,0,0,0
test_88_3_0.png,0,0,0,0,0,0,0,0,0,0,0,0,0,0,0
test_88_3_1.png,0,0,0,0,0,0,0,0,0,0,0,0,0,0,0
test_88_3_2.png,0,0,0,0,0,0,0,0,0,0,0,0,0,0,0
test_88_3_3.png,0,0,0,0,0,0,0,0,0,0,0,0,0,0,0
test_89_0_0.png,0,0,0,0,0,0,0,0,0,0,0,0,0,0,0
test_89_0_1.png,0,0,0,0,0,0,0,0,0,0,0,0,0,0,0
test_89_0_2.png,0,0,0,0,0,0,0,0,0,0,0,0,0,0,0
test_89_0_3.png,0,1450,0,0,1505,0,0,1425,0,0,913,0,0,1402,0
test_89_1_0.png,0,0,0,0,0,0,0,0,0,0,0,0,0,0,0
test_89_1_1.png,0,3,0,0,0,0,0,0,0,0,0,0,0,0,0
test_89_1_2.png,0,0,0,0,0,0,0,0,0,0,0,0,0,0,0
test_89_1_3.png,0,0,0,0,0,0,0,0,0,0,0,0,0,0,0
test_89_2_0.png,0,0,0,0,0,0,0,0,0,0,0,0,0,0,0
test_89_2_1.png,21933,452,491,21796,493,628,22039,472,385,21849,420,575,21858,429,566
test_89_2_2.png,29933,1168,1185,28652,745,2466,29599,735,1519,28574,729,2544,29332,795,1786
test_89_2_3.png,0,0,0,0,0,0,0,0,0,0,0,0,0,0,0
test_89_3_0.png,0,0,0,0,0,0,0,0,0,0,0,0,0,0,0
test_89_3_1.png,0,0,168,0,0,168,0,0,168,0,0,168,0,0,168
test_89_3_2.png,2561,24,96,2581,29,76,2588,27,69,2576,27,81,2580,27,77
test_89_3_3.png,1246,69,111,1242,65,115,1223,54,134,1235,63,122,1237,58,120
test_8_0_0.png,2920,221,68,2910,233,78,2905,225,83,2917,247,71,2914,228,74
test_8_0_1.png,0,0,0,0,0,0,0,0,0,0,0,0,0,0,0
test_8_0_2.png,1198,45,184,1203,44,179,1193,47,189,1222,49,160,1205,47,177
test_8_0_3.png,2871,266,153,2897,270,127,2895,261,129,2898,284,126,2898,267,126
test_8_1_0.png,0,0,0,0,0,0,0,0,0,0,0,0,0,0,0
test_8_1_1.png,0,0,0,0,0,0,0,0,0,0,0,0,0,0,0
test_8_1_2.png,0,0,0,0,0,0,0,0,0,0,0,0,0,0,0
test_8_1_3.png,0,0,0,0,0,0,0,0,0,0,0,0,0,0,0
test_8_2_0.png,4958,472,220,4917,420,261,4938,418,240,4936,433,242,4940,427,238
test_8_2_1.png,7704,509,396,7723,510,377,7551,405,549,7507,432,593,7638,443,462
test_8_2_2.png,9264,603,402,9235,671,431,9137,544,529,9163,554,503,9224,560,442
test_8_2_3.png,637,181,4,635,200,6,639,184,2,638,199,3,638,194,3
test_8_3_0.png,9618,477,672,9542,472,748,9444,424,846,9506,446,784,9533,443,757
test_8_3_1.png,16759,1144,1098,16703,1065,1154,16658,1165,1199,16644,1134,1213,16718,1115,1139
test_8_3_2.png,16850,1277,884,16749,1141,985,16664,1065,1070,16697,1082,1037,16739,1125,995
test_8_3_3.png,8060,457,379,8070,474,369,8066,522,373,8117,490,322,8077,463,362
test_90_0_0.png,0,0,0,0,0,0,0,0,0,0,0,0,0,0,0
test_90_0_1.png,0,0,0,0,0,0,0,0,0,0,0,0,0,0,0
test_90_0_2.png,0,0,0,0,0,0,0,0,0,0,0,0,0,0,0
test_90_0_3.png,0,0,0,0,0,0,0,0,0,0,0,0,0,0,0
test_90_1_0.png,0,0,0,0,0,0,0,0,0,0,0,0,0,0,0
test_90_1_1.png,0,0,0,0,0,0,0,0,0,0,0,0,0,0,0
test_90_1_2.png,0,0,0,0,0,0,0,0,0,0,0,0,0,0,0
test_90_1_3.png,0,0,0,0,0,0,0,0,0,0,0,0,0,0,0
test_90_2_0.png,0,0,0,0,0,0,0,0,0,0,0,0,0,0,0
test_90_2_1.png,0,0,0,0,0,0,0,0,0,0,0,0,0,0,0
test_90_2_2.png,0,0,0,0,0,0,0,0,0,0,0,0,0,0,0
test_90_2_3.png,0,0,0,0,0,0,0,0,0,0,0,0,0,0,0
test_90_3_0.png,0,0,0,0,0,0,0,0,0,0,0,0,0,0,0
test_90_3_1.png,0,0,0,0,0,0,0,0,0,0,0,0,0,0,0
test_90_3_2.png,0,0,0,0,0,0,0,0,0,0,0,0,0,0,0
test_90_3_3.png,0,0,0,0,0,0,0,0,0,0,0,0,0,0,0
test_91_0_0.png,3442,250,277,3478,243,241,3463,212,256,3492,230,227,3462,222,257
test_91_0_1.png,0,0,0,0,0,0,0,0,0,0,0,0,0,0,0
test_91_0_2.png,0,0,338,0,0,338,0,0,338,0,0,338,0,0,338
test_91_0_3.png,0,0,754,0,0,754,335,3,419,0,0,754,0,0,754
test_91_1_0.png,2519,148,470,2511,77,478,2553,143,436,2529,91,460,2513,105,476
test_91_1_1.png,0,0,0,0,0,0,0,0,0,0,0,0,0,0,0
test_91_1_2.png,0,0,0,0,0,0,0,0,0,0,0,0,0,0,0
test_91_1_3.png,1606,45,197,1710,80,93,1672,43,131,1659,64,144,1680,56,123
test_91_2_0.png,0,0,0,0,0,0,0,0,0,0,0,0,0,0,0
test_91_2_1.png,0,0,0,0,0,0,0,0,0,0,0,0,0,0,0
test_91_2_2.png,0,0,0,0,0,0,0,0,0,0,0,0,0,0,0
test_91_2_3.png,0,0,0,0,0,0,0,0,0,0,0,0,0,0,0
test_91_3_0.png,0,0,0,0,0,0,0,0,0,0,0,0,0,0,0
test_91_3_1.png,0,0,0,0,0,0,0,0,0,0,0,0,0,0,0
test_91_3_2.png,0,0,0,0,0,0,0,0,0,0,0,0,0,0,0
test_91_3_3.png,0,0,0,0,0,0,0,0,0,0,0,0,0,0,0
test_92_0_0.png,0,0,0,0,0,0,0,0,0,0,0,0,0,0,0
test_92_0_1.png,0,0,0,0,0,0,0,0,0,0,0,0,0,0,0
test_92_0_2.png,0,0,0,0,0,0,0,0,0,0,0,0,0,0,0
test_92_0_3.png,0,0,0,0,0,0,0,0,0,0,0,0,0,0,0
test_92_1_0.png,8519,319,792,8468,343,843,8385,299,926,8411,300,900,8457,297,854
test_92_1_1.png,3771,173,257,3775,201,253,3719,148,309,3711,141,317,3748,155,280
test_92_1_2.png,0,0,0,0,0,0,0,0,0,0,0,0,0,0,0
test_92_1_3.png,0,0,0,0,0,0,0,0,0,0,0,0,0,0,0
test_92_2_0.png,25715,1473,1978,25743,1417,1950,25502,1312,2191,25719,1366,1974,25720,1354,1973
test_92_2_1.png,3970,254,342,3970,296,342,3903,296,409,3989,249,323,3967,254,345
test_92_2_2.png,0,0,0,0,0,0,0,0,0,0,0,0,0,0,0
test_92_2_3.png,8072,239,1126,8029,239,1169,7973,223,1225,7897,185,1301,8001,225,1197
test_92_3_0.png,11681,253,1262,11593,292,1350,11671,351,1272,11470,194,1473,11609,237,1334
test_92_3_1.png,0,0,0,0,0,0,0,0,0,0,0,0,0,0,0
test_92_3_2.png,7248,130,665,7226,124,687,7255,160,658,7179,124,734,7242,115,671
test_92_3_3.png,21165,1085,2042,21111,1105,2096,21101,1049,2106,21205,1156,2002,21141,1047,2066
test_93_0_0.png,0,0,0,0,0,0,0,0,0,0,0,0,0,0,0
test_93_0_1.png,0,0,0,0,0,0,0,0,0,0,0,0,0,0,0
test_93_0_2.png,0,0,0,0,0,0,0,0,0,0,0,0,0,0,0
test_93_0_3.png,0,0,0,0,0,0,0,0,0,0,0,0,0,0,0
test_93_1_0.png,0,0,0,0,0,0,0,0,0,0,0,0,0,0,0
test_93_1_1.png,0,0,0,0,0,0,0,0,0,0,0,0,0,0,0
test_93_1_2.png,0,0,0,0,0,0,0,0,0,0,0,0,0,0,0
test_93_1_3.png,0,0,0,0,0,0,0,0,0,0,0,0,0,0,0
test_93_2_0.png,449,0,196,454,0,191,453,0,192,461,0,184,453,0,192
test_93_2_1.png,0,0,0,0,0,0,0,0,0,0,0,0,0,0,0
test_93_2_2.png,0,0,0,0,0,0,0,0,0,0,0,0,0,0,0
test_93_2_3.png,0,0,0,0,0,0,0,0,0,0,0,0,0,0,0
test_93_3_0.png,3619,319,405,3681,414,343,3609,323,415,3637,369,387,3644,342,380
test_93_3_1.png,0,0,0,0,0,0,0,0,0,0,0,0,0,0,0
test_93_3_2.png,0,0,0,0,0,0,0,0,0,0,0,0,0,0,0
test_93_3_3.png,0,0,0,0,0,0,0,0,0,0,0,0,0,0,0
test_94_0_0.png,0,0,0,0,0,0,0,0,0,0,0,0,0,0,0
test_94_0_1.png,0,0,0,0,0,0,0,0,0,0,0,0,0,0,0
test_94_0_2.png,0,0,0,0,0,0,0,0,0,0,0,0,0,0,0
test_94_0_3.png,0,0,0,0,0,0,0,0,0,0,0,0,0,0,0
test_94_1_0.png,0,0,0,0,0,0,0,0,0,0,0,0,0,0,0
test_94_1_1.png,0,0,0,0,0,0,0,0,0,0,0,0,0,0,0
test_94_1_2.png,0,0,0,0,0,0,0,0,0,0,0,0,0,0,0
test_94_1_3.png,0,0,0,0,0,0,0,0,0,0,0,0,0,0,0
test_94_2_0.png,0,0,0,0,0,0,0,0,0,0,0,0,0,0,0
test_94_2_1.png,0,0,0,0,0,0,0,0,0,0,0,0,0,0,0
test_94_2_2.png,0,0,0,0,0,0,0,0,0,0,0,0,0,0,0
test_94_2_3.png,0,0,561,0,0,561,0,0,561,0,0,561,0,0,561
test_94_3_0.png,0,0,0,0,0,0,0,0,0,0,0,0,0,0,0
test_94_3_1.png,0,0,0,0,0,0,0,0,0,0,0,0,0,0,0
test_94_3_2.png,0,0,0,0,0,0,0,0,0,0,0,0,0,0,0
test_94_3_3.png,0,0,0,0,0,0,0,0,0,0,0,0,0,0,0
test_95_0_0.png,0,0,0,0,0,0,0,0,0,0,0,0,0,0,0
test_95_0_1.png,0,0,0,0,0,0,0,0,0,0,0,0,0,0,0
test_95_0_2.png,0,0,0,0,0,0,0,0,0,0,0,0,0,0,0
test_95_0_3.png,0,0,0,0,0,0,0,0,0,0,0,0,0,0,0
test_95_1_0.png,0,0,0,0,0,0,0,0,0,0,0,0,0,0,0
test_95_1_1.png,0,0,0,0,0,0,0,0,0,0,0,0,0,0,0
test_95_1_2.png,0,0,0,0,0,0,0,0,0,0,0,0,0,0,0
test_95_1_3.png,0,0,0,0,0,0,0,0,0,0,0,0,0,0,0
test_95_2_0.png,0,0,0,0,0,0,0,0,0,0,0,0,0,0,0
test_95_2_1.png,0,0,0,0,0,0,0,0,0,0,0,0,0,0,0
test_95_2_2.png,0,0,0,0,0,0,0,0,0,0,0,0,0,0,0
test_95_2_3.png,0,0,0,0,0,0,0,0,0,0,0,0,0,0,0
test_95_3_0.png,71,0,54,92,0,33,64,0,61,94,0,31,83,0,42
test_95_3_1.png,0,0,0,0,0,0,0,0,0,0,0,0,0,0,0
test_95_3_2.png,0,0,0,0,0,0,0,0,0,0,0,0,0,0,0
test_95_3_3.png,0,0,0,0,0,0,0,0,0,0,0,0,0,0,0
test_96_0_0.png,1468,148,25,1467,134,26,1476,172,17,1480,166,13,1475,152,18
test_96_0_1.png,0,0,0,0,0,0,0,0,0,0,0,0,0,0,0
test_96_0_2.png,0,0,0,0,0,0,0,0,0,0,0,0,0,0,0
test_96_0_3.png,0,0,19,0,0,19,0,0,19,0,0,19,0,0,19
test_96_1_0.png,0,0,0,0,0,0,0,0,0,0,0,0,0,0,0
test_96_1_1.png,0,0,0,0,0,0,0,0,0,0,0,0,0,0,0
test_96_1_2.png,0,0,0,0,0,0,0,0,0,0,0,0,0,0,0
test_96_1_3.png,0,0,0,0,0,0,0,0,0,0,0,0,0,0,0
test_96_2_0.png,0,0,0,0,0,0,0,0,0,0,0,0,0,0,0
test_96_2_1.png,0,0,0,0,0,0,0,0,0,0,0,0,0,0,0
test_96_2_2.png,0,0,0,0,0,0,0,0,0,0,0,0,0,0,0
test_96_2_3.png,0,0,0,0,0,0,0,0,0,0,0,0,0,0,0
test_96_3_0.png,0,0,0,0,0,0,0,0,0,0,0,0,0,0,0
test_96_3_1.png,0,0,0,0,0,0,0,0,0,0,0,0,0,0,0
test_96_3_2.png,0,0,0,0,0,0,0,0,0,0,0,0,0,0,0
test_96_3_3.png,0,0,0,0,0,0,0,0,0,0,0,0,0,0,0
test_97_0_0.png,0,0,41,0,0,41,0,0,41,0,0,41,0,0,41
test_97_0_1.png,0,0,0,0,0,0,0,0,0,0,0,0,0,0,0
test_97_0_2.png,0,0,0,0,0,0,0,0,0,0,0,0,0,0,0
test_97_0_3.png,0,0,0,0,0,0,0,0,0,0,0,0,0,0,0
test_97_1_0.png,0,0,0,0,0,0,0,0,0,0,0,0,0,0,0
test_97_1_1.png,0,0,0,0,0,0,0,0,0,0,0,0,0,0,0
test_97_1_2.png,0,0,0,0,0,0,0,0,0,0,0,0,0,0,0
test_97_1_3.png,0,0,0,0,0,0,0,0,0,0,0,0,0,0,0
test_97_2_0.png,434,6,34,431,8,37,439,7,29,427,2,41,437,5,31
test_97_2_1.png,90,0,81,120,138,51,123,16,48,147,88,24,121,29,50
test_97_2_2.png,0,0,0,0,0,0,0,0,0,0,0,0,0,0,0
test_97_2_3.png,0,0,0,0,0,0,0,0,0,0,0,0,0,0,0
test_97_3_0.png,320,105,3,319,114,4,318,96,5,319,93,4,318,98,5
test_97_3_1.png,284,40,4,283,25,5,286,23,2,287,36,1,285,29,3
test_97_3_2.png,0,0,0,0,0,0,0,0,0,0,0,0,0,0,0
test_97_3_3.png,0,0,0,0,0,0,0,0,0,0,0,0,0,0,0
test_98_0_0.png,0,0,0,0,0,0,0,0,0,0,0,0,0,0,0
test_98_0_1.png,0,0,0,0,0,0,0,0,0,0,0,0,0,0,0
test_98_0_2.png,0,0,0,0,0,0,0,0,0,0,0,0,0,0,0
test_98_0_3.png,0,0,0,0,0,0,0,0,0,0,0,0,0,0,0
test_98_1_0.png,0,0,0,0,0,0,0,0,0,0,0,0,0,0,0
test_98_1_1.png,0,0,0,0,0,0,0,0,0,0,0,0,0,0,0
test_98_1_2.png,0,0,0,0,0,0,0,0,0,0,0,0,0,0,0
test_98_1_3.png,0,0,0,0,0,0,0,0,0,0,0,0,0,0,0
test_98_2_0.png,0,0,0,0,0,0,0,0,0,0,0,0,0,0,0
test_98_2_1.png,0,0,0,0,0,0,0,0,0,0,0,0,0,0,0
test_98_2_2.png,0,0,0,0,0,0,0,0,0,0,0,0,0,0,0
test_98_2_3.png,0,0,0,0,0,0,0,0,0,0,0,0,0,0,0
test_98_3_0.png,0,0,0,0,0,0,0,0,0,0,0,0,0,0,0
test_98_3_1.png,477,2,39,469,2,47,471,0,45,463,3,53,471,1,45
test_98_3_2.png,0,0,0,0,0,0,0,0,0,0,0,0,0,0,0
test_98_3_3.png,0,0,0,0,0,0,0,0,0,0,0,0,0,0,0
test_99_0_0.png,0,0,0,0,0,0,0,0,0,0,0,0,0,0,0
test_99_0_1.png,0,0,0,0,0,0,0,0,0,0,0,0,0,0,0
test_99_0_2.png,0,0,0,0,0,0,0,0,0,0,0,0,0,0,0
test_99_0_3.png,0,0,0,0,0,0,0,0,0,0,0,0,0,0,0
test_99_1_0.png,0,0,0,0,0,0,0,0,0,0,0,0,0,0,0
test_99_1_1.png,0,0,0,0,0,0,0,0,0,0,0,0,0,0,0
test_99_1_2.png,0,0,0,0,0,0,0,0,0,0,0,0,0,0,0
test_99_1_3.png,0,0,0,0,0,0,0,0,0,0,0,0,0,0,0
test_99_2_0.png,0,0,0,0,0,0,0,0,0,0,0,0,0,0,0
test_99_2_1.png,0,0,0,0,0,0,0,0,0,0,0,0,0,0,0
test_99_2_2.png,0,0,0,0,0,0,0,0,0,0,0,0,0,0,0
test_99_2_3.png,0,0,0,0,0,0,0,0,0,0,0,0,0,0,0
test_99_3_0.png,0,0,97,0,0,97,0,0,97,0,0,97,0,0,97
test_99_3_1.png,0,0,143,0,0,143,0,0,143,0,0,143,0,0,143
test_99_3_2.png,0,0,0,0,0,0,0,0,0,0,0,0,0,0,0
test_99_3_3.png,0,0,0,0,0,0,0,0,0,0,0,0,0,0,0
test_9_0_0.png,2433,190,116,2406,166,143,2421,222,128,2426,172,123,2429,177,120
test_9_0_1.png,0,0,0,0,0,0,0,0,0,0,0,0,0,0,0
test_9_0_2.png,0,0,0,0,0,0,0,0,0,0,0,0,0,0,0
test_9_0_3.png,0,0,0,0,0,0,0,0,0,0,0,0,0,0,0
test_9_1_0.png,2729,195,129,2686,159,172,2662,120,196,2671,152,187,2688,149,170
test_9_1_1.png,0,0,0,0,0,0,0,0,0,0,0,0,0,0,0
test_9_1_2.png,0,0,0,0,0,0,0,0,0,0,0,0,0,0,0
test_9_1_3.png,0,0,0,0,0,0,0,0,0,0,0,0,0,0,0
test_9_2_0.png,999,37,264,1111,216,152,1085,67,178,1093,143,170,1098,86,165
test_9_2_1.png,0,0,0,0,0,0,0,0,0,0,0,0,0,0,0
test_9_2_2.png,0,0,0,0,0,0,0,0,0,0,0,0,0,0,0
test_9_2_3.png,0,0,0,0,0,0,0,0,0,0,0,0,0,0,0
test_9_3_0.png,1210,104,889,1167,103,932,1178,76,921,1209,111,890,1186,102,913
test_9_3_1.png,0,0,0,0,0,0,0,0,0,0,0,0,0,0,0
test_9_3_2.png,0,0,0,0,0,0,0,0,0,0,0,0,0,0,0
test_9_3_3.png,0,0,0,0,0,0,0,0,0,0,0,0,0,0,0
