image,original_tp,original_fp,original_fn,flip_w_tp,flip_w_fp,flip_w_fn,flip_h_tp,flip_h_fp,flip_h_fn,flip_hw_tp,flip_hw_fp,flip_hw_fn,tta_tp,tta_fp,tta_fn
test_100_0_0.png,0,0,0,0,0,0,0,0,0,0,0,0,0,0,0
test_100_0_1.png,0,0,1131,0,0,1131,0,0,1131,0,0,1131,0,0,1131
test_100_0_2.png,0,0,219,0,0,219,0,0,219,0,0,219,0,0,219
test_100_0_3.png,6742,316,477,6725,357,494,6765,316,454,6729,225,490,6757,303,462
test_100_1_0.png,348,0,99,173,0,274,0,0,447,350,0,97,277,0,170
test_100_1_1.png,0,0,0,0,0,0,0,0,0,0,0,0,0,0,0
test_100_1_2.png,5668,357,502,5583,318,587,5653,365,517,5702,466,468,5649,350,521
test_100_1_3.png,17345,739,1541,17191,644,1695,17190,649,1696,17138,734,1748,17236,652,1650
test_100_2_0.png,0,0,0,0,0,0,0,0,0,0,0,0,0,0,0
test_100_2_1.png,1854,66,280,1840,51,294,1856,58,278,1862,59,272,1850,56,284
test_100_2_2.png,14975,470,1114,14907,505,1182,15066,609,1023,15061,672,1028,15011,534,1078
test_100_2_3.png,17419,529,1424,17557,773,1286,17716,795,1127,17476,607,1367,17587,628,1256
test_100_3_0.png,0,0,0,0,0,0,0,0,0,0,0,0,0,0,0
test_100_3_1.png,10770,395,996,10891,478,875,10892,433,874,10838,411,928,10856,396,910
test_100_3_2.png,19258,697,1158,19118,683,1298,19182,718,1234,19111,685,1305,19191,641,1225
test_100_3_3.png,14277,328,1246,14216,336,1307,14148,325,1375,13999,294,1524,14184,292,1339
test_101_0_0.png,0,0,0,0,0,0,0,0,0,0,0,0,0,0,0
test_101_0_1.png,11482,1033,204,11543,1139,143,11513,911,173,11520,934,166,11513,943,173
test_101_0_2.png,0,0,0,0,0,0,0,0,0,0,0,0,0,0,0
test_101_0_3.png,0,0,0,0,0,0,0,0,0,0,0,0,0,0,0
test_101_1_0.png,0,0,211,0,0,211,0,0,211,0,0,211,0,0,211
test_101_1_1.png,0,0,0,0,0,0,0,0,0,0,0,0,0,0,0
test_101_1_2.png,0,0,0,0,0,0,0,0,0,0,0,0,0,0,0
test_101_1_3.png,0,0,486,0,0,486,0,0,486,10,7,476,0,0,486
test_101_2_0.png,1332,48,354,999,66,687,980,36,706,980,37,706,983,43,703
test_101_2_1.png,7314,60,581,7228,53,667,7248,47,647,7306,61,589,7276,48,619
test_101_2_2.png,1033,29,121,1042,32,112,16,1,1138,0,0,1154,913,15,241
test_101_2_3.png,6637,191,438,6599,216,476,6544,265,531,6599,197,476,6620,196,455
test_101_3_0.png,513,56,1209,446,66,1276,400,6,1322,399,1,1323,430,11,1292
test_101_3_1.png,7596,758,768,7650,808,714,7469,807,895,7796,847,568,7659,788,705
test_101_3_2.png,5165,156,445,5104,119,506,5180,169,430,5185,184,425,5153,145,457
test_101_3_3.png,3257,180,230,3253,158,234,3280,240,207,3241,121,246,3264,167,223
test_102_0_0.png,0,177,0,0,0,0,0,200,0,0,0,0,0,0,0
test_102_0_1.png,2341,8,102,2325,4,118,2321,13,122,2338,9,105,2329,7,114
test_102_0_2.png,20452,120,374,20506,161,320,20476,463,350,20399,131,427,20460,136,366
test_102_0_3.png,15626,230,540,15650,217,516,15591,201,575,15483,166,683,15592,177,574
test_102_1_0.png,2206,149,158,2184,124,180,2210,154,154,2183,131,181,2200,138,164
test_102_1_1.png,18502,321,77,18506,393,73,18497,449,82,18494,366,85,18501,371,78
test_102_1_2.png,14310,121,291,14350,133,251,14303,85,298,14260,86,341,14311,93,290
test_102_1_3.png,2704,0,148,2669,0,183,2676,0,176,2664,0,188,2681,0,171
test_102_2_0.png,13342,41,211,13344,38,209,13313,31,240,13284,50,269,13325,31,228
test_102_2_1.png,2082,11,41,2078,18,45,2083,85,40,2068,8,55,2077,17,46
test_102_2_2.png,0,0,0,0,0,0,0,0,0,0,0,0,0,0,0
test_102_2_3.png,0,0,0,0,0,0,0,0,0,0,0,0,0,0,0
test_102_3_0.png,11260,500,723,11320,578,663,11399,825,584,11431,874,552,11359,636,624
test_102_3_1.png,0,0,0,0,0,0,0,0,0,0,0,0,0,0,0
test_102_3_2.png,0,0,0,0,0,0,0,0,0,0,0,0,0,0,0
test_102_3_3.png,0,0,0,0,0,0,0,0,0,0,0,0,0,0,0
test_103_0_0.png,3127,378,185,3139,410,173,3089,358,223,3114,381,198,3126,366,186
test_103_0_1.png,2358,698,1354,2025,346,1687,584,21,3128,2573,629,1139,2099,334,1613
test_103_0_2.png,0,0,0,0,0,0,0,0,0,0,0,0,0,0,0
test_103_0_3.png,4622,1032,247,4568,70,301,4700,736,169,4697,415,172,4648,421,221
test_103_1_0.png,3409,660,1688,3431,697,1666,2928,626,2169,3857,918,1240,3370,693,1727
test_103_1_1.png,0,0,1218,0,0,1218,0,0,1218,0,0,1218,0,0,1218
test_103_1_2.png,0,0,0,0,0,0,0,0,0,0,0,0,0,0,0
test_103_1_3.png,0,4068,0,0,988,0,0,155,0,0,4686,0,0,1273,0
test_103_2_0.png,0,0,0,0,0,0,0,0,0,0,0,0,0,0,0
test_103_2_1.png,0,0,0,0,0,0,0,0,0,0,0,0,0,0,0
test_103_2_2.png,0,0,0,0,0,0,0,0,0,0,0,0,0,0,0
test_103_2_3.png,0,0,0,0,0,0,0,0,0,0,0,0,0,0,0
test_103_3_0.png,0,0,0,0,0,0,0,0,0,0,0,0,0,0,0
test_103_3_1.png,0,0,0,0,0,0,0,0,0,0,0,0,0,0,0
test_103_3_2.png,0,0,0,0,0,0,0,0,0,0,0,0,0,0,0
test_103_3_3.png,0,0,0,0,312,0,0,0,0,0,13,0,0,0,0
test_104_0_0.png,0,0,0,0,0,0,0,0,0,0,0,0,0,0,0
test_104_0_1.png,0,0,0,0,0,0,0,0,0,0,0,0,0,0,0
test_104_0_2.png,0,0,0,0,0,0,0,0,0,0,0,0,0,0,0
test_104_0_3.png,0,0,0,0,0,0,0,0,0,0,0,0,0,0,0
test_104_1_0.png,0,0,0,0,0,0,0,0,0,0,0,0,0,0,0
test_104_1_1.png,0,0,0,0,0,0,0,0,0,0,0,0,0,0,0
test_104_1_2.png,0,0,0,0,0,0,0,0,0,0,0,0,0,0,0
test_104_1_3.png,0,0,0,0,0,0,0,0,0,0,0,0,0,0,0
test_104_2_0.png,17704,3151,439,17741,1465,402,17873,2936,270,17904,2452,239,17852,2719,291
test_104_2_1.png,0,0,0,0,0,0,0,0,0,0,0,0,0,0,0
test_104_2_2.png,0,0,0,0,0,0,0,0,0,0,0,0,0,0,0
test_104_2_3.png,0,0,0,0,0,0,0,0,0,0,0,0,0,0,0
test_104_3_0.png,103,906,803,164,927,742,196,900,710,158,914,748,164,910,742
test_104_3_1.png,0,0,0,0,0,0,0,0,0,0,0,0,0,0,0
test_104_3_2.png,0,0,0,0,0,0,0,0,0,0,0,0,0,0,0
test_104_3_3.png,0,838,0,0,716,0,0,791,0,0,760,0,0,811,0
test_105_0_0.png,0,0,0,0,0,0,0,0,0,0,0,0,0,0,0
test_105_0_1.png,0,0,0,0,0,0,0,0,0,0,0,0,0,0,0
test_105_0_2.png,0,0,0,0,0,0,0,0,0,0,0,0,0,0,0
test_105_0_3.png,0,0,0,0,0,0,0,0,0,0,0,0,0,0,0
test_105_1_0.png,2322,57,193,2286,64,229,2265,64,250,2271,66,244,2284,64,231
test_105_1_1.png,0,0,0,0,0,0,0,0,0,0,0,0,0,0,0
test_105_1_2.png,0,0,35,0,0,35,0,0,35,0,0,35,0,0,35
test_105_1_3.png,11631,615,1376,11672,604,1335,11910,756,1097,11991,1194,1016,11814,660,1193
test_105_2_0.png,7968,455,863,8008,655,823,8008,545,823,8029,912,802,8008,534,823
test_105_2_1.png,0,0,0,0,0,0,0,0,0,0,0,0,0,0,0
test_105_2_2.png,1330,95,214,1343,132,201,1353,280,191,1327,378,217,1340,188,204
test_105_2_3.png,1800,832,301,1789,850,312,1960,931,141,1955,914,146,1922,871,179
test_105_3_0.png,12771,996,889,12753,958,907,12694,976,966,12633,833,1027,12714,905,946
test_105_3_1.png,2982,111,168,2972,123,178,2946,88,204,2993,128,157,2979,104,171
test_105_3_2.png,1077,56,91,1109,37,59,1064,39,104,1095,57,73,1092,46,76
test_105_3_3.png,6339,450,535,6332,425,542,6306,403,568,6369,418,505,6337,409,537
test_106_0_0.png,438,58,269,0,0,707,457,71,250,364,47,343,404,49,303
test_106_0_1.png,0,0,0,0,0,0,0,0,0,0,0,0,0,0,0
test_106_0_2.png,3271,277,301,3232,287,340,3200,232,372,3238,295,334,3240,268,332
test_106_0_3.png,16401,1053,1127,16465,1121,1063,16440,1209,1088,16560,1274,968,16512,1134,1016
test_106_1_0.png,0,0,0,0,0,0,0,0,0,0,0,0,0,0,0
test_106_1_1.png,0,0,0,0,0,0,0,0,0,0,0,0,0,0,0
test_106_1_2.png,0,0,0,0,0,0,0,0,0,0,0,0,0,0,0
test_106_1_3.png,0,0,0,0,0,0,0,0,0,0,0,0,0,0,0
test_106_2_0.png,0,77,0,0,9,0,0,0,0,0,0,0,0,0,0
test_106_2_1.png,0,0,0,0,0,0,0,0,0,0,0,0,0,0,0
test_106_2_2.png,0,0,0,0,0,0,0,0,0,0,0,0,0,0,0
test_106_2_3.png,0,0,787,62,42,725,425,14,362,65,32,722,49,10,738
test_106_3_0.png,0,0,0,0,0,0,0,0,0,0,0,0,0,0,0
test_106_3_1.png,0,0,0,0,0,0,0,0,0,0,0,0,0,0,0
test_106_3_2.png,0,0,0,0,0,0,0,0,0,0,0,0,0,0,0
test_106_3_3.png,1215,5,371,1272,10,314,1367,27,219,876,2,710,1255,6,331
test_107_0_0.png,282,9,33,185,0,130,291,12,24,0,0,315,272,8,43
test_107_0_1.png,0,0,0,0,0,0,0,0,0,0,0,0,0,0,0
test_107_0_2.png,0,0,0,0,0,0,0,0,0,0,0,0,0,0,0
test_107_0_3.png,282,10,49,275,4,56,259,8,72,280,6,51,275,9,56
test_107_1_0.png,0,95,0,0,187,0,0,0,0,0,0,0,0,0,0
test_107_1_1.png,0,0,0,0,0,0,0,0,0,0,0,0,0,0,0
test_107_1_2.png,0,92,0,0,0,0,0,110,0,0,31,0,0,73,0
test_107_1_3.png,0,0,0,0,0,0,0,0,0,0,0,0,0,0,0
test_107_2_0.png,0,0,0,0,0,0,0,0,0,0,0,0,0,0,0
test_107_2_1.png,0,0,0,0,0,0,0,0,0,0,0,0,0,0,0
test_107_2_2.png,771,31,1,769,39,3,743,26,29,750,5,22,768,30,4
test_107_2_3.png,0,0,0,0,0,0,0,0,0,0,0,0,0,0,0
test_107_3_0.png,0,0,0,0,0,0,0,0,0,0,0,0,0,0,0
test_107_3_1.png,0,0,0,0,0,0,0,9,0,0,0,0,0,0,0
test_107_3_2.png,767,71,113,813,77,67,781,95,99,610,32,270,773,60,107
test_107_3_3.png,0,0,0,0,0,0,0,0,0,0,0,0,0,0,0
test_108_0_0.png,0,0,0,0,0,0,0,0,0,0,0,0,0,0,0
test_108_0_1.png,0,0,0,0,0,0,0,0,0,0,0,0,0,0,0
test_108_0_2.png,0,0,0,0,0,0,0,0,0,0,0,0,0,0,0
test_108_0_3.png,0,0,0,0,0,0,0,0,0,0,0,0,0,0,0
test_108_1_0.png,0,0,0,0,0,0,0,0,0,0,0,0,0,0,0
test_108_1_1.png,0,0,0,0,0,0,0,0,0,0,0,0,0,0,0
test_108_1_2.png,0,0,0,0,0,0,0,0,0,0,0,0,0,0,0
test_108_1_3.png,0,0,0,0,0,0,0,0,0,0,0,0,0,0,0
test_108_2_0.png,0,0,0,0,0,0,0,0,0,0,0,0,0,0,0
test_108_2_1.png,0,0,0,0,0,0,0,0,0,0,0,0,0,0,0
test_108_2_2.png,0,0,0,0,0,0,0,0,0,0,0,0,0,0,0
test_108_2_3.png,0,0,0,0,0,0,0,0,0,0,0,0,0,0,0
test_108_3_0.png,0,0,0,0,0,0,0,0,0,0,0,0,0,0,0
test_108_3_1.png,0,0,0,0,0,0,0,0,0,0,0,0,0,0,0
test_108_3_2.png,0,0,0,0,0,0,0,0,0,0,0,0,0,0,0
test_108_3_3.png,0,0,0,0,0,0,0,0,0,0,0,0,0,0,0
test_109_0_0.png,0,0,0,0,0,0,0,0,0,0,0,0,0,0,0
test_109_0_1.png,0,0,0,0,0,0,0,0,0,0,0,0,0,0,0
test_109_0_2.png,0,0,0,0,0,0,0,0,0,0,0,0,0,0,0
test_109_0_3.png,0,0,0,0,0,0,0,0,0,0,0,0,0,0,0
test_109_1_0.png,0,0,0,0,0,0,0,0,0,0,0,0,0,0,0
test_109_1_1.png,0,0,0,0,0,0,0,0,0,0,0,0,0,0,0
test_109_1_2.png,0,0,0,0,0,0,0,0,0,0,0,0,0,0,0
test_109_1_3.png,0,0,0,0,0,0,0,0,0,0,0,0,0,0,0
test_109_2_0.png,0,0,0,0,0,0,0,0,0,0,0,0,0,0,0
test_109_2_1.png,0,0,0,0,0,0,0,0,0,0,0,0,0,0,0
test_109_2_2.png,3844,205,78,3835,202,87,3881,201,41,3842,220,80,3852,205,70
test_109_2_3.png,0,0,0,0,0,0,0,0,0,0,0,0,0,0,0
test_109_3_0.png,0,0,769,0,0,769,0,0,769,0,0,769,0,0,769
test_109_3_1.png,0,0,0,0,0,0,0,0,0,0,0,0,0,0,0
test_109_3_2.png,0,0,0,0,0,0,0,0,0,0,0,0,0,0,0
test_109_3_3.png,0,0,0,0,0,0,0,0,0,0,0,0,0,0,0
test_10_0_0.png,0,0,0,0,0,0,0,0,0,0,0,0,0,0,0
test_10_0_1.png,0,0,0,0,0,0,0,0,0,0,0,0,0,0,0
test_10_0_2.png,0,0,0,0,0,0,0,0,0,0,0,0,0,0,0
test_10_0_3.png,0,0,0,0,0,0,0,0,0,0,0,0,0,0,0
test_10_1_0.png,1147,57,55,1128,35,74,1134,45,68,1140,44,62,1137,43,65
test_10_1_1.png,2851,119,155,2888,140,118,2861,123,145,2886,134,120,2881,121,125
test_10_1_2.png,0,0,0,0,0,0,0,0,0,0,0,0,0,0,0
test_10_1_3.png,0,0,0,0,0,0,0,0,0,0,0,0,0,0,0
test_10_2_0.png,6989,711,409,6979,835,419,6874,660,524,6851,516,547,6945,661,453
test_10_2_1.png,13671,1075,1072,13798,1227,945,13741,1209,1002,13737,1095,1006,13752,1134,991
test_10_2_2.png,11286,1368,593,11368,1406,511,11210,1299,669,11331,1383,548,11320,1342,559
test_10_2_3.png,6978,648,283,7006,714,255,6994,680,267,6987,644,274,6998,672,263
test_10_3_0.png,16332,1851,577,16341,1984,568,16252,1761,657,16148,1545,761,16292,1757,617
test_10_3_1.png,9364,1359,470,9346,1306,488,9241,1112,593,9158,964,676,9302,1176,532
test_10_3_2.png,9221,836,569,9251,918,539,9144,706,646,9139,731,651,9204,778,586
test_10_3_3.png,18466,1990,1242,18433,1895,1275,18376,1856,1332,18455,1988,1253,18444,1915,1264
test_110_0_0.png,0,0,0,0,0,0,0,0,0,0,0,0,0,0,0
test_110_0_1.png,0,0,0,0,0,0,0,0,0,0,0,0,0,0,0
test_110_0_2.png,0,0,0,0,0,0,0,0,0,0,0,0,0,0,0
test_110_0_3.png,0,0,0,0,0,0,0,0,0,0,0,0,0,0,0
test_110_1_0.png,0,0,0,0,0,0,0,0,0,0,0,0,0,0,0
test_110_1_1.png,0,0,0,0,0,0,0,0,0,0,0,0,0,0,0
test_110_1_2.png,0,0,0,0,0,0,0,0,0,0,0,0,0,0,0
test_110_1_3.png,2546,253,187,2504,144,229,2535,252,198,2521,144,212,2539,183,194
test_110_2_0.png,5129,135,704,4414,77,1419,4660,130,1173,4654,193,1179,4467,108,1366
test_110_2_1.png,0,0,0,0,0,0,0,0,0,0,0,0,0,0,0
test_110_2_2.png,0,0,0,0,0,0,0,0,0,0,0,0,0,0,0
test_110_2_3.png,0,0,62,0,0,62,0,0,62,0,0,62,0,0,62
test_110_3_0.png,0,0,0,0,0,0,0,0,0,0,0,0,0,0,0
test_110_3_1.png,0,0,0,0,0,0,0,0,0,0,0,0,0,0,0
test_110_3_2.png,0,0,0,0,0,0,0,0,0,0,0,0,0,0,0
test_110_3_3.png,26,0,133,61,1,98,0,0,159,0,0,159,0,0,159
test_111_0_0.png,0,0,0,0,0,0,0,0,0,0,0,0,0,0,0
test_111_0_1.png,0,0,0,0,0,0,0,0,0,0,0,0,0,0,0
test_111_0_2.png,4534,322,325,4592,188,267,4517,237,342,4559,398,300,4574,255,285
test_111_0_3.png,0,0,12,0,0,12,0,0,12,0,0,12,0,0,12
test_111_1_0.png,0,0,0,0,0,0,0,0,0,0,0,0,0,0,0
test_111_1_1.png,0,0,625,0,0,625,0,0,625,0,0,625,0,0,625
test_111_1_2.png,2424,244,229,2420,144,233,2412,221,241,2414,212,239,2425,186,228
test_111_1_3.png,1254,121,528,1589,134,193,863,119,919,1599,142,183,1442,120,340
test_111_2_0.png,0,0,0,0,0,0,0,0,0,0,0,0,0,0,0
test_111_2_1.png,0,0,0,0,0,0,0,0,0,0,0,0,0,0,0
test_111_2_2.png,0,0,0,0,0,0,0,0,0,0,0,0,0,0,0
test_111_2_3.png,1363,108,1823,1272,78,1914,1485,581,1701,1105,137,2081,1226,73,1960
test_111_3_0.png,14017,914,1412,14106,1206,1323,14154,1193,1275,14186,1268,1243,14157,1104,1272
test_111_3_1.png,2277,276,263,2255,285,285,2278,257,262,2268,316,272,2278,287,262
test_111_3_2.png,0,0,0,0,0,0,0,0,0,0,0,0,0,0,0
test_111_3_3.png,0,0,0,0,0,0,0,0,0,0,0,0,0,0,0
test_112_0_0.png,0,0,0,0,0,0,0,0,0,0,0,0,0,0,0
test_112_0_1.png,0,0,0,0,0,0,0,0,0,0,0,0,0,0,0
test_112_0_2.png,0,361,0,0,102,0,0,235,0,0,400,0,0,328,0
test_112_0_3.png,0,0,0,0,0,0,0,0,0,0,0,0,0,0,0
test_112_1_0.png,932,128,645,932,331,645,930,108,647,930,123,647,932,114,645
test_112_1_1.png,0,0,0,0,0,0,0,0,0,0,0,0,0,0,0
test_112_1_2.png,0,0,0,0,0,0,0,0,0,0,0,0,0,0,0
test_112_1_3.png,0,0,0,0,0,0,0,0,0,0,0,0,0,0,0
test_112_2_0.png,0,0,0,0,0,0,0,0,0,0,0,0,0,0,0
test_112_2_1.png,261,5,89,104,0,246,265,10,85,269,2,81,255,3,95
test_112_2_2.png,3800,147,200,3806,173,194,3749,138,251,3737,174,263,3777,156,223
test_112_2_3.png,2506,25,512,2366,15,652,2738,21,280,2791,55,227,2557,15,461
test_112_3_0.png,0,0,0,0,0,0,0,0,0,0,0,0,0,0,0
test_112_3_1.png,0,0,0,0,0,0,0,0,0,0,0,0,0,0,0
test_112_3_2.png,0,232,0,0,230,0,0,231,0,0,240,0,0,235,0
test_112_3_3.png,0,0,0,0,0,0,0,0,0,0,0,0,0,0,0
test_113_0_0.png,0,0,0,0,0,0,0,0,0,0,0,0,0,0,0
test_113_0_1.png,0,0,80,0,0,80,0,0,80,0,0,80,0,0,80
test_113_0_2.png,2036,78,461,2279,75,218,2077,77,420,1909,72,588,2095,71,402
test_113_0_3.png,0,0,0,0,0,0,0,0,0,0,0,0,0,0,0
test_113_1_0.png,0,0,0,0,0,0,0,0,0,0,0,0,0,0,0
test_113_1_1.png,686,8,785,845,0,626,0,0,1471,102,0,1369,57,0,1414
test_113_1_2.png,1223,5,150,1248,11,125,1243,7,130,1204,5,169,1229,5,144
test_113_1_3.png,9429,521,702,9423,584,708,9400,514,731,9397,481,734,9420,524,711
test_113_2_0.png,0,0,0,0,0,0,0,0,0,0,0,0,0,0,0
test_113_2_1.png,0,0,0,0,0,0,0,0,0,0,0,0,0,0,0
test_113_2_2.png,0,0,0,0,0,0,0,0,0,0,0,0,0,0,0
test_113_2_3.png,16290,1079,2060,15962,1027,2388,15117,1122,3233,16020,1095,2330,16013,1055,2337
test_113_3_0.png,0,0,272,0,0,272,0,0,272,0,0,272,0,0,272
test_113_3_1.png,0,0,0,0,0,0,0,0,0,0,0,0,0,0,0
test_113_3_2.png,0,0,0,0,0,0,0,0,0,0,0,0,0,0,0
test_113_3_3.png,21095,1928,751,20901,1020,945,20950,874,896,20687,1012,1159,21014,954,832
test_114_0_0.png,0,0,0,0,0,0,0,0,0,0,0,0,0,0,0
test_114_0_1.png,0,0,185,0,0,185,0,0,185,0,0,185,0,0,185
test_114_0_2.png,918,171,30,927,186,21,541,158,407,921,229,27,924,170,24
test_114_0_3.png,1119,259,39,1134,279,24,1131,483,27,1156,794,2,1141,370,17
test_114_1_0.png,2691,1179,367,2844,1309,214,2756,1026,302,2675,1100,383,2721,1122,337
test_114_1_1.png,16112,1409,871,16022,1355,961,16120,2993,863,16005,2106,978,16109,1364,874
test_114_1_2.png,3653,1075,93,3693,1162,53,3700,817,46,3710,1039,36,3699,1075,47
test_114_1_3.png,536,425,32,550,503,18,541,455,27,543,473,25,541,480,27
test_114_2_0.png,151,4,21,158,4,14,155,6,17,166,13,6,157,4,15
test_114_2_1.png,1440,79,43,1449,97,34,1463,82,20,1463,97,20,1456,90,27
test_114_2_2.png,0,0,0,0,0,0,0,0,0,0,0,0,0,0,0
test_114_2_3.png,1056,90,20,1059,90,17,1053,56,23,1054,74,22,1056,83,20
test_114_3_0.png,0,0,0,0,0,0,0,0,0,0,0,0,0,0,0
test_114_3_1.png,1933,609,180,1947,1014,166,1937,1023,176,1946,440,167,1944,893,169
test_114_3_2.png,1789,42,166,1786,33,169,1783,22,172,1777,26,178,1776,31,179
test_114_3_3.png,637,42,708,656,57,689,628,55,717,637,55,708,636,57,709
test_115_0_0.png,9343,328,665,9345,316,663,9273,343,735,9374,424,634,9344,337,664
test_115_0_1.png,21881,999,1467,21789,970,1559,21830,1027,1518,21806,950,1542,21847,964,1501
test_115_0_2.png,23032,676,2255,23089,707,2198,22852,633,2435,22923,710,2364,22982,641,2305
test_115_0_3.png,22177,675,1944,22119,666,2002,22191,659,1930,22196,690,1925,22168,634,1953
test_115_1_0.png,0,0,0,0,0,0,0,0,0,0,0,0,0,0,0
test_115_1_1.png,13395,658,772,13449,629,718,13250,546,917,13209,586,958,13354,591,813
test_115_1_2.png,25220,875,2402,25312,911,2310,25208,902,2414,25084,824,2538,25242,825,2380
test_115_1_3.png,20698,678,2291,20888,742,2101,20704,758,2285,20543,724,2446,20731,704,2258
test_115_2_0.png,4297,408,137,4295,354,139,4303,440,131,4260,286,174,4291,338,143
test_115_2_1.png,468,12,158,459,8,167,461,8,165,467,7,159,468,11,158
test_115_2_2.png,5715,239,510,5654,217,571,5682,177,543,5668,189,557,5686,195,539
test_115_2_3.png,9615,321,770,9713,367,672,9608,299,777,9599,316,786,9646,310,739
test_115_3_0.png,8087,422,311,8066,454,332,8095,369,303,8077,416,321,8085,399,313
test_115_3_1.png,1486,137,41,1505,148,22,1493,135,34,1503,168,24,1496,138,31
test_115_3_2.png,0,0,0,0,0,0,0,0,0,0,0,0,0,0,0
test_115_3_3.png,1562,116,120,1554,109,128,1517,100,165,1561,132,121,1558,111,124
test_116_0_0.png,0,0,0,0,232,0,0,0,0,0,0,0,0,0,0
test_116_0_1.png,0,0,0,0,0,0,0,0,0,0,0,0,0,0,0
test_116_0_2.png,0,0,0,0,0,0,0,0,0,0,0,0,0,0,0
test_116_0_3.png,0,0,325,0,0,325,0,0,325,0,0,325,0,0,325
test_116_1_0.png,9905,116,200,9955,158,150,9906,315,199,9928,296,177,9925,168,180
test_116_1_1.png,0,0,0,0,0,0,0,0,0,0,0,0,0,0,0
test_116_1_2.png,0,0,0,0,0,0,0,0,0,0,0,0,0,0,0
test_116_1_3.png,0,0,0,0,0,0,0,0,0,0,0,0,0,0,0
test_116_2_0.png,1786,91,453,2083,105,156,1128,59,1111,1414,61,825,1457,76,782
test_116_2_1.png,0,170,67,0,0,67,0,0,67,0,0,67,0,0,67
test_116_2_2.png,0,125,0,0,0,0,0,0,0,0,0,0,0,0,0
test_116_2_3.png,0,0,0,0,0,0,0,0,0,0,0,0,0,0,0
test_116_3_0.png,0,0,0,0,0,0,0,0,0,0,0,0,0,0,0
test_116_3_1.png,0,0,0,0,0,0,0,0,0,0,0,0,0,0,0
test_116_3_2.png,0,0,0,0,0,0,0,0,0,0,0,0,0,0,0
test_116_3_3.png,0,0,0,0,0,0,0,0,0,0,0,0,0,0,0
test_117_0_0.png,0,0,0,0,0,0,0,0,0,0,0,0,0,0,0
test_117_0_1.png,0,0,0,0,0,0,0,0,0,0,0,0,0,0,0
test_117_0_2.png,0,0,0,0,0,0,0,0,0,0,0,0,0,0,0
test_117_0_3.png,0,0,0,0,0,0,0,0,0,0,0,0,0,0,0
test_117_1_0.png,0,0,0,0,0,0,0,0,0,0,0,0,0,0,0
test_117_1_1.png,0,0,0,0,0,0,0,0,0,0,0,0,0,0,0
test_117_1_2.png,0,0,0,0,0,0,0,0,0,0,0,0,0,0,0
test_117_1_3.png,0,0,0,0,0,0,0,0,0,0,0,0,0,0,0
test_117_2_0.png,0,0,0,0,0,0,0,0,0,0,0,0,0,0,0
test_117_2_1.png,0,0,0,0,0,0,0,0,0,0,0,0,0,0,0
test_117_2_2.png,0,0,0,0,0,0,0,0,0,0,0,0,0,0,0
test_117_2_3.png,0,0,0,0,0,0,0,0,0,0,0,0,0,0,0
test_117_3_0.png,0,0,0,0,0,0,0,0,0,0,0,0,0,0,0
test_117_3_1.png,0,0,0,0,0,0,0,0,0,0,0,0,0,0,0
test_117_3_2.png,0,0,0,0,0,0,0,0,0,0,0,0,0,0,0
test_117_3_3.png,0,0,0,0,0,0,0,0,0,0,0,0,0,0,0
test_118_0_0.png,6881,298,727,6746,177,862,6854,218,754,6786,215,822,6833,207,775
test_118_0_1.png,17461,816,1108,17316,737,1253,17249,593,1320,17251,714,1318,17333,716,1236
test_118_0_2.png,11773,1041,1057,11744,850,1086,11818,621,1012,11719,513,1111,11826,661,1004
test_118_0_3.png,0,0,122,0,108,122,0,0,122,0,0,122,0,0,122
test_118_1_0.png,8856,347,717,8868,318,705,8840,313,733,8864,323,709,8856,309,717
test_118_1_1.png,14445,698,1234,14329,571,1350,14317,539,1362,14517,733,1162,14410,612,1269
test_118_1_2.png,1385,7,240,1407,18,218,1408,19,217,1375,17,250,1397,12,228
test_118_1_3.png,0,0,265,0,0,265,0,0,265,0,0,265,0,0,265
test_118_2_0.png,11883,593,1041,11900,562,1024,12056,682,868,12110,711,814,12008,612,916
test_118_2_1.png,16360,982,830,16400,839,790,16375,1108,815,16386,881,804,16410,869,780
test_118_2_2.png,10927,395,903,11068,490,762,10978,464,852,10907,372,923,10977,419,853
test_118_2_3.png,615,66,59,624,111,50,632,68,42,621,84,53,623,81,51
test_118_3_0.png,4311,291,117,4289,236,139,4283,214,145,4255,174,173,4298,212,130
test_118_3_1.png,6563,952,134,6540,937,157,6468,646,229,6108,695,589,6525,782,172
test_118_3_2.png,14051,832,696,13985,828,762,14063,874,684,13921,769,826,14013,792,734
test_118_3_3.png,13862,479,862,13729,417,995,13824,471,900,13860,531,864,13838,464,886
test_119_0_0.png,0,0,0,0,0,0,0,0,0,0,0,0,0,0,0
test_119_0_1.png,563,19,199,598,27,164,585,25,177,598,28,164,590,21,172
test_119_0_2.png,0,0,0,0,0,0,0,0,0,0,0,0,0,0,0
test_119_0_3.png,0,0,0,0,0,0,0,0,0,0,0,0,0,0,0
test_119_1_0.png,726,85,87,736,132,77,743,109,70,742,123,71,734,107,79
test_119_1_1.png,2705,41,557,2763,53,499,2766,61,496,2789,75,473,2750,53,512
test_119_1_2.png,10400,305,908,10473,325,835,10430,323,878,10516,405,792,10472,321,836
test_119_1_3.png,6915,179,511,6960,262,466,6858,189,568,6912,216,514,6916,175,510
test_119_2_0.png,4181,357,1781,4998,364,964,5745,431,217,5623,424,339,5583,387,379
test_119_2_1.png,2356,68,187,2381,73,162,2178,67,365,2362,157,181,2357,79,186
test_119_2_2.png,9157,415,1024,9056,434,1125,9191,483,990,9155,490,1026,9149,435,1032
test_119_2_3.png,9109,346,897,9218,325,788,9238,350,768,9245,288,761,9186,308,820
test_119_3_0.png,14424,1348,514,14375,1279,563,14393,1299,545,14383,1294,555,14403,1286,535
test_119_3_1.png,9536,916,638,9522,853,652,9460,738,714,9450,790,724,9512,812,662
test_119_3_2.png,323,0,198,0,0,521,0,0,521,0,0,521,0,0,521
test_119_3_3.png,636,210,5,636,244,5,634,89,7,636,116,5,636,121,5
test_11_0_0.png,0,0,0,0,0,0,0,0,0,0,0,0,0,0,0
test_11_0_1.png,0,0,0,0,0,0,0,0,0,0,0,0,0,0,0
test_11_0_2.png,0,0,0,0,0,0,0,0,0,0,0,0,0,0,0
test_11_0_3.png,0,0,0,0,0,0,0,0,0,0,0,0,0,0,0
test_11_1_0.png,0,0,0,0,0,0,0,0,0,0,0,0,0,0,0
test_11_1_1.png,0,0,0,0,0,0,0,0,0,0,0,0,0,0,0
test_11_1_2.png,0,0,0,0,0,0,0,0,0,0,0,0,0,0,0
test_11_1_3.png,0,0,0,0,0,0,0,0,0,0,0,0,0,0,0
test_11_2_0.png,0,0,0,0,0,0,0,0,0,0,0,0,0,0,0
test_11_2_1.png,0,0,0,0,0,0,0,0,0,0,0,0,0,0,0
test_11_2_2.png,1915,156,64,1921,158,58,1894,133,85,1910,123,69,1911,134,68
test_11_2_3.png,1094,125,20,1090,133,24,1093,136,21,1096,120,18,1096,121,18
test_11_3_0.png,0,0,0,0,0,0,0,0,0,0,0,0,0,0,0
test_11_3_1.png,4910,519,250,4871,521,289,4867,499,293,4882,500,278,4890,510,270
test_11_3_2.png,670,47,19,659,43,30,653,52,36,653,44,36,660,45,29
test_11_3_3.png,1493,139,800,1700,171,593,1215,116,1078,1205,95,1088,1227,117,1066
test_120_0_0.png,0,0,0,0,0,0,0,0,0,0,0,0,0,0,0
test_120_0_1.png,0,0,0,0,0,0,0,0,0,0,0,0,0,0,0
test_120_0_2.png,18320,867,923,18310,832,933,18407,911,836,18428,891,815,18381,855,862
test_120_0_3.png,7144,299,609,7198,315,555,7202,368,551,7240,353,513,7239,319,514
test_120_1_0.png,0,0,0,0,0,0,0,0,0,0,0,0,0,0,0
test_120_1_1.png,0,0,0,0,0,0,0,0,0,0,0,0,0,0,0
test_120_1_2.png,12278,511,780,12340,561,718,12385,587,673,12344,605,714,12333,542,725
test_120_1_3.png,16640,1157,659,16588,1068,711,16602,977,697,16553,965,746,16613,1005,686
test_120_2_0.png,0,0,0,0,0,0,0,0,0,0,0,0,0,0,0
test_120_2_1.png,2957,193,148,2962,204,143,2951,180,154,2973,177,132,2953,189,152
test_120_2_2.png,16473,1002,844,16451,1179,866,16300,811,1017,16264,955,1053,16377,959,940
test_120_2_3.png,17837,988,736,17792,1042,781,17785,852,788,17836,1022,737,17839,938,734
test_120_3_0.png,0,0,0,0,0,0,0,0,0,0,0,0,0,0,0
test_120_3_1.png,11962,821,381,11961,932,382,11947,782,396,11922,758,421,11960,812,383
test_120_3_2.png,12087,968,547,11969,870,665,12065,817,569,11942,783,692,12029,829,605
test_120_3_3.png,5506,1317,226,5471,1304,261,5481,1288,251,5486,1287,246,5490,1269,242
test_121_0_0.png,0,0,0,0,0,0,0,0,0,0,0,0,0,0,0
test_121_0_1.png,0,0,0,0,0,0,0,0,0,0,0,0,0,0,0
test_121_0_2.png,0,0,0,0,0,0,0,0,0,0,0,0,0,0,0
test_121_0_3.png,0,0,0,0,0,0,0,0,0,0,0,0,0,0,0
test_121_1_0.png,0,0,0,0,0,0,0,0,0,0,0,0,0,0,0
test_121_1_1.png,0,0,0,0,0,0,0,0,0,0,0,0,0,0,0
test_121_1_2.png,0,0,0,0,0,0,0,0,0,0,0,0,0,0,0
test_121_1_3.png,0,0,0,0,0,0,0,0,0,0,0,0,0,0,0
test_121_2_0.png,0,0,0,0,0,0,0,0,0,0,0,0,0,0,0
test_121_2_1.png,0,0,0,0,0,0,0,0,0,0,0,0,0,0,0
test_121_2_2.png,0,0,0,0,0,0,0,0,0,0,0,0,0,0,0
test_121_2_3.png,0,0,0,0,0,0,0,0,0,0,0,0,0,0,0
test_121_3_0.png,11062,952,2113,11596,1060,1579,11061,924,2114,11188,1073,1987,11215,960,1960
test_121_3_1.png,11481,1284,1348,11445,1312,1384,11344,1188,1485,11142,1267,1687,11419,1251,1410
test_121_3_2.png,0,0,29,0,0,29,0,0,29,0,0,29,0,0,29
test_121_3_3.png,0,0,0,0,0,0,0,0,0,0,0,0,0,0,0
test_122_0_0.png,0,0,0,0,0,0,0,0,0,0,0,0,0,0,0
test_122_0_1.png,0,0,0,0,0,0,0,0,0,0,0,0,0,0,0
test_122_0_2.png,0,0,0,0,0,0,0,0,0,0,0,0,0,0,0
test_122_0_3.png,0,0,0,0,0,0,0,0,0,0,0,0,0,0,0
test_122_1_0.png,0,0,0,0,0,0,0,0,0,0,0,0,0,0,0
test_122_1_1.png,0,0,0,0,0,0,0,0,0,0,0,0,0,0,0
test_122_1_2.png,0,0,0,0,0,0,0,0,0,0,0,0,0,0,0
test_122_1_3.png,0,0,0,0,0,0,0,0,0,0,0,0,0,0,0
test_122_2_0.png,0,0,0,0,0,0,0,0,0,0,0,0,0,0,0
test_122_2_1.png,0,0,0,0,0,0,0,0,0,0,0,0,0,0,0
test_122_2_2.png,0,0,0,0,0,0,0,0,0,0,0,0,0,0,0
test_122_2_3.png,0,0,0,0,0,0,0,0,0,0,0,0,0,0,0
test_122_3_0.png,0,0,0,0,0,0,0,0,0,0,0,0,0,0,0
test_122_3_1.png,0,0,0,0,0,0,0,0,0,0,0,0,0,0,0
test_122_3_2.png,0,0,0,0,0,0,0,0,0,0,0,0,0,0,0
test_122_3_3.png,0,0,0,0,0,0,0,0,0,0,0,0,0,0,0
test_123_0_0.png,0,0,0,0,0,0,0,0,0,0,0,0,0,0,0
test_123_0_1.png,0,0,0,0,0,0,0,0,0,0,0,0,0,0,0
test_123_0_2.png,0,0,0,0,0,0,0,0,0,0,0,0,0,0,0
test_123_0_3.png,0,0,53,0,0,53,0,0,53,0,0,53,0,0,53
test_123_1_0.png,0,0,0,0,0,0,0,0,0,0,0,0,0,0,0
test_123_1_1.png,0,0,0,0,0,0,0,0,0,0,0,0,0,0,0
test_123_1_2.png,0,0,0,0,0,0,0,0,0,0,0,0,0,0,0
test_123_1_3.png,3534,164,298,3588,175,244,3546,178,286,3547,151,285,3550,163,282
test_123_2_0.png,0,0,0,0,0,0,0,0,0,0,0,0,0,0,0
test_123_2_1.png,0,0,0,0,0,0,0,0,0,0,0,0,0,0,0
test_123_2_2.png,0,0,0,0,0,0,0,0,0,0,0,0,0,0,0
test_123_2_3.png,0,0,0,0,0,0,0,0,0,0,0,0,0,0,0
test_123_3_0.png,0,0,0,0,0,0,0,0,0,0,0,0,0,0,0
test_123_3_1.png,0,0,0,0,0,0,0,0,0,0,0,0,0,0,0
test_123_3_2.png,0,0,0,0,0,0,0,0,0,0,0,0,0,0,0
test_123_3_3.png,0,0,0,0,0,0,0,0,0,0,0,0,0,0,0
test_124_0_0.png,11119,577,830,11101,580,848,11212,676,737,11103,545,846,11155,575,794
test_124_0_1.png,8455,381,624,8437,402,642,8443,402,636,8429,394,650,8448,382,631
test_124_0_2.png,53,0,25,0,0,78,36,0,42,42,0,36,39,0,39
test_124_0_3.png,0,0,0,0,0,0,0,0,0,0,0,0,0,0,0
test_124_1_0.png,522,43,14,523,34,13,522,62,14,517,48,19,522,44,14
test_124_1_1.png,0,0,0,0,0,0,0,0,0,0,0,0,0,0,0
test_124_1_2.png,0,0,0,0,0,0,0,0,0,0,0,0,0,0,0
test_124_1_3.png,0,0,0,0,0,0,0,0,0,0,0,0,0,0,0
test_124_2_0.png,0,0,0,0,0,0,0,0,0,0,0,0,0,0,0
test_124_2_1.png,0,0,0,0,0,0,0,0,0,0,0,0,0,0,0
test_124_2_2.png,0,0,0,0,0,0,0,0,0,0,0,0,0,0,0
test_124_2_3.png,0,0,0,0,0,0,0,0,0,0,0,0,0,0,0
test_124_3_0.png,0,0,0,0,0,0,0,0,0,0,0,0,0,0,0
test_124_3_1.png,0,0,0,0,0,0,0,0,0,0,0,0,0,0,0
test_124_3_2.png,0,11,0,0,43,0,0,0,0,0,0,0,0,0,0
test_124_3_3.png,0,0,0,0,0,0,0,0,0,0,0,0,0,0,0
test_125_0_0.png,0,0,0,0,0,0,0,0,0,0,0,0,0,0,0
test_125_0_1.png,0,0,0,0,0,0,0,0,0,0,0,0,0,0,0
test_125_0_2.png,0,0,0,0,0,0,0,0,0,0,0,0,0,0,0
test_125_0_3.png,0,0,0,0,0,0,0,0,0,0,0,0,0,0,0
test_125_1_0.png,0,0,0,0,0,0,0,0,0,0,0,0,0,0,0
test_125_1_1.png,0,0,0,0,0,0,0,0,0,0,0,0,0,0,0
test_125_1_2.png,0,0,0,0,0,0,0,0,0,0,0,0,0,0,0
test_125_1_3.png,0,0,0,0,0,0,0,0,0,0,0,0,0,0,0
test_125_2_0.png,0,0,0,0,0,0,0,0,0,0,0,0,0,0,0
test_125_2_1.png,0,0,0,0,0,0,0,0,0,0,0,0,0,0,0
test_125_2_2.png,0,0,0,0,0,0,0,0,0,0,0,0,0,0,0
test_125_2_3.png,0,0,0,0,0,0,0,0,0,0,0,0,0,0,0
test_125_3_0.png,0,0,0,0,0,0,0,0,0,0,0,0,0,0,0
test_125_3_1.png,0,0,0,0,0,0,0,0,0,0,0,0,0,0,0
test_125_3_2.png,0,0,0,0,0,0,0,0,0,0,0,0,0,0,0
test_125_3_3.png,0,0,0,0,0,0,0,0,0,0,0,0,0,0,0
test_126_0_0.png,0,0,0,0,0,0,0,0,0,0,0,0,0,0,0
test_126_0_1.png,3913,262,402,3865,243,450,3886,210,429,3905,242,410,3890,228,425
test_126_0_2.png,8167,357,781,8224,389,724,8000,291,948,8118,341,830,8136,332,812
test_126_0_3.png,9251,497,1614,9348,507,1517,9247,455,1618,9266,482,1599,9282,470,1583
test_126_1_0.png,760,16,106,764,12,102,769,8,97,764,9,102,764,11,102
test_126_1_1.png,0,0,0,0,0,0,0,0,0,0,0,0,0,0,0
test_126_1_2.png,998,23,60,992,14,66,1011,23,47,1013,21,45,1004,22,54
test_126_1_3.png,14451,1076,1598,14629,1221,1420,14340,976,1709,14357,987,1692,14453,1039,1596
test_126_2_0.png,621,66,58,628,73,51,639,58,40,651,74,28,635,65,44
test_126_2_1.png,0,0,0,0,0,0,0,0,0,0,0,0,0,0,0
test_126_2_2.png,0,0,0,0,0,0,0,0,0,0,0,0,0,0,0
test_126_2_3.png,2231,313,616,2336,298,511,1373,140,1474,1390,268,1457,1882,271,965
test_126_3_0.png,0,0,0,0,0,0,0,0,0,0,0,0,0,0,0
test_126_3_1.png,942,26,74,928,25,88,924,27,92,926,18,90,929,23,87
test_126_3_2.png,0,0,0,0,0,0,0,0,0,0,0,0,0,0,0
test_126_3_3.png,0,0,0,0,0,0,0,0,0,0,0,0,0,0,0
test_127_0_0.png,0,0,0,0,0,0,0,0,0,0,0,0,0,0,0
test_127_0_1.png,5531,213,434,5510,225,455,5565,219,400,5523,209,442,5543,211,422
test_127_0_2.png,9564,670,799,9501,649,862,9453,652,910,9502,627,861,9497,635,866
test_127_0_3.png,6762,249,1051,6768,259,1045,6695,228,1118,6688,223,1125,6729,228,1084
test_127_1_0.png,0,0,0,0,0,0,0,0,0,0,0,0,0,0,0
test_127_1_1.png,0,0,0,0,0,0,0,0,0,0,0,0,0,0,0
test_127_1_2.png,555,135,34,555,33,34,554,40,35,538,14,51,554,31,35
test_127_1_3.png,0,51,2,0,0,2,0,0,2,0,1,2,0,0,2
test_127_2_0.png,0,0,0,0,0,0,0,0,0,0,0,0,0,0,0
test_127_2_1.png,0,0,0,0,0,0,0,0,0,0,0,0,0,0,0
test_127_2_2.png,0,0,0,0,0,0,0,0,0,0,0,0,0,0,0
test_127_2_3.png,0,0,0,0,0,0,0,0,0,0,0,0,0,0,0
test_127_3_0.png,0,0,0,0,0,0,0,0,0,0,0,0,0,0,0
test_127_3_1.png,0,0,0,0,0,0,0,0,0,0,0,0,0,0,0
test_127_3_2.png,0,0,0,0,0,0,0,0,0,0,0,0,0,0,0
test_127_3_3.png,0,0,0,0,0,0,0,0,0,0,0,0,0,0,0
test_128_0_0.png,0,0,0,0,0,0,0,0,0,0,0,0,0,0,0
test_128_0_1.png,0,0,0,0,0,0,0,0,0,0,0,0,0,0,0
test_128_0_2.png,0,0,0,0,0,0,0,0,0,0,0,0,0,0,0
test_128_0_3.png,0,0,0,0,0,0,0,0,0,0,0,0,0,0,0
test_128_1_0.png,0,0,0,0,0,0,0,0,0,0,0,0,0,0,0
test_128_1_1.png,0,0,0,0,0,0,0,0,0,0,0,0,0,0,0
test_128_1_2.png,0,0,0,0,0,0,0,0,0,0,0,0,0,0,0
test_128_1_3.png,0,0,0,0,0,0,0,0,0,0,0,0,0,0,0
test_128_2_0.png,0,0,301,0,0,301,0,0,301,0,0,301,0,0,301
test_128_2_1.png,0,316,0,0,175,0,0,446,0,0,531,0,0,398,0
test_128_2_2.png,0,0,0,0,0,0,0,0,0,0,0,0,0,0,0
test_128_2_3.png,0,0,0,0,0,0,0,0,0,0,0,0,0,0,0
test_128_3_0.png,0,0,0,0,0,0,0,0,0,0,0,0,0,0,0
test_128_3_1.png,0,0,0,0,0,0,0,0,0,0,0,0,0,0,0
test_128_3_2.png,0,0,230,0,0,230,0,0,230,0,0,230,0,0,230
test_128_3_3.png,0,0,0,0,0,0,0,0,0,0,0,0,0,0,0
test_12_0_0.png,0,0,0,0,0,0,0,0,0,0,0,0,0,0,0
test_12_0_1.png,0,0,0,0,0,0,0,0,0,0,0,0,0,0,0
test_12_0_2.png,0,0,0,0,0,0,0,0,0,0,0,0,0,0,0
test_12_0_3.png,0,0,0,0,0,0,0,0,0,0,0,0,0,0,0
test_12_1_0.png,9000,1169,925,9160,1322,765,8818,1047,1107,8861,964,1064,9023,1098,902
test_12_1_1.png,3045,271,124,3047,291,122,3048,256,121,3018,194,151,3044,243,125
test_12_1_2.png,0,0,0,0,0,0,0,0,0,0,0,0,0,0,0
test_12_1_3.png,0,0,0,0,0,0,0,0,0,0,0,0,0,0,0
test_12_2_0.png,6534,534,814,6488,491,860,6480,483,868,6543,438,805,6530,472,818
test_12_2_1.png,9679,1176,1051,9687,1357,1043,9652,1311,1078,9567,1177,1163,9675,1201,1055
test_12_2_2.png,11567,1072,898,11516,998,949,11254,840,1211,11404,898,1061,11450,909,1015
test_12_2_3.png,13806,1308,1138,13876,1313,1068,13678,1099,1266,13604,1053,1340,13746,1156,1198
test_12_3_0.png,7855,621,637,7814,635,678,7819,615,673,7779,683,713,7820,632,672
test_12_3_1.png,12225,860,996,12049,923,1172,12093,1069,1128,12054,996,1167,12133,913,1088
test_12_3_2.png,13225,1437,1014,13436,1754,803,13124,1380,1115,13265,1352,974,13333,1471,906
test_12_3_3.png,9923,1891,596,9878,1942,641,9679,1698,840,9781,1794,738,9831,1786,688
test_13_0_0.png,2744,288,276,2781,364,239,2875,273,145,2821,227,199,2816,265,204
test_13_0_1.png,13075,850,910,13046,983,939,12903,808,1082,13043,878,942,13026,852,959
test_13_0_2.png,11143,996,566,11005,948,704,11087,898,622,11074,922,635,11110,895,599
test_13_0_3.png,4711,942,258,4666,951,303,4676,486,293,3963,546,1006,4697,776,272
test_13_1_0.png,0,0,0,0,0,0,0,0,0,0,0,0,0,0,0
test_13_1_1.png,9292,935,641,9371,1019,562,9233,937,700,9276,940,657,9315,947,618
test_13_1_2.png,14414,712,1801,14599,832,1616,14532,801,1683,14600,821,1615,14583,754,1632
test_13_1_3.png,13724,1590,844,13988,1694,580,13607,1360,961,13822,1429,746,13817,1478,751
test_13_2_0.png,218,24,44,220,17,42,221,16,41,226,19,36,223,16,39
test_13_2_1.png,0,0,29,0,0,29,0,0,29,0,0,29,0,0,29
test_13_2_2.png,14410,899,1333,14394,1128,1349,14234,913,1509,14350,1071,1393,14374,978,1369
test_13_2_3.png,7568,781,546,7568,862,546,7502,678,612,6893,677,1221,7557,720,557
test_13_3_0.png,683,61,3,684,57,2,686,63,0,685,81,1,685,60,1
test_13_3_1.png,0,0,0,0,0,0,0,0,0,0,0,0,0,0,0
test_13_3_2.png,1291,86,310,1469,108,132,1445,86,156,1496,98,105,1466,90,135
test_13_3_3.png,1449,104,475,1461,105,463,1465,77,459,1481,105,443,1466,98,458
test_14_0_0.png,13678,761,1367,13758,740,1287,13419,664,1626,13432,607,1613,13579,665,1466
test_14_0_1.png,8367,825,593,8382,797,578,8347,775,613,8341,793,619,8380,776,580
test_14_0_2.png,1731,182,58,1720,143,69,1722,105,67,1732,192,57,1727,145,62
test_14_0_3.png,0,0,0,0,0,0,0,0,0,0,0,0,0,0,0
test_14_1_0.png,16562,1534,1127,16529,1538,1160,16377,1373,1312,16369,1281,1320,16476,1390,1213
test_14_1_1.png,17905,2105,1088,17854,1944,1139,17910,1906,1083,17759,1648,1234,17862,1856,1131
test_14_1_2.png,7488,618,428,7383,569,533,7319,524,597,7400,567,516,7412,559,504
test_14_1_3.png,0,0,0,0,0,0,0,0,0,0,0,0,0,0,0
test_14_2_0.png,15314,1328,1117,15185,1242,1246,15031,964,1400,14967,938,1464,15140,1073,1291
test_14_2_1.png,10878,805,689,10897,855,670,10837,728,730,10810,690,757,10868,753,699
test_14_2_2.png,413,43,42,420,67,35,422,53,33,413,47,42,417,51,38
test_14_2_3.png,0,0,0,0,0,0,0,0,0,0,0,0,0,0,0
test_14_3_0.png,10425,964,394,10485,1091,334,10405,909,414,10446,988,373,10443,957,376
test_14_3_1.png,3276,184,552,3281,218,547,3257,208,571,3284,187,544,3283,193,545
test_14_3_2.png,0,0,0,0,0,0,0,0,0,0,0,0,0,0,0
test_14_3_3.png,0,0,0,0,0,0,0,0,0,0,0,0,0,0,0
test_15_0_0.png,0,0,0,0,0,0,0,0,0,0,2,0,0,0,0
test_15_0_1.png,0,0,141,0,0,141,0,0,141,0,0,141,0,0,141
test_15_0_2.png,0,0,0,0,0,0,0,0,0,0,0,0,0,0,0
test_15_0_3.png,5520,233,492,5457,272,555,5394,223,618,5382,243,630,5448,232,564
test_15_1_0.png,0,0,0,0,0,0,0,0,0,0,0,0,0,0,0
test_15_1_1.png,0,0,0,0,0,0,0,0,0,0,0,0,0,0,0
test_15_1_2.png,0,0,0,0,0,0,0,0,0,0,0,0,0,0,0
test_15_1_3.png,0,0,0,0,0,0,0,0,0,0,0,0,0,0,0
test_15_2_0.png,0,0,0,0,0,0,0,0,0,0,0,0,0,0,0
test_15_2_1.png,0,0,0,0,0,0,0,0,0,0,0,0,0,0,0
test_15_2_2.png,0,0,0,0,0,0,0,0,0,0,0,0,0,0,0
test_15_2_3.png,3729,188,416,3778,196,367,3657,175,488,3736,162,409,3737,172,408
test_15_3_0.png,1166,2,559,1281,21,444,1221,3,504,1222,2,503,1222,1,503
test_15_3_1.png,0,0,0,0,0,0,0,0,0,0,0,0,0,0,0
test_15_3_2.png,643,16,99,675,31,67,540,8,202,559,14,183,627,12,115
test_15_3_3.png,0,0,114,0,0,114,0,0,114,25,0,89,0,0,114
test_16_0_0.png,5246,21,159,5278,17,127,5240,14,165,5252,13,153,5254,17,151
test_16_0_1.png,43872,1254,376,44133,872,115,44223,1063,25,44227,1189,21,44206,1119,42
test_16_0_2.png,1063,127,0,1063,124,0,1063,117,0,1063,147,0,1063,126,0
test_16_0_3.png,0,0,0,0,0,0,0,0,0,0,0,0,0,0,0
test_16_1_0.png,3430,49,307,3447,56,290,3468,149,269,3447,142,290,3452,85,285
test_16_1_1.png,1310,151,125,1321,160,114,1188,103,247,1319,136,116,1316,144,119
test_16_1_2.png,0,0,0,0,0,0,0,0,0,0,0,0,0,0,0
test_16_1_3.png,0,0,0,0,0,0,0,0,0,0,0,0,0,0,0
test_16_2_0.png,432,39,117,248,15,301,405,48,144,314,21,235,383,33,166
test_16_2_1.png,1448,118,30,1464,134,14,1453,122,25,1455,135,23,1457,126,21
test_16_2_2.png,0,0,0,0,0,0,0,0,0,0,0,0,0,0,0
test_16_2_3.png,0,0,0,0,285,0,0,0,0,0,0,0,0,0,0
test_16_3_0.png,1733,111,103,1235,86,601,1224,69,612,1251,77,585,1239,82,597
test_16_3_1.png,0,0,0,0,0,0,0,0,0,0,0,0,0,0,0
test_16_3_2.png,0,0,0,0,0,0,0,0,0,0,0,0,0,0,0
test_16_3_3.png,0,0,0,0,0,0,0,0,0,0,0,0,0,0,0
test_17_0_0.png,0,0,0,0,0,0,0,0,0,0,0,0,0,0,0
test_17_0_1.png,0,0,0,0,0,0,0,0,0,0,0,0,0,0,0
test_17_0_2.png,0,0,0,0,0,0,0,0,0,0,0,0,0,0,0
test_17_0_3.png,0,0,0,0,0,0,0,0,0,0,0,0,0,0,0
test_17_1_0.png,0,0,0,0,0,0,0,0,0,0,0,0,0,0,0
test_17_1_1.png,0,0,0,0,0,0,0,0,0,0,0,0,0,0,0
test_17_1_2.png,0,0,0,0,0,0,0,0,0,0,0,0,0,0,0
test_17_1_3.png,0,0,0,0,0,0,0,0,0,0,0,0,0,0,0
test_17_2_0.png,5635,356,771,5676,304,730,5680,442,726,5780,808,626,5701,339,705
test_17_2_1.png,3795,367,387,3804,354,378,3773,271,409,3767,260,415,3795,317,387
test_17_2_2.png,4726,288,265,4755,242,236,4730,216,261,4710,217,281,4732,226,259
test_17_2_3.png,0,0,0,0,0,0,0,0,0,0,0,0,0,0,0
test_17_3_0.png,4499,374,478,4484,303,493,4497,318,480,4470,308,507,4492,296,485
test_17_3_1.png,4998,305,365,5033,338,330,5040,300,323,4999,309,364,5028,301,335
test_17_3_2.png,8100,712,498,8125,677,473,8125,659,473,8088,608,510,8121,646,477
test_17_3_3.png,1463,713,133,1486,539,110,1485,719,111,1484,107,112,1483,636,113
test_18_0_0.png,0,303,0,0,632,0,0,488,0,0,1031,0,0,486,0
test_18_0_1.png,0,0,0,0,0,0,0,0,0,0,0,0,0,0,0
test_18_0_2.png,11997,2496,620,12031,2332,586,11973,2581,644,12036,2632,581,12017,2435,600
test_18_0_3.png,13047,2073,242,13026,1602,263,13106,2058,183,13035,1889,254,13076,1838,213
test_18_1_0.png,0,0,0,0,0,0,0,0,0,0,0,0,0,0,0
test_18_1_1.png,0,0,0,0,0,0,0,0,0,0,0,0,0,0,0
test_18_1_2.png,2280,217,388,2431,224,237,2327,283,341,2390,249,278,2363,232,305
test_18_1_3.png,16026,3090,295,16076,2697,245,16142,2815,179,16119,2760,202,16136,2825,185
test_18_2_0.png,0,185,98,0,0,98,0,0,98,0,0,98,0,0,98
test_18_2_1.png,1327,358,2004,1204,185,2127,2341,317,990,1415,298,1916,1328,272,2003
test_18_2_2.png,0,0,0,0,0,0,0,0,0,0,0,0,0,0,0
test_18_2_3.png,9066,1854,609,9144,1920,531,9233,1933,442,7383,1864,2292,9099,1882,576
test_18_3_0.png,5008,321,719,4458,255,1269,5289,298,438,4175,168,1552,4857,233,870
test_18_3_1.png,0,0,640,0,0,640,0,0,640,0,0,640,0,0,640
test_18_3_2.png,2971,348,1079,3524,746,526,3007,329,1043,3049,282,1001,3017,306,1033
test_18_3_3.png,583,125,440,584,137,439,584,133,439,584,153,439,584,133,439
test_19_0_0.png,719,9,759,0,0,1478,410,7,1068,622,21,856,454,6,1024
test_19_0_1.png,0,0,0,0,0,0,0,0,0,0,0,0,0,0,0
test_19_0_2.png,0,0,0,0,0,0,0,44,0,0,0,0,0,0,0
test_19_0_3.png,0,0,0,0,0,0,0,0,0,0,0,0,0,0,0
test_19_1_0.png,0,0,1364,0,0,1364,0,0,1364,0,0,1364,0,0,1364
test_19_1_1.png,0,59,0,0,0,0,0,0,0,0,0,0,0,0,0
test_19_1_2.png,0,0,0,0,0,0,0,0,0,0,0,0,0,0,0
test_19_1_3.png,0,0,66,0,0,66,0,0,66,0,0,66,0,0,66
test_19_2_0.png,2603,217,1366,2588,186,1381,2718,300,1251,2343,76,1626,2602,189,1367
test_19_2_1.png,5756,429,1420,5988,379,1188,6552,471,624,5615,414,1561,5766,404,1410
test_19_2_2.png,0,0,29,0,0,29,0,0,29,0,0,29,0,0,29
test_19_2_3.png,1291,297,177,1089,42,379,1327,240,141,1240,199,228,1279,196,189
test_19_3_0.png,4579,164,320,4612,234,287,4617,252,282,4594,196,305,4608,198,291
test_19_3_1.png,13094,861,1078,13015,903,1157,12819,739,1353,12925,857,1247,12963,824,1209
test_19_3_2.png,14408,800,1215,14402,803,1221,14479,1091,1144,14542,1084,1081,14473,919,1150
test_19_3_3.png,4807,526,113,4797,587,123,4766,517,154,4769,572,151,4797,533,123
test_1_0_0.png,0,0,0,0,0,0,0,0,0,0,0,0,0,0,0
test_1_0_1.png,0,0,0,0,0,0,0,0,0,0,0,0,0,0,0
test_1_0_2.png,0,0,0,0,0,0,0,0,0,0,0,0,0,0,0
test_1_0_3.png,11733,666,1456,11893,757,1296,11742,639,1447,11740,608,1449,11775,647,1414
test_1_1_0.png,0,0,0,0,0,0,0,0,0,0,0,0,0,0,0
test_1_1_1.png,0,0,0,0,0,0,0,0,0,0,0,0,0,0,0
test_1_1_2.png,0,0,0,0,0,0,0,0,0,0,0,0,0,0,0
test_1_1_3.png,0,0,0,0,0,0,0,0,0,0,0,0,0,0,0
test_1_2_0.png,0,0,0,0,0,0,0,0,0,0,0,0,0,0,0
test_1_2_1.png,0,0,0,0,0,0,0,0,0,0,0,0,0,0,0
test_1_2_2.png,0,0,0,0,0,0,0,0,0,0,0,0,0,0,0
test_1_2_3.png,0,0,0,0,0,0,0,0,0,0,0,0,0,0,0
test_1_3_0.png,0,0,0,0,0,0,0,0,0,0,0,0,0,0,0
test_1_3_1.png,0,0,0,0,0,0,0,0,0,0,0,0,0,0,0
test_1_3_2.png,0,0,0,0,0,0,0,0,0,0,0,0,0,0,0
test_1_3_3.png,0,0,0,0,0,0,0,0,0,0,0,0,0,0,0
test_20_0_0.png,7225,859,357,7212,881,370,7181,1038,401,7265,951,317,7237,831,345
test_20_0_1.png,19748,1672,1171,19776,1520,1143,19769,1677,1150,19705,1736,1214,19755,1618,1164
test_20_0_2.png,15014,1065,972,15080,1214,906,15130,1268,856,15035,1118,951,15083,1084,903
test_20_0_3.png,21521,2082,810,21652,1673,679,21843,2968,488,21682,3804,649,21767,2193,564
test_20_1_0.png,19421,1055,998,19451,941,968,19595,1307,824,19436,1025,983,19498,1044,921
test_20_1_1.png,19504,1461,877,19627,1461,754,19452,1389,929,19566,1496,815,19557,1372,824
test_20_1_2.png,10008,796,627,10064,809,571,9935,723,700,10069,849,566,10044,772,591
test_20_1_3.png,4624,544,146,4621,580,149,4567,535,203,4609,641,161,4619,553,151
test_20_2_0.png,21756,1629,799,21817,1633,738,21654,1570,901,21735,1746,820,21785,1591,770
test_20_2_1.png,19129,1659,838,19533,1811,434,19111,1662,856,19218,2104,749,19191,1765,776
test_20_2_2.png,0,0,0,0,0,0,0,0,0,0,0,0,0,0,0
test_20_2_3.png,0,0,0,0,0,0,0,0,0,0,0,0,0,0,0
test_20_3_0.png,23232,1598,938,23190,1624,980,23139,1477,1031,23115,1422,1055,23204,1474,966
test_20_3_1.png,19676,820,1447,19925,938,1198,19915,1033,1208,19752,824,1371,19861,858,1262
test_20_3_2.png,4760,458,271,4785,456,246,4709,386,322,4791,465,240,4768,426,263
test_20_3_3.png,0,0,0,0,0,0,0,0,0,0,0,0,0,0,0
test_21_0_0.png,5628,361,1047,5441,461,1234,5837,636,838,5712,545,963,5732,483,943
test_21_0_1.png,9274,1044,481,9186,868,569,9220,932,535,8933,818,822,9203,863,552
test_21_0_2.png,13315,1484,898,13511,1359,702,13462,1658,751,13434,1351,779,13436,1429,777
test_21_0_3.png,10325,327,727,10367,403,685,10257,355,795,10348,361,704,10332,346,720
test_21_1_0.png,7066,530,1688,7062,707,1692,7452,919,1302,7517,820,1237,7349,715,1405
test_21_1_1.png,9816,843,970,9865,835,921,9752,731,1034,9778,731,1008,9819,751,967
test_21_1_2.png,16571,707,1129,16676,810,1024,16585,774,1115,16707,824,993,16710,744,990
test_21_1_3.png,16846,1193,1622,17036,1237,1432,16877,1097,1591,16853,1275,1615,16929,1181,1539
test_21_2_0.png,1931,84,309,2100,86,140,1892,116,348,1849,100,391,1928,88,312
test_21_2_1.png,17587,654,1070,17836,515,821,17687,612,970,17449,539,1208,17559,552,1098
test_21_2_2.png,16526,1225,886,16373,862,1039,16582,882,830,16678,757,734,16566,858,846
test_21_2_3.png,607,39,99,616,38,90,620,49,86,629,45,77,620,42,86
test_21_3_0.png,1982,124,505,1983,104,504,1914,100,573,2040,100,447,1976,101,511
test_21_3_1.png,4095,211,2224,4272,304,2047,4540,751,1779,4544,703,1775,4459,557,1860
test_21_3_2.png,6510,202,1320,6218,308,1612,6537,162,1293,6314,193,1516,6407,183,1423
test_21_3_3.png,4471,275,111,4506,422,76,4489,387,93,4507,574,75,4479,393,103
test_22_0_0.png,0,0,0,0,0,0,0,0,0,0,0,0,0,0,0
test_22_0_1.png,0,0,0,0,0,0,0,0,0,0,0,0,0,0,0
test_22_0_2.png,0,0,0,0,0,0,0,0,0,0,0,0,0,0,0
test_22_0_3.png,0,0,0,0,0,0,0,0,0,0,0,0,0,0,0
test_22_1_0.png,0,0,0,0,0,0,0,0,0,0,0,0,0,0,0
test_22_1_1.png,0,0,0,0,0,0,0,0,0,0,0,0,0,0,0
test_22_1_2.png,0,0,0,0,0,0,0,0,0,0,0,0,0,0,0
test_22_1_3.png,0,0,6,0,0,6,0,0,6,0,0,6,0,0,6
test_22_2_0.png,2905,349,71,2913,302,63,2823,308,153,2574,332,402,2899,331,77
test_22_2_1.png,0,0,0,0,0,0,0,0,0,0,0,0,0,0,0
test_22_2_2.png,1130,93,337,1260,91,207,1149,98,318,1094,46,373,1154,79,313
test_22_2_3.png,8052,357,1356,8018,352,1390,8023,448,1385,8000,334,1408,8028,340,1380
test_22_3_0.png,6355,1045,890,6368,926,877,5340,884,1905,5767,950,1478,6284,937,961
test_22_3_1.png,10973,1045,1572,10861,867,1684,11076,1010,1469,11123,1090,1422,11031,954,1514
test_22_3_2.png,7700,318,1757,7603,481,1854,7652,476,1805,7710,385,1747,7707,361,1750
test_22_3_3.png,7067,600,568,7016,502,619,7137,930,498,7011,736,624,7072,678,563
test_23_0_0.png,4213,353,131,4208,337,136,4217,425,127,4236,410,108,4224,360,120
test_23_0_1.png,5667,275,936,5671,245,932,5681,329,922,5637,359,966,5671,283,932
test_23_0_2.png,0,0,0,0,0,0,0,0,0,0,0,0,0,0,0
test_23_0_3.png,0,0,0,0,0,0,0,0,0,0,0,0,0,0,0
test_23_1_0.png,7675,562,680,7795,520,560,7677,699,678,7815,389,540,7752,416,603
test_23_1_1.png,9858,835,870,9880,739,848,9905,688,823,9915,741,813,9906,747,822
test_23_1_2.png,253,1,301,379,11,175,372,11,182,261,7,293,323,7,231
test_23_1_3.png,0,0,0,0,185,0,0,198,0,0,192,0,0,186,0
test_23_2_0.png,8571,1118,1615,8037,1028,2149,8598,1045,1588,8559,1061,1627,8582,1043,1604
test_23_2_1.png,8373,454,1562,8051,470,1884,8786,630,1149,8800,572,1135,8590,523,1345
test_23_2_2.png,3368,149,187,3394,139,161,3418,192,137,3444,168,111,3409,155,146
test_23_2_3.png,0,0,0,0,0,0,0,0,0,0,0,0,0,0,0
test_23_3_0.png,6340,407,766,6094,334,1012,6490,358,616,6323,339,783,6405,303,701
test_23_3_1.png,2507,126,813,2558,112,762,2908,130,412,2552,86,768,2569,121,751
test_23_3_2.png,0,0,0,0,0,0,0,0,0,0,0,0,0,0,0
test_23_3_3.png,0,0,0,0,0,0,0,0,0,0,0,0,0,0,0
test_24_0_0.png,133,21,360,126,9,367,420,55,73,383,30,110,335,24,158
test_24_0_1.png,0,0,0,0,0,0,0,0,0,0,0,0,0,0,0
test_24_0_2.png,2578,423,139,2576,262,141,2566,355,151,2584,234,133,2578,283,139
test_24_0_3.png,652,37,28,666,68,14,656,43,24,635,31,45,655,42,25
test_24_1_0.png,2095,108,137,2100,83,132,2109,115,123,2105,145,127,2098,106,134
test_24_1_1.png,2819,614,60,2836,672,43,2825,574,54,2834,607,45,2832,610,47
test_24_1_2.png,1946,135,108,1948,125,106,1918,101,136,1944,108,110,1941,109,113
test_24_1_3.png,3112,345,343,3195,366,260,3160,308,295,3195,363,260,3165,344,290
test_24_2_0.png,6736,529,361,6771,876,326,6784,784,313,6773,590,324,6784,613,313
test_24_2_1.png,3932,514,206,3920,511,218,3946,547,192,3940,471,198,3942,502,196
test_24_2_2.png,2986,369,125,3000,365,111,2967,410,144,3004,427,107,2993,386,118
test_24_2_3.png,6279,585,274,6211,509,342,6103,480,450,6231,545,322,6228,540,325
test_24_3_0.png,511,105,66,400,65,177,0,0,577,330,54,247,336,59,241
test_24_3_1.png,8985,729,390,8956,611,419,9062,631,313,9061,716,314,9044,633,331
test_24_3_2.png,9506,1700,589,9352,1555,743,9464,1554,631,9382,1599,713,9386,1585,709
test_24_3_3.png,2980,333,234,2909,354,305,2824,280,390,2849,321,365,2925,316,289
test_25_0_0.png,931,1571,115,930,1626,116,915,1290,131,907,1422,139,924,1516,122
test_25_0_1.png,0,0,470,0,0,470,0,0,470,0,0,470,0,0,470
test_25_0_2.png,0,0,0,0,0,0,0,0,0,0,0,0,0,0,0
test_25_0_3.png,567,15,1008,592,18,983,497,7,1078,558,15,1017,575,10,1000
test_25_1_0.png,5086,442,451,5072,510,465,5267,462,270,5285,598,252,5177,474,360
test_25_1_1.png,1715,150,129,1700,125,144,1710,141,134,1708,124,136,1714,134,130
test_25_1_2.png,437,65,557,438,54,556,475,32,519,574,85,420,467,53,527
test_25_1_3.png,667,70,312,648,76,331,660,75,319,618,70,361,652,74,327
test_25_2_0.png,5307,353,969,5464,416,812,5401,445,875,5538,504,738,5449,427,827
test_25_2_1.png,3868,302,182,3887,358,163,3932,381,118,3933,343,117,3906,342,144
test_25_2_2.png,4606,673,396,4618,590,384,4604,676,398,4690,671,312,4626,640,376
test_25_2_3.png,3209,618,363,3176,518,396,3167,568,405,3179,591,393,3181,555,391
test_25_3_0.png,2605,524,42,2570,310,77,2596,323,51,2567,487,80,2600,405,47
test_25_3_1.png,5693,412,432,5834,696,291,5826,460,299,5800,557,325,5810,473,315
test_25_3_2.png,3505,208,394,3537,189,362,3550,258,349,3557,252,342,3553,233,346
test_25_3_3.png,0,0,0,0,0,0,0,0,0,0,105,0,0,0,0
test_26_0_0.png,1473,75,123,1530,97,66,1483,59,113,1488,76,108,1506,65,90
test_26_0_1.png,1032,262,33,1033,361,32,1022,416,43,1023,445,42,1029,396,36
test_26_0_2.png,2023,228,66,2023,216,66,2026,267,63,2024,226,65,2029,223,60
test_26_0_3.png,3280,146,363,3240,93,403,3312,205,331,3308,204,335,3292,164,351
test_26_1_0.png,1368,159,136,1324,251,180,1113,109,391,1318,193,186,1314,164,190
test_26_1_1.png,0,0,0,0,0,0,0,0,0,0,0,0,0,0,0
test_26_1_2.png,0,0,0,0,0,0,0,0,0,0,0,0,0,0,0
test_26_1_3.png,3764,265,137,3759,279,142,3759,397,142,3753,257,148,3761,279,140
test_26_2_0.png,632,6,107,632,27,107,546,1,193,585,0,154,609,3,130
test_26_2_1.png,0,0,0,0,0,0,0,0,0,0,0,0,0,0,0
test_26_2_2.png,0,901,249,95,1047,154,112,932,137,108,1008,141,98,987,151
test_26_2_3.png,4736,490,430,4715,634,451,4697,636,469,4785,630,381,4744,589,422
test_26_3_0.png,902,81,625,978,100,549,941,66,586,946,34,581,932,60,595
test_26_3_1.png,0,0,0,0,0,0,0,27,0,0,0,0,0,0,0
test_26_3_2.png,2900,209,122,2943,216,79,2883,177,139,2908,222,114,2914,206,108
test_26_3_3.png,6856,651,1319,7272,730,903,6925,497,1250,6938,680,1237,6991,624,1184
test_27_0_0.png,1775,61,57,1783,85,49,1778,70,54,1770,61,62,1779,59,53
test_27_0_1.png,2887,511,634,3163,544,358,2989,322,532,2995,310,526,3035,293,486
test_27_0_2.png,0,0,150,0,0,150,0,0,150,0,0,150,0,0,150
test_27_0_3.png,3496,128,858,3553,83,801,3504,105,850,3124,59,1230,3492,78,862
test_27_1_0.png,4853,105,114,4889,123,78,4857,293,110,4875,106,92,4871,100,96
test_27_1_1.png,1007,51,42,1017,58,32,1004,47,45,1021,493,28,1016,52,33
test_27_1_2.png,0,0,0,0,0,0,0,0,0,0,0,0,0,0,0
test_27_1_3.png,0,260,0,0,258,0,0,242,0,0,238,0,0,249,0
test_27_2_0.png,12974,929,942,13087,779,829,12954,873,962,13027,893,889,13023,830,893
test_27_2_1.png,5563,630,1051,5443,656,1171,5459,600,1155,5459,536,1155,5489,582,1125
test_27_2_2.png,2231,151,309,2306,193,234,2300,149,240,2294,153,246,2287,154,253
test_27_2_3.png,0,0,0,0,0,0,0,0,0,0,0,0,0,0,0
test_27_3_0.png,17793,1748,2140,17945,1735,1988,17856,1711,2077,18032,1963,1901,17943,1768,1990
test_27_3_1.png,8156,1679,587,8161,1509,582,7603,770,1140,7648,1464,1095,8133,1539,610
test_27_3_2.png,0,0,0,0,0,0,0,0,0,0,0,0,0,0,0
test_27_3_3.png,0,0,0,0,27,0,0,0,0,0,28,0,0,0,0
test_28_0_0.png,0,0,0,0,0,0,0,0,0,0,0,0,0,0,0
test_28_0_1.png,0,0,0,0,0,0,0,0,0,0,0,0,0,0,0
test_28_0_2.png,0,0,0,0,0,0,0,0,0,0,0,0,0,0,0
test_28_0_3.png,3762,217,243,3792,166,213,3664,128,341,3733,140,272,3752,138,253
test_28_1_0.png,3481,144,344,3496,119,329,3462,101,363,3483,152,342,3489,123,336
test_28_1_1.png,0,0,0,0,0,0,0,0,0,0,0,0,0,0,0
test_28_1_2.png,0,0,0,0,0,0,0,0,0,0,0,0,0,0,0
test_28_1_3.png,0,0,0,0,0,0,0,0,0,0,0,0,0,0,0
test_28_2_0.png,14569,957,1209,14563,849,1215,14595,1056,1183,14640,1013,1138,14607,928,1171
test_28_2_1.png,10306,1086,1197,10746,1138,757,10590,1240,913,10698,1178,805,10653,1149,850
test_28_2_2.png,4951,622,830,4920,259,861,4981,1821,800,4995,1696,786,4983,447,798
test_28_2_3.png,0,0,0,0,0,0,0,0,0,0,0,0,0,0,0
test_28_3_0.png,14362,958,1284,14333,884,1313,14248,950,1398,14408,1081,1238,14389,925,1257
test_28_3_1.png,17389,2182,646,17280,1812,755,17415,2419,620,17407,2257,628,17416,2064,619
test_28_3_2.png,14356,1207,1629,14097,966,1888,13772,955,2213,13459,967,2526,14136,966,1849
test_28_3_3.png,11156,1027,1087,11202,1177,1041,11076,1120,1167,11285,1248,958,11198,1123,1045
test_29_0_0.png,0,0,0,0,0,0,0,0,0,0,0,0,0,0,0
test_29_0_1.png,0,0,0,0,0,0,0,0,0,0,0,0,0,0,0
test_29_0_2.png,2522,139,175,2529,156,168,2516,113,181,2510,114,187,2529,122,168
test_29_0_3.png,2867,199,415,2953,236,329,2952,242,330,3011,240,271,2964,221,318
test_29_1_0.png,1251,102,76,1256,66,71,1251,56,76,1248,57,79,1255,62,72
test_29_1_1.png,20232,1338,681,20120,1167,793,20316,1357,597,20117,1096,796,20216,1185,697
test_29_1_2.png,17736,896,1126,17873,892,989,18016,1077,846,17971,1132,891,17951,973,911
test_29_1_3.png,8100,373,532,8130,371,502,8105,408,527,8153,388,479,8137,377,495
test_29_2_0.png,16140,799,461,16190,864,411,16161,934,440,16212,1037,389,16204,875,397
test_29_2_1.png,15544,1124,762,15714,1090,592,15332,970,974,15415,898,891,15570,988,736
test_29_2_2.png,12682,901,591,12712,834,561,12712,1000,561,12645,901,628,12732,884,541
test_29_2_3.png,6543,122,892,6501,127,934,6555,522,880,6549,137,886,6528,122,907
test_29_3_0.png,10110,836,661,10019,677,752,10067,712,704,10100,772,671,10108,750,663
test_29_3_1.png,14786,1158,1248,14703,826,1331,14731,858,1303,14510,804,1524,14742,859,1292
test_29_3_2.png,3695,292,136,3638,218,193,3675,322,156,3646,319,185,3665,266,166
test_29_3_3.png,2681,101,425,2721,103,385,2662,126,444,2696,112,410,2685,105,421
test_2_0_0.png,15318,1361,1184,15450,1334,1052,15278,1273,1224,15429,1218,1073,15373,1281,1129
test_2_0_1.png,16302,1073,1204,16385,1042,1121,16284,1036,1222,16363,986,1143,16348,1020,1158
test_2_0_2.png,11311,923,691,11343,897,659,11263,847,739,11320,889,682,11313,870,689
test_2_0_3.png,2403,157,150,2401,200,152,2390,155,163,2390,153,163,2400,171,153
test_2_1_0.png,0,0,0,0,0,0,0,0,0,0,0,0,0,0,0
test_2_1_1.png,0,0,0,0,0,0,0,0,0,0,0,0,0,0,0
test_2_1_2.png,0,0,0,0,0,0,0,0,0,0,0,0,0,0,0
test_2_1_3.png,0,0,0,0,0,0,0,0,0,0,0,0,0,0,0
test_2_2_0.png,0,0,0,0,0,0,0,0,0,0,0,0,0,0,0
test_2_2_1.png,0,0,0,0,0,0,0,0,0,0,0,0,0,0,0
test_2_2_2.png,0,0,0,0,0,0,0,0,0,0,0,0,0,0,0
test_2_2_3.png,0,0,0,0,0,0,0,0,0,0,0,0,0,0,0
test_2_3_0.png,0,0,0,0,0,0,0,0,0,0,0,0,0,0,0
test_2_3_1.png,0,0,0,0,0,0,0,0,0,0,0,0,0,0,0
test_2_3_2.png,0,0,0,0,0,0,0,0,0,0,0,0,0,0,0
test_2_3_3.png,1688,110,70,1687,101,71,1681,90,77,1684,81,74,1684,95,74
test_30_0_0.png,0,0,0,0,0,0,0,0,0,0,0,0,0,0,0
test_30_0_1.png,341,29,10,339,41,12,348,41,3,349,54,2,346,39,5
test_30_0_2.png,0,0,0,0,0,0,0,0,0,0,0,0,0,0,0
test_30_0_3.png,0,0,0,0,0,0,0,0,0,0,0,0,0,0,0
test_30_1_0.png,3406,219,692,3428,178,670,3446,174,652,3472,242,626,3448,174,650
test_30_1_1.png,786,22,91,782,16,95,768,28,109,794,25,83,784,22,93
test_30_1_2.png,0,0,0,0,0,0,0,0,0,0,0,0,0,0,0
test_30_1_3.png,0,0,0,0,0,0,0,0,0,0,0,0,0,0,0
test_30_2_0.png,1389,508,229,1447,500,171,1426,569,192,1469,465,149,1434,509,184
test_30_2_1.png,3484,219,389,3511,222,362,3440,275,433,3465,238,408,3462,211,411
test_30_2_2.png,4886,371,623,4967,417,542,4816,298,693,4813,469,696,4882,349,627
test_30_2_3.png,3978,572,474,4008,684,444,3863,646,589,3878,444,574,3936,554,516
test_30_3_0.png,3518,204,784,3602,203,700,3463,172,839,3480,119,822,3533,187,769
test_30_3_1.png,9837,377,1477,10440,686,874,10174,599,1140,10308,546,1006,10280,510,1034
test_30_3_2.png,11759,983,1078,11876,883,961,11719,871,1118,11772,882,1065,11818,873,1019
test_30_3_3.png,12883,782,1074,13025,836,932,12890,713,1067,13053,838,904,13001,771,956
test_31_0_0.png,6432,370,806,6481,342,757,6390,400,848,6361,355,877,6426,352,812
test_31_0_1.png,5445,497,457,5412,442,490,5437,521,465,5467,577,435,5446,492,456
test_31_0_2.png,0,0,0,0,0,0,0,0,0,0,0,0,0,0,0
test_31_0_3.png,8416,413,625,8401,496,640,8385,521,656,8449,520,592,8446,485,595
test_31_1_0.png,13941,879,4209,13782,951,4368,13916,914,4234,13340,763,4810,13876,825,4274
test_31_1_1.png,2750,34,693,2741,47,702,2806,34,637,2884,43,559,2786,39,657
test_31_1_2.png,614,32,26,609,32,31,625,31,15,621,31,19,622,33,18
test_31_1_3.png,3603,1738,191,3588,1697,206,3520,1644,274,3634,1720,160,3596,1693,198
test_31_2_0.png,44,648,1025,201,630,868,42,648,1027,103,650,966,49,637,1020
test_31_2_1.png,4587,224,277,4595,222,269,4546,210,318,4594,239,270,4600,220,264
test_31_2_2.png,4184,794,64,4183,903,65,4178,890,70,4181,984,67,4185,874,63
test_31_2_3.png,391,497,6,376,80,21,383,41,14,389,94,8,386,120,11
test_31_3_0.png,9234,366,1372,9455,601,1151,9283,359,1323,9450,459,1156,9364,408,1242
test_31_3_1.png,2916,64,1658,2932,69,1642,2821,48,1753,2903,63,1671,2906,49,1668
test_31_3_2.png,2389,81,151,2410,90,130,2415,94,125,2358,68,182,2396,79,144
test_31_3_3.png,3246,56,800,3330,93,716,3366,88,680,3367,118,679,3318,77,728
test_32_0_0.png,0,0,0,0,0,0,0,0,0,0,0,0,0,0,0
test_32_0_1.png,0,0,0,0,0,0,0,0,0,0,0,0,0,0,0
test_32_0_2.png,452,11,13,427,2,38,446,63,19,442,21,23,449,15,16
test_32_0_3.png,1392,33,33,1383,34,42,1380,32,45,1378,29,47,1387,32,38
test_32_1_0.png,0,0,1498,0,0,1498,0,0,1498,0,0,1498,0,0,1498
test_32_1_1.png,0,0,0,0,0,0,0,0,0,0,0,0,0,0,0
test_32_1_2.png,0,0,0,0,0,0,0,0,0,0,2,0,0,0,0
test_32_1_3.png,0,0,0,0,0,0,0,0,0,0,0,0,0,0,0
test_32_2_0.png,0,0,667,0,0,667,0,0,667,0,0,667,0,0,667
test_32_2_1.png,1484,59,89,1518,38,55,1503,38,70,1507,63,66,1506,49,67
test_32_2_2.png,1,0,239,2,0,238,48,3,192,3,0,237,7,0,233
test_32_2_3.png,2963,239,427,3206,247,184,3196,209,194,2984,169,406,3150,200,240
test_32_3_0.png,0,0,0,0,0,0,0,0,0,0,0,0,0,0,0
test_32_3_1.png,0,0,0,0,0,0,0,0,0,0,0,0,0,0,0
test_32_3_2.png,353,42,3,354,55,2,350,42,6,340,42,16,354,44,2
test_32_3_3.png,6003,339,302,5993,295,312,6016,491,289,5966,362,339,6014,309,291
test_33_0_0.png,2156,60,452,2142,68,466,2146,41,462,2049,52,559,2117,50,491
test_33_0_1.png,0,0,0,0,0,0,0,9,0,0,181,0,0,0,0
test_33_0_2.png,0,0,0,0,0,0,0,0,0,0,122,0,0,0,0
test_33_0_3.png,0,0,0,0,0,0,0,0,0,0,0,0,0,0,0
test_33_1_0.png,0,46,0,0,0,0,0,132,0,0,0,0,0,6,0
test_33_1_1.png,0,0,0,0,0,0,0,0,0,0,0,0,0,0,0
test_33_1_2.png,9699,454,1029,9609,351,1119,9386,451,1342,9327,354,1401,9550,345,1178
test_33_1_3.png,5143,869,2112,6162,876,1093,4897,782,2358,5695,895,1560,5520,843,1735
test_33_2_0.png,0,0,0,0,0,0,0,0,0,0,0,0,0,0,0
test_33_2_1.png,1210,85,227,1193,102,244,1194,72,243,1186,68,251,1200,72,237
test_33_2_2.png,12031,846,520,11965,688,586,11881,805,670,11960,858,591,11985,782,566
test_33_2_3.png,17506,1202,969,17498,1205,977,17423,1142,1052,17315,1022,1160,17465,1076,1010
test_33_3_0.png,3423,304,962,3445,483,940,3462,542,923,3094,495,1291,3441,471,944
test_33_3_1.png,9390,387,1429,9350,429,1469,8178,648,2641,7936,675,2883,9430,457,1389
test_33_3_2.png,0,0,0,0,0,0,0,0,0,0,0,0,0,0,0
test_33_3_3.png,3068,127,642,3110,97,600,3042,241,668,3043,160,667,3051,138,659
test_34_0_0.png,15022,1246,1841,14825,928,2038,14435,1064,2428,14306,971,2557,14800,977,2063
test_34_0_1.png,10919,740,1790,11866,864,843,11607,790,1102,11034,1070,1675,11343,805,1366
test_34_0_2.png,857,75,378,907,39,328,666,55,569,739,34,496,859,42,376
test_34_0_3.png,0,0,0,0,0,0,0,0,0,0,0,0,0,0,0
test_34_1_0.png,5706,178,2052,5775,248,1983,5703,220,2055,5730,234,2028,5740,206,2018
test_34_1_1.png,10877,583,565,10786,593,656,10907,609,535,10742,572,700,10832,547,610
test_34_1_2.png,424,60,90,439,52,75,433,47,81,456,47,58,437,52,77
test_34_1_3.png,4897,221,137,4882,251,152,4818,200,216,4825,178,209,4859,199,175
test_34_2_0.png,5395,598,654,5299,1561,750,5396,987,653,5330,548,719,5373,790,676
test_34_2_1.png,15708,899,1945,16100,1006,1553,14667,910,2986,15290,1017,2363,15658,930,1995
test_34_2_2.png,11849,713,747,11855,803,741,11601,783,995,11803,847,793,11838,762,758
test_34_2_3.png,7901,530,821,8254,561,468,8376,665,346,8108,590,614,8260,567,462
test_34_3_0.png,3493,153,131,3491,105,133,3467,119,157,3485,114,139,3491,116,133
test_34_3_1.png,7186,1152,503,7039,1232,650,7344,1254,345,7320,1319,369,7313,1215,376
test_34_3_2.png,10104,802,280,10080,866,304,9756,380,628,10043,421,341,10070,669,314
test_34_3_3.png,17069,900,616,17124,1095,561,16919,918,766,17059,919,626,17030,901,655
test_35_0_0.png,0,0,0,0,0,0,0,0,0,0,0,0,0,0,0
test_35_0_1.png,0,0,0,0,0,0,0,0,0,0,0,0,0,0,0
test_35_0_2.png,0,0,0,0,0,0,0,0,0,0,0,0,0,0,0
test_35_0_3.png,10734,521,660,10792,516,602,10757,499,637,10662,458,732,10764,468,630
test_35_1_0.png,0,0,0,0,0,0,0,0,0,0,0,0,0,0,0
test_35_1_1.png,0,0,0,0,0,0,0,0,0,0,0,0,0,0,0
test_35_1_2.png,4824,481,133,4812,423,145,4740,377,217,4768,413,189,4807,412,150
test_35_1_3.png,16445,1432,411,16328,1199,528,16419,1382,437,16435,1598,421,16404,1368,452
test_35_2_0.png,0,0,0,0,0,0,0,0,0,0,0,0,0,0,0
test_35_2_1.png,6918,440,329,6821,397,426,6796,392,451,6812,398,435,6819,375,428
test_35_2_2.png,16689,1072,854,16594,1037,949,16686,1096,857,16614,1154,929,16676,1072,867
test_35_2_3.png,10653,872,368,10627,873,394,10641,911,380,10669,954,352,10651,890,370
test_35_3_0.png,0,0,0,0,0,0,0,0,0,0,0,0,0,0,0
test_35_3_1.png,8592,617,447,8555,513,484,8499,511,540,8371,484,668,8526,519,513
test_35_3_2.png,14132,1043,762,14081,1036,813,14142,1052,752,14093,960,801,14125,993,769
test_35_3_3.png,8289,793,701,8278,726,712,8165,665,825,8245,665,745,8273,679,717
test_36_0_0.png,0,0,0,0,0,0,0,0,0,0,0,0,0,0,0
test_36_0_1.png,0,0,0,0,0,0,0,0,0,0,0,0,0,0,0
test_36_0_2.png,0,0,0,0,0,0,0,0,0,0,0,0,0,0,0
test_36_0_3.png,0,0,0,0,0,0,0,0,0,0,0,0,0,0,0
test_36_1_0.png,0,0,0,0,0,0,0,0,0,0,0,0,0,0,0
test_36_1_1.png,0,0,0,0,0,0,0,0,0,0,0,0,0,0,0
test_36_1_2.png,0,0,0,0,0,0,0,0,0,0,0,0,0,0,0
test_36_1_3.png,0,0,0,0,0,0,0,0,0,0,0,0,0,0,0
test_36_2_0.png,0,0,0,0,0,0,0,0,0,0,0,0,0,0,0
test_36_2_1.png,0,0,0,0,0,0,0,0,0,0,0,0,0,0,0
test_36_2_2.png,0,0,0,0,0,0,0,0,0,0,0,0,0,0,0
test_36_2_3.png,248,14,4,247,19,5,252,35,0,246,15,6,248,13,4
test_36_3_0.png,0,0,0,0,0,0,0,0,0,0,0,0,0,0,0
test_36_3_1.png,0,277,0,0,251,0,0,266,0,0,248,0,0,262,0
test_36_3_2.png,3474,334,273,3545,376,202,3480,324,267,3476,313,271,3492,317,255
test_36_3_3.png,12064,1158,502,12060,1021,506,12089,1108,477,12047,1004,519,12066,1063,500
test_37_0_0.png,15912,2305,742,15913,2330,741,15833,2277,821,15731,2303,923,15883,2243,771
test_37_0_1.png,5909,811,469,5952,724,426,5786,652,592,5773,727,605,5863,692,515
test_37_0_2.png,3950,853,984,3967,759,967,3898,816,1036,3924,768,1010,3956,762,978
test_37_0_3.png,0,0,0,0,0,0,0,0,0,0,0,0,0,0,0
test_37_1_0.png,15572,2032,1083,15404,1895,1251,15479,2211,1176,15170,1690,1485,15464,1921,1191
test_37_1_1.png,11840,1627,1520,11482,1521,1878,11730,1616,1630,11726,1716,1634,11738,1594,1622
test_37_1_2.png,4546,502,846,4364,473,1028,4404,465,988,4387,420,1005,4449,460,943
test_37_1_3.png,0,0,0,0,0,0,0,0,0,0,0,0,0,0,0
test_37_2_0.png,4134,605,267,4099,556,302,4119,600,282,4100,664,301,4123,570,278
test_37_2_1.png,0,0,0,0,0,0,0,0,0,0,0,0,0,0,0
test_37_2_2.png,0,0,312,0,0,312,0,0,312,0,0,312,0,0,312
test_37_2_3.png,0,0,0,0,0,0,0,0,0,0,0,0,0,0,0
test_37_3_0.png,0,0,0,0,0,0,0,0,0,0,0,0,0,0,0
test_37_3_1.png,0,0,0,0,0,0,0,0,0,0,0,0,0,0,0
test_37_3_2.png,0,0,0,0,0,0,0,0,0,0,0,0,0,0,0
test_37_3_3.png,0,0,0,0,0,0,0,0,0,0,0,0,0,0,0
test_38_0_0.png,4030,283,237,4088,326,179,4040,228,227,4011,215,256,4055,233,212
test_38_0_1.png,8039,626,366,8132,837,273,8131,706,274,8074,731,331,8142,689,263
test_38_0_2.png,9083,643,542,9023,634,602,8919,547,706,8926,551,699,8998,577,627
test_38_0_3.png,15069,1264,734,14970,1153,833,14990,1148,813,14963,1177,840,15024,1163,779
test_38_1_0.png,13177,959,625,13143,884,659,13152,956,650,13026,858,776,13142,903,660
test_38_1_1.png,10540,1010,849,10490,944,899,10438,926,951,10224,867,1165,10464,923,925
test_38_1_2.png,10361,721,479,10340,787,500,10390,1028,450,10412,919,428,10403,824,437
test_38_1_3.png,7000,581,334,6992,574,342,6848,491,486,6945,564,389,6967,545,367
test_38_2_0.png,962,67,83,978,69,67,983,68,62,935,60,110,968,64,77
test_38_2_1.png,2011,97,179,2032,123,158,1968,93,222,1971,98,219,2003,99,187
test_38_2_2.png,12149,871,577,12106,847,620,12023,819,703,12087,762,639,12105,807,621
test_38_2_3.png,14664,795,654,14631,831,687,14620,874,698,14707,917,611,14676,824,642
test_38_3_0.png,0,0,0,0,0,0,0,17,0,0,4,0,0,0,0
test_38_3_1.png,0,0,0,0,0,0,0,0,0,0,0,0,0,0,0
test_38_3_2.png,9205,785,783,9260,841,728,9135,691,853,9229,717,759,9216,758,772
test_38_3_3.png,14496,1022,784,14384,946,896,14431,1134,849,14475,1104,805,14461,1035,819
test_39_0_0.png,0,0,0,0,0,0,0,0,0,0,0,0,0,0,0
test_39_0_1.png,0,0,0,0,0,0,0,0,0,0,0,0,0,0,0
test_39_0_2.png,0,0,0,0,0,0,0,0,0,0,0,0,0,0,0
test_39_0_3.png,0,0,308,0,0,308,0,0,308,0,0,308,0,0,308
test_39_1_0.png,0,0,0,0,0,0,0,0,0,0,0,0,0,0,0
test_39_1_1.png,0,0,0,0,0,0,0,0,0,0,0,0,0,0,0
test_39_1_2.png,0,0,0,0,0,0,0,0,0,0,0,0,0,0,0
test_39_1_3.png,0,0,0,0,0,0,0,0,0,0,0,0,0,0,0
test_39_2_0.png,0,0,0,0,0,0,0,0,0,0,0,0,0,0,0
test_39_2_1.png,4155,329,125,4091,407,189,4077,313,203,4062,261,218,4137,305,143
test_39_2_2.png,1204,44,193,1271,40,126,1222,32,175,1210,23,187,1228,29,169
test_39_2_3.png,0,0,0,0,0,0,0,0,0,0,0,0,0,0,0
test_39_3_0.png,12588,1319,983,12399,1284,1172,12706,1703,865,12438,1461,1133,12597,1361,974
test_39_3_1.png,18661,1693,1230,18448,2830,1443,18539,2163,1352,18087,2537,1804,18469,2269,1422
test_39_3_2.png,12023,1035,944,11840,881,1127,11922,950,1045,11617,648,1350,11887,840,1080
test_39_3_3.png,0,0,0,0,0,0,0,0,0,0,0,0,0,0,0
test_3_0_0.png,0,0,382,0,0,382,0,0,382,0,0,382,0,0,382
test_3_0_1.png,0,0,0,0,0,0,0,0,0,0,0,0,0,0,0
test_3_0_2.png,0,0,0,0,0,0,0,0,0,0,0,0,0,0,0
test_3_0_3.png,0,0,0,0,0,0,0,0,0,0,0,0,0,0,0
test_3_1_0.png,0,0,460,0,0,460,0,0,460,0,0,460,0,0,460
test_3_1_1.png,0,0,0,0,0,0,0,0,0,0,0,0,0,0,0
test_3_1_2.png,0,0,0,0,0,0,0,0,0,0,0,0,0,0,0
test_3_1_3.png,0,0,0,0,0,0,0,0,0,0,0,0,0,0,0
test_3_2_0.png,0,194,0,0,190,0,0,196,0,0,196,0,0,194,0
test_3_2_1.png,0,0,0,0,0,0,0,0,0,0,0,0,0,0,0
test_3_2_2.png,0,0,0,0,0,0,0,0,0,0,0,0,0,0,0
test_3_2_3.png,423,48,25,413,45,35,414,50,34,417,28,31,419,48,29
test_3_3_0.png,614,18,27,611,20,30,610,18,31,609,15,32,614,17,27
test_3_3_1.png,1612,76,121,1599,72,134,1581,76,152,1598,67,135,1597,68,136
test_3_3_2.png,2002,103,38,1999,118,41,1986,126,54,1974,115,66,1996,105,44
test_3_3_3.png,1542,290,50,1349,164,243,1236,197,356,1368,190,224,1396,198,196
test_40_0_0.png,21,334,109,0,339,130,0,327,130,0,310,130,0,330,130
test_40_0_1.png,13623,692,799,13646,659,776,13723,757,699,13604,677,818,13657,682,765
test_40_0_2.png,9316,564,468,9273,523,511,9264,528,520,9228,462,556,9282,492,502
test_40_0_3.png,0,0,64,0,0,64,0,0,64,0,0,64,0,0,64
test_40_1_0.png,0,167,569,565,225,4,561,240,8,505,116,64,553,191,16
test_40_1_1.png,0,0,0,0,0,0,0,0,0,0,0,0,0,0,0
test_40_1_2.png,0,0,0,0,0,0,0,0,0,0,0,0,0,0,0
test_40_1_3.png,0,0,0,0,0,0,0,0,0,0,0,0,0,0,0
test_40_2_0.png,0,0,0,0,0,0,0,0,0,0,0,0,0,0,0
test_40_2_1.png,0,0,0,0,0,0,0,0,0,0,0,0,0,0,0
test_40_2_2.png,0,0,0,0,0,0,0,0,0,0,0,0,0,0,0
test_40_2_3.png,0,0,0,0,0,0,0,0,0,0,0,0,0,0,0
test_40_3_0.png,0,0,0,0,0,0,0,0,0,0,0,0,0,0,0
test_40_3_1.png,0,0,0,0,0,0,0,0,0,0,0,0,0,0,0
test_40_3_2.png,0,0,0,0,0,0,0,0,0,0,0,0,0,0,0
test_40_3_3.png,0,0,0,0,0,0,0,0,0,0,0,0,0,0,0
test_41_0_0.png,0,0,0,0,0,0,0,0,0,0,0,0,0,0,0
test_41_0_1.png,0,0,0,0,0,0,0,0,0,0,0,0,0,0,0
test_41_0_2.png,6105,123,602,6153,123,554,6220,138,487,6240,158,467,6197,123,510
test_41_0_3.png,5582,330,318,5617,321,283,5568,262,332,5623,291,277,5604,284,296
test_41_1_0.png,0,0,0,0,0,0,0,0,0,0,0,0,0,0,0
test_41_1_1.png,0,0,0,0,0,0,0,0,0,0,0,0,0,0,0
test_41_1_2.png,1726,212,77,1725,230,78,1714,208,89,1733,273,70,1731,229,72
test_41_1_3.png,13260,716,637,13293,775,604,13368,962,529,13316,811,581,13327,771,570
test_41_2_0.png,0,0,0,0,0,0,0,0,0,0,0,0,0,0,0
test_41_2_1.png,3117,130,462,3161,217,418,3158,179,421,3178,171,401,3167,179,412
test_41_2_2.png,16591,878,973,16598,856,966,16656,1093,908,16547,901,1017,16621,896,943
test_41_2_3.png,20035,1162,1013,19817,990,1231,19960,1180,1088,19828,1021,1220,19939,1059,1109
test_41_3_0.png,7493,431,592,7550,418,535,7678,451,407,7494,373,591,7544,406,541
test_41_3_1.png,15012,1167,804,15005,1209,811,14994,1220,822,14908,1120,908,15011,1141,805
test_41_3_2.png,20549,963,928,20496,996,981,20600,1075,877,20542,969,935,20567,948,910
test_41_3_3.png,19697,799,1218,19775,840,1140,19806,966,1109,19899,995,1016,19824,878,1091
test_42_0_0.png,507,29,472,545,50,434,557,34,422,530,28,449,541,32,438
test_42_0_1.png,0,0,0,0,0,0,0,0,0,0,0,0,0,0,0
test_42_0_2.png,0,0,0,0,0,0,0,0,0,0,0,0,0,0,0
test_42_0_3.png,0,0,0,0,0,0,0,0,0,0,0,0,0,0,0
test_42_1_0.png,2592,98,209,2627,135,174,2621,143,180,2624,137,177,2618,127,183
test_42_1_1.png,1396,79,71,1398,77,69,1377,84,90,526,28,941,1374,71,93
test_42_1_2.png,0,0,0,0,0,0,0,0,0,0,0,0,0,0,0
test_42_1_3.png,6642,493,336,6670,568,308,6619,538,359,6554,393,424,6648,476,330
test_42_2_0.png,7662,866,343,7625,757,380,7548,713,457,7548,717,457,7610,744,395
test_42_2_1.png,4108,167,322,4120,158,310,4144,221,286,4079,150,351,4125,155,305
test_42_2_2.png,10597,799,481,10594,764,484,10610,879,468,10524,805,554,10600,796,478
test_42_2_3.png,15607,1403,756,15413,1192,950,15554,1334,809,15509,1321,854,15544,1263,819
test_42_3_0.png,0,0,0,0,0,0,0,0,0,0,0,0,0,0,0
test_42_3_1.png,0,0,0,0,0,0,0,0,0,0,0,0,0,0,0
test_42_3_2.png,619,21,76,600,10,95,618,20,77,632,31,63,619,20,76
test_42_3_3.png,1590,43,198,1533,28,255,1616,61,172,1589,39,199,1589,40,199
test_43_0_0.png,2181,118,174,2184,91,171,2188,107,167,2106,110,249,2183,100,172
test_43_0_1.png,2077,116,330,2019,102,388,2077,114,330,2092,119,315,2070,104,337
test_43_0_2.png,1810,79,283,1878,87,215,1788,65,305,1783,76,310,1811,77,282
test_43_0_3.png,2256,253,140,2264,262,132,2224,206,172,2233,198,163,2258,227,138
test_43_1_0.png,0,0,0,0,0,0,0,0,0,0,0,0,0,0,0
test_43_1_1.png,0,0,0,0,0,0,0,0,0,0,0,0,0,0,0
test_43_1_2.png,0,0,0,0,0,0,0,0,0,0,0,0,0,0,0
test_43_1_3.png,1852,84,21,1852,72,21,1858,81,15,1856,92,17,1855,80,18
test_43_2_0.png,0,0,0,0,0,0,0,0,0,0,0,0,0,0,0
test_43_2_1.png,0,0,0,0,0,0,0,0,0,0,0,0,0,0,0
test_43_2_2.png,0,0,0,0,0,0,0,0,0,0,0,0,0,0,0
test_43_2_3.png,567,73,20,579,86,8,564,66,23,582,102,5,574,82,13
test_43_3_0.png,0,0,0,0,0,0,0,0,0,0,0,0,0,0,0
test_43_3_1.png,4935,669,343,4890,649,388,5041,782,237,4964,725,314,4966,694,312
test_43_3_2.png,9717,1161,502,9625,1062,594,9716,1186,503,9731,1172,488,9729,1119,490
test_43_3_3.png,5703,668,514,5740,615,477,5821,655,396,5590,632,627,5781,627,436
test_44_0_0.png,0,0,0,0,0,0,0,0,0,0,0,0,0,0,0
test_44_0_1.png,0,0,0,0,0,0,0,0,0,0,0,0,0,0,0
test_44_0_2.png,0,0,0,0,0,0,0,0,0,0,0,0,0,0,0
test_44_0_3.png,556,32,36,563,33,29,568,32,24,559,25,33,561,27,31
test_44_1_0.png,0,0,0,0,0,0,0,0,0,0,0,0,0,0,0
test_44_1_1.png,0,0,0,0,0,0,0,0,0,0,0,0,0,0,0
test_44_1_2.png,0,0,0,0,0,0,0,0,0,0,0,0,0,0,0
test_44_1_3.png,1973,102,109,1986,111,96,1965,90,117,1984,107,98,1979,104,103
test_44_2_0.png,0,0,0,0,0,0,0,0,0,0,0,0,0,0,0
test_44_2_1.png,0,0,0,0,0,0,0,0,0,0,0,0,0,0,0
test_44_2_2.png,2465,314,196,2466,370,195,2473,385,188,2457,304,204,2473,340,188
test_44_2_3.png,14971,1252,804,14859,1069,916,14821,1072,954,14861,1105,914,14893,1114,882
test_44_3_0.png,0,0,0,0,0,0,0,0,0,0,0,0,0,0,0
test_44_3_1.png,0,0,0,0,0,0,0,0,0,0,0,0,0,0,0
test_44_3_2.png,0,0,0,0,0,0,0,0,0,0,0,0,0,0,0
test_44_3_3.png,9132,762,443,9134,699,441,9122,711,453,9134,807,441,9150,703,425
test_45_0_0.png,15197,1136,1124,15043,1090,1278,15338,1350,983,15204,1175,1117,15236,1153,1085
test_45_0_1.png,18381,2259,1025,18317,1945,1089,18333,2101,1073,18271,2153,1135,18328,2059,1078
test_45_0_2.png,16732,1635,1052,16517,1453,1267,16747,1706,1037,16597,1625,1187,16674,1593,1110
test_45_0_3.png,19305,2247,1274,18973,1858,1606,19108,2241,1471,18900,2048,1679,19116,2027,1463
test_45_1_0.png,17458,1666,1106,17369,1516,1195,17226,1401,1338,17337,1415,1227,17363,1451,1201
test_45_1_1.png,19123,1467,1297,18925,1196,1495,18986,1296,1434,19055,1483,1365,19047,1320,1373
test_45_1_2.png,20105,2203,850,20044,2109,911,20104,2231,851,20031,2163,924,20091,2114,864
test_45_1_3.png,17143,1790,995,16942,1608,1196,17085,1606,1053,17137,1813,1001,17108,1671,1030
test_45_2_0.png,5704,550,360,5517,583,547,5615,551,449,5667,524,397,5677,537,387
test_45_2_1.png,9630,588,787,9484,526,933,9558,513,859,9633,560,784,9600,539,817
test_45_2_2.png,18222,1662,1034,18078,1470,1178,18322,1703,934,18213,1696,1043,18247,1569,1009
test_45_2_3.png,19583,1641,1086,19587,1558,1082,19536,1617,1133,19590,1640,1079,19608,1574,1061
test_45_3_0.png,7990,789,494,7950,670,534,7900,572,584,7925,622,559,7965,657,519
test_45_3_1.png,10647,1120,511,10421,890,737,10512,961,646,10479,921,679,10536,957,622
test_45_3_2.png,13604,1247,957,13579,1290,982,13579,1053,982,13504,1066,1057,13624,1158,937
test_45_3_3.png,19350,1756,1397,19473,1816,1274,19316,1712,1431,19430,1867,1317,19426,1767,1321
test_46_0_0.png,18769,1731,814,18771,1574,812,18644,1460,939,18583,1474,1000,18713,1513,870
test_46_0_1.png,19537,1773,1158,19529,1791,1166,19314,1587,1381,19247,1626,1448,19436,1659,1259
test_46_0_2.png,8667,707,395,8649,662,413,8668,668,394,8610,618,452,8665,648,397
test_46_0_3.png,0,0,0,0,0,0,0,0,0,0,0,0,0,0,0
test_46_1_0.png,20301,1191,1039,20169,1128,1171,20153,1119,1187,20246,1112,1094,20244,1106,1096
test_46_1_1.png,18194,1765,965,18037,1478,1122,18011,1404,1148,17983,1500,1176,18084,1485,1075
test_46_1_2.png,9278,595,670,9251,575,697,9195,583,753,9229,619,719,9251,578,697
test_46_1_3.png,0,0,0,0,0,0,0,0,0,0,0,0,0,0,0
test_46_2_0.png,6086,375,386,5948,336,524,5896,295,576,5974,401,498,5982,324,490
test_46_2_1.png,7500,634,406,7391,529,515,7380,556,526,7418,616,488,7434,570,472
test_46_2_2.png,1292,201,131,1292,227,131,1227,188,196,1298,188,125,1292,208,131
test_46_2_3.png,0,0,0,0,0,0,0,0,0,0,0,0,0,0,0
test_46_3_0.png,3315,153,143,3295,486,163,3313,589,145,3288,425,170,3302,217,156
test_46_3_1.png,800,35,161,886,53,75,804,30,157,873,36,88,855,34,106
test_46_3_2.png,0,0,0,0,0,0,0,0,0,0,0,0,0,0,0
test_46_3_3.png,0,0,0,0,0,0,0,0,0,0,0,0,0,0,0
test_47_0_0.png,0,0,0,0,0,0,0,0,0,0,0,0,0,0,0
test_47_0_1.png,5192,305,226,5180,264,238,5177,256,241,5206,302,212,5190,269,228
test_47_0_2.png,0,0,0,0,0,0,0,0,0,0,0,0,0,0,0
test_47_0_3.png,5421,546,124,5393,501,152,5431,533,114,5419,495,126,5419,511,126
test_47_1_0.png,0,0,0,0,0,0,0,0,0,0,0,0,0,0,0
test_47_1_1.png,4785,250,346,4838,290,293,4790,308,341,4818,295,313,4816,288,315
test_47_1_2.png,14877,1074,747,14828,959,796,14878,1109,746,14943,1258,681,14912,1068,712
test_47_1_3.png,15646,1428,561,15624,1255,583,15660,1363,547,15692,1421,515,15700,1345,507
test_47_2_0.png,478,21,34,452,19,60,481,24,31,465,23,47,471,22,41
test_47_2_1.png,0,0,0,0,0,0,0,0,0,0,0,0,0,0,0
test_47_2_2.png,7897,608,993,7896,576,994,7941,668,949,7879,601,1011,7911,604,979
test_47_2_3.png,14647,1208,660,14563,1151,744,14575,1150,732,14477,1133,830,14582,1134,725
test_47_3_0.png,0,0,0,0,0,0,0,0,0,0,0,0,0,0,0
test_47_3_1.png,0,0,0,0,0,0,0,0,0,0,0,0,0,0,0
test_47_3_2.png,279,18,77,324,47,32,307,38,49,296,31,60,309,33,47
test_47_3_3.png,3403,225,1907,3725,223,1585,3587,196,1723,4117,282,1193,3628,204,1682
test_48_0_0.png,0,0,0,0,0,0,0,0,0,0,0,0,0,0,0
test_48_0_1.png,1890,42,463,2157,43,196,2178,55,175,1803,46,550,1938,41,415
test_48_0_2.png,22,0,564,425,2,161,0,0,586,0,0,586,8,0,578
test_48_0_3.png,4293,700,257,4274,716,276,4321,732,229,4271,653,279,4299,687,251
test_48_1_0.png,0,0,0,0,0,0,0,0,0,0,0,0,0,0,0
test_48_1_1.png,0,0,0,0,0,0,0,0,0,0,0,0,0,0,0
test_48_1_2.png,0,0,0,0,0,0,0,0,0,0,0,0,0,0,0
test_48_1_3.png,0,0,0,0,0,0,0,0,0,0,0,0,0,0,0
test_48_2_0.png,0,0,0,0,0,0,0,0,0,0,0,0,0,0,0
test_48_2_1.png,0,0,0,0,0,0,0,0,0,0,0,0,0,0,0
test_48_2_2.png,0,0,0,0,0,0,0,0,0,0,0,0,0,0,0
test_48_2_3.png,0,0,0,0,0,0,0,0,0,0,0,0,0,0,0
test_48_3_0.png,0,0,0,0,0,0,0,0,0,0,0,0,0,0,0
test_48_3_1.png,0,0,0,0,0,0,0,0,0,0,0,0,0,0,0
test_48_3_2.png,0,0,0,0,0,0,0,0,0,0,0,0,0,0,0
test_48_3_3.png,884,80,9,885,85,8,881,71,12,885,82,8,884,81,9
test_49_0_0.png,0,0,0,0,0,0,0,0,0,0,0,0,0,0,0
test_49_0_1.png,6724,731,416,6680,613,460,6693,669,447,6713,626,427,6700,615,440
test_49_0_2.png,11349,707,994,11056,490,1287,11304,553,1039,11112,572,1231,11220,572,1123
test_49_0_3.png,12674,957,1295,12467,767,1502,12423,796,1546,12349,705,1620,12452,767,1517
test_49_1_0.png,205,0,46,193,0,58,194,0,57,193,0,58,197,0,54
test_49_1_1.png,9342,544,424,9305,579,461,9316,541,450,9364,629,402,9343,553,423
test_49_1_2.png,14337,828,883,14226,785,994,14248,745,972,14178,731,1042,14270,761,950
test_49_1_3.png,11998,1267,535,11897,1101,636,11968,1142,565,11819,969,714,11942,1096,591
test_49_2_0.png,1641,17,130,1645,18,126,1636,16,135,1620,18,151,1637,19,134
test_49_2_1.png,6217,445,203,6198,385,222,6175,382,245,6149,377,271,6201,375,219
test_49_2_2.png,7920,504,489,7817,436,592,7865,400,544,7751,379,658,7854,438,555
test_49_2_3.png,8156,464,262,8135,485,283,8162,464,256,8160,452,258,8158,459,260
test_49_3_0.png,0,0,0,0,0,0,0,0,0,0,0,0,0,0,0
test_49_3_1.png,0,0,0,0,0,0,0,0,0,0,0,0,0,0,0
test_49_3_2.png,11112,352,847,11127,334,832,11053,311,906,11048,284,911,11092,308,867
test_49_3_3.png,17511,1434,856,17415,1447,952,17494,1581,873,17474,1609,893,17482,1476,885
test_4_0_0.png,324,25,18,327,34,15,326,18,16,330,34,12,329,26,13
test_4_0_1.png,205,32,265,209,35,261,208,38,262,207,38,263,207,36,263
test_4_0_2.png,351,39,66,352,43,65,354,42,63,362,29,55,353,38,64
test_4_0_3.png,0,0,0,0,0,0,0,0,0,0,0,0,0,0,0
test_4_1_0.png,0,0,0,0,0,0,0,0,0,0,0,0,0,0,0
test_4_1_1.png,0,0,0,0,0,0,0,0,0,0,0,0,0,0,0
test_4_1_2.png,0,0,0,0,0,0,0,0,0,0,0,0,0,0,0
test_4_1_3.png,0,0,0,0,0,0,0,0,0,0,0,0,0,0,0
test_4_2_0.png,0,0,0,0,0,0,0,0,0,0,0,0,0,0,0
test_4_2_1.png,0,0,0,0,0,0,0,0,0,0,0,0,0,0,0
test_4_2_2.png,0,0,0,0,0,0,0,0,0,0,0,0,0,0,0
test_4_2_3.png,0,0,0,0,0,0,0,0,0,0,0,0,0,0,0
test_4_3_0.png,0,0,0,0,0,0,0,0,0,0,0,0,0,0,0
test_4_3_1.png,1440,55,154,1430,50,164,1419,52,175,1430,50,164,1432,50,162
test_4_3_2.png,3407,250,244,3424,213,227,3414,209,237,3416,227,235,3416,222,235
test_4_3_3.png,5231,248,492,5267,266,456,5095,196,628,5183,207,540,5208,228,515
test_50_0_0.png,0,0,0,0,0,0,0,0,0,0,0,0,0,0,0
test_50_0_1.png,0,0,0,0,0,0,0,0,0,0,0,0,0,0,0
test_50_0_2.png,0,0,0,0,0,0,0,0,0,0,0,0,0,0,0
test_50_0_3.png,0,0,0,0,0,0,0,0,0,0,0,0,0,0,0
test_50_1_0.png,0,0,0,0,0,0,0,0,0,0,0,0,0,0,0
test_50_1_1.png,0,0,0,0,0,0,0,0,0,0,0,0,0,0,0
test_50_1_2.png,0,0,0,0,0,0,0,0,0,0,0,0,0,0,0
test_50_1_3.png,156,46,10,142,19,24,143,31,23,139,34,27,148,31,18
test_50_2_0.png,4270,566,203,4355,669,118,4278,433,195,4259,516,214,4333,553,140
test_50_2_1.png,1079,150,91,1084,139,86,1088,131,82,1072,138,98,1085,138,85
test_50_2_2.png,1066,63,33,1054,61,45,1066,54,33,1069,57,30,1066,57,33
test_50_2_3.png,3762,702,524,3779,691,507,3760,697,526,3707,675,579,3760,693,526
test_50_3_0.png,13765,728,940,13755,698,950,13770,791,935,13720,705,985,13794,695,911
test_50_3_1.png,17592,1670,1098,17383,1500,1307,17504,1494,1186,17309,1480,1381,17448,1476,1242
test_50_3_2.png,14454,1346,839,14483,1295,810,14483,1347,810,14521,1386,772,14487,1323,806
test_50_3_3.png,3768,371,83,3747,374,104,3694,277,157,3703,304,148,3730,318,121
test_51_0_0.png,6518,1535,374,6509,1530,383,6539,1534,353,6419,1417,473,6501,1486,391
test_51_0_1.png,0,0,0,0,0,0,0,0,0,0,0,0,0,0,0
test_51_0_2.png,0,0,0,0,0,0,0,0,0,0,0,0,0,0,0
test_51_0_3.png,0,0,0,0,0,0,0,0,0,0,0,0,0,0,0
test_51_1_0.png,0,0,47,0,0,47,0,0,47,0,0,47,0,0,47
test_51_1_1.png,0,0,0,0,0,0,0,0,0,0,0,0,0,0,0
test_51_1_2.png,0,0,0,0,0,0,0,0,0,0,0,0,0,0,0
test_51_1_3.png,0,0,0,0,0,0,0,0,0,0,0,0,0,0,0
test_51_2_0.png,0,0,0,0,0,0,0,0,0,0,0,0,0,0,0
test_51_2_1.png,0,0,0,0,0,0,0,0,0,0,0,0,0,0,0
test_51_2_2.png,0,0,0,0,0,0,0,0,0,0,0,0,0,0,0
test_51_2_3.png,0,0,0,0,0,0,0,0,0,0,0,0,0,0,0
test_51_3_0.png,0,0,0,0,0,0,0,0,0,0,0,0,0,0,0
test_51_3_1.png,0,0,0,0,0,0,0,0,0,0,0,0,0,0,0
test_51_3_2.png,0,0,0,0,0,0,0,0,0,0,0,0,0,0,0
test_51_3_3.png,0,0,0,0,0,0,0,0,0,0,0,0,0,0,0
test_52_0_0.png,0,0,0,0,0,0,0,0,0,0,0,0,0,0,0
test_52_0_1.png,0,0,0,0,0,0,0,0,0,0,0,0,0,0,0
test_52_0_2.png,0,0,0,0,0,0,0,0,0,0,0,0,0,0,0
test_52_0_3.png,0,0,0,0,0,0,0,0,0,0,0,0,0,0,0
test_52_1_0.png,0,0,0,0,0,0,0,0,0,0,0,0,0,0,0
test_52_1_1.png,0,0,0,0,0,0,0,0,0,0,0,0,0,0,0
test_52_1_2.png,0,0,0,0,0,0,0,0,0,0,0,0,0,0,0
test_52_1_3.png,0,0,0,0,0,0,0,0,0,0,0,0,0,0,0
test_52_2_0.png,9076,610,1237,9087,678,1226,9173,697,1140,9092,679,1221,9120,656,1193
test_52_2_1.png,2326,76,235,2297,63,264,2309,54,252,2299,49,262,2307,59,254
test_52_2_2.png,0,0,0,0,0,0,0,0,0,0,0,0,0,0,0
test_52_2_3.png,0,0,0,0,0,0,0,0,0,0,0,0,0,0,0
test_52_3_0.png,19897,1015,1240,19887,1055,1250,19996,1131,1141,19960,1161,1177,19939,1070,1198
test_52_3_1.png,7597,237,523,7681,262,439,7657,246,463,7604,244,516,7638,234,482
test_52_3_2.png,0,0,82,0,0,82,0,0,82,0,0,82,0,0,82
test_52_3_3.png,0,0,0,0,0,0,0,0,0,0,0,0,0,0,0
test_53_0_0.png,0,0,0,0,0,0,0,0,0,0,0,0,0,0,0
test_53_0_1.png,0,0,0,0,0,0,0,0,0,0,0,0,0,0,0
test_53_0_2.png,0,0,0,0,0,0,0,0,0,0,0,0,0,0,0
test_53_0_3.png,0,0,46,0,0,46,0,0,46,0,0,46,0,0,46
test_53_1_0.png,0,0,0,0,0,0,0,0,0,0,0,0,0,0,0
test_53_1_1.png,0,0,0,0,0,0,0,0,0,0,0,0,0,0,0
test_53_1_2.png,0,0,0,0,0,0,0,0,0,0,0,0,0,0,0
test_53_1_3.png,0,0,142,0,0,142,0,0,142,0,0,142,0,0,142
test_53_2_0.png,0,0,0,0,0,0,0,0,0,0,0,0,0,0,0
test_53_2_1.png,1636,74,61,1633,81,64,1632,60,65,1644,108,53,1644,77,53
test_53_2_2.png,0,0,0,0,0,0,0,0,0,0,0,0,0,0,0
test_53_2_3.png,0,0,0,0,0,0,0,0,0,0,0,0,0,0,0
test_53_3_0.png,948,4,92,958,13,82,946,6,94,951,6,89,950,5,90
test_53_3_1.png,4125,172,237,4121,182,241,4108,170,254,4105,175,257,4122,167,240
test_53_3_2.png,4070,143,310,4050,133,330,4063,135,317,4077,114,303,4074,124,306
test_53_3_3.png,0,0,0,0,0,0,0,0,0,0,0,0,0,0,0
test_54_0_0.png,6163,275,161,6151,190,173,6158,292,166,6125,208,199,6150,233,174
test_54_0_1.png,7228,304,188,6985,254,431,7217,288,199,6793,263,623,7166,271,250
test_54_0_2.png,1041,96,284,1065,17,260,1078,468,247,1063,478,262,1059,263,266
test_54_0_3.png,0,0,0,0,0,0,0,0,0,0,0,0,0,0,0
test_54_1_0.png,3638,393,88,3643,392,83,3648,367,78,3657,382,69,3649,377,77
test_54_1_1.png,6546,171,623,6533,168,636,6424,203,745,6540,256,629,6517,183,652
test_54_1_2.png,0,0,0,0,0,0,0,0,0,0,0,0,0,0,0
test_54_1_3.png,0,0,0,0,0,0,0,0,0,0,0,0,0,0,0
test_54_2_0.png,2296,612,29,2264,568,61,2294,659,31,2304,351,21,2294,572,31
test_54_2_1.png,0,0,0,0,0,0,0,0,0,0,0,0,0,0,0
test_54_2_2.png,0,0,0,0,0,0,0,0,0,0,0,0,0,0,0
test_54_2_3.png,0,0,0,0,0,0,0,0,0,0,0,0,0,0,0
test_54_3_0.png,2657,284,168,2346,276,479,2339,176,486,2335,198,490,2343,206,482
test_54_3_1.png,0,0,0,0,0,0,0,0,0,0,0,0,0,0,0
test_54_3_2.png,0,0,0,0,0,0,0,0,0,0,0,0,0,0,0
test_54_3_3.png,0,0,0,0,0,0,0,0,0,0,0,0,0,0,0
test_55_0_0.png,0,0,0,0,0,0,0,0,0,0,0,0,0,0,0
test_55_0_1.png,0,0,0,0,0,0,0,0,0,0,0,0,0,0,0
test_55_0_2.png,0,0,0,0,0,0,0,0,0,0,0,0,0,0,0
test_55_0_3.png,0,0,0,0,0,0,0,0,0,0,0,0,0,0,0
test_55_1_0.png,8372,526,273,8333,390,312,8336,397,309,8371,428,274,8375,421,270
test_55_1_1.png,3324,204,170,3335,230,159,3341,200,153,3372,226,122,3344,203,150
test_55_1_2.png,0,0,0,0,0,0,0,0,0,0,0,0,0,0,0
test_55_1_3.png,0,0,0,0,0,0,0,0,0,0,0,0,0,0,0
test_55_2_0.png,20024,1761,810,19934,1581,900,19950,1765,884,19991,1846,843,19970,1714,864
test_55_2_1.png,13056,1208,931,13218,1174,769,12847,974,1140,13087,1136,900,13082,1099,905
test_55_2_2.png,3208,178,220,3178,176,250,3194,177,234,3183,169,245,3203,170,225
test_55_2_3.png,0,0,0,0,80,0,0,0,0,0,0,0,0,0,0
test_55_3_0.png,11480,712,908,11499,669,889,11686,950,702,11587,852,801,11605,767,783
test_55_3_1.png,20077,1935,945,20006,1748,1016,19936,1641,1086,19929,1659,1093,19996,1732,1026
test_55_3_2.png,16482,1482,957,16453,1532,986,16368,1412,1071,16250,1574,1189,16439,1479,1000
test_55_3_3.png,13322,649,1057,13244,552,1135,13244,567,1135,13190,454,1189,13262,531,1117
test_56_0_0.png,0,0,0,0,0,0,0,0,0,0,0,0,0,0,0
test_56_0_1.png,0,0,0,0,0,0,0,0,0,0,0,0,0,0,0
test_56_0_2.png,0,0,0,0,0,0,0,0,0,0,0,0,0,0,0
test_56_0_3.png,955,131,45,961,240,39,960,156,40,976,158,24,961,159,39
test_56_1_0.png,0,0,0,0,0,0,0,0,0,0,0,0,0,0,0
test_56_1_1.png,0,0,0,0,0,0,0,0,0,0,0,0,0,0,0
test_56_1_2.png,0,0,0,0,0,0,0,0,0,0,0,0,0,0,0
test_56_1_3.png,0,0,0,0,0,0,0,0,0,0,0,0,0,0,0
test_56_2_0.png,0,0,0,0,0,0,0,0,0,0,0,0,0,0,0
test_56_2_1.png,1334,0,112,1319,0,127,1347,0,99,1338,0,108,1332,0,114
test_56_2_2.png,3616,127,325,3601,146,340,3623,110,318,3614,151,327,3608,132,333
test_56_2_3.png,0,0,0,0,0,0,0,0,0,0,0,0,0,0,0
test_56_3_0.png,0,0,0,0,0,0,0,0,0,0,0,0,0,0,0
test_56_3_1.png,1362,227,128,1337,1091,153,1205,510,285,1149,754,341,1280,675,210
test_56_3_2.png,0,0,8,0,0,8,0,0,8,0,0,8,0,0,8
test_56_3_3.png,0,0,0,0,0,0,0,0,0,0,0,0,0,0,0
test_57_0_0.png,576,12,237,501,27,312,370,0,443,450,7,363,441,9,372
test_57_0_1.png,7621,781,674,7594,774,701,7560,689,735,7633,796,662,7599,758,696
test_57_0_2.png,8088,693,635,8153,788,570,8138,819,585,8187,732,536,8130,715,593
test_57_0_3.png,0,0,0,0,0,0,0,0,0,0,0,0,0,0,0
test_57_1_0.png,0,0,0,0,0,0,0,0,0,0,0,0,0,0,0
test_57_1_1.png,0,0,0,0,0,0,0,0,0,0,0,0,0,0,0
test_57_1_2.png,0,0,0,0,0,0,0,0,0,0,0,0,0,0,0
test_57_1_3.png,0,0,0,0,0,0,0,0,0,0,0,0,0,0,0
test_57_2_0.png,0,0,119,0,0,119,0,0,119,0,0,119,0,0,119
test_57_2_1.png,0,0,0,0,0,0,0,0,0,0,0,0,0,0,0
test_57_2_2.png,0,0,0,0,0,0,0,0,0,0,0,0,0,0,0
test_57_2_3.png,0,0,0,0,0,0,0,0,0,0,0,0,0,0,0
test_57_3_0.png,0,0,976,180,27,796,210,42,766,258,50,718,213,34,763
test_57_3_1.png,189,36,47,3,0,233,147,45,89,0,0,236,36,15,200
test_57_3_2.png,0,0,0,0,0,0,0,0,0,0,0,0,0,0,0
test_57_3_3.png,0,0,0,0,0,0,0,0,0,0,0,0,0,0,0
test_58_0_0.png,506,824,33,502,807,37,524,828,15,528,824,11,519,822,20
test_58_0_1.png,0,0,0,0,0,0,0,0,0,0,0,0,0,0,0
test_58_0_2.png,0,0,0,0,0,0,0,0,0,0,0,0,0,0,0
test_58_0_3.png,0,0,0,0,0,0,0,0,0,0,0,0,0,0,0
test_58_1_0.png,0,0,0,0,0,0,0,0,0,0,0,0,0,0,0
test_58_1_1.png,0,0,0,0,0,0,0,0,0,0,0,0,0,0,0
test_58_1_2.png,0,0,0,0,0,0,0,0,0,0,0,0,0,0,0
test_58_1_3.png,0,0,0,0,0,0,0,0,0,0,0,0,0,0,0
test_58_2_0.png,0,0,0,0,0,0,0,0,0,0,0,0,0,0,0
test_58_2_1.png,0,0,0,0,0,0,0,0,0,0,0,0,0,0,0
test_58_2_2.png,0,0,0,0,0,0,0,0,0,0,0,0,0,0,0
test_58_2_3.png,0,0,0,0,0,0,0,0,0,0,0,0,0,0,0
test_58_3_0.png,0,0,0,0,0,0,0,0,0,0,0,0,0,0,0
test_58_3_1.png,0,0,0,0,0,0,0,0,0,0,0,0,0,0,0
test_58_3_2.png,0,0,0,0,0,0,0,0,0,0,0,0,0,0,0
test_58_3_3.png,0,0,0,0,0,0,0,0,0,0,0,0,0,0,0
test_59_0_0.png,0,0,0,0,0,0,0,0,0,0,0,0,0,0,0
test_59_0_1.png,0,0,0,0,0,0,0,0,0,0,0,0,0,0,0
test_59_0_2.png,0,0,0,0,0,0,0,0,0,0,0,0,0,0,0
test_59_0_3.png,0,0,0,0,0,0,0,0,0,0,0,0,0,0,0
test_59_1_0.png,0,0,0,0,0,0,0,0,0,0,0,0,0,0,0
test_59_1_1.png,0,0,0,0,0,0,0,0,0,0,0,0,0,0,0
test_59_1_2.png,0,0,0,0,1,0,0,0,0,0,0,0,0,0,0
test_59_1_3.png,0,0,0,0,0,0,0,0,0,0,0,0,0,0,0
test_59_2_0.png,0,0,0,0,0,0,0,0,0,0,0,0,0,0,0
test_59_2_1.png,0,0,0,0,0,0,0,0,0,0,0,0,0,0,0
test_59_2_2.png,0,0,0,0,0,0,0,0,0,0,0,0,0,0,0
test_59_2_3.png,0,0,0,0,0,0,0,0,0,0,0,0,0,0,0
test_59_3_0.png,0,0,0,0,0,0,0,0,0,0,0,0,0,0,0
test_59_3_1.png,0,0,0,0,0,0,0,0,0,0,0,0,0,0,0
test_59_3_2.png,0,0,230,0,0,230,0,0,230,0,0,230,0,0,230
test_59_3_3.png,0,0,0,0,0,0,0,0,0,0,0,0,0,0,0
test_5_0_0.png,0,0,0,0,0,0,0,0,0,0,0,0,0,0,0
test_5_0_1.png,0,0,0,0,0,0,0,0,0,0,0,0,0,0,0
test_5_0_2.png,0,0,0,0,0,0,0,0,0,0,0,0,0,0,0
test_5_0_3.png,0,0,0,0,0,0,0,0,0,0,0,0,0,0,0
test_5_1_0.png,0,0,0,0,0,0,0,0,0,0,0,0,0,0,0
test_5_1_1.png,0,0,0,0,0,0,0,0,0,0,0,0,0,0,0
test_5_1_2.png,0,0,0,0,0,0,0,0,0,0,0,0,0,0,0
test_5_1_3.png,0,0,0,0,0,0,0,0,0,0,0,0,0,0,0
test_5_2_0.png,0,0,0,0,0,0,0,0,0,0,0,0,0,0,0
test_5_2_1.png,0,0,0,0,0,0,0,0,0,0,0,0,0,0,0
test_5_2_2.png,77,1,45,0,0,122,74,0,48,98,8,24,76,0,46
test_5_2_3.png,4993,256,436,5024,300,405,4985,296,444,5009,264,420,5007,279,422
test_5_3_0.png,0,0,0,0,0,0,0,0,0,0,0,0,0,0,0
test_5_3_1.png,0,0,0,0,0,0,0,0,0,0,0,0,0,0,0
test_5_3_2.png,2039,102,54,2041,107,52,2005,105,88,2026,112,67,2031,103,62
test_5_3_3.png,4657,271,271,4656,292,272,4643,266,285,4630,230,298,4647,269,281
test_60_0_0.png,0,0,0,0,0,0,0,0,0,0,0,0,0,0,0
test_60_0_1.png,0,0,0,0,0,0,0,0,0,0,0,0,0,0,0
test_60_0_2.png,0,0,0,0,0,0,0,0,0,0,0,0,0,0,0
test_60_0_3.png,0,0,0,0,0,0,0,0,0,0,0,0,0,0,0
test_60_1_0.png,0,0,0,0,0,0,0,0,0,0,0,0,0,0,0
test_60_1_1.png,0,0,0,0,0,0,0,0,0,0,0,0,0,0,0
test_60_1_2.png,0,0,0,0,0,0,0,0,0,0,0,0,0,0,0
test_60_1_3.png,0,0,0,0,0,0,0,0,0,0,0,0,0,0,0
test_60_2_0.png,0,0,0,0,0,0,0,0,0,0,0,0,0,0,0
test_60_2_1.png,0,0,0,0,0,0,0,0,0,0,0,0,0,0,0
test_60_2_2.png,0,0,0,0,0,0,0,0,0,0,0,0,0,0,0
test_60_2_3.png,0,0,0,0,0,0,0,0,0,0,0,0,0,0,0
test_60_3_0.png,0,0,0,0,0,0,0,0,0,0,0,0,0,0,0
test_60_3_1.png,0,0,0,0,0,0,0,0,0,0,0,0,0,0,0
test_60_3_2.png,0,0,0,0,0,0,0,0,0,0,0,0,0,0,0
test_60_3_3.png,0,0,0,0,0,0,0,0,0,0,0,0,0,0,0
test_61_0_0.png,0,0,0,0,0,0,0,0,0,0,0,0,0,0,0
test_61_0_1.png,0,0,0,0,0,0,0,0,0,0,0,0,0,0,0
test_61_0_2.png,0,0,0,0,0,0,0,0,0,0,0,0,0,0,0
test_61_0_3.png,0,0,0,0,0,0,0,0,0,0,0,0,0,0,0
test_61_1_0.png,0,0,0,0,0,0,0,0,0,0,0,0,0,0,0
test_61_1_1.png,0,0,0,0,0,0,0,0,0,0,0,0,0,0,0
test_61_1_2.png,0,0,0,0,0,0,0,0,0,0,0,0,0,0,0
test_61_1_3.png,0,0,185,0,0,185,0,0,185,0,0,185,0,0,185
test_61_2_0.png,0,0,0,0,0,0,0,0,0,0,0,0,0,0,0
test_61_2_1.png,0,0,0,0,0,0,0,0,0,0,0,0,0,0,0
test_61_2_2.png,0,0,0,0,0,0,0,0,0,0,0,0,0,0,0
test_61_2_3.png,0,0,0,0,0,0,0,0,0,0,0,0,0,0,0
test_61_3_0.png,0,0,0,0,0,0,0,0,0,0,0,0,0,0,0
test_61_3_1.png,0,0,0,0,0,0,0,0,0,0,0,0,0,0,0
test_61_3_2.png,0,0,0,0,0,0,0,0,0,0,0,0,0,0,0
test_61_3_3.png,0,0,0,0,0,0,0,0,0,0,0,0,0,0,0
test_62_0_0.png,0,0,0,0,0,0,0,0,0,0,0,0,0,0,0
test_62_0_1.png,0,0,0,0,0,0,0,0,0,0,0,0,0,0,0
test_62_0_2.png,0,0,0,0,0,0,0,0,0,0,0,0,0,0,0
test_62_0_3.png,0,0,0,0,0,0,0,0,0,0,0,0,0,0,0
test_62_1_0.png,0,0,0,0,0,0,0,0,0,0,0,0,0,0,0
test_62_1_1.png,0,0,0,0,0,0,0,0,0,0,0,0,0,0,0
test_62_1_2.png,0,0,0,0,0,0,0,0,0,0,0,0,0,0,0
test_62_1_3.png,0,0,0,0,0,0,0,0,0,0,0,0,0,0,0
test_62_2_0.png,0,0,0,0,0,0,0,0,0,0,0,0,0,0,0
test_62_2_1.png,0,0,0,0,0,0,0,0,0,0,0,0,0,0,0
test_62_2_2.png,0,0,0,0,0,0,0,0,0,0,0,0,0,0,0
test_62_2_3.png,0,0,0,0,0,0,0,0,0,0,0,0,0,0,0
test_62_3_0.png,0,0,0,0,0,0,0,0,0,0,0,0,0,0,0
test_62_3_1.png,0,0,0,0,0,0,0,0,0,0,0,0,0,0,0
test_62_3_2.png,0,0,0,0,0,0,0,0,0,0,0,0,0,0,0
test_62_3_3.png,0,0,0,0,0,0,0,0,0,0,0,0,0,0,0
test_63_0_0.png,0,0,0,0,0,0,0,0,0,0,0,0,0,0,0
test_63_0_1.png,0,0,0,0,0,0,0,0,0,0,0,0,0,0,0
test_63_0_2.png,0,0,0,0,0,0,0,0,0,0,0,0,0,0,0
test_63_0_3.png,0,0,0,0,0,0,0,0,0,0,0,0,0,0,0
test_63_1_0.png,0,0,262,0,0,262,0,0,262,0,0,262,0,0,262
test_63_1_1.png,0,0,0,0,0,0,0,0,0,0,0,0,0,0,0
test_63_1_2.png,0,0,0,0,0,0,0,0,0,0,0,0,0,0,0
test_63_1_3.png,0,0,0,0,0,0,0,0,0,0,0,0,0,0,0
test_63_2_0.png,0,0,0,0,0,0,0,0,0,0,0,0,0,0,0
test_63_2_1.png,0,0,0,0,0,0,0,0,0,0,0,0,0,0,0
test_63_2_2.png,0,0,0,0,0,0,0,0,0,0,0,0,0,0,0
test_63_2_3.png,0,0,0,0,0,0,0,0,0,0,0,0,0,0,0
test_63_3_0.png,0,0,0,0,0,0,0,0,0,0,0,0,0,0,0
test_63_3_1.png,0,0,0,0,0,0,0,0,0,0,0,0,0,0,0
test_63_3_2.png,0,0,0,0,0,0,0,0,0,0,0,0,0,0,0
test_63_3_3.png,0,0,0,0,0,0,0,0,0,0,0,0,0,0,0
test_64_0_0.png,0,0,0,0,0,0,0,0,0,0,0,0,0,0,0
test_64_0_1.png,0,0,0,0,0,0,0,0,0,0,0,0,0,0,0
test_64_0_2.png,0,0,0,0,0,0,0,0,0,0,0,0,0,0,0
test_64_0_3.png,0,0,0,0,0,0,0,0,0,0,0,0,0,0,0
test_64_1_0.png,0,0,0,0,0,0,0,0,0,0,0,0,0,0,0
test_64_1_1.png,0,0,0,0,0,0,0,0,0,0,0,0,0,0,0
test_64_1_2.png,0,0,0,0,0,0,0,0,0,0,0,0,0,0,0
test_64_1_3.png,0,0,0,0,0,0,0,0,0,0,0,0,0,0,0
test_64_2_0.png,0,0,0,0,0,0,0,0,0,0,0,0,0,0,0
test_64_2_1.png,0,0,0,0,0,0,0,0,0,0,0,0,0,0,0
test_64_2_2.png,0,0,0,0,0,0,0,0,0,0,0,0,0,0,0
test_64_2_3.png,0,0,0,0,0,0,0,0,0,0,0,0,0,0,0
test_64_3_0.png,0,0,0,0,0,0,0,0,0,0,0,0,0,0,0
test_64_3_1.png,0,0,0,0,0,0,0,0,0,0,0,0,0,0,0
test_64_3_2.png,0,0,0,0,0,0,0,0,0,0,0,0,0,0,0
test_64_3_3.png,0,0,0,0,0,0,0,0,0,0,0,0,0,0,0
test_65_0_0.png,0,0,0,0,0,0,0,0,0,0,0,0,0,0,0
test_65_0_1.png,0,0,0,0,0,0,0,0,0,0,0,0,0,0,0
test_65_0_2.png,0,0,0,0,0,0,0,0,0,0,0,0,0,0,0
test_65_0_3.png,0,0,0,0,0,0,0,0,0,0,0,0,0,0,0
test_65_1_0.png,0,0,0,0,0,0,0,0,0,0,0,0,0,0,0
test_65_1_1.png,0,0,0,0,0,0,0,0,0,0,0,0,0,0,0
test_65_1_2.png,0,0,0,0,0,0,0,0,0,0,0,0,0,0,0
test_65_1_3.png,0,0,0,0,0,0,0,0,0,0,0,0,0,0,0
test_65_2_0.png,0,0,0,0,0,0,0,0,0,0,0,0,0,0,0
test_65_2_1.png,0,0,0,0,0,0,0,0,0,0,0,0,0,0,0
test_65_2_2.png,0,0,0,0,0,0,0,0,0,0,0,0,0,0,0
test_65_2_3.png,0,0,0,0,0,0,0,0,0,0,0,0,0,0,0
test_65_3_0.png,0,0,0,0,0,0,0,0,0,0,0,0,0,0,0
test_65_3_1.png,0,0,0,0,0,0,0,0,0,0,0,0,0,0,0
test_65_3_2.png,0,0,0,0,0,0,0,0,0,0,0,0,0,0,0
test_65_3_3.png,0,0,0,0,0,0,0,0,0,0,0,0,0,0,0
test_66_0_0.png,0,0,0,0,0,0,0,0,0,0,0,0,0,0,0
test_66_0_1.png,0,0,0,0,0,0,0,0,0,0,0,0,0,0,0
test_66_0_2.png,0,0,0,0,0,0,0,0,0,0,0,0,0,0,0
test_66_0_3.png,0,0,0,0,0,0,0,0,0,0,0,0,0,0,0
test_66_1_0.png,0,0,0,0,0,0,0,0,0,0,0,0,0,0,0
test_66_1_1.png,0,0,0,0,0,0,0,0,0,0,0,0,0,0,0
test_66_1_2.png,0,0,0,0,0,0,0,0,0,0,0,0,0,0,0
test_66_1_3.png,0,0,0,0,0,0,0,0,0,0,0,0,0,0,0
test_66_2_0.png,0,0,0,0,0,0,0,0,0,0,0,0,0,0,0
test_66_2_1.png,0,0,0,0,0,0,0,0,0,0,0,0,0,0,0
test_66_2_2.png,0,0,0,0,0,0,0,0,0,0,0,0,0,0,0
test_66_2_3.png,0,0,0,0,0,0,0,0,0,0,0,0,0,0,0
test_66_3_0.png,0,0,0,0,0,0,0,0,0,0,0,0,0,0,0
test_66_3_1.png,0,0,0,0,0,0,0,0,0,0,0,0,0,0,0
test_66_3_2.png,0,0,0,0,0,0,0,0,0,0,0,0,0,0,0
test_66_3_3.png,0,0,0,0,0,0,0,0,0,0,0,0,0,0,0
test_67_0_0.png,0,0,0,0,0,0,0,0,0,0,0,0,0,0,0
test_67_0_1.png,0,0,0,0,0,0,0,0,0,0,0,0,0,0,0
test_67_0_2.png,3376,501,67,3271,497,172,3351,512,92,3365,523,78,3375,494,68
test_67_0_3.png,16379,1452,740,16388,1356,731,16416,1363,703,16323,1373,796,16395,1340,724
test_67_1_0.png,0,0,803,12,0,791,371,1,432,9,0,794,9,0,794
test_67_1_1.png,0,0,0,0,0,0,0,0,0,0,0,0,0,0,0
test_67_1_2.png,3103,198,181,2926,146,358,3063,167,221,2925,171,359,3023,160,261
test_67_1_3.png,5984,435,184,5844,297,324,5584,351,584,5639,394,529,5780,350,388
test_67_2_0.png,386,25,246,388,14,244,382,17,250,386,11,246,385,19,247
test_67_2_1.png,0,0,0,0,0,0,0,0,0,0,0,0,0,0,0
test_67_2_2.png,6187,620,105,6188,604,104,6145,635,147,6113,587,179,6177,602,115
test_67_2_3.png,13419,1649,249,13373,1480,295,13360,1570,308,13371,1518,297,13400,1553,268
test_67_3_0.png,931,66,10,927,65,14,922,62,19,934,74,7,929,69,12
test_67_3_1.png,0,0,0,0,0,0,0,0,0,0,0,0,0,0,0
test_67_3_2.png,0,0,0,0,0,0,0,0,0,0,0,0,0,0,0
test_67_3_3.png,203,3,11,205,5,9,205,20,9,204,17,10,204,7,10
test_68_0_0.png,12407,991,557,12540,1062,424,12401,966,563,12485,1052,479,12451,982,513
test_68_0_1.png,1745,231,17,1742,217,20,1746,226,16,1744,204,18,1746,219,16
test_68_0_2.png,0,0,0,0,0,0,0,0,0,0,0,0,0,0,0
test_68_0_3.png,0,0,465,0,0,465,0,0,465,64,1,401,0,0,465
test_68_1_0.png,18681,1426,329,18739,1628,271,18724,1576,286,18545,1353,465,18711,1460,299
test_68_1_1.png,12493,1030,399,12474,1096,418,12433,1062,459,12464,1055,428,12481,1033,411
test_68_1_2.png,5197,530,337,5131,452,403,5224,535,310,5121,502,413,5173,497,361
test_68_1_3.png,361,5,48,372,8,37,362,7,47,376,11,33,366,8,43
test_68_2_0.png,21399,1552,435,21490,1713,344,21257,1514,577,21281,1665,553,21356,1565,478
test_68_2_1.png,9332,676,255,9374,720,213,9348,734,239,9308,619,279,9360,668,227
test_68_2_2.png,0,0,172,112,240,60,0,0,172,0,0,172,0,0,172
test_68_2_3.png,0,0,457,0,80,457,0,0,457,0,0,457,0,0,457
test_68_3_0.png,8136,881,267,8151,909,252,8058,801,345,8117,851,286,8136,844,267
test_68_3_1.png,0,0,0,0,0,0,0,0,0,0,0,0,0,0,0
test_68_3_2.png,0,0,0,0,0,0,0,0,0,0,0,0,0,0,0
test_68_3_3.png,0,0,0,0,0,0,0,0,0,0,0,0,0,0,0
test_69_0_0.png,0,0,0,0,0,0,0,0,0,0,0,0,0,0,0
test_69_0_1.png,0,0,0,0,0,0,0,0,0,0,0,0,0,0,0
test_69_0_2.png,0,0,0,0,0,0,0,0,0,0,0,0,0,0,0
test_69_0_3.png,8408,605,321,8441,583,288,8440,674,289,8367,607,362,8412,611,317
test_69_1_0.png,2546,220,36,2551,206,31,2516,218,66,2552,226,30,2552,203,30
test_69_1_1.png,863,61,241,865,66,239,865,58,239,864,52,240,866,61,238
test_69_1_2.png,60,8,7,59,2,8,53,0,14,57,0,10,56,0,11
test_69_1_3.png,10980,579,414,10930,532,464,10884,492,510,10891,541,503,10943,501,451
test_69_2_0.png,17812,1053,306,17789,977,329,17744,968,374,17828,1312,290,17810,1038,308
test_69_2_1.png,15235,841,735,15190,804,780,15240,889,730,15286,913,684,15254,834,716
test_69_2_2.png,9245,795,122,9193,597,174,9220,703,147,9188,627,179,9217,656,150
test_69_2_3.png,1012,78,15,1012,85,15,1013,88,14,1015,95,12,1015,88,12
test_69_3_0.png,19014,1435,296,18868,1072,442,18928,1370,382,18915,1360,395,18970,1294,340
test_69_3_1.png,16412,1330,311,16380,1356,343,16321,1231,402,16338,1231,385,16385,1282,338
test_69_3_2.png,19099,1077,357,19154,1239,302,19105,1224,351,19111,1142,345,19149,1142,307
test_69_3_3.png,11356,892,311,11360,789,307,11302,782,365,11305,851,362,11340,773,327
test_6_0_0.png,0,0,0,0,0,0,0,0,0,0,0,0,0,0,0
test_6_0_1.png,0,0,468,93,0,375,343,10,125,373,18,95,283,0,185
test_6_0_2.png,0,0,0,0,0,0,0,0,0,0,0,0,0,0,0
test_6_0_3.png,0,0,0,0,0,0,0,0,0,0,0,0,0,0,0
test_6_1_0.png,299,28,2,295,20,6,290,13,11,299,21,2,297,21,4
test_6_1_1.png,0,0,0,0,0,0,0,0,0,0,0,0,0,0,0
test_6_1_2.png,0,0,0,0,0,0,0,0,0,0,0,0,0,0,0
test_6_1_3.png,0,0,367,0,0,367,0,0,367,0,0,367,0,0,367
test_6_2_0.png,0,0,0,0,0,0,0,0,0,0,0,0,0,0,0
test_6_2_1.png,0,0,0,0,0,0,0,0,0,0,0,0,0,0,0
test_6_2_2.png,479,38,38,477,27,40,482,47,35,478,37,39,480,37,37
test_6_2_3.png,0,0,254,0,0,254,0,0,254,0,0,254,0,0,254
test_6_3_0.png,0,0,0,0,0,0,0,0,0,0,0,0,0,0,0
test_6_3_1.png,0,0,0,0,0,0,0,0,0,0,0,0,0,0,0
test_6_3_2.png,0,0,0,0,0,0,0,0,0,0,0,0,0,0,0
test_6_3_3.png,405,23,127,405,28,127,377,12,155,402,11,130,400,15,132
test_70_0_0.png,11708,794,369,11735,804,342,11710,876,367,11593,867,484,11735,823,342
test_70_0_1.png,4652,423,167,4660,443,159,4623,387,196,4675,447,144,4655,424,164
test_70_0_2.png,11073,1150,467,11071,1077,469,11035,1099,505,11013,1117,527,11062,1066,478
test_70_0_3.png,16417,1008,841,16365,1007,893,16253,940,1005,16447,1073,811,16393,981,865
test_70_1_0.png,17002,1077,415,16927,1129,490,16657,829,760,16935,1074,482,16945,988,472
test_70_1_1.png,19541,1113,596,19313,935,824,19370,1014,767,19387,1103,750,19435,1001,702
test_70_1_2.png,17753,1063,498,17579,896,672,17584,796,667,17737,1084,514,17700,930,551
test_70_1_3.png,13421,827,516,13296,647,641,13297,682,640,13368,646,569,13384,662,553
test_70_2_0.png,666,9,650,611,11,705,674,8,642,658,16,658,662,9,654
test_70_2_1.png,6061,316,292,6002,270,351,6042,318,311,6056,293,297,6045,293,308
test_70_2_2.png,11516,548,316,11468,485,364,11394,453,438,11451,542,381,11499,494,333
test_70_2_3.png,12437,787,527,12347,679,617,12345,730,619,12322,797,642,12375,733,589
test_70_3_0.png,16078,315,68,16056,417,90,16089,435,57,16102,444,44,16095,396,51
test_70_3_1.png,4229,325,243,4229,375,243,4211,375,261,4209,335,263,4229,346,243
test_70_3_2.png,8953,404,327,8865,332,415,8865,355,415,8852,430,428,8907,359,373
test_70_3_3.png,8319,553,547,8280,525,586,8324,506,542,8278,495,588,8315,510,551
test_71_0_0.png,4769,293,225,4772,319,222,4729,209,265,4712,223,282,4749,247,245
test_71_0_1.png,6334,429,346,6284,426,396,6306,372,374,6232,367,448,6314,380,366
test_71_0_2.png,1958,243,22,1962,211,18,1962,234,18,1952,230,28,1960,227,20
test_71_0_3.png,0,0,0,0,0,0,0,0,0,0,0,0,0,0,0
test_71_1_0.png,0,0,0,0,0,0,0,0,0,0,0,0,0,0,0
test_71_1_1.png,0,0,4929,165,0,4764,0,0,4929,0,0,4929,0,0,4929
test_71_1_2.png,3796,229,407,3809,566,394,4173,503,30,3808,834,395,3807,534,396
test_71_1_3.png,0,0,0,0,0,0,0,0,0,0,0,0,0,0,0
test_71_2_0.png,0,0,0,0,0,0,0,0,0,0,0,0,0,0,0
test_71_2_1.png,0,105,0,0,147,0,0,0,0,0,445,0,0,116,0
test_71_2_2.png,1880,171,33,1889,156,24,1841,123,72,1880,183,33,1889,147,24
test_71_2_3.png,2,0,3433,0,0,3435,0,0,3435,323,2,3112,0,0,3435
test_71_3_0.png,0,0,0,0,0,0,0,0,0,0,0,0,0,0,0
test_71_3_1.png,0,0,0,0,0,0,0,0,0,0,0,0,0,0,0
test_71_3_2.png,1,417,779,1,437,779,1,437,779,289,859,491,1,436,779
test_71_3_3.png,43877,2075,1011,44018,1369,870,44074,1766,814,43717,1291,1171,43960,1488,928
test_72_0_0.png,15644,840,644,15526,683,762,15511,695,777,15500,725,788,15574,699,714
test_72_0_1.png,8059,477,347,7985,357,421,8001,359,405,8062,444,344,8041,387,365
test_72_0_2.png,13634,1124,301,13567,998,368,13487,962,448,13581,1018,354,13602,996,333
test_72_0_3.png,16202,778,517,16031,620,688,16184,740,535,16171,775,548,16163,681,556
test_72_1_0.png,6998,370,441,7020,322,419,7037,379,402,7042,315,397,7028,333,411
test_72_1_1.png,2171,98,93,2171,74,93,2160,84,104,2158,101,106,2166,77,98
test_72_1_2.png,7631,1338,273,7670,1133,234,7559,526,345,7620,583,284,7622,747,282
test_72_1_3.png,15404,722,489,15459,895,434,15409,815,484,15376,815,517,15427,783,466
test_72_2_0.png,0,0,0,0,0,0,0,0,0,0,0,0,0,0,0
test_72_2_1.png,0,0,0,0,0,0,0,0,0,0,0,0,0,0,0
test_72_2_2.png,1714,64,212,1777,609,149,1385,88,541,1361,2669,565,1573,458,353
test_72_2_3.png,3956,1536,3023,3708,1151,3271,3785,1772,3194,3866,1803,3113,3786,1596,3193
test_72_3_0.png,0,0,0,0,0,0,0,0,0,0,0,0,0,0,0
test_72_3_1.png,0,0,0,0,0,0,0,0,0,0,0,0,0,0,0
test_72_3_2.png,0,0,0,0,0,0,0,0,0,0,0,0,0,0,0
test_72_3_3.png,0,0,0,0,0,0,0,0,0,0,0,0,0,0,0
test_73_0_0.png,19366,939,777,19275,794,868,19519,1146,624,19346,883,797,19401,908,742
test_73_0_1.png,2571,184,150,2542,167,179,2554,152,167,2545,172,176,2560,160,161
test_73_0_2.png,0,0,0,0,0,0,0,0,0,0,0,0,0,0,0
test_73_0_3.png,0,0,0,0,0,0,0,0,0,0,0,0,0,0,0
test_73_1_0.png,15916,844,592,15741,686,767,15656,705,852,15932,821,576,15833,737,675
test_73_1_1.png,0,0,0,0,0,0,0,0,0,0,0,0,0,0,0
test_73_1_2.png,0,0,0,0,0,0,0,0,0,0,0,0,0,0,0
test_73_1_3.png,0,0,0,0,0,0,0,0,0,0,0,0,0,0,0
test_73_2_0.png,2956,164,106,2937,158,125,2957,166,105,2917,113,145,2948,138,114
test_73_2_1.png,0,0,0,0,0,0,0,0,0,0,0,0,0,0,0
test_73_2_2.png,0,0,0,0,0,0,0,0,0,0,0,0,0,0,0
test_73_2_3.png,323,27,24,322,26,25,318,18,29,315,15,32,319,22,28
test_73_3_0.png,0,0,0,0,0,0,0,0,0,0,0,0,0,0,0
test_73_3_1.png,0,0,0,0,0,0,0,0,0,0,0,0,0,0,0
test_73_3_2.png,0,0,0,0,462,0,0,0,0,0,0,0,0,0,0
test_73_3_3.png,0,0,0,0,0,0,0,0,0,0,0,0,0,0,0
test_74_0_0.png,4857,270,173,4841,265,189,4838,243,192,4865,316,165,4864,262,166
test_74_0_1.png,21226,1217,489,21076,1008,639,20999,874,716,21002,923,713,21102,970,613
test_74_0_2.png,18196,1214,458,18095,1043,559,18016,998,638,18079,919,575,18128,1007,526
test_74_0_3.png,5524,411,247,5483,409,288,5482,348,289,5590,509,181,5543,412,228
test_74_1_0.png,940,164,30,940,88,30,917,83,53,897,92,73,935,92,35
test_74_1_1.png,3323,231,189,3212,128,300,3275,132,237,3309,153,203,3299,143,213
test_74_1_2.png,11599,735,271,11516,623,354,11451,594,419,11620,874,250,11570,682,300
test_74_1_3.png,575,37,89,582,33,82,620,35,44,563,19,101,586,31,78
test_74_2_0.png,2720,358,68,2722,369,66,2716,402,72,2728,352,60,2723,371,65
test_74_2_1.png,8888,753,239,8877,653,250,8906,804,221,8881,736,246,8908,728,219
test_74_2_2.png,7047,657,221,7020,571,248,7004,679,264,7060,616,208,7036,610,232
test_74_2_3.png,0,0,0,0,0,0,0,0,0,0,0,0,0,0,0
test_74_3_0.png,0,0,0,0,0,0,0,0,0,0,0,0,0,0,0
test_74_3_1.png,2201,173,135,2184,161,152,2196,146,140,2188,181,148,2191,159,145
test_74_3_2.png,6316,742,156,6230,585,242,6310,745,162,6232,622,240,6294,666,178
test_74_3_3.png,0,0,0,0,0,0,0,0,0,0,0,0,0,0,0
test_75_0_0.png,0,0,0,0,0,0,0,0,0,0,0,0,0,0,0
test_75_0_1.png,0,0,0,0,0,0,0,0,0,0,0,0,0,0,0
test_75_0_2.png,0,0,0,0,0,0,0,0,0,0,0,0,0,0,0
test_75_0_3.png,0,0,0,0,0,0,0,0,0,0,0,0,0,0,0
test_75_1_0.png,0,0,0,0,0,0,0,0,0,0,0,0,0,0,0
test_75_1_1.png,0,0,0,0,0,0,0,0,0,0,0,0,0,0,0
test_75_1_2.png,0,0,0,0,0,0,0,0,0,0,0,0,0,0,0
test_75_1_3.png,0,0,0,0,0,0,0,0,0,0,0,0,0,0,0
test_75_2_0.png,0,0,0,0,0,0,0,0,0,0,0,0,0,0,0
test_75_2_1.png,6521,532,519,6496,480,544,6478,472,562,6248,502,792,6506,459,534
test_75_2_2.png,11513,708,747,11383,755,877,11282,486,978,11375,607,885,11413,541,847
test_75_2_3.png,5667,232,580,5655,228,592,5643,252,604,5552,167,695,5644,207,603
test_75_3_0.png,1452,77,211,1383,63,280,1431,72,232,1366,29,297,1405,61,258
test_75_3_1.png,15149,988,1212,15159,1094,1202,15002,918,1359,14941,890,1420,15089,931,1272
test_75_3_2.png,17640,1396,1523,17651,1417,1512,17566,1383,1597,17653,1384,1510,17668,1362,1495
test_75_3_3.png,12194,1269,1218,12121,1211,1291,12138,1387,1274,12057,1226,1355,12164,1206,1248
test_76_0_0.png,0,0,0,0,0,0,0,0,0,0,0,0,0,0,0
test_76_0_1.png,171,3,11,177,6,5,0,0,182,0,0,182,24,0,158
test_76_0_2.png,0,0,166,0,0,166,0,0,166,0,0,166,0,0,166
test_76_0_3.png,5501,1003,1007,5191,923,1317,5545,992,963,5188,1084,1320,5301,937,1207
test_76_1_0.png,0,0,0,0,0,0,0,0,0,0,0,0,0,0,0
test_76_1_1.png,0,0,148,0,0,148,0,0,148,0,0,148,0,0,148
test_76_1_2.png,0,0,0,0,0,0,0,0,0,0,0,0,0,0,0
test_76_1_3.png,0,0,928,0,0,928,0,0,928,0,0,928,0,0,928
test_76_2_0.png,0,0,0,0,0,0,0,0,0,0,0,0,0,0,0
test_76_2_1.png,0,0,0,0,0,0,0,0,0,0,0,0,0,0,0
test_76_2_2.png,0,0,0,0,0,0,0,0,0,0,0,0,0,0,0
test_76_2_3.png,4524,31,192,4470,83,246,4457,22,259,4441,22,275,4455,21,261
test_76_3_0.png,0,0,0,0,0,0,0,0,0,0,0,0,0,0,0
test_76_3_1.png,0,0,908,0,0,908,0,0,908,0,0,908,0,0,908
test_76_3_2.png,0,0,0,0,0,0,0,0,0,0,0,0,0,0,0
test_76_3_3.png,0,0,0,0,0,0,0,0,0,0,0,0,0,0,0
test_77_0_0.png,10990,875,5669,7202,454,9457,16250,1181,409,9765,301,6894,10700,703,5959
test_77_0_1.png,0,0,233,145,0,88,150,2,83,178,5,55,147,0,86
test_77_0_2.png,4382,40,1662,4548,39,1496,3718,16,2326,4117,52,1927,4418,17,1626
test_77_0_3.png,0,0,463,0,0,463,0,0,463,0,0,463,0,0,463
test_77_1_0.png,21713,6948,1075,21747,7026,1041,21651,5947,1137,21658,6945,1130,21704,6982,1084
test_77_1_1.png,0,0,600,0,0,600,0,0,600,0,0,600,0,0,600
test_77_1_2.png,2693,304,435,2759,526,369,2761,561,367,2747,626,381,2751,565,377
test_77_1_3.png,0,0,0,0,0,0,0,0,0,0,0,0,0,0,0
test_77_2_0.png,8025,183,3382,7255,142,4152,7316,212,4091,8214,4314,3193,7415,172,3992
test_77_2_1.png,11298,1772,202,11062,1788,438,10810,2219,690,11319,4534,181,11245,2093,255
test_77_2_2.png,4759,705,475,4399,470,835,4383,676,851,4664,508,570,4731,606,503
test_77_2_3.png,832,60,23,822,60,33,817,49,38,812,37,43,822,51,33
test_77_3_0.png,15082,1921,3745,15011,1764,3816,15128,1850,3699,15006,1861,3821,15070,1801,3757
test_77_3_1.png,18835,5986,581,19014,6213,402,18844,4967,572,18796,5040,620,18901,5551,515
test_77_3_2.png,20690,456,2497,21282,1076,1905,20142,464,3045,21652,934,1535,21001,589,2186
test_77_3_3.png,16523,39,560,16610,45,473,15893,15,1190,16579,29,504,16543,21,540
test_78_0_0.png,0,0,0,0,0,0,0,0,0,0,0,0,0,0,0
test_78_0_1.png,0,0,0,0,0,0,0,0,0,0,0,0,0,0,0
test_78_0_2.png,0,0,0,0,0,0,0,0,0,0,0,0,0,0,0
test_78_0_3.png,936,157,21,928,155,29,940,183,17,912,143,45,938,156,19
test_78_1_0.png,0,0,0,0,0,0,0,0,0,0,0,0,0,0,0
test_78_1_1.png,0,0,0,0,0,0,0,0,0,0,0,0,0,0,0
test_78_1_2.png,0,0,0,0,0,0,0,0,0,0,0,0,0,0,0
test_78_1_3.png,0,0,0,0,0,0,0,0,0,0,0,0,0,0,0
test_78_2_0.png,5449,572,137,5419,229,167,5410,217,176,5458,254,128,5442,228,144
test_78_2_1.png,5347,311,132,5326,288,153,5343,242,136,5336,212,143,5349,269,130
test_78_2_2.png,0,0,0,0,0,0,0,0,0,0,0,0,0,0,0
test_78_2_3.png,0,0,0,0,0,0,0,0,0,0,0,0,0,0,0
test_78_3_0.png,11666,384,270,11647,318,289,11605,529,331,11528,262,408,11649,304,287
test_78_3_1.png,3861,89,766,3850,85,777,3849,70,778,3841,91,786,3853,79,774
test_78_3_2.png,0,0,0,0,0,0,0,0,0,0,0,0,0,0,0
test_78_3_3.png,0,0,0,0,0,0,0,0,0,0,0,0,0,0,0
test_79_0_0.png,23,0,1170,4,0,1189,7,0,1186,0,0,1193,0,0,1193
test_79_0_1.png,248,42,1771,958,86,1061,278,7,1741,1275,56,744,542,13,1477
test_79_0_2.png,2907,149,565,2879,128,593,2880,129,592,2889,158,583,2891,141,581
test_79_0_3.png,1964,22,501,1960,20,505,1924,19,541,1760,27,705,1951,23,514
test_79_1_0.png,0,0,292,0,0,292,0,0,292,0,0,292,0,0,292
test_79_1_1.png,0,0,0,0,0,0,0,0,0,0,0,0,0,0,0
test_79_1_2.png,0,0,173,0,0,173,0,0,173,0,0,173,0,0,173
test_79_1_3.png,281,34,339,449,38,171,2,0,618,10,0,610,95,0,525
test_79_2_0.png,0,0,0,0,0,0,0,0,0,0,0,0,0,0,0
test_79_2_1.png,3039,218,462,2943,233,558,2921,217,580,2858,195,643,2955,214,546
test_79_2_2.png,1361,162,225,1385,128,201,1342,214,244,1443,215,143,1404,177,182
test_79_2_3.png,2738,88,572,2704,73,606,2779,121,531,2666,79,644,2745,78,565
test_79_3_0.png,691,4,2075,0,0,2766,0,0,2766,0,0,2766,0,0,2766
test_79_3_1.png,0,0,0,0,0,0,0,0,0,0,0,0,0,0,0
test_79_3_2.png,1894,76,159,1884,47,169,1869,26,184,1888,51,165,1878,47,175
test_79_3_3.png,4860,303,652,4876,336,636,4722,238,790,4839,289,673,4834,279,678
test_7_0_0.png,0,0,0,0,0,0,0,0,0,0,0,0,0,0,0
test_7_0_1.png,0,0,0,0,0,0,0,0,0,0,0,0,0,0,0
test_7_0_2.png,8206,779,377,8090,735,493,8065,768,518,8143,701,440,8145,734,438
test_7_0_3.png,0,0,0,0,0,0,0,0,0,0,0,0,0,0,0
test_7_1_0.png,8693,637,687,8640,630,740,8656,645,724,8637,661,743,8664,635,716
test_7_1_1.png,5093,555,324,5142,479,275,5157,485,260,5176,546,241,5146,516,271
test_7_1_2.png,8630,828,331,8555,794,406,8606,797,355,8656,845,305,8617,806,344
test_7_1_3.png,12370,1184,647,12262,1139,755,12203,1060,814,12258,1070,759,12268,1084,749
test_7_2_0.png,14637,1368,594,14532,1300,699,14574,1357,657,14505,1202,726,14585,1266,646
test_7_2_1.png,16131,1536,1706,16104,1472,1733,16035,1420,1802,16160,1426,1677,16110,1456,1727
test_7_2_2.png,4371,372,151,4395,378,127,4373,396,149,4383,350,139,4381,362,141
test_7_2_3.png,6014,489,458,6058,517,414,5972,455,500,6003,467,469,6006,476,466
test_7_3_0.png,4267,414,229,4237,401,259,4228,397,268,4212,394,284,4225,400,271
test_7_3_1.png,8302,1321,310,8355,1340,257,8318,1263,294,8305,1256,307,8325,1274,287
test_7_3_2.png,572,26,26,582,31,16,578,16,20,561,13,37,574,18,24
test_7_3_3.png,9642,884,1077,9703,924,1016,9728,827,991,9748,875,971,9758,847,961
test_80_0_0.png,11991,1257,1852,12027,1218,1816,12032,1269,1811,12136,1295,1707,12047,1291,1796
test_80_0_1.png,19611,1757,1426,19763,1854,1274,19783,1760,1254,19850,1724,1187,19807,1739,1230
test_80_0_2.png,20948,2574,861,20901,2549,908,20973,2983,836,20879,3149,930,20977,2593,832
test_80_0_3.png,21333,2586,1124,21282,2582,1175,21018,2139,1439,21135,2585,1322,21209,2408,1248
test_80_1_0.png,7833,873,686,7761,799,758,7698,675,821,7562,592,957,7736,759,783
test_80_1_1.png,17443,2910,1019,17487,3014,975,17316,2744,1146,17366,2762,1096,17432,2828,1030
test_80_1_2.png,13458,2176,1450,13539,2294,1369,13462,2064,1446,13479,2134,1429,13498,2157,1410
test_80_1_3.png,9799,1161,2969,9401,1042,3367,9616,1295,3152,9600,1372,3168,9538,1112,3230
test_80_2_0.png,3358,397,507,3108,406,757,3318,283,547,3421,555,444,3435,380,430
test_80_2_1.png,14082,867,1348,13974,824,1456,13647,833,1783,14102,927,1328,14042,844,1388
test_80_2_2.png,3336,210,1044,3549,283,831,3438,224,942,3415,262,965,3435,258,945
test_80_2_3.png,16036,1611,905,13376,1562,3565,15976,1466,965,15595,1476,1346,16034,1498,907
test_80_3_0.png,7379,452,1211,7365,361,1225,7335,394,1255,7412,479,1178,7387,433,1203
test_80_3_1.png,10467,492,999,10546,558,920,10671,936,795,10758,1017,708,10675,622,791
test_80_3_2.png,0,0,200,0,0,200,0,0,200,0,0,200,0,0,200
test_80_3_3.png,13511,1587,1234,12039,1569,2706,10882,1391,3863,11234,1459,3511,11671,1514,3074
test_81_0_0.png,1659,163,89,1661,164,87,1629,113,119,1630,148,118,1640,149,108
test_81_0_1.png,1754,7,114,1766,13,102,1757,19,111,1754,15,114,1758,14,110
test_81_0_2.png,0,0,0,0,0,0,0,0,0,0,0,0,0,0,0
test_81_0_3.png,0,0,0,0,0,0,0,0,0,0,0,0,0,0,0
test_81_1_0.png,0,0,0,0,0,0,0,0,0,0,0,0,0,0,0
test_81_1_1.png,0,0,0,0,0,0,0,0,0,0,0,0,0,0,0
test_81_1_2.png,0,0,0,0,0,0,0,0,0,0,0,0,0,0,0
test_81_1_3.png,2369,205,792,2246,94,915,2355,174,806,2184,174,977,2286,140,875
test_81_2_0.png,0,0,0,0,0,0,0,0,0,0,0,0,0,0,0
test_81_2_1.png,0,0,0,0,0,0,0,0,0,0,0,0,0,0,0
test_81_2_2.png,0,0,0,0,0,0,0,0,0,0,0,0,0,0,0
test_81_2_3.png,1762,865,13,1750,965,25,1730,173,45,1746,505,29,1752,774,23
test_81_3_0.png,0,0,0,0,0,0,0,0,0,0,0,0,0,0,0
test_81_3_1.png,297,1,345,286,1,356,0,0,642,8,0,634,245,0,397
test_81_3_2.png,0,0,0,0,0,0,0,0,0,0,0,0,0,0,0
test_81_3_3.png,0,0,0,0,0,0,0,0,0,0,0,0,0,0,0
test_82_0_0.png,0,0,0,0,0,0,0,0,0,0,0,0,0,0,0
test_82_0_1.png,0,0,0,0,0,0,0,0,0,0,0,0,0,0,0
test_82_0_2.png,0,0,0,0,0,0,0,0,0,0,0,0,0,0,0
test_82_0_3.png,0,0,0,0,0,0,0,0,0,0,0,0,0,0,0
test_82_1_0.png,0,0,0,0,0,0,0,0,0,0,0,0,0,0,0
test_82_1_1.png,0,0,6094,0,0,6094,0,0,6094,0,0,6094,0,0,6094
test_82_1_2.png,0,0,11259,0,0,11259,0,0,11259,0,0,11259,0,0,11259
test_82_1_3.png,0,0,0,0,0,0,0,0,0,0,0,0,0,0,0
test_82_2_0.png,0,0,783,0,0,783,0,0,783,0,0,783,0,0,783
test_82_2_1.png,686,8,2696,0,0,3382,0,0,3382,0,0,3382,0,0,3382
test_82_2_2.png,16640,2257,5561,18261,2655,3940,17262,2904,4939,15721,3170,6480,17210,2387,4991
test_82_2_3.png,0,0,576,0,0,576,0,0,576,0,0,576,0,0,576
test_82_3_0.png,0,0,0,0,0,0,0,0,0,0,0,0,0,0,0
test_82_3_1.png,0,0,1357,0,0,1357,0,0,1357,0,0,1357,0,0,1357
test_82_3_2.png,2243,114,146,2245,106,144,1272,94,1117,1261,116,1128,1577,103,812
test_82_3_3.png,5099,1253,421,5116,1390,404,5050,924,470,5099,845,421,5100,1202,420
test_83_0_0.png,0,0,0,0,0,0,0,0,0,0,0,0,0,0,0
test_83_0_1.png,0,0,0,0,0,0,0,0,0,0,0,0,0,0,0
test_83_0_2.png,0,0,0,0,0,0,0,0,0,0,0,0,0,0,0
test_83_0_3.png,0,0,0,0,0,0,0,0,0,0,0,0,0,0,0
test_83_1_0.png,0,0,0,0,0,0,0,0,0,0,0,0,0,0,0
test_83_1_1.png,0,0,0,0,0,0,0,0,0,0,0,0,0,0,0
test_83_1_2.png,0,0,0,0,0,0,0,0,0,0,0,0,0,0,0
test_83_1_3.png,0,0,0,0,0,0,0,0,0,0,0,0,0,0,0
test_83_2_0.png,0,0,0,0,0,0,0,0,0,0,0,0,0,0,0
test_83_2_1.png,9739,467,1217,9599,439,1357,9719,557,1237,9824,544,1132,9747,476,1209
test_83_2_2.png,1246,10,318,1227,18,337,1185,8,379,1145,6,419,1211,9,353
test_83_2_3.png,0,0,0,0,0,0,0,0,0,0,0,0,0,0,0
test_83_3_0.png,6097,436,1093,6094,412,1096,5968,385,1222,6085,455,1105,6065,399,1125
test_83_3_1.png,20077,1997,3544,20299,2360,3322,20263,2289,3358,20248,2250,3373,20217,2015,3404
test_83_3_2.png,5966,323,774,5986,448,754,5840,370,900,5784,406,956,5933,340,807
test_83_3_3.png,0,0,0,0,107,0,0,0,0,0,0,0,0,0,0
test_84_0_0.png,0,0,0,0,0,0,0,0,0,0,0,0,0,0,0
test_84_0_1.png,66,5,42,70,1,38,61,0,47,61,0,47,65,0,43
test_84_0_2.png,1255,414,152,1276,75,131,1265,387,142,1241,356,166,1260,350,147
test_84_0_3.png,1830,141,1095,1875,185,1050,2040,217,885,1831,133,1094,1842,144,1083
test_84_1_0.png,0,0,0,0,0,0,0,0,0,0,0,0,0,0,0
test_84_1_1.png,4559,304,820,4617,256,762,4634,315,745,4717,331,662,4650,265,729
test_84_1_2.png,11190,1095,1590,11205,1067,1575,11033,1694,1747,11148,1098,1632,11206,1154,1574
test_84_1_3.png,5416,785,775,5476,832,715,5528,952,663,5509,822,682,5500,820,691
test_84_2_0.png,0,0,0,0,0,0,0,0,0,0,0,0,0,0,0
test_84_2_1.png,3688,317,943,3748,300,883,3682,344,949,3745,227,886,3726,257,905
test_84_2_2.png,8531,249,1686,8578,353,1639,8457,277,1760,8507,219,1710,8496,258,1721
test_84_2_3.png,2207,200,808,2220,197,795,2120,151,895,2193,135,822,2183,162,832
test_84_3_0.png,0,0,0,0,0,0,0,0,0,0,0,0,0,0,0
test_84_3_1.png,1324,295,321,1269,204,376,1269,324,376,1295,306,350,1304,290,341
test_84_3_2.png,2086,88,232,2052,54,266,1946,38,372,2004,43,314,2033,47,285
test_84_3_3.png,0,0,0,0,0,0,0,0,0,0,0,0,0,0,0
test_85_0_0.png,0,0,0,0,0,0,0,0,0,0,0,0,0,0,0
test_85_0_1.png,0,0,308,0,0,308,0,0,308,0,0,308,0,0,308
test_85_0_2.png,0,0,0,0,0,0,0,0,0,0,0,0,0,0,0
test_85_0_3.png,0,0,0,0,0,0,0,0,0,0,0,0,0,0,0
test_85_1_0.png,8938,424,818,8821,355,935,8873,356,883,8748,368,1008,8848,378,908
test_85_1_1.png,1765,29,237,1789,29,213,1750,30,252,1782,22,220,1770,25,232
test_85_1_2.png,0,0,0,0,0,0,0,0,0,0,0,0,0,0,0
test_85_1_3.png,0,0,0,0,0,0,0,0,0,0,0,0,0,0,0
test_85_2_0.png,13632,1044,1401,13669,1133,1364,13544,1114,1489,13519,1055,1514,13592,1054,1441
test_85_2_1.png,9334,897,1098,9377,778,1055,9229,710,1203,9188,714,1244,9273,745,1159
test_85_2_2.png,0,0,0,0,0,0,0,0,0,0,0,0,0,0,0
test_85_2_3.png,0,0,0,0,0,0,0,0,0,0,0,0,0,0,0
test_85_3_0.png,6067,506,527,6081,453,513,6151,541,443,6097,523,497,6094,490,500
test_85_3_1.png,2675,183,536,2679,199,532,2645,182,566,2636,177,575,2658,178,553
test_85_3_2.png,0,0,0,0,0,0,0,0,0,0,0,0,0,0,0
test_85_3_3.png,570,0,965,586,0,949,427,0,1108,594,71,941,490,0,1045
test_86_0_0.png,0,0,0,0,0,0,0,0,0,0,0,0,0,0,0
test_86_0_1.png,486,0,257,0,110,743,631,0,112,116,0,627,248,0,495
test_86_0_2.png,0,0,0,0,0,0,0,0,0,0,86,0,0,0,0
test_86_0_3.png,0,0,0,0,0,0,0,0,0,0,0,0,0,0,0
test_86_1_0.png,396,206,24,370,22,50,402,1854,18,400,1724,20,395,947,25
test_86_1_1.png,0,0,0,0,0,0,0,0,0,0,0,0,0,0,0
test_86_1_2.png,0,0,0,0,0,0,0,0,0,0,0,0,0,0,0
test_86_1_3.png,0,0,0,0,0,0,0,0,0,0,0,0,0,0,0
test_86_2_0.png,0,402,53,0,613,53,0,586,53,0,586,53,0,567,53
test_86_2_1.png,696,21,55,702,8,49,705,33,46,671,23,80,700,19,51
test_86_2_2.png,0,0,0,0,0,0,0,0,0,0,0,0,0,0,0
test_86_2_3.png,0,0,0,0,0,0,0,0,0,0,0,0,0,0,0
test_86_3_0.png,0,0,227,0,0,227,0,0,227,0,0,227,0,0,227
test_86_3_1.png,0,0,0,0,0,0,0,0,0,0,0,0,0,0,0
test_86_3_2.png,0,805,0,0,811,0,0,819,0,0,834,0,0,815,0
test_86_3_3.png,0,0,0,0,0,0,0,0,0,0,0,0,0,0,0
test_87_0_0.png,3998,420,769,3960,363,807,3770,234,997,3710,250,1057,3862,295,905
test_87_0_1.png,14327,583,2511,14008,454,2830,14119,442,2719,14278,571,2560,14194,492,2644
test_87_0_2.png,10792,702,1521,10642,586,1671,10736,568,1577,10658,581,1655,10655,584,1658
test_87_0_3.png,0,0,0,0,0,0,0,0,0,0,0,0,0,0,0
test_87_1_0.png,15024,602,2745,15003,672,2766,14744,590,3025,14708,515,3061,14881,587,2888
test_87_1_1.png,23002,658,3828,22748,623,4082,22915,639,3915,22630,538,4200,22843,596,3987
test_87_1_2.png,12041,607,2115,11996,728,2160,11924,668,2232,11873,616,2283,12003,655,2153
test_87_1_3.png,425,1,71,426,16,70,411,0,85,414,3,82,413,0,83
test_87_2_0.png,5728,444,498,5727,430,499,5680,383,546,5724,371,502,5717,402,509
test_87_2_1.png,7144,332,1092,7133,311,1103,7087,329,1149,7194,340,1042,7131,306,1105
test_87_2_2.png,2625,124,939,2545,137,1019,2566,130,998,2537,113,1027,2521,121,1043
test_87_2_3.png,0,0,0,0,0,0,0,0,0,0,0,0,0,0,0
test_87_3_0.png,0,0,0,0,0,0,0,0,0,0,0,0,0,0,0
test_87_3_1.png,0,0,0,0,0,0,0,0,0,0,0,0,0,0,0
test_87_3_2.png,0,0,0,0,0,0,0,0,0,0,0,0,0,0,0
test_87_3_3.png,0,0,0,0,0,0,0,0,0,0,0,0,0,0,0
test_88_0_0.png,0,0,573,0,0,573,0,0,573,0,0,573,0,0,573
test_88_0_1.png,0,1,0,0,272,0,0,189,0,0,126,0,0,0,0
test_88_0_2.png,0,0,0,0,0,0,0,0,0,0,0,0,0,0,0
test_88_0_3.png,0,0,0,0,0,0,0,0,0,0,0,0,0,0,0
test_88_1_0.png,0,0,0,0,0,0,0,0,0,0,0,0,0,0,0
test_88_1_1.png,0,0,0,0,0,0,0,0,0,0,0,0,0,0,0
test_88_1_2.png,0,0,0,0,0,0,0,0,0,0,0,0,0,0,0
test_88_1_3.png,0,0,0,0,0,0,0,0,0,0,0,0,0,0,0
test_88_2_0.png,0,0,0,0,0,0,0,0,0,0,0,0,0,0,0
test_88_2_1.png,0,0,0,0,0,0,0,0,0,0,0,0,0,0,0
test_88_2_2.png,0,0,0,0,0,0,0,0,0,0,0,0,0,0,0
test_88_2_3.png,0,0,0,0,0,0,0,0,0,0,0,0,0,0,0
test_88_3_0.png,0,0,0,0,0,0,0,0,0,0,0,0,0,0,0
test_88_3_1.png,0,0,0,0,0,0,0,0,0,0,0,0,0,0,0
test_88_3_2.png,0,0,0,0,0,0,0,0,0,0,0,0,0,0,0
test_88_3_3.png,0,0,0,0,0,0,0,0,0,0,0,0,0,0,0
test_89_0_0.png,0,0,0,0,0,0,0,0,0,0,0,0,0,0,0
test_89_0_1.png,0,0,0,0,0,0,0,0,0,0,0,0,0,0,0
test_89_0_2.png,0,0,0,0,0,0,0,0,0,0,0,0,0,0,0
test_89_0_3.png,0,667,0,0,607,0,0,0,0,0,1,0,0,363,0
test_89_1_0.png,0,0,0,0,0,0,0,0,0,0,0,0,0,0,0
test_89_1_1.png,0,0,0,0,0,0,0,0,0,0,0,0,0,0,0
test_89_1_2.png,0,0,0,0,4,0,0,0,0,0,0,0,0,0,0
test_89_1_3.png,0,0,0,0,0,0,0,0,0,0,0,0,0,0,0
test_89_2_0.png,0,0,0,0,0,0,0,0,0,0,0,0,0,0,0
test_89_2_1.png,21723,256,701,21832,266,592,21933,350,491,21728,244,696,21844,268,580
test_89_2_2.png,30010,328,1108,28980,239,2138,30519,640,599,29172,249,1946,29916,307,1202
test_89_2_3.png,0,0,0,0,0,0,0,0,0,0,0,0,0,0,0
test_89_3_0.png,0,0,0,0,0,0,0,0,0,0,0,0,0,0,0
test_89_3_1.png,0,0,168,0,0,168,0,0,168,0,0,168,0,0,168
test_89_3_2.png,2423,21,234,2575,22,82,2555,16,102,2554,18,103,2558,20,99
test_89_3_3.png,1117,42,240,1194,42,163,754,17,603,696,17,661,1086,30,271
test_8_0_0.png,2907,213,81,2888,191,100,2860,183,128,2834,143,154,2890,189,98
test_8_0_1.png,0,0,0,0,0,0,0,0,0,0,0,0,0,0,0
test_8_0_2.png,1214,51,168,904,49,478,1174,39,208,1173,35,209,1182,43,200
test_8_0_3.png,2852,239,172,2807,199,217,2850,228,174,2876,219,148,2849,226,175
test_8_1_0.png,0,0,0,0,0,0,0,0,0,0,0,0,0,0,0
test_8_1_1.png,0,0,0,0,0,0,0,0,0,0,0,0,0,0,0
test_8_1_2.png,0,0,0,0,0,0,0,0,0,0,0,0,0,0,0
test_8_1_3.png,0,0,0,0,0,0,0,0,0,0,0,0,0,0,0
test_8_2_0.png,4889,362,289,4880,388,298,4871,351,307,4862,359,316,4879,359,299
test_8_2_1.png,7636,435,464,7638,477,462,7591,391,509,7546,375,554,7611,406,489
test_8_2_2.png,9237,549,429,9254,616,412,9154,551,512,9158,581,508,9219,556,447
test_8_2_3.png,638,208,3,637,189,4,640,204,1,638,189,3,639,196,2
test_8_3_0.png,9646,458,644,9531,405,759,9638,383,652,9514,414,776,9592,398,698
test_8_3_1.png,16732,1099,1125,16749,1187,1108,16713,1168,1144,16724,1096,1133,16750,1121,1107
test_8_3_2.png,16770,1148,964,16664,1085,1070,16707,1073,1027,16628,969,1106,16714,1057,1020
test_8_3_3.png,8049,419,390,8087,448,352,8043,448,396,8023,438,416,8060,425,379
test_90_0_0.png,0,0,0,0,0,0,0,0,0,0,0,0,0,0,0
test_90_0_1.png,0,0,0,0,0,0,0,0,0,0,0,0,0,0,0
test_90_0_2.png,0,0,0,0,0,0,0,0,0,0,0,0,0,0,0
test_90_0_3.png,0,0,0,0,0,0,0,0,0,0,0,0,0,0,0
test_90_1_0.png,0,0,0,0,0,0,0,0,0,0,0,0,0,0,0
test_90_1_1.png,0,0,0,0,0,0,0,0,0,0,0,0,0,0,0
test_90_1_2.png,0,0,0,0,0,0,0,0,0,0,0,0,0,0,0
test_90_1_3.png,0,0,0,0,0,0,0,0,0,0,0,0,0,0,0
test_90_2_0.png,0,0,0,0,0,0,0,0,0,0,0,0,0,0,0
test_90_2_1.png,0,0,0,0,0,0,0,0,0,0,0,0,0,0,0
test_90_2_2.png,0,0,0,0,0,0,0,0,0,0,0,0,0,0,0
test_90_2_3.png,0,0,0,0,0,0,0,0,0,0,0,0,0,0,0
test_90_3_0.png,0,0,0,0,0,0,0,0,0,0,0,0,0,0,0
test_90_3_1.png,0,0,0,0,0,0,0,0,0,0,0,0,0,0,0
test_90_3_2.png,0,0,0,0,0,0,0,0,0,0,0,0,0,0,0
test_90_3_3.png,0,0,0,0,0,0,0,0,0,0,0,0,0,0,0
test_91_0_0.png,3470,229,249,3492,221,227,3513,267,206,3467,171,252,3494,220,225
test_91_0_1.png,0,0,0,0,0,0,0,0,0,0,0,0,0,0,0
test_91_0_2.png,256,14,82,228,7,110,283,19,55,188,1,150,245,7,93
test_91_0_3.png,0,0,754,0,0,754,0,0,754,0,0,754,0,0,754
test_91_1_0.png,2550,134,439,2526,89,463,2601,101,388,2535,84,454,2541,97,448
test_91_1_1.png,0,0,0,0,0,0,0,0,0,0,0,0,0,0,0
test_91_1_2.png,0,0,0,0,0,0,0,0,0,0,0,0,0,0,0
test_91_1_3.png,1661,57,142,1676,65,127,1683,68,120,1653,34,150,1677,46,126
test_91_2_0.png,0,0,0,0,0,0,0,0,0,0,0,0,0,0,0
test_91_2_1.png,0,0,0,0,0,0,0,0,0,0,0,0,0,0,0
test_91_2_2.png,0,0,0,0,0,0,0,0,0,0,0,0,0,0,0
test_91_2_3.png,0,0,0,0,0,0,0,0,0,0,0,0,0,0,0
test_91_3_0.png,0,0,0,0,0,0,0,0,0,0,0,0,0,0,0
test_91_3_1.png,0,0,0,0,0,0,0,0,0,0,0,0,0,0,0
test_91_3_2.png,0,0,0,0,0,0,0,0,0,0,0,0,0,0,0
test_91_3_3.png,0,0,0,0,0,0,0,0,0,0,0,0,0,0,0
test_92_0_0.png,0,0,0,0,0,0,0,0,0,0,0,0,0,0,0
test_92_0_1.png,0,0,0,0,0,0,0,0,0,0,0,0,0,0,0
test_92_0_2.png,0,0,0,0,0,0,0,0,0,0,0,0,0,0,0
test_92_0_3.png,0,0,0,0,0,0,0,0,0,0,0,0,0,0,0
test_92_1_0.png,8367,355,944,8276,243,1035,8200,248,1111,8355,281,956,8330,272,981
test_92_1_1.png,3889,308,139,3858,234,170,3856,282,172,3764,164,264,3858,232,170
test_92_1_2.png,0,0,0,0,0,0,0,0,0,0,0,0,0,0,0
test_92_1_3.png,0,0,0,0,0,0,0,0,0,0,0,0,0,0,0
test_92_2_0.png,25466,1309,2227,25371,1293,2322,25438,1265,2255,25383,1185,2310,25422,1208,2271
test_92_2_1.png,3824,136,488,3894,177,418,3832,143,480,3856,143,456,3857,137,455
test_92_2_2.png,0,0,0,0,0,0,0,0,0,0,0,0,0,0,0
test_92_2_3.png,8103,296,1095,8097,242,1101,7997,219,1201,7976,213,1222,8055,224,1143
test_92_3_0.png,11731,376,1212,11883,430,1060,11950,495,993,11686,271,1257,11879,357,1064
test_92_3_1.png,0,0,0,0,0,0,0,0,0,0,0,0,0,0,0
test_92_3_2.png,7265,181,648,7299,164,614,7341,208,572,7277,182,636,7306,148,607
test_92_3_3.png,21137,1034,2070,20790,896,2417,21180,1063,2027,21051,1037,2156,21052,948,2155
test_93_0_0.png,0,0,0,0,0,0,0,0,0,0,0,0,0,0,0
test_93_0_1.png,0,0,0,0,0,0,0,0,0,0,0,0,0,0,0
test_93_0_2.png,0,0,0,0,0,0,0,0,0,0,0,0,0,0,0
test_93_0_3.png,0,0,0,0,0,0,0,0,0,0,0,0,0,0,0
test_93_1_0.png,0,0,0,0,0,0,0,0,0,0,0,0,0,0,0
test_93_1_1.png,0,0,0,0,0,0,0,0,0,0,0,0,0,0,0
test_93_1_2.png,0,0,0,0,0,0,0,0,0,0,0,0,0,0,0
test_93_1_3.png,0,0,0,0,0,0,0,0,0,0,0,0,0,0,0
test_93_2_0.png,458,0,187,450,0,195,449,0,196,429,0,216,450,0,195
test_93_2_1.png,0,0,0,0,0,0,0,0,0,0,0,0,0,0,0
test_93_2_2.png,0,0,0,0,0,0,0,0,0,0,0,0,0,0,0
test_93_2_3.png,0,0,0,0,0,0,0,0,0,0,0,0,0,0,0
test_93_3_0.png,3586,226,438,3635,383,389,3575,273,449,3414,159,610,3579,258,445
test_93_3_1.png,0,0,0,0,0,0,0,0,0,0,0,0,0,0,0
test_93_3_2.png,0,0,0,0,0,0,0,0,0,0,0,0,0,0,0
test_93_3_3.png,0,0,0,0,0,0,0,0,0,0,0,0,0,0,0
test_94_0_0.png,0,0,0,0,0,0,0,0,0,0,0,0,0,0,0
test_94_0_1.png,0,0,0,0,0,0,0,0,0,0,0,0,0,0,0
test_94_0_2.png,0,0,0,0,0,0,0,0,0,0,0,0,0,0,0
test_94_0_3.png,0,0,0,0,0,0,0,0,0,0,0,0,0,0,0
test_94_1_0.png,0,0,0,0,0,0,0,0,0,0,0,0,0,0,0
test_94_1_1.png,0,0,0,0,0,0,0,0,0,0,0,0,0,0,0
test_94_1_2.png,0,0,0,0,0,0,0,0,0,0,0,0,0,0,0
test_94_1_3.png,0,0,0,0,0,0,0,0,0,0,0,0,0,0,0
test_94_2_0.png,0,0,0,0,0,0,0,0,0,0,0,0,0,0,0
test_94_2_1.png,0,0,0,0,0,0,0,0,0,0,0,0,0,0,0
test_94_2_2.png,0,0,0,0,0,0,0,0,0,0,0,0,0,0,0
test_94_2_3.png,0,0,561,0,0,561,0,0,561,0,0,561,0,0,561
test_94_3_0.png,0,0,0,0,0,0,0,0,0,0,0,0,0,0,0
test_94_3_1.png,0,0,0,0,0,0,0,0,0,0,0,0,0,0,0
test_94_3_2.png,0,0,0,0,0,0,0,0,0,0,0,0,0,0,0
test_94_3_3.png,0,0,0,0,0,0,0,0,0,0,0,0,0,0,0
test_95_0_0.png,0,0,0,0,0,0,0,0,0,0,0,0,0,0,0
test_95_0_1.png,0,0,0,0,0,0,0,0,0,0,0,0,0,0,0
test_95_0_2.png,0,0,0,0,0,0,0,0,0,0,0,0,0,0,0
test_95_0_3.png,0,0,0,0,0,0,0,0,0,0,0,0,0,0,0
test_95_1_0.png,0,0,0,0,0,0,0,0,0,0,0,0,0,0,0
test_95_1_1.png,0,0,0,0,0,0,0,0,0,0,0,0,0,0,0
test_95_1_2.png,0,0,0,0,0,0,0,0,0,0,0,0,0,0,0
test_95_1_3.png,0,0,0,0,0,0,0,0,0,0,0,0,0,0,0
test_95_2_0.png,0,0,0,0,0,0,0,0,0,0,0,0,0,0,0
test_95_2_1.png,0,0,0,0,0,0,0,0,0,0,0,0,0,0,0
test_95_2_2.png,0,0,0,0,0,0,0,0,0,0,0,0,0,0,0
test_95_2_3.png,0,0,0,0,0,0,0,0,0,0,0,0,0,0,0
test_95_3_0.png,0,0,125,0,0,125,79,0,46,111,0,14,30,0,95
test_95_3_1.png,0,0,0,0,0,0,0,0,0,0,0,0,0,0,0
test_95_3_2.png,0,0,0,0,0,0,0,0,0,0,0,0,0,0,0
test_95_3_3.png,0,0,0,0,0,0,0,0,0,0,0,0,0,0,0
test_96_0_0.png,1464,140,29,1474,178,19,1469,144,24,1476,151,17,1475,149,18
test_96_0_1.png,0,0,0,0,0,0,0,0,0,0,0,0,0,0,0
test_96_0_2.png,0,0,0,0,0,0,0,0,0,0,0,0,0,0,0
test_96_0_3.png,0,0,19,0,0,19,0,0,19,0,0,19,0,0,19
test_96_1_0.png,0,0,0,0,0,0,0,0,0,0,0,0,0,0,0
test_96_1_1.png,0,0,0,0,0,0,0,0,0,0,0,0,0,0,0
test_96_1_2.png,0,0,0,0,0,0,0,0,0,0,0,0,0,0,0
test_96_1_3.png,0,0,0,0,0,0,0,0,0,0,0,0,0,0,0
test_96_2_0.png,0,0,0,0,0,0,0,0,0,0,0,0,0,0,0
test_96_2_1.png,0,0,0,0,0,0,0,0,0,0,0,0,0,0,0
test_96_2_2.png,0,0,0,0,0,0,0,0,0,0,0,0,0,0,0
test_96_2_3.png,0,0,0,0,0,0,0,0,0,0,0,0,0,0,0
test_96_3_0.png,0,0,0,0,0,0,0,0,0,0,0,0,0,0,0
test_96_3_1.png,0,0,0,0,0,0,0,0,0,0,0,0,0,0,0
test_96_3_2.png,0,0,0,0,0,0,0,0,0,0,0,0,0,0,0
test_96_3_3.png,0,0,0,0,0,0,0,0,0,0,0,0,0,0,0
test_97_0_0.png,0,0,41,0,0,41,0,0,41,0,0,41,0,0,41
test_97_0_1.png,0,0,0,0,0,0,0,0,0,0,0,0,0,0,0
test_97_0_2.png,0,0,0,0,0,0,0,0,0,0,0,0,0,0,0
test_97_0_3.png,0,0,0,0,0,0,0,0,0,0,0,0,0,0,0
test_97_1_0.png,0,0,0,0,0,0,0,0,0,0,0,0,0,0,0
test_97_1_1.png,0,0,0,0,0,0,0,0,0,0,0,0,0,0,0
test_97_1_2.png,0,0,0,0,0,0,0,0,0,0,0,0,0,0,0
test_97_1_3.png,0,0,0,0,0,0,0,0,0,0,0,0,0,0,0
test_97_2_0.png,432,5,36,426,4,42,433,5,35,421,2,47,430,5,38
test_97_2_1.png,104,2,67,2,0,169,67,0,104,110,5,61,83,0,88
test_97_2_2.png,0,0,0,0,0,0,0,0,0,0,0,0,0,0,0
test_97_2_3.png,0,0,0,0,0,0,0,0,0,0,0,0,0,0,0
test_97_3_0.png,318,100,5,318,100,5,319,108,4,317,89,6,318,100,5
test_97_3_1.png,286,34,2,281,33,7,286,19,2,286,23,2,286,26,2
test_97_3_2.png,0,0,0,0,0,0,0,0,0,0,0,0,0,0,0
test_97_3_3.png,0,0,0,0,0,0,0,0,0,0,0,0,0,0,0
test_98_0_0.png,0,0,0,0,0,0,0,0,0,0,0,0,0,0,0
test_98_0_1.png,0,0,0,0,0,0,0,0,0,0,0,0,0,0,0
test_98_0_2.png,0,0,0,0,0,0,0,0,0,0,0,0,0,0,0
test_98_0_3.png,0,0,0,0,0,0,0,0,0,0,0,0,0,0,0
test_98_1_0.png,0,0,0,0,0,0,0,0,0,0,0,0,0,0,0
test_98_1_1.png,0,0,0,0,0,0,0,0,0,0,0,0,0,0,0
test_98_1_2.png,0,0,0,0,0,0,0,0,0,0,0,0,0,0,0
test_98_1_3.png,0,0,0,0,0,0,0,0,0,0,0,0,0,0,0
test_98_2_0.png,0,0,0,0,0,0,0,0,0,0,0,0,0,0,0
test_98_2_1.png,0,0,0,0,0,0,0,0,0,0,0,0,0,0,0
test_98_2_2.png,0,0,0,0,0,0,0,0,0,0,0,0,0,0,0
test_98_2_3.png,0,0,0,0,0,0,0,0,0,0,0,0,0,0,0
test_98_3_0.png,0,0,0,0,0,0,0,0,0,0,0,0,0,0,0
test_98_3_1.png,474,3,42,466,0,50,467,7,49,477,4,39,470,2,46
test_98_3_2.png,0,0,0,0,0,0,0,0,0,0,0,0,0,0,0
test_98_3_3.png,0,0,0,0,0,0,0,0,0,0,0,0,0,0,0
test_99_0_0.png,0,0,0,0,0,0,0,0,0,0,0,0,0,0,0
test_99_0_1.png,0,0,0,0,0,0,0,0,0,0,0,0,0,0,0
test_99_0_2.png,0,0,0,0,0,0,0,0,0,0,0,0,0,0,0
test_99_0_3.png,0,0,0,0,0,0,0,0,0,0,0,0,0,0,0
test_99_1_0.png,0,0,0,0,0,0,0,0,0,0,0,0,0,0,0
test_99_1_1.png,0,0,0,0,0,0,0,0,0,0,0,0,0,0,0
test_99_1_2.png,0,0,0,0,0,0,0,0,0,0,0,0,0,0,0
test_99_1_3.png,0,0,0,0,0,0,0,0,0,0,0,0,0,0,0
test_99_2_0.png,0,0,0,0,0,0,0,0,0,0,0,0,0,0,0
test_99_2_1.png,0,0,0,0,0,0,0,0,0,0,0,0,0,0,0
test_99_2_2.png,0,0,0,0,0,0,0,0,0,0,0,0,0,0,0
test_99_2_3.png,0,0,0,0,0,0,0,0,0,0,0,0,0,0,0
test_99_3_0.png,0,0,97,0,0,97,0,0,97,0,0,97,0,0,97
test_99_3_1.png,0,0,143,0,0,143,0,0,143,0,0,143,0,0,143
test_99_3_2.png,0,0,0,0,0,0,0,0,0,0,0,0,0,0,0
test_99_3_3.png,0,0,0,0,0,0,0,0,0,0,0,0,0,0,0
test_9_0_0.png,2310,145,239,2269,154,280,2421,183,128,2265,148,284,2349,157,200
test_9_0_1.png,0,0,0,0,0,0,0,0,0,0,0,0,0,0,0
test_9_0_2.png,0,0,0,0,0,0,0,0,0,0,0,0,0,0,0
test_9_0_3.png,0,0,0,0,0,0,0,0,0,0,0,0,0,0,0
test_9_1_0.png,2705,164,153,2660,143,198,2665,151,193,2680,134,178,2677,146,181
test_9_1_1.png,0,0,0,0,0,0,0,0,0,0,0,0,0,0,0
test_9_1_2.png,0,0,0,0,0,0,0,0,0,0,0,0,0,0,0
test_9_1_3.png,0,0,0,0,0,0,0,0,0,0,0,0,0,0,0
test_9_2_0.png,1116,169,147,1138,260,125,1124,169,139,1087,144,176,1106,184,157
test_9_2_1.png,0,0,0,0,0,0,0,0,0,0,0,0,0,0,0
test_9_2_2.png,0,0,0,0,0,0,0,0,0,0,0,0,0,0,0
test_9_2_3.png,0,0,0,0,0,0,0,0,0,0,0,0,0,0,0
test_9_3_0.png,1279,90,820,1279,112,820,1276,95,823,1266,101,833,1277,102,822
test_9_3_1.png,0,0,0,0,0,0,0,0,0,0,0,0,0,0,0
test_9_3_2.png,0,0,0,0,0,0,0,0,0,0,0,0,0,0,0
test_9_3_3.png,0,0,0,0,0,0,0,0,0,0,0,0,0,0,0
