image,original_tp,original_fp,original_fn,flip_w_tp,flip_w_fp,flip_w_fn,flip_h_tp,flip_h_fp,flip_h_fn,flip_hw_tp,flip_hw_fp,flip_hw_fn,tta_tp,tta_fp,tta_fn
test_100_0_0.png,0,0,0,0,0,0,0,0,0,0,0,0,0,0,0
test_100_0_1.png,0,0,1131,0,0,1131,0,0,1131,0,0,1131,0,0,1131
test_100_0_2.png,0,0,219,0,0,219,0,0,219,0,0,219,0,0,219
test_100_0_3.png,6751,338,468,6737,357,482,6683,267,536,6765,368,454,6742,311,477
test_100_1_0.png,415,5,32,423,11,24,405,0,42,411,4,36,414,2,33
test_100_1_1.png,0,0,0,0,0,0,0,0,0,0,0,0,0,0,0
test_100_1_2.png,5670,336,500,5639,283,531,5544,301,626,5605,366,565,5619,289,551
test_100_1_3.png,17264,664,1622,17007,500,1879,16988,542,1898,17119,665,1767,17119,546,1767
test_100_2_0.png,0,0,0,0,0,0,0,0,0,0,0,0,0,0,0
test_100_2_1.png,1864,63,270,1846,65,288,1846,51,288,1848,50,286,1851,55,283
test_100_2_2.png,14971,461,1118,14937,484,1152,14846,484,1243,14912,489,1177,14925,466,1164
test_100_2_3.png,17634,746,1209,17623,734,1220,17669,845,1174,17596,754,1247,17655,737,1188
test_100_3_0.png,0,0,0,0,0,0,0,0,0,0,0,0,0,0,0
test_100_3_1.png,10827,464,939,10781,444,985,10763,402,1003,10778,343,988,10794,366,972
test_100_3_2.png,19341,790,1075,19135,663,1281,19232,715,1184,19316,747,1100,19271,670,1145
test_100_3_3.png,14305,370,1218,14189,348,1334,14243,422,1280,14155,359,1368,14243,355,1280
test_101_0_0.png,0,0,0,0,0,0,0,0,0,0,0,0,0,0,0
test_101_0_1.png,11530,1113,156,11578,2279,108,11591,2005,95,11577,1578,109,11577,1682,109
test_101_0_2.png,0,0,0,0,0,0,0,0,0,0,0,0,0,0,0
test_101_0_3.png,0,0,0,0,0,0,0,0,0,0,0,0,0,0,0
test_101_1_0.png,0,0,211,0,0,211,0,0,211,0,0,211,0,0,211
test_101_1_1.png,0,0,0,0,0,0,0,0,0,0,0,0,0,0,0
test_101_1_2.png,0,0,0,0,0,0,0,0,0,0,0,0,0,0,0
test_101_1_3.png,0,0,486,0,0,486,0,0,486,0,0,486,0,0,486
test_101_2_0.png,1474,49,212,1426,52,260,980,33,706,988,41,698,1091,41,595
test_101_2_1.png,7287,69,608,7344,97,551,7214,59,681,7291,62,604,7277,62,618
test_101_2_2.png,1060,36,94,1033,36,121,1067,52,87,880,22,274,1034,32,120
test_101_2_3.png,5139,106,1936,6533,161,542,1175,18,5900,2128,45,4947,4015,64,3060
test_101_3_0.png,447,34,1275,430,38,1292,408,18,1314,417,17,1305,425,24,1297
test_101_3_1.png,7477,720,887,7745,820,619,6382,654,1982,6811,746,1553,7327,681,1037
test_101_3_2.png,5122,143,488,5123,131,487,5128,134,482,5178,184,432,5127,142,483
test_101_3_3.png,3257,170,230,3278,188,209,3267,201,220,3223,135,264,3257,154,230
test_102_0_0.png,0,101,0,0,101,0,0,201,0,0,87,0,0,109,0
test_102_0_1.png,2328,5,115,2331,5,112,2342,13,101,2331,10,112,2331,6,112
test_102_0_2.png,20594,273,232,20566,284,260,20488,490,338,20500,233,326,20538,260,288
test_102_0_3.png,15773,639,393,15707,384,459,15748,448,418,15614,326,552,15719,383,447
test_102_1_0.png,2195,119,169,2195,116,169,2217,191,147,2182,112,182,2198,127,166
test_102_1_1.png,18537,505,42,18520,667,59,18498,723,81,18475,546,104,18509,582,70
test_102_1_2.png,14387,161,214,14456,201,145,14335,110,266,14359,106,242,14388,126,213
test_102_1_3.png,2698,0,154,2676,0,176,2682,0,170,2678,0,174,2686,0,166
test_102_2_0.png,13385,140,168,13379,100,174,13421,256,132,13311,48,242,13384,116,169
test_102_2_1.png,2063,9,60,1886,0,237,2085,39,38,2048,0,75,2054,3,69
test_102_2_2.png,0,0,0,0,0,0,0,0,0,0,0,0,0,0,0
test_102_2_3.png,0,0,0,0,0,0,0,0,0,0,0,0,0,0,0
test_102_3_0.png,11362,633,621,11323,490,660,11391,940,592,11352,679,631,11368,623,615
test_102_3_1.png,0,0,0,0,0,0,0,0,0,0,0,0,0,0,0
test_102_3_2.png,0,0,0,0,0,0,0,0,0,0,0,0,0,0,0
test_102_3_3.png,0,0,0,0,0,0,0,0,0,0,0,0,0,0,0
test_103_0_0.png,3052,360,260,2962,328,350,1277,82,2035,3001,296,311,2995,270,317
test_103_0_1.png,1886,449,1826,241,6,3471,0,0,3712,74,0,3638,36,0,3676
test_103_0_2.png,0,0,0,0,0,0,0,0,0,0,0,0,0,0,0
test_103_0_3.png,4626,791,243,4566,78,303,4739,1336,130,4747,258,122,4682,192,187
test_103_1_0.png,2600,301,2497,2031,203,3066,1405,160,3692,1152,106,3945,1470,148,3627
test_103_1_1.png,0,0,1218,0,0,1218,0,0,1218,0,0,1218,0,0,1218
test_103_1_2.png,0,0,0,0,0,0,0,0,0,0,0,0,0,0,0
test_103_1_3.png,0,0,0,0,0,0,0,0,0,0,13,0,0,0,0
test_103_2_0.png,0,0,0,0,0,0,0,0,0,0,0,0,0,0,0
test_103_2_1.png,0,0,0,0,0,0,0,0,0,0,0,0,0,0,0
test_103_2_2.png,0,0,0,0,0,0,0,0,0,0,0,0,0,0,0
test_103_2_3.png,0,0,0,0,0,0,0,0,0,0,0,0,0,0,0
test_103_3_0.png,0,0,0,0,0,0,0,0,0,0,0,0,0,0,0
test_103_3_1.png,0,0,0,0,0,0,0,0,0,0,0,0,0,0,0
test_103_3_2.png,0,0,0,0,0,0,0,0,0,0,0,0,0,0,0
test_103_3_3.png,0,317,0,0,328,0,0,0,0,0,0,0,0,25,0
test_104_0_0.png,0,0,0,0,0,0,0,0,0,0,0,0,0,0,0
test_104_0_1.png,0,0,0,0,0,0,0,0,0,0,0,0,0,0,0
test_104_0_2.png,0,0,0,0,0,0,0,0,0,0,0,0,0,0,0
test_104_0_3.png,0,0,0,0,0,0,0,0,0,0,0,0,0,0,0
test_104_1_0.png,0,0,0,0,0,0,0,0,0,0,0,0,0,0,0
test_104_1_1.png,0,0,0,0,0,0,0,0,0,0,0,0,0,0,0
test_104_1_2.png,0,0,0,0,0,0,0,0,0,0,0,0,0,0,0
test_104_1_3.png,0,0,0,0,0,0,0,0,0,0,0,0,0,0,0
test_104_2_0.png,17737,3040,406,17790,1591,353,17954,2349,189,17878,2551,265,17865,2415,278
test_104_2_1.png,0,0,0,0,0,0,0,0,0,0,0,0,0,0,0
test_104_2_2.png,0,0,0,0,0,0,0,0,0,0,0,0,0,0,0
test_104_2_3.png,0,0,0,0,0,0,0,0,0,0,0,0,0,0,0
test_104_3_0.png,144,903,762,175,919,731,204,881,702,174,920,732,182,907,724
test_104_3_1.png,0,0,0,0,0,0,0,0,0,0,0,0,0,0,0
test_104_3_2.png,0,0,0,0,0,0,0,0,0,0,0,0,0,0,0
test_104_3_3.png,0,811,0,0,746,0,0,344,0,0,6,0,0,632,0
test_105_0_0.png,0,0,0,0,0,0,0,0,0,0,0,0,0,0,0
test_105_0_1.png,0,0,0,0,0,0,0,0,0,0,0,0,0,0,0
test_105_0_2.png,0,0,0,0,0,0,0,0,0,0,0,0,0,0,0
test_105_0_3.png,0,0,0,0,0,0,0,0,0,0,0,0,0,0,0
test_105_1_0.png,2299,52,216,2320,74,195,2293,66,222,2264,68,251,2293,67,222
test_105_1_1.png,0,0,0,0,0,0,0,0,0,0,0,0,0,0,0
test_105_1_2.png,0,0,35,0,0,35,0,0,35,0,0,35,0,0,35
test_105_1_3.png,11741,709,1266,11788,720,1219,11786,687,1221,11906,875,1101,11836,705,1171
test_105_2_0.png,8073,517,758,8145,558,686,8141,583,690,8107,455,724,8122,514,709
test_105_2_1.png,0,0,0,0,0,0,0,0,0,0,0,0,0,0,0
test_105_2_2.png,1358,95,186,1339,86,205,1365,332,179,1346,542,198,1354,110,190
test_105_2_3.png,1825,976,276,1805,948,296,1808,936,293,1932,940,169,1805,945,296
test_105_3_0.png,12672,902,988,12689,996,971,12606,917,1054,12763,1045,897,12698,912,962
test_105_3_1.png,2349,69,801,2979,138,171,2955,123,195,2982,142,168,2967,102,183
test_105_3_2.png,1086,53,82,1118,85,50,1079,47,89,1123,67,45,1110,50,58
test_105_3_3.png,6261,433,613,6352,471,522,6315,405,559,6331,424,543,6321,406,553
test_106_0_0.png,0,0,707,0,0,707,0,0,707,0,0,707,0,0,707
test_106_0_1.png,0,0,0,0,0,0,0,0,0,0,0,0,0,0,0
test_106_0_2.png,3262,309,310,3293,311,279,3215,288,357,3274,314,298,3268,299,304
test_106_0_3.png,16309,944,1219,16262,1019,1266,16458,1180,1070,16404,1125,1124,16411,1048,1117
test_106_1_0.png,0,0,0,0,0,0,0,0,0,0,0,0,0,0,0
test_106_1_1.png,0,0,0,0,0,0,0,0,0,0,0,0,0,0,0
test_106_1_2.png,0,0,0,0,0,0,0,0,0,0,0,0,0,0,0
test_106_1_3.png,0,0,0,0,0,0,0,0,0,0,0,0,0,0,0
test_106_2_0.png,0,0,0,0,0,0,0,0,0,0,0,0,0,0,0
test_106_2_1.png,0,0,0,0,0,0,0,0,0,0,0,0,0,0,0
test_106_2_2.png,0,0,0,0,0,0,0,0,0,0,0,0,0,0,0
test_106_2_3.png,0,0,787,457,73,330,1,0,786,161,72,626,0,25,787
test_106_3_0.png,0,0,0,0,0,0,0,0,0,0,0,0,0,0,0
test_106_3_1.png,0,0,0,0,0,0,0,0,0,0,0,0,0,0,0
test_106_3_2.png,0,0,0,0,0,0,0,0,0,0,0,0,0,0,0
test_106_3_3.png,125,0,1461,1097,5,489,1379,27,207,478,0,1108,908,1,678
test_107_0_0.png,280,10,35,286,9,29,288,11,27,0,0,315,284,8,31
test_107_0_1.png,0,0,0,0,0,0,0,0,0,0,0,0,0,0,0
test_107_0_2.png,0,0,0,0,0,0,0,0,0,0,0,0,0,0,0
test_107_0_3.png,286,10,45,284,8,47,271,10,60,245,3,86,278,10,53
test_107_1_0.png,0,249,0,0,262,0,0,0,0,0,115,0,0,219,0
test_107_1_1.png,0,0,0,0,0,0,0,0,0,0,0,0,0,0,0
test_107_1_2.png,0,63,0,0,65,0,0,90,0,0,59,0,0,66,0
test_107_1_3.png,0,0,0,0,0,0,0,0,0,0,0,0,0,0,0
test_107_2_0.png,0,0,0,0,0,0,0,0,0,0,0,0,0,0,0
test_107_2_1.png,0,0,0,0,0,0,0,0,0,0,0,0,0,0,0
test_107_2_2.png,763,27,9,770,42,2,761,26,11,758,11,14,769,30,3
test_107_2_3.png,0,0,0,0,0,0,0,0,0,0,0,0,0,0,0
test_107_3_0.png,0,0,0,0,0,0,0,0,0,0,0,0,0,0,0
test_107_3_1.png,0,0,0,0,0,0,0,1,0,0,0,0,0,0,0
test_107_3_2.png,805,75,75,834,73,46,778,93,102,752,67,128,801,78,79
test_107_3_3.png,0,0,0,0,0,0,0,0,0,0,0,0,0,0,0
test_108_0_0.png,0,0,0,0,0,0,0,0,0,0,0,0,0,0,0
test_108_0_1.png,0,0,0,0,0,0,0,0,0,0,0,0,0,0,0
test_108_0_2.png,0,0,0,0,0,0,0,0,0,0,0,0,0,0,0
test_108_0_3.png,0,0,0,0,0,0,0,0,0,0,0,0,0,0,0
test_108_1_0.png,0,0,0,0,0,0,0,0,0,0,0,0,0,0,0
test_108_1_1.png,0,0,0,0,0,0,0,0,0,0,0,0,0,0,0
test_108_1_2.png,0,0,0,0,0,0,0,0,0,0,0,0,0,0,0
test_108_1_3.png,0,0,0,0,0,0,0,0,0,0,0,0,0,0,0
test_108_2_0.png,0,0,0,0,0,0,0,0,0,0,0,0,0,0,0
test_108_2_1.png,0,0,0,0,0,0,0,0,0,0,0,0,0,0,0
test_108_2_2.png,0,0,0,0,0,0,0,0,0,0,0,0,0,0,0
test_108_2_3.png,0,0,0,0,0,0,0,0,0,0,0,0,0,0,0
test_108_3_0.png,0,0,0,0,0,0,0,0,0,0,0,0,0,0,0
test_108_3_1.png,0,0,0,0,0,0,0,0,0,0,0,0,0,0,0
test_108_3_2.png,0,0,0,0,0,0,0,0,0,0,0,0,0,0,0
test_108_3_3.png,0,0,0,0,0,0,0,0,0,0,0,0,0,0,0
test_109_0_0.png,0,0,0,0,0,0,0,0,0,0,0,0,0,0,0
test_109_0_1.png,0,0,0,0,0,0,0,0,0,0,0,0,0,0,0
test_109_0_2.png,0,0,0,0,0,0,0,0,0,0,0,0,0,0,0
test_109_0_3.png,0,0,0,0,0,0,0,0,0,0,0,0,0,0,0
test_109_1_0.png,0,0,0,0,0,0,0,0,0,0,0,0,0,0,0
test_109_1_1.png,0,0,0,0,0,0,0,0,0,0,0,0,0,0,0
test_109_1_2.png,0,0,0,0,0,0,0,0,0,0,0,0,0,0,0
test_109_1_3.png,0,0,0,0,0,0,0,0,0,0,0,0,0,0,0
test_109_2_0.png,0,0,0,0,0,0,0,0,0,0,0,0,0,0,0
test_109_2_1.png,0,0,0,0,0,0,0,0,0,0,0,0,0,0,0
test_109_2_2.png,3861,259,61,3856,227,66,3870,216,52,3870,249,52,3865,234,57
test_109_2_3.png,0,72,0,0,0,0,0,7,0,0,0,0,0,0,0
test_109_3_0.png,0,0,769,0,0,769,0,0,769,0,0,769,0,0,769
test_109_3_1.png,0,0,0,0,0,0,0,0,0,0,0,0,0,0,0
test_109_3_2.png,0,0,0,0,0,0,0,0,0,0,0,0,0,0,0
test_109_3_3.png,0,0,0,0,0,0,0,0,0,0,0,0,0,0,0
test_10_0_0.png,0,0,0,0,0,0,0,0,0,0,0,0,0,0,0
test_10_0_1.png,0,0,0,0,0,0,0,0,0,0,0,0,0,0,0
test_10_0_2.png,0,0,0,0,0,0,0,0,0,0,0,0,0,0,0
test_10_0_3.png,0,0,0,0,0,0,0,0,0,0,0,0,0,0,0
test_10_1_0.png,1135,41,67,1125,30,77,1117,40,85,1136,38,66,1128,37,74
test_10_1_1.png,2869,136,137,2871,140,135,2886,165,120,2876,133,130,2885,137,121
test_10_1_2.png,0,0,0,0,0,0,0,0,0,0,0,0,0,0,0
test_10_1_3.png,0,0,0,0,0,0,0,0,0,0,0,0,0,0,0
test_10_2_0.png,6969,802,429,6972,852,426,6944,808,454,6949,655,449,6967,754,431
test_10_2_1.png,13872,1436,871,13979,1541,764,13917,1480,826,13992,1400,751,13948,1421,795
test_10_2_2.png,11358,1507,521,11418,1476,461,11377,1541,502,11431,1533,448,11408,1492,471
test_10_2_3.png,7011,707,250,7004,757,257,7025,770,236,6997,739,264,7018,737,243
test_10_3_0.png,16402,1975,507,16371,1942,538,16338,1877,571,16338,1909,571,16385,1892,524
test_10_3_1.png,9445,1575,389,9388,1434,446,9299,1271,535,9236,1171,598,9387,1350,447
test_10_3_2.png,9379,1093,411,9373,1195,417,9333,991,457,9301,947,489,9350,1004,440
test_10_3_3.png,18561,2186,1147,18547,2158,1161,18482,2096,1226,18501,2093,1207,18537,2100,1171
test_110_0_0.png,0,0,0,0,0,0,0,0,0,0,0,0,0,0,0
test_110_0_1.png,0,0,0,0,0,0,0,0,0,0,0,0,0,0,0
test_110_0_2.png,0,0,0,0,0,0,0,0,0,0,0,0,0,0,0
test_110_0_3.png,0,0,0,0,0,0,0,0,0,0,0,0,0,0,0
test_110_1_0.png,0,0,0,0,0,0,0,0,0,0,0,0,0,0,0
test_110_1_1.png,0,0,0,0,0,0,0,0,0,0,0,0,0,0,0
test_110_1_2.png,0,0,0,0,0,0,0,0,0,0,0,0,0,0,0
test_110_1_3.png,2572,247,161,2555,280,178,2556,271,177,2569,255,164,2567,247,166
test_110_2_0.png,4578,140,1255,4525,143,1308,4434,159,1399,4545,114,1288,4515,118,1318
test_110_2_1.png,0,0,0,0,0,0,0,0,0,0,0,0,0,0,0
test_110_2_2.png,0,0,0,0,0,0,0,0,0,0,0,0,0,0,0
test_110_2_3.png,0,0,62,0,0,62,0,0,62,0,0,62,0,0,62
test_110_3_0.png,0,0,0,0,0,0,0,0,0,0,0,0,0,0,0
test_110_3_1.png,0,0,0,0,0,0,0,0,0,0,0,0,0,0,0
test_110_3_2.png,0,0,0,0,0,0,0,0,0,0,0,0,0,0,0
test_110_3_3.png,0,0,159,40,0,119,0,0,159,0,0,159,0,0,159
test_111_0_0.png,0,0,0,0,0,0,0,0,0,0,0,0,0,0,0
test_111_0_1.png,0,0,0,0,0,0,0,0,0,0,0,0,0,0,0
test_111_0_2.png,4589,479,270,4548,366,311,4529,247,330,4565,421,294,4572,400,287
test_111_0_3.png,0,0,12,0,0,12,0,0,12,0,0,12,0,0,12
test_111_1_0.png,0,0,0,0,0,0,0,0,0,0,0,0,0,0,0
test_111_1_1.png,0,0,625,0,0,625,55,0,570,411,12,214,0,0,625
test_111_1_2.png,2397,198,256,2425,232,228,2450,292,203,2425,164,228,2424,200,229
test_111_1_3.png,1242,135,540,1597,146,185,952,110,830,1405,143,377,1319,125,463
test_111_2_0.png,0,0,0,0,0,0,0,0,0,0,0,0,0,0,0
test_111_2_1.png,0,0,0,0,0,0,0,0,0,0,0,0,0,0,0
test_111_2_2.png,0,0,0,0,0,0,0,0,0,0,0,0,0,0,0
test_111_2_3.png,1578,251,1608,1736,197,1450,1563,221,1623,746,50,2440,1478,131,1708
test_111_3_0.png,13986,956,1443,14061,1164,1368,14167,1246,1262,14192,1271,1237,14128,1085,1301
test_111_3_1.png,2256,271,284,2259,264,281,2263,275,277,2215,295,325,2246,267,294
test_111_3_2.png,0,0,0,0,0,0,0,0,0,0,0,0,0,0,0
test_111_3_3.png,0,0,0,0,0,0,0,0,0,0,0,0,0,0,0
test_112_0_0.png,0,0,0,0,0,0,0,0,0,0,0,0,0,0,0
test_112_0_1.png,0,0,0,0,0,0,0,0,0,0,0,0,0,0,0
test_112_0_2.png,0,59,0,0,0,0,0,331,0,0,383,0,0,162,0
test_112_0_3.png,0,0,0,0,0,0,0,0,0,0,0,0,0,0,0
test_112_1_0.png,924,81,653,932,270,645,931,444,646,931,408,646,931,355,646
test_112_1_1.png,0,0,0,0,0,0,0,0,0,0,0,0,0,0,0
test_112_1_2.png,0,0,0,0,0,0,0,0,0,0,0,0,0,0,0
test_112_1_3.png,0,0,0,0,0,0,0,0,0,0,0,0,0,0,0
test_112_2_0.png,0,0,0,0,0,0,0,0,0,0,0,0,0,0,0
test_112_2_1.png,316,22,34,321,32,29,274,10,76,305,15,45,309,18,41
test_112_2_2.png,3722,137,278,3785,150,215,3721,121,279,3640,170,360,3736,139,264
test_112_2_3.png,2528,13,490,2613,32,405,2053,7,965,1526,15,1492,2356,2,662
test_112_3_0.png,0,0,0,0,0,0,0,0,0,0,0,0,0,0,0
test_112_3_1.png,0,0,0,0,0,0,0,0,0,0,0,0,0,0,0
test_112_3_2.png,0,226,0,0,231,0,0,217,0,0,228,0,0,224,0
test_112_3_3.png,0,0,0,0,0,0,0,0,0,0,0,0,0,0,0
test_113_0_0.png,0,0,0,0,0,0,0,0,0,0,0,0,0,0,0
test_113_0_1.png,0,0,80,14,0,66,50,0,30,0,0,80,0,0,80
test_113_0_2.png,2099,65,398,2210,67,287,2208,89,289,2123,49,374,2161,66,336
test_113_0_3.png,0,0,0,0,0,0,0,0,0,0,0,0,0,0,0
test_113_1_0.png,0,0,0,0,0,0,0,0,0,0,0,0,0,0,0
test_113_1_1.png,1196,29,275,1260,14,211,723,18,748,1349,31,122,1271,23,200
test_113_1_2.png,1192,0,181,1206,0,167,1126,0,247,1204,5,169,1192,0,181
test_113_1_3.png,9466,590,665,9469,655,662,9338,479,793,9074,473,1057,9422,545,709
test_113_2_0.png,0,0,0,0,0,0,0,0,0,0,0,0,0,0,0
test_113_2_1.png,0,0,0,0,0,0,0,0,0,0,0,0,0,0,0
test_113_2_2.png,0,0,0,0,0,0,0,0,0,0,0,0,0,0,0
test_113_2_3.png,15838,1055,2512,15112,1141,3238,15093,1159,3257,15104,1210,3246,15100,1116,3250
test_113_3_0.png,0,0,272,0,0,272,0,0,272,0,0,272,0,0,272
test_113_3_1.png,0,0,0,0,0,0,0,0,0,0,0,0,0,0,0
test_113_3_2.png,0,0,0,0,0,0,0,0,0,0,0,0,0,0,0
test_113_3_3.png,16754,455,5092,13761,249,8085,17321,342,4525,17920,464,3926,16776,344,5070
test_114_0_0.png,0,0,0,0,0,0,0,0,0,0,0,0,0,0,0
test_114_0_1.png,0,0,185,0,0,185,0,0,185,0,0,185,0,0,185
test_114_0_2.png,913,171,35,933,192,15,542,160,406,920,220,28,926,163,22
test_114_0_3.png,1109,544,49,770,320,388,1152,770,6,1158,972,0,1143,719,15
test_114_1_0.png,2617,1239,441,2763,1232,295,2644,960,414,2608,1003,450,2672,1081,386
test_114_1_1.png,16137,1596,846,16057,1480,926,15961,2239,1022,15969,1165,1014,16057,1372,926
test_114_1_2.png,3685,1342,61,3702,1209,44,3725,1242,21,3736,1171,10,3720,1243,26
test_114_1_3.png,540,455,28,556,474,12,537,482,31,543,453,25,543,463,25
test_114_2_0.png,146,4,26,153,4,19,157,5,15,162,4,10,154,4,18
test_114_2_1.png,1431,83,52,1431,91,52,1433,78,50,1432,94,51,1432,87,51
test_114_2_2.png,0,0,0,0,0,0,0,0,0,0,0,0,0,0,0
test_114_2_3.png,1058,94,18,1050,93,26,1048,86,28,1054,94,22,1057,89,19
test_114_3_0.png,0,0,0,0,0,0,0,0,0,0,0,0,0,0,0
test_114_3_1.png,1951,348,162,1961,357,152,1945,372,168,1953,426,160,1956,371,157
test_114_3_2.png,1778,37,177,1785,30,170,1771,27,184,1789,24,166,1783,29,172
test_114_3_3.png,638,51,707,870,74,475,604,49,741,642,56,703,642,55,703
test_115_0_0.png,9353,358,655,9377,304,631,9330,367,678,9328,366,680,9362,341,646
test_115_0_1.png,21961,1115,1387,21752,994,1596,21844,1084,1504,21873,1069,1475,21871,1036,1477
test_115_0_2.png,22979,660,2308,22839,584,2448,22845,673,2442,22675,630,2612,22850,612,2437
test_115_0_3.png,22369,691,1752,22166,708,1955,22195,668,1926,22285,780,1836,22261,689,1860
test_115_1_0.png,0,0,0,0,0,0,0,0,0,0,0,0,0,0,0
test_115_1_1.png,13420,622,747,13388,564,779,13308,586,859,13323,671,844,13371,597,796
test_115_1_2.png,25489,1002,2133,25205,828,2417,25287,858,2335,25315,910,2307,25329,869,2293
test_115_1_3.png,20718,713,2271,20856,827,2133,20734,865,2255,20741,840,2248,20792,802,2197
test_115_2_0.png,4287,395,147,4260,329,174,4261,463,173,4235,280,199,4266,321,168
test_115_2_1.png,477,8,149,458,6,168,457,14,169,461,5,165,454,7,172
test_115_2_2.png,5624,166,601,5623,166,602,5622,188,603,5584,170,641,5619,172,606
test_115_2_3.png,9574,329,811,9703,375,682,9611,321,774,9573,299,812,9616,313,769
test_115_3_0.png,8008,395,390,7975,352,423,8089,438,309,8015,361,383,8034,359,364
test_115_3_1.png,1482,136,45,1482,129,45,1501,139,26,1502,138,25,1497,131,30
test_115_3_2.png,0,0,0,0,0,0,0,0,0,0,0,0,0,0,0
test_115_3_3.png,1549,87,133,1541,87,141,1542,94,140,1557,104,125,1553,87,129
test_116_0_0.png,0,0,0,0,211,0,0,0,0,0,0,0,0,0,0
test_116_0_1.png,0,0,0,0,0,0,0,0,0,0,0,0,0,0,0
test_116_0_2.png,0,0,0,0,0,0,0,0,0,0,0,0,0,0,0
test_116_0_3.png,0,0,325,0,0,325,0,0,325,0,0,325,0,0,325
test_116_1_0.png,9922,267,183,9908,162,197,9900,289,205,9898,392,207,9908,280,197
test_116_1_1.png,0,0,0,0,0,0,0,0,0,0,0,0,0,0,0
test_116_1_2.png,0,0,0,0,104,0,0,0,0,0,0,0,0,0,0
test_116_1_3.png,0,0,0,0,0,0,0,0,0,0,0,0,0,0,0
test_116_2_0.png,2012,30,227,1635,52,604,1197,23,1042,924,6,1315,1588,25,651
test_116_2_1.png,0,1033,67,0,1020,67,0,34,67,0,0,67,0,332,67
test_116_2_2.png,0,87,0,0,0,0,0,0,0,0,0,0,0,0,0
test_116_2_3.png,0,0,0,0,0,0,0,0,0,0,0,0,0,0,0
test_116_3_0.png,0,0,0,0,0,0,0,0,0,0,0,0,0,0,0
test_116_3_1.png,0,0,0,0,0,0,0,0,0,0,0,0,0,0,0
test_116_3_2.png,0,0,0,0,0,0,0,0,0,0,0,0,0,0,0
test_116_3_3.png,0,0,0,0,0,0,0,0,0,0,0,0,0,0,0
test_117_0_0.png,0,0,0,0,0,0,0,0,0,0,0,0,0,0,0
test_117_0_1.png,0,0,0,0,0,0,0,0,0,0,0,0,0,0,0
test_117_0_2.png,0,0,0,0,0,0,0,0,0,0,0,0,0,0,0
test_117_0_3.png,0,0,0,0,0,0,0,0,0,0,0,0,0,0,0
test_117_1_0.png,0,0,0,0,0,0,0,0,0,0,0,0,0,0,0
test_117_1_1.png,0,0,0,0,0,0,0,0,0,0,0,0,0,0,0
test_117_1_2.png,0,0,0,0,0,0,0,0,0,0,0,0,0,0,0
test_117_1_3.png,0,0,0,0,0,0,0,0,0,0,0,0,0,0,0
test_117_2_0.png,0,0,0,0,0,0,0,0,0,0,0,0,0,0,0
test_117_2_1.png,0,0,0,0,0,0,0,0,0,0,0,0,0,0,0
test_117_2_2.png,0,0,0,0,0,0,0,0,0,0,0,0,0,0,0
test_117_2_3.png,0,0,0,0,0,0,0,0,0,0,0,0,0,0,0
test_117_3_0.png,0,0,0,0,0,0,0,0,0,0,0,0,0,0,0
test_117_3_1.png,0,0,0,0,0,0,0,0,0,0,0,0,0,0,0
test_117_3_2.png,0,0,0,0,0,0,0,0,0,0,0,0,0,0,0
test_117_3_3.png,0,0,0,0,0,0,0,0,0,0,0,0,0,0,0
test_118_0_0.png,6866,301,742,6880,221,728,6865,242,743,6868,249,740,6875,231,733
test_118_0_1.png,17431,800,1138,17373,796,1196,17373,772,1196,17332,714,1237,17398,747,1171
test_118_0_2.png,11867,681,963,11694,558,1136,11930,1358,900,11761,579,1069,11828,561,1002
test_118_0_3.png,0,0,122,0,342,122,0,326,122,0,288,122,0,302,122
test_118_1_0.png,8856,331,717,8900,407,673,8748,310,825,8861,341,712,8856,329,717
test_118_1_1.png,14335,613,1344,14382,606,1297,14419,736,1260,14356,644,1323,14376,615,1303
test_118_1_2.png,1346,6,279,1363,9,262,1438,37,187,1354,10,271,1375,7,250
test_118_1_3.png,0,0,265,53,0,212,0,0,265,0,0,265,0,0,265
test_118_2_0.png,11904,639,1020,11873,543,1051,11801,528,1123,11940,540,984,11881,538,1043
test_118_2_1.png,16421,973,769,16423,939,767,16210,809,980,16384,935,806,16389,888,801
test_118_2_2.png,11016,461,814,11056,446,774,10906,423,924,10994,441,836,10995,440,835
test_118_2_3.png,670,291,4,645,298,29,608,68,66,631,65,43,650,230,24
test_118_3_0.png,4251,187,177,4229,166,199,4301,222,127,4265,176,163,4276,170,152
test_118_3_1.png,6553,921,144,6546,955,151,6481,733,216,6480,779,217,6520,822,177
test_118_3_2.png,13884,685,863,13873,678,874,13804,591,943,13853,645,894,13878,633,869
test_118_3_3.png,13821,495,903,13809,483,915,13889,577,835,13835,541,889,13852,498,872
test_119_0_0.png,0,0,0,0,0,0,0,0,0,0,0,0,0,0,0
test_119_0_1.png,576,12,186,600,24,162,580,8,182,701,40,61,590,19,172
test_119_0_2.png,0,0,0,0,0,0,0,0,0,0,0,0,0,0,0
test_119_0_3.png,0,0,0,0,0,0,0,0,0,0,0,0,0,0,0
test_119_1_0.png,737,105,76,733,106,80,743,125,70,740,104,73,734,108,79
test_119_1_1.png,2809,73,453,2840,58,422,2767,52,495,2816,85,446,2809,62,453
test_119_1_2.png,10421,309,887,10544,366,764,10483,406,825,10558,449,750,10521,361,787
test_119_1_3.png,6879,178,547,6964,327,462,6873,239,553,6877,249,549,6927,209,499
test_119_2_0.png,1399,176,4563,3319,205,2643,4633,325,1329,3887,195,2075,3387,215,2575
test_119_2_1.png,2377,71,166,2376,156,167,2274,104,269,2365,174,178,2367,107,176
test_119_2_2.png,9212,440,969,9137,390,1044,9243,494,938,9297,514,884,9230,447,951
test_119_2_3.png,9233,343,773,9361,393,645,9341,345,665,9351,368,655,9327,339,679
test_119_3_0.png,14402,1486,536,14428,1499,510,14347,1148,591,14380,1249,558,14399,1334,539
test_119_3_1.png,9543,934,631,9526,759,648,9493,806,681,9546,844,628,9532,817,642
test_119_3_2.png,342,0,179,0,0,521,172,0,349,100,1,421,116,0,405
test_119_3_3.png,637,79,4,639,109,2,638,78,3,637,101,4,638,89,3
test_11_0_0.png,0,0,0,0,0,0,0,0,0,0,0,0,0,0,0
test_11_0_1.png,0,0,0,0,0,0,0,0,0,0,0,0,0,0,0
test_11_0_2.png,0,0,0,0,0,0,0,0,0,0,0,0,0,0,0
test_11_0_3.png,0,0,0,0,0,0,0,0,0,0,0,0,0,0,0
test_11_1_0.png,0,0,0,0,0,0,0,0,0,0,0,0,0,0,0
test_11_1_1.png,0,0,0,0,0,0,0,0,0,0,0,0,0,0,0
test_11_1_2.png,0,0,0,0,0,0,0,0,0,0,0,0,0,0,0
test_11_1_3.png,0,0,0,0,0,0,0,0,0,0,0,0,0,0,0
test_11_2_0.png,0,0,0,0,0,0,0,0,0,0,0,0,0,0,0
test_11_2_1.png,0,0,0,0,0,0,0,0,0,0,0,0,0,0,0
test_11_2_2.png,1915,158,64,1926,174,53,1893,142,86,1902,120,77,1910,148,69
test_11_2_3.png,1086,144,28,1092,134,22,1091,147,23,1085,121,29,1089,130,25
test_11_3_0.png,0,0,0,0,0,0,0,0,0,0,0,0,0,0,0
test_11_3_1.png,4886,565,274,4865,509,295,4849,498,311,4891,500,269,4878,510,282
test_11_3_2.png,668,40,21,666,50,23,652,48,37,650,47,39,658,47,31
test_11_3_3.png,1504,125,789,1417,142,876,1338,123,955,1874,177,419,1465,139,828
test_120_0_0.png,0,0,0,0,0,0,0,0,0,0,0,0,0,0,0
test_120_0_1.png,0,0,0,0,0,0,0,0,0,0,0,0,0,0,0
test_120_0_2.png,18375,914,868,18365,919,878,18369,822,874,18388,960,855,18416,894,827
test_120_0_3.png,7105,265,648,7108,298,645,7155,294,598,7198,325,555,7172,273,581
test_120_1_0.png,0,0,0,0,0,0,0,0,0,0,0,0,0,0,0
test_120_1_1.png,0,0,0,0,0,0,0,0,0,0,0,0,0,0,0
test_120_1_2.png,12266,555,792,12279,476,779,12331,550,727,12322,586,736,12312,527,746
test_120_1_3.png,16582,1029,717,16616,979,683,16531,855,768,16529,882,770,16584,898,715
test_120_2_0.png,0,0,0,0,0,0,0,0,0,0,0,0,0,0,0
test_120_2_1.png,2979,223,126,2987,188,118,2966,193,139,2971,192,134,2981,203,124
test_120_2_2.png,16428,1005,889,16386,1149,931,16525,1130,792,16356,1063,961,16449,1029,868
test_120_2_3.png,17803,927,770,17640,895,933,17895,1069,678,17704,838,869,17762,885,811
test_120_3_0.png,0,0,0,0,0,0,0,0,0,0,0,0,0,0,0
test_120_3_1.png,11988,879,355,11982,887,361,11977,826,366,11980,877,363,11972,866,371
test_120_3_2.png,12012,850,622,12048,960,586,12134,1062,500,11995,841,639,12051,903,583
test_120_3_3.png,5559,1347,173,5487,1337,245,5534,1248,198,5547,1365,185,5528,1323,204
test_121_0_0.png,0,0,0,0,0,0,0,0,0,0,0,0,0,0,0
test_121_0_1.png,0,0,0,0,0,0,0,0,0,0,0,0,0,0,0
test_121_0_2.png,0,0,0,0,0,0,0,0,0,0,0,0,0,0,0
test_121_0_3.png,0,0,0,0,0,0,0,0,0,0,0,0,0,0,0
test_121_1_0.png,0,0,0,0,0,0,0,0,0,0,0,0,0,0,0
test_121_1_1.png,0,0,0,0,0,0,0,0,0,0,0,0,0,0,0
test_121_1_2.png,0,0,0,0,0,0,0,0,0,0,0,0,0,0,0
test_121_1_3.png,0,0,0,0,0,0,0,0,0,0,0,0,0,0,0
test_121_2_0.png,0,0,0,0,0,0,0,0,0,0,0,0,0,0,0
test_121_2_1.png,0,0,0,0,0,0,0,0,0,0,0,0,0,0,0
test_121_2_2.png,0,0,0,0,0,0,0,0,0,0,0,0,0,0,0
test_121_2_3.png,0,0,0,0,0,0,0,0,0,0,0,0,0,0,0
test_121_3_0.png,10141,830,3034,11128,871,2047,10493,688,2682,10585,817,2590,10644,804,2531
test_121_3_1.png,11469,1260,1360,11517,1425,1312,11247,1328,1582,11453,1410,1376,11467,1355,1362
test_121_3_2.png,0,0,29,0,0,29,0,0,29,0,0,29,0,0,29
test_121_3_3.png,0,0,0,0,0,0,0,0,0,0,0,0,0,0,0
test_122_0_0.png,0,0,0,0,0,0,0,0,0,0,0,0,0,0,0
test_122_0_1.png,0,0,0,0,0,0,0,0,0,0,0,0,0,0,0
test_122_0_2.png,0,0,0,0,0,0,0,0,0,0,0,0,0,0,0
test_122_0_3.png,0,0,0,0,0,0,0,0,0,0,0,0,0,0,0
test_122_1_0.png,0,0,0,0,0,0,0,0,0,0,0,0,0,0,0
test_122_1_1.png,0,0,0,0,0,0,0,0,0,0,0,0,0,0,0
test_122_1_2.png,0,0,0,0,0,0,0,0,0,0,0,0,0,0,0
test_122_1_3.png,0,0,0,0,0,0,0,0,0,0,0,0,0,0,0
test_122_2_0.png,0,0,0,0,0,0,0,0,0,0,0,0,0,0,0
test_122_2_1.png,0,0,0,0,0,0,0,0,0,0,0,0,0,0,0
test_122_2_2.png,0,0,0,0,0,0,0,0,0,0,0,0,0,0,0
test_122_2_3.png,0,0,0,0,0,0,0,0,0,0,0,0,0,0,0
test_122_3_0.png,0,0,0,0,0,0,0,0,0,0,0,0,0,0,0
test_122_3_1.png,0,0,0,0,0,0,0,0,0,0,0,0,0,0,0
test_122_3_2.png,0,0,0,0,0,0,0,0,0,0,0,0,0,0,0
test_122_3_3.png,0,0,0,0,0,0,0,0,0,0,0,0,0,0,0
test_123_0_0.png,0,0,0,0,0,0,0,0,0,0,0,0,0,0,0
test_123_0_1.png,0,0,0,0,0,0,0,0,0,0,0,0,0,0,0
test_123_0_2.png,0,0,0,0,0,0,0,0,0,0,0,0,0,0,0
test_123_0_3.png,0,0,53,0,0,53,0,0,53,0,0,53,0,0,53
test_123_1_0.png,0,0,0,0,0,0,0,0,0,0,0,0,0,0,0
test_123_1_1.png,0,0,0,0,0,0,0,0,0,0,0,0,0,0,0
test_123_1_2.png,0,0,0,0,0,0,0,0,0,0,0,0,0,0,0
test_123_1_3.png,3537,181,295,3594,205,238,3562,175,270,3564,181,268,3559,179,273
test_123_2_0.png,0,0,0,0,0,0,0,0,0,0,0,0,0,0,0
test_123_2_1.png,0,0,0,0,0,0,0,0,0,0,0,0,0,0,0
test_123_2_2.png,0,0,0,0,0,0,0,0,0,0,0,0,0,0,0
test_123_2_3.png,0,0,0,0,0,0,0,0,0,0,0,0,0,0,0
test_123_3_0.png,0,0,0,0,0,0,0,0,0,0,0,0,0,0,0
test_123_3_1.png,0,0,0,0,0,0,0,0,0,0,0,0,0,0,0
test_123_3_2.png,0,0,0,0,0,0,0,0,0,0,0,0,0,0,0
test_123_3_3.png,0,0,0,0,0,0,0,0,0,0,0,0,0,0,0
test_124_0_0.png,11131,596,818,11242,671,707,11165,625,784,11214,640,735,11194,619,755
test_124_0_1.png,8503,422,576,8546,509,533,8582,504,497,8545,487,534,8543,469,536
test_124_0_2.png,9,0,69,0,0,78,0,0,78,46,0,32,0,0,78
test_124_0_3.png,0,0,0,0,0,0,0,0,0,0,0,0,0,0,0
test_124_1_0.png,525,39,11,514,30,22,522,65,14,523,42,13,521,45,15
test_124_1_1.png,0,0,0,0,0,0,0,0,0,0,0,0,0,0,0
test_124_1_2.png,0,0,0,0,0,0,0,0,0,0,0,0,0,0,0
test_124_1_3.png,0,0,0,0,0,0,0,0,0,0,0,0,0,0,0
test_124_2_0.png,0,0,0,0,0,0,0,0,0,0,0,0,0,0,0
test_124_2_1.png,0,0,0,0,0,0,0,0,0,0,0,0,0,0,0
test_124_2_2.png,0,0,0,0,0,0,0,0,0,0,0,0,0,0,0
test_124_2_3.png,0,0,0,0,0,0,0,0,0,0,0,0,0,0,0
test_124_3_0.png,0,0,0,0,0,0,0,0,0,0,0,0,0,0,0
test_124_3_1.png,0,0,0,0,0,0,0,0,0,0,0,0,0,0,0
test_124_3_2.png,0,0,0,0,92,0,0,0,0,0,0,0,0,0,0
test_124_3_3.png,0,0,0,0,0,0,0,0,0,0,0,0,0,0,0
test_125_0_0.png,0,0,0,0,0,0,0,0,0,0,0,0,0,0,0
test_125_0_1.png,0,0,0,0,0,0,0,0,0,0,0,0,0,0,0
test_125_0_2.png,0,0,0,0,0,0,0,0,0,0,0,0,0,0,0
test_125_0_3.png,0,0,0,0,0,0,0,0,0,0,0,0,0,0,0
test_125_1_0.png,0,0,0,0,0,0,0,0,0,0,0,0,0,0,0
test_125_1_1.png,0,0,0,0,0,0,0,0,0,0,0,0,0,0,0
test_125_1_2.png,0,0,0,0,0,0,0,0,0,0,0,0,0,0,0
test_125_1_3.png,0,0,0,0,0,0,0,0,0,0,0,0,0,0,0
test_125_2_0.png,0,0,0,0,0,0,0,0,0,0,0,0,0,0,0
test_125_2_1.png,0,0,0,0,0,0,0,0,0,0,0,0,0,0,0
test_125_2_2.png,0,0,0,0,0,0,0,0,0,0,0,0,0,0,0
test_125_2_3.png,0,0,0,0,0,0,0,0,0,0,0,0,0,0,0
test_125_3_0.png,0,0,0,0,0,0,0,0,0,0,0,0,0,0,0
test_125_3_1.png,0,0,0,0,0,0,0,0,0,0,0,0,0,0,0
test_125_3_2.png,0,0,0,0,0,0,0,0,0,0,0,0,0,0,0
test_125_3_3.png,0,0,0,0,0,0,0,0,0,0,0,0,0,0,0
test_126_0_0.png,0,0,0,0,0,0,0,0,0,0,0,0,0,0,0
test_126_0_1.png,3878,252,437,3902,243,413,3878,239,437,3848,216,467,3873,224,442
test_126_0_2.png,8161,318,787,8186,331,762,8092,333,856,8153,379,795,8173,321,775
test_126_0_3.png,9141,497,1724,9291,527,1574,9130,426,1735,9183,497,1682,9198,464,1667
test_126_1_0.png,758,14,108,758,13,108,751,10,115,763,10,103,756,11,110
test_126_1_1.png,0,0,0,0,0,0,0,0,0,0,0,0,0,0,0
test_126_1_2.png,986,8,72,999,15,59,1010,16,48,1019,26,39,1004,15,54
test_126_1_3.png,14357,946,1692,14464,1099,1585,14300,921,1749,14298,922,1751,14365,943,1684
test_126_2_0.png,636,63,43,631,71,48,638,58,41,649,82,30,640,65,39
test_126_2_1.png,0,0,0,0,0,0,0,0,0,0,0,0,0,0,0
test_126_2_2.png,0,0,0,0,0,0,0,0,0,0,0,0,0,0,0
test_126_2_3.png,1464,283,1383,2030,315,817,1363,147,1484,1372,219,1475,1383,258,1464
test_126_3_0.png,0,0,0,0,0,0,0,0,0,0,0,0,0,0,0
test_126_3_1.png,922,11,94,925,19,91,918,27,98,933,24,83,924,16,92
test_126_3_2.png,0,0,0,0,0,0,0,0,0,0,0,0,0,0,0
test_126_3_3.png,0,0,0,0,0,0,0,0,0,0,0,0,0,0,0
test_127_0_0.png,0,0,0,0,0,0,0,0,0,0,0,0,0,0,0
test_127_0_1.png,5541,239,424,5541,228,424,5565,227,400,5515,199,450,5548,220,417
test_127_0_2.png,9483,645,880,9517,669,846,9500,652,863,9492,632,871,9501,630,862
test_127_0_3.png,6833,263,980,6778,245,1035,6823,286,990,6826,255,987,6812,252,1001
test_127_1_0.png,0,0,0,0,0,0,0,0,0,0,0,0,0,0,0
test_127_1_1.png,0,0,0,0,0,0,0,0,0,0,0,0,0,0,0
test_127_1_2.png,552,59,37,560,35,29,563,79,26,553,20,36,556,31,33
test_127_1_3.png,0,20,2,0,0,2,0,0,2,0,0,2,0,0,2
test_127_2_0.png,0,0,0,0,0,0,0,0,0,0,0,0,0,0,0
test_127_2_1.png,0,0,0,0,0,0,0,0,0,0,0,0,0,0,0
test_127_2_2.png,0,0,0,0,0,0,0,0,0,0,0,0,0,0,0
test_127_2_3.png,0,0,0,0,0,0,0,0,0,0,0,0,0,0,0
test_127_3_0.png,0,0,0,0,0,0,0,0,0,0,0,0,0,0,0
test_127_3_1.png,0,0,0,0,0,0,0,0,0,0,0,0,0,0,0
test_127_3_2.png,0,0,0,0,0,0,0,0,0,0,0,0,0,0,0
test_127_3_3.png,0,0,0,0,0,0,0,0,0,0,0,0,0,0,0
test_128_0_0.png,0,0,0,0,0,0,0,0,0,0,0,0,0,0,0
test_128_0_1.png,0,0,0,0,0,0,0,0,0,0,0,0,0,0,0
test_128_0_2.png,0,0,0,0,0,0,0,0,0,0,0,0,0,0,0
test_128_0_3.png,0,0,0,0,0,0,0,0,0,0,0,0,0,0,0
test_128_1_0.png,0,0,0,0,0,0,0,0,0,0,0,0,0,0,0
test_128_1_1.png,0,0,0,0,0,0,0,0,0,0,0,0,0,0,0
test_128_1_2.png,0,0,0,0,0,0,0,0,0,0,0,0,0,0,0
test_128_1_3.png,0,0,0,0,0,0,0,0,0,0,0,0,0,0,0
test_128_2_0.png,0,0,301,0,0,301,0,108,301,0,0,301,0,0,301
test_128_2_1.png,0,0,0,0,11,0,0,5,0,0,239,0,0,8,0
test_128_2_2.png,0,0,0,0,0,0,0,0,0,0,0,0,0,0,0
test_128_2_3.png,0,0,0,0,0,0,0,0,0,0,0,0,0,0,0
test_128_3_0.png,0,0,0,0,0,0,0,0,0,0,0,0,0,0,0
test_128_3_1.png,0,0,0,0,0,0,0,0,0,0,0,0,0,0,0
test_128_3_2.png,0,0,230,0,0,230,0,0,230,0,0,230,0,0,230
test_128_3_3.png,0,0,0,0,0,0,0,0,0,0,0,0,0,0,0
test_12_0_0.png,0,0,0,0,0,0,0,0,0,0,0,0,0,0,0
test_12_0_1.png,0,0,0,0,0,0,0,0,0,0,0,0,0,0,0
test_12_0_2.png,0,0,0,0,0,0,0,0,0,0,0,0,0,0,0
test_12_0_3.png,0,0,0,0,0,0,0,0,0,0,0,0,0,0,0
test_12_1_0.png,9099,1324,826,9203,1474,722,9136,1234,789,9060,1081,865,9142,1225,783
test_12_1_1.png,3040,287,129,3064,366,105,3054,251,115,3033,240,136,3047,268,122
test_12_1_2.png,0,0,0,0,0,0,0,0,0,0,0,0,0,0,0
test_12_1_3.png,0,0,0,0,0,0,0,0,0,0,0,0,0,0,0
test_12_2_0.png,6584,533,764,6628,532,720,6479,520,869,6571,476,777,6589,504,759
test_12_2_1.png,9738,1331,992,9696,1390,1034,9752,1538,978,9560,1251,1170,9703,1363,1027
test_12_2_2.png,11453,1041,1012,11544,1046,921,11471,1017,994,11405,916,1060,11491,975,974
test_12_2_3.png,13798,1250,1146,13890,1437,1054,13713,1146,1231,13684,1116,1260,13780,1186,1164
test_12_3_0.png,7924,651,568,7884,680,608,7909,695,583,7888,737,604,7900,681,592
test_12_3_1.png,12272,1053,949,12241,1101,980,12386,1412,835,12215,1123,1006,12300,1140,921
test_12_3_2.png,13278,1474,961,13392,1616,847,13269,1568,970,13361,1368,878,13352,1449,887
test_12_3_3.png,9904,1925,615,9855,1965,664,9706,1808,813,9684,1292,835,9797,1822,722
test_13_0_0.png,2875,338,145,2772,342,248,2889,355,131,2825,325,195,2873,328,147
test_13_0_1.png,13151,979,834,13039,975,946,13021,848,964,13013,795,972,13060,880,925
test_13_0_2.png,11199,1095,510,10680,996,1029,11088,965,621,11077,973,632,11137,971,572
test_13_0_3.png,4812,1055,157,4780,950,189,4697,527,272,4698,583,271,4744,675,225
test_13_1_0.png,0,0,0,0,0,0,0,0,0,0,0,0,0,0,0
test_13_1_1.png,9320,932,613,9294,1034,639,9353,998,580,9361,1013,572,9337,972,596
test_13_1_2.png,14523,749,1692,14680,818,1535,14644,853,1571,14526,842,1689,14613,789,1602
test_13_1_3.png,13714,1544,854,13874,1613,694,13631,1404,937,13858,1582,710,13759,1512,809
test_13_2_0.png,228,29,34,225,26,37,226,15,36,231,22,31,229,21,33
test_13_2_1.png,0,0,29,0,0,29,0,0,29,0,0,29,0,0,29
test_13_2_2.png,14330,817,1413,14327,1065,1416,14016,814,1727,14111,921,1632,14245,883,1498
test_13_2_3.png,7540,691,574,6834,719,1280,7382,690,732,7150,741,964,7375,719,739
test_13_3_0.png,683,93,3,684,59,2,686,115,0,683,90,3,684,84,2
test_13_3_1.png,0,0,0,0,0,0,0,0,0,0,0,0,0,0,0
test_13_3_2.png,1293,84,308,1424,82,177,1413,76,188,1379,87,222,1398,75,203
test_13_3_3.png,1172,109,752,881,95,1043,1391,95,533,1405,101,519,1238,101,686
test_14_0_0.png,13907,953,1138,13934,960,1111,13630,772,1415,13650,738,1395,13786,820,1259
test_14_0_1.png,8489,957,471,8409,856,551,8355,778,605,8373,820,587,8431,819,529
test_14_0_2.png,1753,356,36,1747,128,42,1756,258,33,1726,228,63,1751,254,38
test_14_0_3.png,0,0,0,0,0,0,0,0,0,0,0,0,0,0,0
test_14_1_0.png,16633,1633,1056,16592,1559,1097,16562,1595,1127,16589,1448,1100,16612,1525,1077
test_14_1_1.png,18033,2433,960,18095,2447,898,17984,2080,1009,18069,2188,924,18039,2242,954
test_14_1_2.png,7525,764,391,7507,778,409,7501,697,415,7470,619,446,7515,678,401
test_14_1_3.png,0,0,0,0,0,0,0,0,0,0,0,0,0,0,0
test_14_2_0.png,15341,1420,1090,15220,1252,1211,15265,1258,1166,15235,1284,1196,15271,1277,1160
test_14_2_1.png,10941,902,626,10851,822,716,10961,850,606,10925,851,642,10934,848,633
test_14_2_2.png,423,52,32,429,81,26,428,63,27,424,57,31,426,62,29
test_14_2_3.png,0,171,0,0,201,0,0,211,0,0,206,0,0,200,0
test_14_3_0.png,10472,1064,347,10444,1069,375,10445,997,374,10458,991,361,10455,1014,364
test_14_3_1.png,3319,196,509,3305,199,523,3314,190,514,3296,204,532,3304,187,524
test_14_3_2.png,0,0,0,0,0,0,0,0,0,0,0,0,0,0,0
test_14_3_3.png,0,0,0,0,0,0,0,0,0,0,0,0,0,0,0
test_15_0_0.png,0,0,0,0,0,0,0,0,0,0,0,0,0,0,0
test_15_0_1.png,0,33,141,0,0,141,0,7,141,0,12,141,0,5,141
test_15_0_2.png,0,0,0,0,0,0,0,0,0,0,0,0,0,0,0
test_15_0_3.png,5459,236,553,5411,262,601,5354,248,658,5354,203,658,5405,227,607
test_15_1_0.png,0,0,0,0,0,0,0,0,0,0,0,0,0,0,0
test_15_1_1.png,0,0,0,0,0,0,0,0,0,0,0,0,0,0,0
test_15_1_2.png,0,0,0,0,0,0,0,0,0,0,0,0,0,0,0
test_15_1_3.png,0,0,0,0,0,0,0,0,0,0,0,0,0,0,0
test_15_2_0.png,0,0,0,0,0,0,0,0,0,0,0,0,0,0,0
test_15_2_1.png,0,0,0,0,0,0,0,0,0,0,0,0,0,0,0
test_15_2_2.png,0,0,0,0,0,0,0,0,0,0,0,0,0,0,0
test_15_2_3.png,3726,189,419,3753,193,392,3666,181,479,3735,164,410,3729,177,416
test_15_3_0.png,1222,10,503,1277,20,448,1225,7,500,1248,13,477,1244,11,481
test_15_3_1.png,0,0,0,0,0,0,0,0,0,0,0,0,0,0,0
test_15_3_2.png,637,8,105,672,17,70,410,8,332,539,10,203,596,8,146
test_15_3_3.png,0,0,114,0,0,114,0,0,114,0,0,114,0,0,114
test_16_0_0.png,5236,47,169,5244,18,161,5276,20,129,5260,16,145,5249,19,156
test_16_0_1.png,43611,726,637,41899,502,2349,44133,716,115,44231,1129,17,44048,642,200
test_16_0_2.png,1063,116,0,1063,110,0,1063,119,0,1063,117,0,1063,115,0
test_16_0_3.png,0,0,0,0,0,0,0,0,0,0,0,0,0,0,0
test_16_1_0.png,3398,59,339,3421,63,316,3495,160,242,3418,94,319,3434,82,303
test_16_1_1.png,1299,135,136,1315,114,120,1120,85,315,1310,118,125,1309,114,126
test_16_1_2.png,0,0,0,0,0,0,0,0,0,0,0,0,0,0,0
test_16_1_3.png,0,0,0,0,0,0,0,0,0,0,0,0,0,0,0
test_16_2_0.png,434,48,115,109,14,440,416,46,133,340,19,209,391,32,158
test_16_2_1.png,1437,114,41,1448,137,30,1447,125,31,1447,121,31,1445,121,33
test_16_2_2.png,0,0,0,0,0,0,0,0,0,0,0,0,0,0,0
test_16_2_3.png,0,0,0,0,0,0,0,0,0,0,0,0,0,0,0
test_16_3_0.png,1687,101,149,1214,73,622,1216,78,620,1211,71,625,1213,78,623
test_16_3_1.png,0,0,0,0,0,0,0,0,0,0,0,0,0,0,0
test_16_3_2.png,0,0,0,0,0,0,0,0,0,0,0,0,0,0,0
test_16_3_3.png,0,0,0,0,0,0,0,0,0,0,0,0,0,0,0
test_17_0_0.png,0,0,0,0,0,0,0,0,0,0,0,0,0,0,0
test_17_0_1.png,0,0,0,0,0,0,0,0,0,0,0,0,0,0,0
test_17_0_2.png,0,0,0,0,0,0,0,0,0,0,0,0,0,0,0
test_17_0_3.png,0,0,0,0,0,0,0,0,0,0,0,0,0,0,0
test_17_1_0.png,0,0,0,0,0,0,0,0,0,0,0,0,0,0,0
test_17_1_1.png,0,0,0,0,0,0,0,0,0,0,0,0,0,0,0
test_17_1_2.png,0,0,0,0,0,0,0,0,0,0,0,0,0,0,0
test_17_1_3.png,0,0,0,0,0,0,0,0,0,0,0,0,0,0,0
test_17_2_0.png,5711,384,695,5786,375,620,5721,568,685,5812,733,594,5771,382,635
test_17_2_1.png,3796,306,386,3802,317,380,3809,265,373,3793,268,389,3789,288,393
test_17_2_2.png,4688,229,303,4731,229,260,4707,214,284,4731,223,260,4724,217,267
test_17_2_3.png,0,0,0,0,0,0,0,0,0,0,0,0,0,0,0
test_17_3_0.png,4499,338,478,4462,287,515,4484,301,493,4479,284,498,4483,290,494
test_17_3_1.png,4954,286,409,4980,292,383,5040,306,323,5046,322,317,5009,293,354
test_17_3_2.png,8059,656,539,8128,695,470,8063,597,535,8050,611,548,8078,623,520
test_17_3_3.png,1482,820,114,1488,734,108,1493,713,103,1482,107,114,1488,718,108
test_18_0_0.png,0,0,0,0,536,0,0,874,0,0,205,0,0,242,0
test_18_0_1.png,0,0,0,0,0,0,0,0,0,0,0,0,0,0,0
test_18_0_2.png,12014,2509,603,12059,2367,558,12032,2635,585,12030,2373,587,12039,2422,578
test_18_0_3.png,13104,2287,185,12935,1464,354,13135,2235,154,13019,1742,270,13091,1903,198
test_18_1_0.png,0,0,0,0,0,0,0,0,0,0,0,0,0,0,0
test_18_1_1.png,0,0,0,0,0,0,0,0,0,0,0,0,0,0,0
test_18_1_2.png,2417,283,251,2416,244,252,2246,289,422,2381,288,287,2388,286,280
test_18_1_3.png,15846,2868,475,15931,2232,390,16143,2969,178,16077,2500,244,16100,2629,221
test_18_2_0.png,0,110,98,0,0,98,0,0,98,0,0,98,0,0,98
test_18_2_1.png,1345,256,1986,387,45,2944,1859,96,1472,1575,78,1756,864,63,2467
test_18_2_2.png,0,0,0,0,0,0,0,0,0,0,0,0,0,0,0
test_18_2_3.png,9062,1965,613,9238,2029,437,8910,1873,765,6975,1791,2700,9028,1918,647
test_18_3_0.png,3751,311,1976,3719,273,2008,3977,271,1750,3726,200,2001,3717,225,2010
test_18_3_1.png,0,0,640,0,0,640,0,0,640,0,0,640,0,0,640
test_18_3_2.png,3063,394,987,3549,801,501,3015,376,1035,3278,406,772,3121,357,929
test_18_3_3.png,935,114,88,672,129,351,584,106,439,584,130,439,584,121,439
test_19_0_0.png,324,0,1154,0,0,1478,0,0,1478,0,0,1478,0,0,1478
test_19_0_1.png,0,0,0,0,0,0,0,0,0,0,0,0,0,0,0
test_19_0_2.png,0,0,0,0,0,0,0,1,0,0,0,0,0,0,0
test_19_0_3.png,0,0,0,0,0,0,0,0,0,0,0,0,0,0,0
test_19_1_0.png,0,0,1364,0,0,1364,0,0,1364,0,0,1364,0,0,1364
test_19_1_1.png,0,194,0,0,0,0,0,279,0,0,0,0,0,138,0
test_19_1_2.png,0,0,0,0,0,0,0,0,0,0,0,0,0,0,0
test_19_1_3.png,0,0,66,0,0,66,0,0,66,0,0,66,0,0,66
test_19_2_0.png,2716,420,1253,2728,377,1241,2777,394,1192,2709,355,1260,2733,376,1236
test_19_2_1.png,6678,589,498,6628,566,548,6718,587,458,6537,515,639,6678,542,498
test_19_2_2.png,0,0,29,0,0,29,0,0,29,0,0,29,0,0,29
test_19_2_3.png,1323,326,145,1345,209,123,1292,291,176,1292,301,176,1335,287,133
test_19_3_0.png,4620,237,279,4711,469,188,4672,613,227,4653,248,246,4670,284,229
test_19_3_1.png,13157,1030,1015,13268,1188,904,13042,878,1130,12974,878,1198,13132,943,1040
test_19_3_2.png,14563,1129,1060,14584,1028,1039,14716,1325,907,14564,1133,1059,14619,1148,1004
test_19_3_3.png,4785,577,135,4797,619,123,4708,609,212,4745,626,175,4795,608,125
test_1_0_0.png,0,0,0,0,0,0,0,0,0,0,0,0,0,0,0
test_1_0_1.png,0,0,0,0,0,0,0,0,0,0,0,0,0,0,0
test_1_0_2.png,0,0,0,0,0,0,0,0,0,0,0,0,0,0,0
test_1_0_3.png,11839,718,1350,11993,812,1196,11827,665,1362,11802,668,1387,11868,699,1321
test_1_1_0.png,0,0,0,0,0,0,0,0,0,0,0,0,0,0,0
test_1_1_1.png,0,0,0,0,0,0,0,0,0,0,0,0,0,0,0
test_1_1_2.png,0,0,0,0,0,0,0,0,0,0,0,0,0,0,0
test_1_1_3.png,0,0,0,0,0,0,0,0,0,0,0,0,0,0,0
test_1_2_0.png,0,0,0,0,0,0,0,0,0,0,0,0,0,0,0
test_1_2_1.png,0,0,0,0,0,0,0,0,0,0,0,0,0,0,0
test_1_2_2.png,0,0,0,0,0,0,0,0,0,0,0,0,0,0,0
test_1_2_3.png,0,0,0,0,0,0,0,0,0,0,0,0,0,0,0
test_1_3_0.png,0,0,0,0,0,0,0,0,0,0,0,0,0,0,0
test_1_3_1.png,0,0,0,0,0,0,0,0,0,0,0,0,0,0,0
test_1_3_2.png,0,0,0,0,0,0,0,0,0,0,0,0,0,0,0
test_1_3_3.png,0,0,0,0,0,0,0,0,0,0,0,0,0,0,0
test_20_0_0.png,7197,839,385,7215,850,367,7153,910,429,7243,969,339,7219,839,363
test_20_0_1.png,19694,1546,1225,19740,1547,1179,19751,1685,1168,19766,1727,1153,19746,1567,1173
test_20_0_2.png,15026,1128,960,15196,1324,790,14952,1045,1034,14922,1008,1064,15077,1096,909
test_20_0_3.png,21505,1928,826,21757,1809,574,21103,1937,1228,21617,1985,714,21695,1764,636
test_20_1_0.png,19501,1127,918,19512,1087,907,19560,1178,859,19579,1183,840,19560,1104,859
test_20_1_1.png,19415,1345,966,19547,1417,834,19493,1426,888,19455,1393,926,19507,1312,874
test_20_1_2.png,10030,769,605,10071,796,564,10007,812,628,10038,852,597,10044,760,591
test_20_1_3.png,4615,463,155,4636,525,134,4509,530,261,4568,567,202,4596,515,174
test_20_2_0.png,21852,1752,703,21775,1624,780,21702,1712,853,21707,1701,848,21782,1624,773
test_20_2_1.png,19045,1759,922,19329,1794,638,18999,1710,968,19028,1701,939,19073,1691,894
test_20_2_2.png,0,0,0,0,0,0,0,0,0,0,0,0,0,0,0
test_20_2_3.png,0,0,0,0,0,0,0,0,0,0,0,0,0,0,0
test_20_3_0.png,23348,1780,822,23356,1875,814,23315,1729,855,23323,1881,847,23346,1758,824
test_20_3_1.png,19875,866,1248,20085,1092,1038,20008,1005,1115,19857,927,1266,19966,932,1157
test_20_3_2.png,4754,444,277,4817,567,214,4755,468,276,4767,460,264,4773,461,258
test_20_3_3.png,0,0,0,0,0,0,0,0,0,0,0,0,0,0,0
test_21_0_0.png,5813,436,862,5577,538,1098,5850,647,825,5906,655,769,5842,546,833
test_21_0_1.png,9331,1285,424,9298,1191,457,9403,1507,352,9208,1098,547,9341,1206,414
test_21_0_2.png,13456,1601,757,13585,1403,628,13594,1796,619,13481,1578,732,13524,1629,689
test_21_0_3.png,10278,341,774,10381,418,671,10306,362,746,10350,375,702,10342,367,710
test_21_1_0.png,7398,890,1356,7358,907,1396,7555,1182,1199,7585,1155,1169,7491,990,1263
test_21_1_1.png,9772,890,1014,9865,853,921,9768,776,1018,9882,865,904,9864,804,922
test_21_1_2.png,16777,800,923,16836,946,864,16742,840,958,16851,893,849,16834,831,866
test_21_1_3.png,17007,1170,1461,17238,1400,1230,17161,1362,1307,17000,1379,1468,17123,1284,1345
test_21_2_0.png,1922,79,318,2168,134,72,1909,172,331,1874,156,366,1935,122,305
test_21_2_1.png,17108,636,1549,17955,645,702,17463,626,1194,17225,515,1432,17314,558,1343
test_21_2_2.png,16606,1296,806,16375,997,1037,16615,1386,797,16737,1529,675,16597,1271,815
test_21_2_3.png,629,42,77,631,48,75,633,59,73,637,47,69,633,47,73
test_21_3_0.png,1968,118,519,1989,89,498,1894,83,593,2017,108,470,1976,96,511
test_21_3_1.png,4532,611,1787,4562,747,1757,4616,685,1703,4508,351,1811,4530,621,1789
test_21_3_2.png,6490,169,1340,6319,365,1511,6279,220,1551,6432,268,1398,6392,235,1438
test_21_3_3.png,4478,514,104,4515,582,67,4492,595,90,4495,728,87,4487,623,95
test_22_0_0.png,0,0,0,0,0,0,0,0,0,0,0,0,0,0,0
test_22_0_1.png,0,0,0,0,0,0,0,0,0,0,0,0,0,0,0
test_22_0_2.png,0,0,0,0,0,0,0,0,0,0,0,0,0,0,0
test_22_0_3.png,0,0,0,0,0,0,0,0,0,0,0,0,0,0,0
test_22_1_0.png,0,0,0,0,0,0,0,0,0,0,0,0,0,0,0
test_22_1_1.png,0,0,0,0,0,0,0,0,0,0,0,0,0,0,0
test_22_1_2.png,0,0,0,0,0,0,0,0,0,0,0,0,0,0,0
test_22_1_3.png,0,0,6,0,0,6,0,0,6,0,0,6,0,0,6
test_22_2_0.png,2892,328,84,2907,311,69,2580,274,396,2531,336,445,2863,315,113
test_22_2_1.png,0,0,0,0,0,0,0,0,0,0,0,0,0,0,0
test_22_2_2.png,1159,106,308,1230,95,237,1151,132,316,1181,85,286,1183,101,284
test_22_2_3.png,8011,438,1397,8268,417,1140,8094,311,1314,8038,420,1370,8089,372,1319
test_22_3_0.png,6385,1102,860,6430,1038,815,6057,1051,1188,5624,1026,1621,6325,1048,920
test_22_3_1.png,10866,977,1679,11011,939,1534,10593,933,1952,11121,1022,1424,10993,936,1552
test_22_3_2.png,7911,472,1546,7869,659,1588,7736,519,1721,7826,600,1631,7887,518,1570
test_22_3_3.png,7086,1004,549,7108,707,527,7098,933,537,7066,760,569,7094,815,541
test_23_0_0.png,4240,369,104,4212,374,132,4197,381,147,4191,424,153,4212,376,132
test_23_0_1.png,5722,311,881,5994,255,609,5691,346,912,5595,281,1008,5698,288,905
test_23_0_2.png,0,0,0,0,0,0,0,0,0,0,0,0,0,0,0
test_23_0_3.png,0,0,0,0,0,0,0,0,0,0,0,0,0,0,0
test_23_1_0.png,7783,522,572,7876,614,479,7632,670,723,7793,453,562,7827,474,528
test_23_1_1.png,9808,722,920,9805,703,923,9938,694,790,9814,593,914,9855,693,873
test_23_1_2.png,272,2,282,350,1,204,338,5,216,374,5,180,336,2,218
test_23_1_3.png,0,201,0,0,207,0,0,200,0,0,201,0,0,202,0
test_23_2_0.png,8589,1150,1597,8094,1122,2092,9112,1153,1074,8925,1110,1261,8622,1094,1564
test_23_2_1.png,8229,478,1706,8115,504,1820,8660,656,1275,8816,705,1119,8533,555,1402
test_23_2_2.png,3405,135,150,3402,131,153,3439,207,116,3478,218,77,3432,153,123
test_23_2_3.png,0,0,0,0,0,0,0,0,0,0,0,0,0,0,0
test_23_3_0.png,6545,777,561,6546,631,560,6604,467,502,6548,478,558,6616,539,490
test_23_3_1.png,2624,185,696,2652,193,668,3042,169,278,2973,155,347,2767,159,553
test_23_3_2.png,0,0,0,0,0,0,0,0,0,0,0,0,0,0,0
test_23_3_3.png,0,0,0,0,0,0,0,0,0,0,0,0,0,0,0
test_24_0_0.png,0,0,493,9,0,484,393,30,100,374,26,119,297,13,196
test_24_0_1.png,0,0,0,0,0,0,0,0,0,0,0,0,0,0,0
test_24_0_2.png,2604,465,113,2588,292,129,2592,331,125,2622,275,95,2604,301,113
test_24_0_3.png,650,32,30,655,63,25,653,46,27,653,52,27,659,48,21
test_24_1_0.png,2093,132,139,2120,102,112,2138,208,94,2103,173,129,2109,139,123
test_24_1_1.png,2831,675,48,2840,681,39,2821,639,58,2829,635,50,2828,648,51
test_24_1_2.png,1937,202,117,1958,157,96,1925,138,129,1940,111,114,1940,128,114
test_24_1_3.png,3109,329,346,3161,342,294,3187,375,268,3183,383,272,3155,339,300
test_24_2_0.png,6833,692,264,6870,1165,227,6755,786,342,6823,665,274,6826,691,271
test_24_2_1.png,3983,682,155,3950,591,188,3977,599,161,3933,535,205,3965,572,173
test_24_2_2.png,2989,381,122,3040,450,71,3018,382,93,3073,474,38,3031,422,80
test_24_2_3.png,6279,596,274,6263,571,290,6216,533,337,6260,554,293,6268,556,285
test_24_3_0.png,305,90,272,469,85,108,0,0,577,470,88,107,315,77,262
test_24_3_1.png,8942,548,433,8924,612,451,8986,636,389,8933,620,442,8960,577,415
test_24_3_2.png,9555,1582,540,9404,1604,691,9515,1591,580,9577,1546,518,9544,1571,551
test_24_3_3.png,3057,437,157,2938,337,276,2787,393,427,2991,355,223,2952,381,262
test_25_0_0.png,946,1315,100,927,1333,119,917,1242,129,888,1363,158,926,1341,120
test_25_0_1.png,0,0,470,0,0,470,0,0,470,0,0,470,0,0,470
test_25_0_2.png,0,0,0,0,0,0,0,0,0,0,0,0,0,0,0
test_25_0_3.png,423,14,1152,677,22,898,433,16,1142,210,6,1365,421,11,1154
test_25_1_0.png,5008,432,529,5043,495,494,5220,512,317,5223,686,314,5121,495,416
test_25_1_1.png,1713,136,131,1699,137,145,1699,133,145,1718,156,126,1710,138,134
test_25_1_2.png,792,150,202,472,58,522,573,62,421,535,89,459,560,64,434
test_25_1_3.png,672,63,307,639,62,340,657,73,322,651,73,328,657,66,322
test_25_2_0.png,5372,322,904,5544,522,732,5464,431,812,5467,482,809,5437,424,839
test_25_2_1.png,3861,273,189,3872,315,178,3927,374,123,3928,312,122,3906,313,144
test_25_2_2.png,4678,792,324,4679,809,323,4673,719,329,4726,827,276,4691,795,311
test_25_2_3.png,3250,618,322,3284,614,288,3311,675,261,3276,703,296,3297,634,275
test_25_3_0.png,2544,261,103,2481,245,166,2560,202,87,2569,443,78,2551,239,96
test_25_3_1.png,5737,314,388,5868,560,257,5786,429,339,5752,481,373,5808,399,317
test_25_3_2.png,3507,214,392,3562,246,337,3555,241,344,3574,254,325,3546,243,353
test_25_3_3.png,0,0,0,0,0,0,0,0,0,0,118,0,0,0,0
test_26_0_0.png,1460,86,136,1500,100,96,1491,62,105,1493,79,103,1504,64,92
test_26_0_1.png,1034,232,31,1039,409,26,1019,327,46,1032,485,33,1033,382,32
test_26_0_2.png,2030,223,59,2036,296,53,2029,210,60,2037,311,52,2040,227,49
test_26_0_3.png,3292,158,351,3276,95,367,3282,154,361,3266,175,377,3281,153,362
test_26_1_0.png,1336,280,168,1388,438,116,1293,254,211,1363,281,141,1354,289,150
test_26_1_1.png,0,0,0,0,0,0,0,0,0,0,0,0,0,0,0
test_26_1_2.png,0,0,0,0,0,0,0,0,0,0,0,0,0,0,0
test_26_1_3.png,3760,226,141,3751,337,150,3770,302,131,3758,258,143,3763,264,138
test_26_2_0.png,627,8,112,633,16,106,599,4,140,628,21,111,625,10,114
test_26_2_1.png,0,0,0,0,0,0,0,0,0,0,0,0,0,0,0
test_26_2_2.png,76,970,173,76,1070,173,93,934,156,112,939,137,91,968,158
test_26_2_3.png,4756,666,410,4820,754,346,4743,669,423,4785,631,381,4788,680,378
test_26_3_0.png,1016,151,511,928,31,599,1180,176,347,935,36,592,1045,85,482
test_26_3_1.png,0,0,0,0,0,0,0,2,0,0,1,0,0,0,0
test_26_3_2.png,2908,280,114,2928,295,94,2909,219,113,2933,264,89,2918,252,104
test_26_3_3.png,7090,761,1085,7202,787,973,7123,660,1052,7109,670,1066,7154,675,1021
test_27_0_0.png,1787,63,45,1793,90,39,1776,57,56,1770,50,62,1780,61,52
test_27_0_1.png,3007,586,514,3281,411,240,3114,835,407,3227,296,294,3222,302,299
test_27_0_2.png,0,0,150,0,0,150,0,0,150,0,0,150,0,0,150
test_27_0_3.png,3580,137,774,3595,112,759,3543,108,811,3139,72,1215,3557,100,797
test_27_1_0.png,4852,99,115,4871,106,96,4860,499,107,4847,83,120,4873,93,94
test_27_1_1.png,1005,50,44,1019,58,30,1012,66,37,1019,306,30,1014,52,35
test_27_1_2.png,0,0,0,0,0,0,0,0,0,0,0,0,0,0,0
test_27_1_3.png,0,267,0,0,291,0,0,256,0,0,248,0,0,256,0
test_27_2_0.png,13009,865,907,13167,822,749,12942,778,974,13088,917,828,13060,815,856
test_27_2_1.png,5479,682,1135,5463,706,1151,5528,619,1086,5467,549,1147,5488,597,1126
test_27_2_2.png,2244,165,296,2323,177,217,2337,224,203,2289,136,251,2316,170,224
test_27_2_3.png,0,0,0,0,0,0,0,0,0,0,0,0,0,0,0
test_27_3_0.png,17833,1813,2100,18116,1873,1817,17976,1852,1957,18111,2055,1822,18046,1827,1887
test_27_3_1.png,8196,1590,547,8230,1795,513,8116,1526,627,8078,1709,665,8198,1665,545
test_27_3_2.png,0,0,0,0,0,0,0,0,0,0,0,0,0,0,0
test_27_3_3.png,0,0,0,0,2,0,0,0,0,0,0,0,0,0,0
test_28_0_0.png,0,0,0,0,0,0,0,0,0,0,0,0,0,0,0
test_28_0_1.png,0,0,0,0,0,0,0,0,0,0,0,0,0,0,0
test_28_0_2.png,0,0,0,0,0,0,0,0,0,0,0,0,0,0,0
test_28_0_3.png,3743,236,262,3752,133,253,3722,139,283,3763,199,242,3756,142,249
test_28_1_0.png,3453,139,372,3569,189,256,3403,141,422,3449,164,376,3490,149,335
test_28_1_1.png,0,0,0,0,0,0,0,0,0,0,0,0,0,0,0
test_28_1_2.png,0,0,0,0,0,0,0,0,0,0,0,0,0,0,0
test_28_1_3.png,0,0,0,0,0,0,0,0,0,0,0,0,0,0,0
test_28_2_0.png,14743,1180,1035,14719,1125,1059,14740,1402,1038,14709,1116,1069,14752,1137,1026
test_28_2_1.png,10560,1103,943,10779,1240,724,10612,1410,891,10669,1314,834,10667,1219,836
test_28_2_2.png,5490,343,291,5028,279,753,4909,1602,872,5029,1221,752,5040,299,741
test_28_2_3.png,0,0,0,0,0,0,0,0,0,0,0,0,0,0,0
test_28_3_0.png,14357,1013,1289,14499,1046,1147,14396,1135,1250,14481,1172,1165,14451,1037,1195
test_28_3_1.png,17328,1951,707,17378,2043,657,17470,2482,565,17354,2314,681,17372,2118,663
test_28_3_2.png,14211,1076,1774,14408,1373,1577,14095,1057,1890,13319,993,2666,14253,1053,1732
test_28_3_3.png,11257,1051,986,11330,1327,913,10965,1004,1278,11181,1090,1062,11215,1072,1028
test_29_0_0.png,0,0,0,0,0,0,0,0,0,0,0,0,0,0,0
test_29_0_1.png,0,0,0,0,0,0,0,0,0,0,0,0,0,0,0
test_29_0_2.png,2211,79,486,2533,113,164,2355,124,342,2473,106,224,2458,83,239
test_29_0_3.png,2905,241,377,3013,233,269,2795,234,487,2885,210,397,2898,213,384
test_29_1_0.png,1247,56,80,1239,68,88,1232,36,95,1249,62,78,1240,51,87
test_29_1_1.png,20129,1230,784,20159,1336,754,20127,1141,786,20149,1261,764,20169,1200,744
test_29_1_2.png,17750,793,1112,17858,859,1004,17876,949,986,17831,1036,1031,17859,866,1003
test_29_1_3.png,8168,357,464,8166,385,466,8091,372,541,8155,387,477,8171,357,461
test_29_2_0.png,16119,825,482,16172,774,429,16055,817,546,16083,745,518,16136,751,465
test_29_2_1.png,15410,889,896,15517,894,789,15333,770,973,15424,857,882,15426,828,880
test_29_2_2.png,12669,852,604,12738,1071,535,12789,1107,484,12659,989,614,12736,976,537
test_29_2_3.png,6367,117,1068,6332,110,1103,6575,388,860,6368,111,1067,6375,113,1060
test_29_3_0.png,10199,883,572,10160,807,611,10162,807,609,10167,850,604,10187,819,584
test_29_3_1.png,14967,1399,1067,14840,1091,1194,14879,1105,1155,14797,1032,1237,14890,1111,1144
test_29_3_2.png,3670,219,161,3672,233,159,3714,370,117,3675,366,156,3684,291,147
test_29_3_3.png,2745,107,361,2753,130,353,2676,115,430,2726,100,380,2746,109,360
test_2_0_0.png,15435,1438,1067,15510,1329,992,15374,1309,1128,15478,1236,1024,15441,1305,1061
test_2_0_1.png,16394,1190,1112,16462,1138,1044,16408,1117,1098,16431,1082,1075,16413,1112,1093
test_2_0_2.png,11350,932,652,11392,904,610,11265,855,737,11269,883,733,11321,877,681
test_2_0_3.png,2406,192,147,2405,235,148,2402,174,151,2388,161,165,2405,178,148
test_2_1_0.png,0,0,0,0,0,0,0,0,0,0,0,0,0,0,0
test_2_1_1.png,0,0,0,0,0,0,0,0,0,0,0,0,0,0,0
test_2_1_2.png,0,0,0,0,0,0,0,0,0,0,0,0,0,0,0
test_2_1_3.png,0,0,0,0,0,0,0,0,0,0,0,0,0,0,0
test_2_2_0.png,0,0,0,0,0,0,0,0,0,0,0,0,0,0,0
test_2_2_1.png,0,0,0,0,0,0,0,0,0,0,0,0,0,0,0
test_2_2_2.png,0,0,0,0,0,0,0,0,0,0,0,0,0,0,0
test_2_2_3.png,0,0,0,0,4,0,0,0,0,0,0,0,0,0,0
test_2_3_0.png,0,0,0,0,0,0,0,0,0,0,0,0,0,0,0
test_2_3_1.png,0,0,0,0,0,0,0,0,0,0,0,0,0,0,0
test_2_3_2.png,0,0,0,0,0,0,0,129,0,0,0,0,0,0,0
test_2_3_3.png,1661,108,97,1676,95,82,1669,88,89,1658,77,100,1669,93,89
test_30_0_0.png,0,0,0,0,0,0,0,0,0,0,0,0,0,0,0
test_30_0_1.png,348,38,3,339,40,12,346,41,5,338,34,13,342,36,9
test_30_0_2.png,0,0,0,0,0,0,0,0,0,0,0,0,0,0,0
test_30_0_3.png,0,0,0,0,0,0,0,0,0,0,0,0,0,0,0
test_30_1_0.png,3422,199,676,3420,166,678,3428,159,670,3573,236,525,3445,163,653
test_30_1_1.png,794,21,83,802,31,75,795,665,82,781,21,96,791,26,86
test_30_1_2.png,0,0,0,0,0,0,0,0,0,0,0,0,0,0,0
test_30_1_3.png,0,0,0,0,0,0,0,0,0,0,0,0,0,0,0
test_30_2_0.png,1415,476,203,1490,511,128,1434,608,184,1512,533,106,1463,516,155
test_30_2_1.png,3423,224,450,3576,286,297,3470,306,403,3501,263,372,3478,256,395
test_30_2_2.png,4958,399,551,5007,535,502,5043,589,466,4827,455,682,4979,437,530
test_30_2_3.png,3940,474,512,4010,736,442,3811,462,641,3908,386,544,3899,495,553
test_30_3_0.png,3635,195,667,3638,195,664,3536,234,766,3381,107,921,3561,192,741
test_30_3_1.png,10137,540,1177,10511,826,803,10285,616,1029,10453,627,861,10426,630,888
test_30_3_2.png,11781,953,1056,11996,1011,841,11827,931,1010,11983,1022,854,11906,938,931
test_30_3_3.png,13035,798,922,13039,893,918,12922,799,1035,12905,642,1052,13007,752,950
test_31_0_0.png,6479,488,759,6559,397,679,6486,448,752,6521,480,717,6523,431,715
test_31_0_1.png,5497,758,405,5477,603,425,5428,428,474,5520,743,382,5499,609,403
test_31_0_2.png,0,0,0,0,0,0,0,0,0,0,0,0,0,0,0
test_31_0_3.png,8359,500,682,8359,508,682,8309,492,732,8501,587,540,8410,504,631
test_31_1_0.png,14153,1121,3997,13404,886,4746,13656,785,4494,13124,698,5026,13610,783,4540
test_31_1_1.png,2592,32,851,2800,41,643,2729,41,714,2923,47,520,2800,38,643
test_31_1_2.png,590,14,50,599,15,41,607,10,33,603,16,37,600,14,40
test_31_1_3.png,3610,1745,184,3606,1260,188,3566,157,228,3616,1417,178,3615,1372,179
test_31_2_0.png,44,619,1025,113,625,956,40,645,1029,43,650,1026,44,630,1025
test_31_2_1.png,4556,213,308,4614,233,250,4609,219,255,4566,258,298,4582,229,282
test_31_2_2.png,4160,844,88,4180,1001,68,4156,971,92,4173,1014,75,4174,965,74
test_31_2_3.png,378,285,19,381,7,16,381,10,16,385,12,12,383,10,14
test_31_3_0.png,9395,537,1211,9480,682,1126,9375,482,1231,9506,604,1100,9452,554,1154
test_31_3_1.png,2935,83,1639,2947,88,1627,2867,57,1707,2878,60,1696,2917,62,1657
test_31_3_2.png,2361,84,179,2395,101,145,2407,108,133,2374,76,166,2388,84,152
test_31_3_3.png,3231,79,815,3238,68,808,3298,83,748,3255,69,791,3271,74,775
test_32_0_0.png,0,0,0,0,0,0,0,0,0,0,0,0,0,0,0
test_32_0_1.png,0,0,0,0,0,0,0,0,0,0,0,0,0,0,0
test_32_0_2.png,457,40,8,439,2,26,447,15,18,446,11,19,451,10,14
test_32_0_3.png,1373,29,52,1390,43,35,1391,45,34,1385,42,40,1384,35,41
test_32_1_0.png,0,0,1498,0,0,1498,0,0,1498,0,0,1498,0,0,1498
test_32_1_1.png,0,0,0,0,0,0,0,0,0,0,0,0,0,0,0
test_32_1_2.png,0,0,0,0,0,0,0,0,0,0,0,0,0,0,0
test_32_1_3.png,0,0,0,0,0,0,0,0,0,0,0,0,0,0,0
test_32_2_0.png,0,0,667,0,0,667,0,0,667,0,0,667,0,0,667
test_32_2_1.png,1490,59,83,1516,59,57,1489,46,84,1505,90,68,1494,58,79
test_32_2_2.png,3,0,237,77,6,163,51,1,189,0,0,240,23,0,217
test_32_2_3.png,2983,330,407,3203,755,187,3208,247,182,3074,199,316,3156,256,234
test_32_3_0.png,0,0,0,0,0,0,0,0,0,0,0,0,0,0,0
test_32_3_1.png,0,0,0,0,0,0,0,0,0,0,0,0,0,0,0
test_32_3_2.png,350,54,6,354,63,2,348,45,8,349,52,7,354,50,2
test_32_3_3.png,6046,411,259,6061,382,244,6079,442,226,6027,396,278,6067,403,238
test_33_0_0.png,2203,69,405,2191,74,417,2063,31,545,2013,44,595,2122,49,486
test_33_0_1.png,0,0,0,0,3,0,0,58,0,0,11,0,0,2,0
test_33_0_2.png,0,0,0,0,0,0,0,710,0,0,0,0,0,0,0
test_33_0_3.png,0,0,0,0,0,0,0,0,0,0,0,0,0,0,0
test_33_1_0.png,0,302,0,0,0,0,0,396,0,0,0,0,0,57,0
test_33_1_1.png,0,0,0,0,0,0,0,0,0,0,0,0,0,0,0
test_33_1_2.png,9734,458,994,9386,346,1342,9482,487,1246,9522,440,1206,9585,413,1143
test_33_1_3.png,5185,870,2070,6273,838,982,5388,717,1867,5614,812,1641,5677,806,1578
test_33_2_0.png,0,0,0,0,0,0,0,0,0,0,0,0,0,0,0
test_33_2_1.png,1193,82,244,1159,71,278,1176,81,261,1167,74,270,1175,73,262
test_33_2_2.png,12035,784,516,12057,750,494,11874,829,677,11945,859,606,11998,803,553
test_33_2_3.png,17268,984,1207,17282,965,1193,17370,1092,1105,17252,1034,1223,17337,964,1138
test_33_3_0.png,3491,350,894,3415,520,970,3527,559,858,3451,620,934,3454,530,931
test_33_3_1.png,9389,380,1430,9380,471,1439,9486,607,1333,9496,655,1323,9509,474,1310
test_33_3_2.png,0,0,0,0,0,0,0,0,0,0,0,0,0,0,0
test_33_3_3.png,3261,119,449,3255,69,455,3262,172,448,3210,139,500,3265,118,445
test_34_0_0.png,14510,1234,2353,14145,669,2718,14047,960,2816,13994,813,2869,14259,855,2604
test_34_0_1.png,10849,773,1860,11622,872,1087,11454,819,1255,10889,882,1820,11212,787,1497
test_34_0_2.png,847,57,388,871,68,364,831,89,404,396,11,839,801,42,434
test_34_0_3.png,0,0,0,0,0,0,0,0,0,0,0,0,0,0,0
test_34_1_0.png,5820,186,1938,5713,230,2045,5708,230,2050,5739,321,2019,5778,203,1980
test_34_1_1.png,10885,555,557,10846,540,596,11003,579,439,10842,619,600,10949,538,493
test_34_1_2.png,407,44,107,444,39,70,450,111,64,442,55,72,439,46,75
test_34_1_3.png,4832,200,202,4856,212,178,4830,183,204,4850,197,184,4846,187,188
test_34_2_0.png,5404,1852,645,5341,1948,708,5474,1245,575,5435,826,614,5428,1541,621
test_34_2_1.png,15692,1056,1961,16203,1136,1450,14461,894,3192,15659,937,1994,15860,980,1793
test_34_2_2.png,11795,702,801,11858,780,738,11783,799,813,11852,874,744,11831,767,765
test_34_2_3.png,7927,587,795,8414,681,308,8395,690,327,8274,694,448,8396,642,326
test_34_3_0.png,3491,153,133,3478,137,146,3424,79,200,3460,93,164,3475,103,149
test_34_3_1.png,7272,1269,417,7144,1213,545,7248,998,441,7355,1272,334,7311,1179,378
test_34_3_2.png,10068,720,316,10106,990,278,10017,437,367,10017,584,367,10064,681,320
test_34_3_3.png,16910,817,775,17177,969,508,16941,969,744,17070,879,615,17002,838,683
test_35_0_0.png,0,0,0,0,0,0,0,0,0,0,0,0,0,0,0
test_35_0_1.png,0,0,0,0,0,0,0,0,0,0,0,0,0,0,0
test_35_0_2.png,0,0,0,0,0,0,0,0,0,0,0,0,0,0,0
test_35_0_3.png,10842,594,552,10912,985,482,10857,614,537,10772,544,622,10866,583,528
test_35_1_0.png,0,0,0,0,0,0,0,0,0,0,0,0,0,0,0
test_35_1_1.png,0,0,0,0,0,0,0,0,0,0,0,0,0,0,0
test_35_1_2.png,4777,451,180,4800,400,157,4762,370,195,4810,414,147,4795,401,162
test_35_1_3.png,16490,1593,366,16320,1238,536,16463,1510,393,16396,1469,460,16423,1421,433
test_35_2_0.png,0,0,0,0,0,0,0,0,0,0,0,0,0,0,0
test_35_2_1.png,6903,391,344,6851,444,396,6857,436,390,6809,391,438,6845,379,402
test_35_2_2.png,16735,1233,808,16689,1253,854,16683,1169,860,16686,1295,857,16710,1195,833
test_35_2_3.png,10696,950,325,10642,929,379,10686,1028,335,10689,959,332,10684,938,337
test_35_3_0.png,0,0,0,0,0,0,0,0,0,0,0,0,0,0,0
test_35_3_1.png,8494,559,545,8530,515,509,8529,557,510,8466,556,573,8523,533,516
test_35_3_2.png,14213,1166,681,14243,1181,651,14290,1252,604,14220,1156,674,14252,1159,642
test_35_3_3.png,8399,936,591,8373,948,617,8317,833,673,8250,736,740,8334,822,656
test_36_0_0.png,0,0,0,0,0,0,0,0,0,0,0,0,0,0,0
test_36_0_1.png,0,0,0,0,0,0,0,0,0,0,0,0,0,0,0
test_36_0_2.png,0,0,0,0,0,0,0,0,0,0,0,0,0,0,0
test_36_0_3.png,0,0,0,0,0,0,0,0,0,0,0,0,0,0,0
test_36_1_0.png,0,0,0,0,0,0,0,0,0,0,0,0,0,0,0
test_36_1_1.png,0,0,0,0,0,0,0,0,0,0,0,0,0,0,0
test_36_1_2.png,0,0,0,0,0,0,0,0,0,0,0,0,0,0,0
test_36_1_3.png,0,0,0,0,0,0,0,0,0,0,0,0,0,0,0
test_36_2_0.png,0,0,0,0,0,0,0,0,0,0,0,0,0,0,0
test_36_2_1.png,0,0,0,0,0,0,0,0,0,0,0,0,0,0,0
test_36_2_2.png,0,0,0,0,0,0,0,0,0,0,0,0,0,0,0
test_36_2_3.png,249,31,3,246,29,6,250,27,2,250,15,2,249,25,3
test_36_3_0.png,0,0,0,0,0,0,0,0,0,0,0,0,0,0,0
test_36_3_1.png,0,281,0,0,256,0,0,258,0,0,216,0,0,253,0
test_36_3_2.png,3509,330,238,3529,355,218,3499,353,248,3509,321,238,3523,324,224
test_36_3_3.png,12173,1250,393,12118,1096,448,12063,1098,503,12001,1020,565,12103,1103,463
test_37_0_0.png,16041,2719,613,15956,2702,698,15949,2538,705,15831,2627,823,15990,2587,664
test_37_0_1.png,5866,886,512,5919,739,459,5896,1009,482,5848,756,530,5895,779,483
test_37_0_2.png,3981,845,953,3891,697,1043,3754,816,1180,3928,735,1006,3930,764,1004
test_37_0_3.png,0,0,0,0,0,0,0,0,0,0,0,0,0,0,0
test_37_1_0.png,15634,2163,1021,15460,2070,1195,15441,2226,1214,15553,2314,1102,15563,2111,1092
test_37_1_1.png,11926,1755,1434,11455,1385,1905,11789,1805,1571,11684,1691,1676,11775,1634,1585
test_37_1_2.png,4299,399,1093,4235,390,1157,4222,421,1170,4243,477,1149,4236,397,1156
test_37_1_3.png,0,0,0,0,0,0,0,0,0,0,0,0,0,0,0
test_37_2_0.png,4174,727,227,4139,576,262,4158,813,243,4177,757,224,4164,691,237
test_37_2_1.png,0,0,0,0,0,0,0,0,0,0,0,0,0,0,0
test_37_2_2.png,0,0,312,0,0,312,0,0,312,0,0,312,0,0,312
test_37_2_3.png,0,0,0,0,0,0,0,0,0,0,0,0,0,0,0
test_37_3_0.png,0,0,0,0,0,0,0,0,0,0,0,0,0,0,0
test_37_3_1.png,0,0,0,0,0,0,0,0,0,0,0,0,0,0,0
test_37_3_2.png,0,0,0,0,0,0,0,0,0,0,0,0,0,0,0
test_37_3_3.png,0,0,0,0,0,0,0,0,0,0,0,0,0,0,0
test_38_0_0.png,4067,304,200,4086,297,181,4070,260,197,4017,230,250,4070,257,197
test_38_0_1.png,8166,711,239,8152,804,253,8178,794,227,8055,848,350,8165,734,240
test_38_0_2.png,9078,673,547,9051,723,574,9025,612,600,8984,595,641,9045,623,580
test_38_0_3.png,14993,1139,810,14929,1164,874,14882,966,921,15006,1186,797,14974,1075,829
test_38_1_0.png,13199,969,603,13122,864,680,13100,1390,702,13103,1389,699,13153,894,649
test_38_1_1.png,10576,1017,813,10534,933,855,10476,1005,913,10207,955,1182,10494,960,895
test_38_1_2.png,10372,735,468,10420,893,420,10406,1192,434,10450,1107,390,10441,927,399
test_38_1_3.png,7009,622,325,7036,637,298,6989,638,345,6983,659,351,7007,609,327
test_38_2_0.png,997,82,48,982,72,63,1000,76,45,1006,82,39,998,78,47
test_38_2_1.png,2004,135,186,2016,117,174,2023,132,167,2017,119,173,2025,114,165
test_38_2_2.png,12291,1044,435,12294,1076,432,12160,962,566,12211,1000,515,12247,1001,479
test_38_2_3.png,14702,945,616,14692,1002,626,14735,1112,583,14699,1083,619,14715,993,603
test_38_3_0.png,0,22,0,0,0,0,0,27,0,0,22,0,0,21,0
test_38_3_1.png,0,0,0,0,0,0,0,0,0,0,0,0,0,0,0
test_38_3_2.png,9376,968,612,9241,839,747,9327,862,661,9253,878,735,9322,869,666
test_38_3_3.png,14534,996,746,14429,1018,851,14411,1086,869,14357,1174,923,14466,1034,814
test_39_0_0.png,0,0,0,0,0,0,0,0,0,0,0,0,0,0,0
test_39_0_1.png,0,0,0,0,0,0,0,0,0,0,0,0,0,0,0
test_39_0_2.png,0,0,0,0,0,0,0,0,0,0,0,0,0,0,0
test_39_0_3.png,0,0,308,0,0,308,0,0,308,0,0,308,0,0,308
test_39_1_0.png,0,0,0,0,0,0,0,0,0,0,0,0,0,0,0
test_39_1_1.png,0,0,0,0,0,0,0,0,0,0,0,0,0,0,0
test_39_1_2.png,0,0,0,0,0,0,0,0,0,0,0,0,0,0,0
test_39_1_3.png,0,0,0,0,0,0,0,0,0,0,0,0,0,0,0
test_39_2_0.png,0,0,0,0,0,0,0,0,0,0,0,0,0,0,0
test_39_2_1.png,4160,346,120,4130,371,150,3895,217,385,4104,304,176,4127,284,153
test_39_2_2.png,1226,48,171,1309,57,88,1262,48,135,1176,44,221,1262,37,135
test_39_2_3.png,0,0,0,0,0,0,0,0,0,0,0,0,0,0,0
test_39_3_0.png,12653,1444,918,11481,978,2090,12565,1335,1006,12012,1212,1559,12305,1184,1266
test_39_3_1.png,18442,1645,1449,17975,1166,1916,18399,1555,1492,18178,1942,1713,18296,1337,1595
test_39_3_2.png,12005,976,962,11814,988,1153,11861,926,1106,11699,763,1268,11884,823,1083
test_39_3_3.png,0,0,0,0,0,0,0,0,0,0,0,0,0,0,0
test_3_0_0.png,184,2,198,290,4,92,282,1,100,168,1,214,249,1,133
test_3_0_1.png,0,0,0,0,0,0,0,0,0,0,0,0,0,0,0
test_3_0_2.png,0,0,0,0,0,0,0,0,0,0,0,0,0,0,0
test_3_0_3.png,0,0,0,0,0,0,0,0,0,0,0,0,0,0,0
test_3_1_0.png,0,0,460,0,0,460,0,0,460,0,0,460,0,0,460
test_3_1_1.png,0,0,0,0,0,0,0,0,0,0,0,0,0,0,0
test_3_1_2.png,0,0,0,0,0,0,0,0,0,0,0,0,0,0,0
test_3_1_3.png,0,0,0,0,0,0,0,0,0,0,0,0,0,0,0
test_3_2_0.png,0,195,0,0,186,0,0,188,0,0,186,0,0,190,0
test_3_2_1.png,0,0,0,0,0,0,0,0,0,0,0,0,0,0,0
test_3_2_2.png,0,0,0,0,0,0,0,0,0,0,0,0,0,0,0
test_3_2_3.png,424,53,24,415,51,33,415,52,33,415,47,33,418,50,30
test_3_3_0.png,616,20,25,606,18,35,613,17,28,607,17,34,611,18,30
test_3_3_1.png,1623,76,110,1585,73,148,1600,72,133,1600,72,133,1605,67,128
test_3_3_2.png,1991,105,49,1998,113,42,1982,113,58,1937,123,103,1999,109,41
test_3_3_3.png,1544,275,48,466,90,1126,1386,245,206,1233,150,359,1367,193,225
test_40_0_0.png,0,329,130,0,315,130,0,305,130,0,305,130,0,310,130
test_40_0_1.png,13658,659,764,13764,769,658,13756,764,666,13647,714,775,13728,685,694
test_40_0_2.png,9362,564,422,9310,515,474,9307,517,477,9257,519,527,9308,519,476
test_40_0_3.png,0,0,64,0,0,64,0,0,64,0,0,64,0,0,64
test_40_1_0.png,0,155,569,0,0,569,0,111,569,0,0,569,0,2,569
test_40_1_1.png,0,0,0,0,0,0,0,0,0,0,0,0,0,0,0
test_40_1_2.png,0,0,0,0,0,0,0,0,0,0,0,0,0,0,0
test_40_1_3.png,0,0,0,0,0,0,0,0,0,0,0,0,0,0,0
test_40_2_0.png,0,0,0,0,0,0,0,0,0,0,0,0,0,0,0
test_40_2_1.png,0,0,0,0,0,0,0,0,0,0,0,0,0,0,0
test_40_2_2.png,0,0,0,0,0,0,0,0,0,0,0,0,0,0,0
test_40_2_3.png,0,0,0,0,0,0,0,0,0,0,0,0,0,0,0
test_40_3_0.png,0,0,0,0,0,0,0,0,0,0,0,0,0,0,0
test_40_3_1.png,0,0,0,0,0,0,0,0,0,0,0,0,0,0,0
test_40_3_2.png,0,0,0,0,0,0,0,0,0,0,0,0,0,0,0
test_40_3_3.png,0,0,0,0,0,0,0,0,0,0,0,0,0,0,0
test_41_0_0.png,0,0,0,0,0,0,0,0,0,0,0,0,0,0,0
test_41_0_1.png,0,0,0,0,0,0,0,0,0,0,0,0,0,0,0
test_41_0_2.png,6200,205,507,6207,146,500,6317,171,390,6284,181,423,6258,166,449
test_41_0_3.png,5598,326,302,5619,376,281,5616,336,284,5608,344,292,5615,324,285
test_41_1_0.png,0,0,0,0,0,0,0,0,0,0,0,0,0,0,0
test_41_1_1.png,0,0,0,0,0,0,0,0,0,0,0,0,0,0,0
test_41_1_2.png,1726,230,77,1706,273,97,1733,267,70,1736,308,67,1734,272,69
test_41_1_3.png,13271,712,626,13282,719,615,13368,866,529,13352,743,545,13330,729,567
test_41_2_0.png,0,0,0,0,0,0,0,0,0,0,0,0,0,0,0
test_41_2_1.png,3136,157,443,3147,190,432,3137,165,442,3169,161,410,3155,167,424
test_41_2_2.png,16666,1062,898,16738,1066,826,16838,1222,726,16698,998,866,16755,1040,809
test_41_2_3.png,19940,1196,1108,19862,1069,1186,19948,1166,1100,19969,1065,1079,19995,1097,1053
test_41_3_0.png,7608,522,477,7664,485,421,7721,458,364,7715,470,370,7703,454,382
test_41_3_1.png,15242,1509,574,15247,1483,569,15205,1474,611,15111,1405,705,15247,1408,569
test_41_3_2.png,20685,1162,792,20760,1204,717,20635,1106,842,20588,1064,889,20702,1099,775
test_41_3_3.png,19922,1025,993,19929,946,986,20089,1220,826,19912,1026,1003,20014,1020,901
test_42_0_0.png,557,43,422,570,36,409,568,32,411,539,24,440,559,34,420
test_42_0_1.png,0,0,0,0,0,0,0,0,0,0,0,0,0,0,0
test_42_0_2.png,0,0,0,0,0,0,0,0,0,0,0,0,0,0,0
test_42_0_3.png,0,0,0,0,0,0,0,0,0,0,0,0,0,0,0
test_42_1_0.png,2670,165,131,2669,162,132,2653,171,148,2659,161,142,2667,169,134
test_42_1_1.png,1426,121,41,1415,116,52,1392,106,75,1417,122,50,1415,111,52
test_42_1_2.png,0,61,0,0,68,0,0,0,0,0,0,0,0,0,0
test_42_1_3.png,6694,603,284,6686,611,292,6664,529,314,6613,434,365,6677,525,301
test_42_2_0.png,7617,783,388,7697,867,308,7623,873,382,7643,851,362,7656,829,349
test_42_2_1.png,4152,208,278,4140,202,290,4172,224,258,4146,198,284,4154,203,276
test_42_2_2.png,10641,895,437,10738,1013,340,10566,842,512,10524,807,554,10628,856,450
test_42_2_3.png,15549,1311,814,15545,1278,818,15554,1406,809,15457,1307,906,15531,1268,832
test_42_3_0.png,0,0,0,0,0,0,0,0,0,0,0,0,0,0,0
test_42_3_1.png,0,0,0,0,0,0,0,0,0,0,0,0,0,0,0
test_42_3_2.png,620,27,75,602,7,93,626,24,69,610,14,85,618,20,77
test_42_3_3.png,1600,51,188,1559,40,229,1609,52,179,1557,44,231,1584,43,204
test_43_0_0.png,2223,163,132,2193,91,162,2200,130,155,2188,109,167,2204,113,151
test_43_0_1.png,2124,133,283,2062,106,345,2074,148,333,2128,139,279,2102,125,305
test_43_0_2.png,1800,88,293,1873,87,220,1834,101,259,1846,94,247,1837,89,256
test_43_0_3.png,2278,286,118,2270,308,126,2223,211,173,2281,242,115,2271,256,125
test_43_1_0.png,0,0,0,0,0,0,0,0,0,0,0,0,0,0,0
test_43_1_1.png,0,0,0,0,0,0,0,0,0,0,0,0,0,0,0
test_43_1_2.png,0,0,0,0,0,0,0,0,0,0,0,0,0,0,0
test_43_1_3.png,1850,109,23,1855,88,18,1858,87,15,1852,81,21,1854,85,19
test_43_2_0.png,0,0,0,0,0,0,0,0,0,0,0,0,0,0,0
test_43_2_1.png,0,0,0,0,0,0,0,0,0,0,0,0,0,0,0
test_43_2_2.png,0,0,0,0,0,0,0,0,0,0,0,0,0,0,0
test_43_2_3.png,576,75,11,574,81,13,577,110,10,583,113,4,578,93,9
test_43_3_0.png,0,0,0,0,0,0,0,0,0,0,0,0,0,0,0
test_43_3_1.png,4974,741,304,4917,650,361,5045,738,233,4959,684,319,4981,674,297
test_43_3_2.png,9862,1325,357,9678,1070,541,9701,1180,518,9758,1227,461,9772,1167,447
test_43_3_3.png,5866,768,351,5811,652,406,5880,727,337,5620,663,597,5842,676,375
test_44_0_0.png,0,0,0,0,0,0,0,0,0,0,0,0,0,0,0
test_44_0_1.png,0,0,0,0,0,0,0,0,0,0,0,0,0,0,0
test_44_0_2.png,0,0,0,0,0,0,0,0,0,0,0,0,0,0,0
test_44_0_3.png,554,22,38,560,33,32,565,24,27,565,26,27,560,26,32
test_44_1_0.png,0,0,0,0,0,0,0,0,0,0,0,0,0,0,0
test_44_1_1.png,0,0,0,0,0,0,0,0,0,0,0,0,0,0,0
test_44_1_2.png,0,0,0,0,0,0,0,0,0,0,0,0,0,0,0
test_44_1_3.png,1978,115,104,1981,112,101,1973,123,109,1986,132,96,1980,111,102
test_44_2_0.png,0,0,0,0,0,0,0,0,0,0,0,0,0,0,0
test_44_2_1.png,0,0,0,0,0,0,0,0,0,0,0,0,0,0,0
test_44_2_2.png,2453,340,208,2462,388,199,2503,446,158,2495,414,166,2485,398,176
test_44_2_3.png,15099,1497,676,14949,1256,826,14933,1162,842,14903,1123,872,14984,1216,791
test_44_3_0.png,0,0,0,0,0,0,0,0,0,0,0,0,0,0,0
test_44_3_1.png,0,0,0,0,0,0,0,0,0,0,0,0,0,0,0
test_44_3_2.png,0,0,0,0,0,0,0,0,0,0,0,0,0,0,0
test_44_3_3.png,9166,705,409,8703,615,872,8744,643,831,9009,712,566,8963,643,612
test_45_0_0.png,15472,1586,849,15094,1131,1227,15441,1462,880,15442,1409,879,15427,1357,894
test_45_0_1.png,18393,2204,1013,18367,2003,1039,18239,2005,1167,18275,2098,1131,18350,2020,1056
test_45_0_2.png,16874,2029,910,16635,1582,1149,16755,1707,1029,16724,1753,1060,16780,1715,1004
test_45_0_3.png,19396,2437,1183,19130,2060,1449,19098,2100,1481,18892,1927,1687,19148,2086,1431
test_45_1_0.png,17519,1684,1045,17357,1495,1207,17315,1473,1249,17426,1576,1138,17449,1527,1115
test_45_1_1.png,19190,1564,1230,19000,1353,1420,19111,1464,1309,18921,1295,1499,19096,1375,1324
test_45_1_2.png,20214,2364,741,20072,2169,883,20158,2459,797,20022,2171,933,20124,2222,831
test_45_1_3.png,17122,1789,1016,17020,1615,1118,17154,1759,984,17086,1731,1052,17112,1671,1026
test_45_2_0.png,5712,623,352,5607,654,457,5629,649,435,5658,612,406,5667,617,397
test_45_2_1.png,9722,707,695,9627,641,790,9712,662,705,9744,716,673,9725,635,692
test_45_2_2.png,18256,1667,1000,18065,1429,1191,18370,1861,886,18324,1705,932,18281,1581,975
test_45_2_3.png,19607,1656,1062,19498,1617,1171,19467,1547,1202,19572,1547,1097,19561,1548,1108
test_45_3_0.png,8107,930,377,8058,866,426,8011,810,473,7962,728,522,8050,806,434
test_45_3_1.png,10646,1117,512,10452,882,706,10596,1080,562,10464,927,694,10537,960,621
test_45_3_2.png,13648,1317,913,13733,1373,828,13676,1245,885,13673,1145,888,13691,1259,870
test_45_3_3.png,19386,1742,1361,19463,1810,1284,19246,1690,1501,19255,1798,1492,19363,1725,1384
test_46_0_0.png,18804,1775,779,18755,1523,828,18740,1519,843,18647,1489,936,18753,1534,830
test_46_0_1.png,19530,2080,1165,19325,1663,1370,19377,1921,1318,19225,1595,1470,19390,1754,1305
test_46_0_2.png,8699,731,363,8651,676,411,8650,734,412,8625,707,437,8670,698,392
test_46_0_3.png,0,0,0,0,0,0,0,0,0,0,0,0,0,0,0
test_46_1_0.png,20357,1199,983,20227,1201,1113,20328,1264,1012,20308,1213,1032,20326,1178,1014
test_46_1_1.png,18227,1862,932,18151,1614,1008,18244,1781,915,18173,1700,986,18233,1675,926
test_46_1_2.png,9402,781,546,9292,644,656,9354,779,594,9320,729,628,9373,715,575
test_46_1_3.png,0,0,0,0,0,0,0,0,0,0,0,0,0,0,0
test_46_2_0.png,6088,475,384,5962,428,510,5989,371,483,5951,418,521,5997,420,475
test_46_2_1.png,7517,641,389,7525,627,381,7500,621,406,7443,617,463,7501,626,405
test_46_2_2.png,1233,190,190,1278,208,145,1225,178,198,1290,205,133,1281,191,142
test_46_2_3.png,0,0,0,0,0,0,0,0,0,0,0,0,0,0,0
test_46_3_0.png,3318,210,140,3307,160,151,3327,204,131,3304,160,154,3320,165,138
test_46_3_1.png,825,69,136,818,57,143,825,59,136,911,75,50,821,59,140
test_46_3_2.png,0,0,0,0,0,0,0,0,0,0,0,0,0,0,0
test_46_3_3.png,0,0,0,0,0,0,0,0,0,0,0,0,0,0,0
test_47_0_0.png,0,0,0,0,0,0,0,0,0,0,0,0,0,0,0
test_47_0_1.png,5189,287,229,5193,283,225,5209,294,209,5200,315,218,5206,287,212
test_47_0_2.png,0,0,0,0,0,0,0,0,0,0,0,0,0,0,0
test_47_0_3.png,5420,515,125,5376,460,169,5435,570,110,5374,469,171,5415,479,130
test_47_1_0.png,0,0,0,0,0,0,0,0,0,0,0,0,0,0,0
test_47_1_1.png,4803,275,328,4824,280,307,4829,323,302,4830,297,301,4831,283,300
test_47_1_2.png,14846,1032,778,14887,1066,737,14898,1169,726,14908,1150,716,14910,1056,714
test_47_1_3.png,15654,1587,553,15725,1580,482,15731,1506,476,15724,1491,483,15737,1506,470
test_47_2_0.png,477,28,35,460,15,52,492,31,20,476,19,36,480,21,32
test_47_2_1.png,0,0,0,0,0,0,0,0,0,0,0,0,0,0,0
test_47_2_2.png,7894,612,996,7931,656,959,7939,664,951,7897,620,993,7919,621,971
test_47_2_3.png,14715,1397,592,14587,1173,720,14580,1153,727,14513,1170,794,14615,1177,692
test_47_3_0.png,0,0,0,0,0,0,0,0,0,0,0,0,0,0,0
test_47_3_1.png,0,0,0,0,0,0,0,0,0,0,0,0,0,0,0
test_47_3_2.png,302,24,54,269,37,87,300,42,56,309,36,47,302,35,54
test_47_3_3.png,3289,203,2021,4150,328,1160,4136,296,1174,4168,387,1142,4143,293,1167
test_48_0_0.png,0,0,0,0,0,0,0,0,0,0,0,0,0,0,0
test_48_0_1.png,2097,42,256,2214,46,139,2099,43,254,2201,67,152,2208,44,145
test_48_0_2.png,10,0,576,487,5,99,34,1,552,76,1,510,60,0,526
test_48_0_3.png,4332,711,218,4285,701,265,4292,640,258,4312,744,238,4306,674,244
test_48_1_0.png,0,0,0,0,0,0,0,0,0,0,0,0,0,0,0
test_48_1_1.png,0,0,0,0,0,0,0,0,0,0,0,0,0,0,0
test_48_1_2.png,0,0,0,0,0,0,0,0,0,0,0,0,0,0,0
test_48_1_3.png,0,0,0,0,0,0,0,0,0,0,0,0,0,0,0
test_48_2_0.png,0,0,0,0,0,0,0,0,0,0,0,0,0,0,0
test_48_2_1.png,0,0,0,0,0,0,0,0,0,0,0,0,0,0,0
test_48_2_2.png,0,0,0,0,0,0,0,0,0,0,0,0,0,0,0
test_48_2_3.png,0,0,0,0,0,0,0,0,0,0,0,0,0,0,0
test_48_3_0.png,0,0,0,0,0,0,0,0,0,0,0,0,0,0,0
test_48_3_1.png,0,0,0,0,0,0,0,0,0,0,0,0,0,0,0
test_48_3_2.png,0,0,0,0,0,0,0,0,0,0,0,0,0,0,0
test_48_3_3.png,885,87,8,885,70,8,881,66,12,887,66,6,886,73,7
test_49_0_0.png,0,0,0,0,0,0,0,0,0,0,0,0,0,0,0
test_49_0_1.png,6780,838,360,6737,686,403,6705,677,435,6758,691,382,6741,687,399
test_49_0_2.png,11444,799,899,11358,644,985,11461,758,882,11363,691,980,11415,724,928
test_49_0_3.png,12661,974,1308,12672,857,1297,12536,891,1433,12518,854,1451,12602,873,1367
test_49_1_0.png,203,0,48,192,0,59,194,0,57,199,1,52,199,0,52
test_49_1_1.png,9389,643,377,9363,653,403,9384,670,382,9393,658,373,9391,651,375
test_49_1_2.png,14394,950,826,14405,975,815,14345,869,875,14361,922,859,14396,911,824
test_49_1_3.png,12030,1373,503,11992,1202,541,11979,1230,554,11979,1197,554,12006,1237,527
test_49_2_0.png,1644,14,127,1647,18,124,1634,18,137,1652,21,119,1641,18,130
test_49_2_1.png,6224,426,196,6193,416,227,6179,443,241,6152,440,268,6197,396,223
test_49_2_2.png,7892,491,517,7869,509,540,7923,468,486,7839,449,570,7900,472,509
test_49_2_3.png,8217,517,201,8196,537,222,8172,508,246,8208,533,210,8200,516,218
test_49_3_0.png,0,0,0,0,0,0,0,0,0,0,0,0,0,0,0
test_49_3_1.png,0,0,0,0,0,0,0,0,0,0,0,0,0,0,0
test_49_3_2.png,11143,377,816,11080,300,879,11059,311,900,10996,262,963,11075,293,884
test_49_3_3.png,17570,1494,797,17436,1548,931,17503,1618,864,17585,1770,782,17546,1589,821
test_4_0_0.png,328,60,14,325,40,17,330,32,12,323,41,19,327,42,15
test_4_0_1.png,208,41,262,207,34,263,208,83,262,209,44,261,208,39,262
test_4_0_2.png,349,37,68,359,47,58,349,49,68,399,34,18,355,43,62
test_4_0_3.png,0,0,0,0,0,0,0,0,0,0,0,0,0,0,0
test_4_1_0.png,0,0,0,0,0,0,0,0,0,0,0,0,0,0,0
test_4_1_1.png,0,0,0,0,0,0,0,0,0,0,0,0,0,0,0
test_4_1_2.png,0,0,0,0,0,0,0,0,0,0,0,0,0,0,0
test_4_1_3.png,0,0,0,0,0,0,0,0,0,0,0,0,0,0,0
test_4_2_0.png,0,0,0,0,0,0,0,0,0,0,0,0,0,0,0
test_4_2_1.png,0,0,0,0,0,0,0,0,0,0,0,0,0,0,0
test_4_2_2.png,0,0,0,0,0,0,0,0,0,0,0,0,0,0,0
test_4_2_3.png,0,0,0,0,0,0,0,0,0,0,0,0,0,0,0
test_4_3_0.png,0,0,0,0,0,0,0,0,0,0,0,0,0,0,0
test_4_3_1.png,1418,56,176,1446,49,148,1416,52,178,1430,54,164,1432,52,162
test_4_3_2.png,3411,260,240,3461,283,190,3422,219,229,3422,220,229,3427,248,224
test_4_3_3.png,5296,302,427,5325,334,398,5123,257,600,5217,262,506,5258,279,465
test_50_0_0.png,0,0,0,0,0,0,0,0,0,0,0,0,0,0,0
test_50_0_1.png,0,0,0,0,0,0,0,0,0,0,0,0,0,0,0
test_50_0_2.png,0,0,0,0,0,0,0,0,0,0,0,0,0,0,0
test_50_0_3.png,0,0,0,0,0,0,0,0,0,0,0,0,0,0,0
test_50_1_0.png,0,0,0,0,0,0,0,0,0,0,0,0,0,0,0
test_50_1_1.png,0,0,0,0,0,0,0,0,0,0,0,0,0,0,0
test_50_1_2.png,0,0,0,0,0,0,0,0,0,0,0,0,0,0,0
test_50_1_3.png,123,23,43,150,24,16,149,40,17,126,20,40,142,24,24
test_50_2_0.png,4247,410,226,4331,654,142,4337,693,136,4383,819,90,4336,628,137
test_50_2_1.png,1081,144,89,1087,150,83,1092,132,78,1087,149,83,1088,143,82
test_50_2_2.png,1068,84,31,1058,60,41,1067,55,32,1070,73,29,1067,67,32
test_50_2_3.png,3842,777,444,3845,714,441,3768,738,518,3806,715,480,3811,721,475
test_50_3_0.png,13841,759,864,13851,809,854,13732,776,973,13865,837,840,13845,770,860
test_50_3_1.png,17648,1538,1042,17457,1498,1233,17450,1406,1240,17392,1579,1298,17512,1492,1178
test_50_3_2.png,14380,1262,913,14505,1280,788,14473,1250,820,14527,1346,766,14468,1262,825
test_50_3_3.png,3752,320,99,3738,374,113,3699,322,152,3710,333,141,3725,333,126
test_51_0_0.png,6528,1577,364,6497,1608,395,6469,1598,423,6525,1569,367,6533,1582,359
test_51_0_1.png,0,0,0,0,0,0,0,0,0,0,0,0,0,0,0
test_51_0_2.png,0,0,0,0,0,0,0,0,0,0,0,0,0,0,0
test_51_0_3.png,0,0,0,0,0,0,0,0,0,0,0,0,0,0,0
test_51_1_0.png,0,0,47,0,0,47,0,0,47,0,0,47,0,0,47
test_51_1_1.png,0,0,0,0,0,0,0,0,0,0,0,0,0,0,0
test_51_1_2.png,0,0,0,0,0,0,0,0,0,0,0,0,0,0,0
test_51_1_3.png,0,0,0,0,0,0,0,0,0,0,0,0,0,0,0
test_51_2_0.png,0,0,0,0,0,0,0,0,0,0,0,0,0,0,0
test_51_2_1.png,0,0,0,0,0,0,0,0,0,0,0,0,0,0,0
test_51_2_2.png,0,0,0,0,0,0,0,0,0,0,0,0,0,0,0
test_51_2_3.png,0,0,0,0,0,0,0,0,0,0,0,0,0,0,0
test_51_3_0.png,0,0,0,0,0,0,0,0,0,0,0,0,0,0,0
test_51_3_1.png,0,0,0,0,0,0,0,0,0,0,0,0,0,0,0
test_51_3_2.png,0,0,0,0,0,0,0,0,0,0,0,0,0,0,0
test_51_3_3.png,0,0,0,0,0,0,0,0,0,0,0,0,0,0,0
test_52_0_0.png,0,0,0,0,0,0,0,0,0,0,0,0,0,0,0
test_52_0_1.png,0,0,0,0,0,0,0,0,0,0,0,0,0,0,0
test_52_0_2.png,0,0,0,0,0,0,0,0,0,0,0,0,0,0,0
test_52_0_3.png,0,0,0,0,0,0,0,0,0,0,0,0,0,0,0
test_52_1_0.png,0,0,0,0,0,0,0,0,0,0,0,0,0,0,0
test_52_1_1.png,0,0,0,0,0,0,0,0,0,0,0,0,0,0,0
test_52_1_2.png,0,0,0,0,0,0,0,0,0,0,0,0,0,0,0
test_52_1_3.png,0,0,0,0,0,0,0,0,0,0,0,0,0,0,0
test_52_2_0.png,9255,714,1058,9187,699,1126,9232,710,1081,9199,693,1114,9238,702,1075
test_52_2_1.png,2391,77,170,2344,59,217,2359,58,202,2365,76,196,2357,59,204
test_52_2_2.png,0,0,0,0,0,0,0,0,0,0,0,0,0,0,0
test_52_2_3.png,0,0,0,0,0,0,0,0,0,0,0,0,0,0,0
test_52_3_0.png,19962,1066,1175,19944,1079,1193,20062,1198,1075,20003,1128,1134,19998,1087,1139
test_52_3_1.png,7681,285,439,7668,238,452,7689,265,431,7379,275,741,7694,262,426
test_52_3_2.png,0,0,82,12,2,70,0,0,82,0,0,82,0,0,82
test_52_3_3.png,0,0,0,0,0,0,0,0,0,0,0,0,0,0,0
test_53_0_0.png,0,0,0,0,0,0,0,0,0,0,0,0,0,0,0
test_53_0_1.png,0,0,0,0,0,0,0,0,0,0,0,0,0,0,0
test_53_0_2.png,0,0,0,0,0,0,0,0,0,0,0,0,0,0,0
test_53_0_3.png,0,0,46,0,0,46,0,0,46,0,0,46,0,0,46
test_53_1_0.png,0,0,0,0,0,0,0,0,0,0,0,0,0,0,0
test_53_1_1.png,0,0,0,0,0,0,0,0,0,0,0,0,0,0,0
test_53_1_2.png,0,0,0,0,0,0,0,0,0,0,0,0,0,0,0
test_53_1_3.png,0,0,142,0,0,142,0,0,142,0,0,142,0,0,142
test_53_2_0.png,0,0,0,0,0,0,0,0,0,0,0,0,0,0,0
test_53_2_1.png,1654,123,43,1658,113,39,1632,84,65,1627,114,70,1647,104,50
test_53_2_2.png,0,0,0,0,0,0,0,0,0,0,0,0,0,0,0
test_53_2_3.png,0,0,0,0,0,0,0,0,0,0,0,0,0,0,0
test_53_3_0.png,942,4,98,938,10,102,938,3,102,943,5,97,941,4,99
test_53_3_1.png,4101,171,261,4085,202,277,4076,161,286,4027,210,335,4076,181,286
test_53_3_2.png,4102,179,278,4058,110,322,4031,107,349,4103,140,277,4081,121,299
test_53_3_3.png,0,0,0,0,0,0,0,0,0,0,0,0,0,0,0
test_54_0_0.png,6185,387,139,6164,377,160,6188,426,136,6171,364,153,6178,374,146
test_54_0_1.png,6951,324,465,6783,283,633,6829,264,587,6737,306,679,6820,295,596
test_54_0_2.png,1103,6,222,1120,6,205,1070,34,255,1065,3,260,1079,5,246
test_54_0_3.png,0,0,0,0,0,0,0,0,0,0,0,0,0,0,0
test_54_1_0.png,3634,359,92,3616,328,110,3635,366,91,3637,346,89,3635,350,91
test_54_1_1.png,6681,201,488,6686,262,483,6580,227,589,6683,280,486,6673,222,496
test_54_1_2.png,0,0,0,0,0,0,0,0,0,0,0,0,0,0,0
test_54_1_3.png,0,0,0,0,0,0,0,0,0,0,0,0,0,0,0
test_54_2_0.png,2289,581,36,2274,655,51,2278,520,47,2274,515,51,2290,561,35
test_54_2_1.png,0,0,0,0,0,0,0,0,0,0,0,0,0,0,0
test_54_2_2.png,0,0,0,0,0,0,0,0,0,0,0,0,0,0,0
test_54_2_3.png,0,0,0,0,0,0,0,0,0,0,0,0,0,0,0
test_54_3_0.png,2658,266,167,2336,267,489,2345,230,480,2343,185,482,2344,195,481
test_54_3_1.png,0,0,0,0,0,0,0,0,0,0,0,0,0,0,0
test_54_3_2.png,0,0,0,0,0,0,0,0,0,0,0,0,0,0,0
test_54_3_3.png,0,0,0,0,0,0,0,0,0,0,0,0,0,0,0
test_55_0_0.png,0,0,0,0,0,0,0,0,0,0,0,0,0,0,0
test_55_0_1.png,0,0,0,0,0,0,0,0,0,0,0,0,0,0,0
test_55_0_2.png,0,0,0,0,0,0,0,0,0,0,0,0,0,0,0
test_55_0_3.png,0,0,0,0,0,0,0,0,0,0,0,0,0,0,0
test_55_1_0.png,8400,564,245,8408,500,237,8387,436,258,8375,486,270,8406,476,239
test_55_1_1.png,3311,250,183,3338,287,156,3317,197,177,3330,168,164,3329,208,165
test_55_1_2.png,0,0,0,0,0,0,0,0,0,0,0,0,0,0,0
test_55_1_3.png,0,0,0,0,0,0,0,0,0,0,0,0,0,0,0
test_55_2_0.png,20053,1738,781,19973,1770,861,19893,1661,941,19919,1747,915,19980,1688,854
test_55_2_1.png,13427,1442,560,13201,1163,786,12656,1047,1331,12809,1125,1178,13251,1139,736
test_55_2_2.png,3218,214,210,3197,201,231,3194,189,234,3209,212,219,3212,203,216
test_55_2_3.png,0,0,0,0,76,0,0,0,0,0,0,0,0,0,0
test_55_3_0.png,11562,973,826,11664,844,724,11618,815,770,11602,925,786,11598,848,790
test_55_3_1.png,20152,1967,870,20060,1854,962,19912,1595,1110,19884,1827,1138,20031,1757,991
test_55_3_2.png,16479,1580,960,16410,1521,1029,16402,1527,1037,16410,1570,1029,16446,1521,993
test_55_3_3.png,13435,736,944,13331,626,1048,13210,602,1169,13336,596,1043,13341,613,1038
test_56_0_0.png,0,0,0,0,0,0,0,0,0,0,0,0,0,0,0
test_56_0_1.png,0,0,0,0,0,0,0,0,0,0,0,0,0,0,0
test_56_0_2.png,0,0,0,0,0,0,0,0,0,0,0,0,0,0,0
test_56_0_3.png,956,166,44,951,241,49,952,175,48,963,156,37,955,169,45
test_56_1_0.png,0,0,0,0,0,0,0,0,0,0,0,0,0,0,0
test_56_1_1.png,0,0,0,0,0,0,0,0,0,0,0,0,0,0,0
test_56_1_2.png,0,0,0,0,0,0,0,0,0,0,0,0,0,0,0
test_56_1_3.png,0,0,0,0,0,0,0,0,0,0,0,0,0,0,0
test_56_2_0.png,0,0,0,0,0,0,0,0,0,0,0,0,0,0,0
test_56_2_1.png,1340,0,106,1303,0,143,1326,0,120,1312,0,134,1323,0,123
test_56_2_2.png,3628,136,313,3619,149,322,3622,112,319,3614,117,327,3616,127,325
test_56_2_3.png,0,0,0,0,0,0,0,0,0,0,0,0,0,0,0
test_56_3_0.png,0,0,0,0,0,0,0,0,0,0,0,0,0,0,0
test_56_3_1.png,1262,0,228,0,0,1490,1069,0,421,0,0,1490,952,0,538
test_56_3_2.png,0,0,8,0,0,8,0,0,8,0,0,8,0,0,8
test_56_3_3.png,0,0,0,0,0,0,0,0,0,0,0,0,0,0,0
test_57_0_0.png,607,6,206,459,5,354,408,3,405,436,0,377,454,5,359
test_57_0_1.png,7648,822,647,7637,881,658,7680,811,615,7688,931,607,7683,859,612
test_57_0_2.png,8266,831,457,8224,913,499,8382,956,341,8351,906,372,8309,873,414
test_57_0_3.png,0,0,0,0,0,0,0,0,0,0,0,0,0,0,0
test_57_1_0.png,0,0,0,0,0,0,0,0,0,0,0,0,0,0,0
test_57_1_1.png,0,0,0,0,0,0,0,0,0,0,0,0,0,0,0
test_57_1_2.png,0,0,0,0,0,0,0,0,0,0,0,0,0,0,0
test_57_1_3.png,0,0,0,0,0,0,0,0,0,0,0,0,0,0,0
test_57_2_0.png,0,0,119,0,0,119,0,0,119,0,0,119,0,0,119
test_57_2_1.png,0,0,0,0,0,0,0,0,0,0,0,0,0,0,0
test_57_2_2.png,0,0,0,0,0,0,0,0,0,0,0,0,0,0,0
test_57_2_3.png,0,0,0,0,0,0,0,0,0,0,0,0,0,0,0
test_57_3_0.png,138,5,838,235,38,741,197,51,779,267,52,709,242,44,734
test_57_3_1.png,231,83,5,34,4,202,0,0,236,34,3,202,7,0,229
test_57_3_2.png,0,0,0,0,0,0,0,0,0,0,0,0,0,0,0
test_57_3_3.png,0,0,0,0,0,0,0,0,0,0,0,0,0,0,0
test_58_0_0.png,527,855,12,512,845,27,525,858,14,522,838,17,524,849,15
test_58_0_1.png,0,0,0,0,0,0,0,0,0,0,0,0,0,0,0
test_58_0_2.png,0,0,0,0,0,0,0,0,0,0,0,0,0,0,0
test_58_0_3.png,0,0,0,0,0,0,0,0,0,0,0,0,0,0,0
test_58_1_0.png,0,0,0,0,0,0,0,0,0,0,0,0,0,0,0
test_58_1_1.png,0,0,0,0,0,0,0,0,0,0,0,0,0,0,0
test_58_1_2.png,0,0,0,0,0,0,0,0,0,0,0,0,0,0,0
test_58_1_3.png,0,0,0,0,0,0,0,0,0,0,0,0,0,0,0
test_58_2_0.png,0,0,0,0,0,0,0,0,0,0,0,0,0,0,0
test_58_2_1.png,0,0,0,0,0,0,0,0,0,0,0,0,0,0,0
test_58_2_2.png,0,0,0,0,0,0,0,0,0,0,0,0,0,0,0
test_58_2_3.png,0,0,0,0,0,0,0,0,0,0,0,0,0,0,0
test_58_3_0.png,0,0,0,0,0,0,0,0,0,0,0,0,0,0,0
test_58_3_1.png,0,0,0,0,0,0,0,0,0,0,0,0,0,0,0
test_58_3_2.png,0,0,0,0,0,0,0,0,0,0,0,0,0,0,0
test_58_3_3.png,0,0,0,0,0,0,0,0,0,0,0,0,0,0,0
test_59_0_0.png,0,0,0,0,0,0,0,0,0,0,0,0,0,0,0
test_59_0_1.png,0,0,0,0,0,0,0,0,0,0,0,0,0,0,0
test_59_0_2.png,0,0,0,0,0,0,0,0,0,0,0,0,0,0,0
test_59_0_3.png,0,0,0,0,0,0,0,0,0,0,0,0,0,0,0
test_59_1_0.png,0,0,0,0,0,0,0,0,0,0,0,0,0,0,0
test_59_1_1.png,0,0,0,0,0,0,0,0,0,0,0,0,0,0,0
test_59_1_2.png,0,0,0,0,0,0,0,0,0,0,0,0,0,0,0
test_59_1_3.png,0,0,0,0,0,0,0,0,0,0,0,0,0,0,0
test_59_2_0.png,0,0,0,0,0,0,0,0,0,0,0,0,0,0,0
test_59_2_1.png,0,0,0,0,0,0,0,0,0,0,0,0,0,0,0
test_59_2_2.png,0,0,0,0,0,0,0,0,0,0,0,0,0,0,0
test_59_2_3.png,0,0,0,0,0,0,0,0,0,0,0,0,0,0,0
test_59_3_0.png,0,0,0,0,0,0,0,0,0,0,0,0,0,0,0
test_59_3_1.png,0,0,0,0,0,0,0,0,0,0,0,0,0,0,0
test_59_3_2.png,0,0,230,0,0,230,0,0,230,0,0,230,0,0,230
test_59_3_3.png,0,0,0,0,0,0,0,0,0,0,0,0,0,0,0
test_5_0_0.png,0,0,0,0,0,0,0,0,0,0,0,0,0,0,0
test_5_0_1.png,0,0,0,0,0,0,0,0,0,0,0,0,0,0,0
test_5_0_2.png,0,0,0,0,0,0,0,0,0,0,0,0,0,0,0
test_5_0_3.png,0,0,0,0,0,0,0,0,0,0,0,0,0,0,0
test_5_1_0.png,0,0,0,0,0,0,0,0,0,0,0,0,0,0,0
test_5_1_1.png,0,0,0,0,0,0,0,0,0,0,0,0,0,0,0
test_5_1_2.png,0,0,0,0,0,0,0,0,0,0,0,0,0,0,0
test_5_1_3.png,0,0,0,0,0,0,0,0,0,0,0,0,0,0,0
test_5_2_0.png,0,0,0,0,0,0,0,0,0,0,0,0,0,0,0
test_5_2_1.png,0,0,0,0,0,0,0,0,0,0,0,0,0,0,0
test_5_2_2.png,89,11,33,14,0,108,90,3,32,76,2,46,82,2,40
test_5_2_3.png,5020,289,409,5023,291,406,4975,268,454,4970,210,459,5004,256,425
test_5_3_0.png,0,0,0,0,0,0,0,0,0,0,0,0,0,0,0
test_5_3_1.png,0,0,0,0,0,0,0,0,0,0,0,0,0,0,0
test_5_3_2.png,2020,97,73,2044,111,49,2021,102,72,2017,112,76,2028,101,65
test_5_3_3.png,4674,305,254,4680,297,248,4642,280,286,4652,269,276,4673,285,255
test_60_0_0.png,0,0,0,0,0,0,0,0,0,0,0,0,0,0,0
test_60_0_1.png,0,0,0,0,0,0,0,0,0,0,0,0,0,0,0
test_60_0_2.png,0,0,0,0,0,0,0,0,0,0,0,0,0,0,0
test_60_0_3.png,0,0,0,0,0,0,0,0,0,0,0,0,0,0,0
test_60_1_0.png,0,0,0,0,0,0,0,0,0,0,0,0,0,0,0
test_60_1_1.png,0,0,0,0,0,0,0,0,0,0,0,0,0,0,0
test_60_1_2.png,0,0,0,0,0,0,0,0,0,0,0,0,0,0,0
test_60_1_3.png,0,0,0,0,0,0,0,0,0,0,0,0,0,0,0
test_60_2_0.png,0,0,0,0,0,0,0,0,0,0,0,0,0,0,0
test_60_2_1.png,0,0,0,0,0,0,0,0,0,0,0,0,0,0,0
test_60_2_2.png,0,0,0,0,0,0,0,0,0,0,0,0,0,0,0
test_60_2_3.png,0,0,0,0,0,0,0,0,0,0,0,0,0,0,0
test_60_3_0.png,0,0,0,0,0,0,0,0,0,0,0,0,0,0,0
test_60_3_1.png,0,0,0,0,0,0,0,0,0,0,0,0,0,0,0
test_60_3_2.png,0,0,0,0,0,0,0,0,0,0,0,0,0,0,0
test_60_3_3.png,0,0,0,0,0,0,0,0,0,0,0,0,0,0,0
test_61_0_0.png,0,0,0,0,0,0,0,0,0,0,0,0,0,0,0
test_61_0_1.png,0,0,0,0,0,0,0,0,0,0,0,0,0,0,0
test_61_0_2.png,0,0,0,0,0,0,0,0,0,0,0,0,0,0,0
test_61_0_3.png,0,0,0,0,0,0,0,0,0,0,0,0,0,0,0
test_61_1_0.png,0,0,0,0,0,0,0,0,0,0,0,0,0,0,0
test_61_1_1.png,0,0,0,0,0,0,0,0,0,0,0,0,0,0,0
test_61_1_2.png,0,0,0,0,0,0,0,0,0,0,0,0,0,0,0
test_61_1_3.png,0,0,185,0,0,185,0,0,185,0,0,185,0,0,185
test_61_2_0.png,0,0,0,0,0,0,0,0,0,0,0,0,0,0,0
test_61_2_1.png,0,0,0,0,0,0,0,0,0,0,0,0,0,0,0
test_61_2_2.png,0,0,0,0,0,0,0,0,0,0,0,0,0,0,0
test_61_2_3.png,0,0,0,0,0,0,0,0,0,0,0,0,0,0,0
test_61_3_0.png,0,0,0,0,0,0,0,0,0,0,0,0,0,0,0
test_61_3_1.png,0,0,0,0,0,0,0,0,0,0,0,0,0,0,0
test_61_3_2.png,0,0,0,0,0,0,0,0,0,0,0,0,0,0,0
test_61_3_3.png,0,0,0,0,0,0,0,0,0,0,0,0,0,0,0
test_62_0_0.png,0,0,0,0,0,0,0,0,0,0,0,0,0,0,0
test_62_0_1.png,0,0,0,0,0,0,0,0,0,0,0,0,0,0,0
test_62_0_2.png,0,0,0,0,0,0,0,0,0,0,0,0,0,0,0
test_62_0_3.png,0,0,0,0,0,0,0,0,0,0,0,0,0,0,0
test_62_1_0.png,0,0,0,0,0,0,0,0,0,0,0,0,0,0,0
test_62_1_1.png,0,0,0,0,0,0,0,0,0,0,0,0,0,0,0
test_62_1_2.png,0,0,0,0,0,0,0,0,0,0,0,0,0,0,0
test_62_1_3.png,0,0,0,0,0,0,0,0,0,0,0,0,0,0,0
test_62_2_0.png,0,0,0,0,0,0,0,0,0,0,0,0,0,0,0
test_62_2_1.png,0,0,0,0,0,0,0,0,0,0,0,0,0,0,0
test_62_2_2.png,0,0,0,0,0,0,0,0,0,0,0,0,0,0,0
test_62_2_3.png,0,0,0,0,0,0,0,0,0,0,0,0,0,0,0
test_62_3_0.png,0,0,0,0,0,0,0,0,0,0,0,0,0,0,0
test_62_3_1.png,0,0,0,0,0,0,0,0,0,0,0,0,0,0,0
test_62_3_2.png,0,0,0,0,0,0,0,0,0,0,0,0,0,0,0
test_62_3_3.png,0,0,0,0,0,0,0,0,0,0,0,0,0,0,0
test_63_0_0.png,0,0,0,0,0,0,0,0,0,0,0,0,0,0,0
test_63_0_1.png,0,0,0,0,0,0,0,0,0,0,0,0,0,0,0
test_63_0_2.png,0,0,0,0,0,0,0,0,0,0,0,0,0,0,0
test_63_0_3.png,0,0,0,0,0,0,0,0,0,0,0,0,0,0,0
test_63_1_0.png,0,0,262,0,0,262,0,0,262,0,0,262,0,0,262
test_63_1_1.png,0,0,0,0,0,0,0,0,0,0,0,0,0,0,0
test_63_1_2.png,0,0,0,0,0,0,0,0,0,0,0,0,0,0,0
test_63_1_3.png,0,0,0,0,0,0,0,0,0,0,0,0,0,0,0
test_63_2_0.png,0,0,0,0,0,0,0,0,0,0,0,0,0,0,0
test_63_2_1.png,0,0,0,0,0,0,0,0,0,0,0,0,0,0,0
test_63_2_2.png,0,0,0,0,0,0,0,0,0,0,0,0,0,0,0
test_63_2_3.png,0,0,0,0,0,0,0,0,0,0,0,0,0,0,0
test_63_3_0.png,0,0,0,0,0,0,0,0,0,0,0,0,0,0,0
test_63_3_1.png,0,0,0,0,0,0,0,0,0,0,0,0,0,0,0
test_63_3_2.png,0,0,0,0,0,0,0,0,0,0,0,0,0,0,0
test_63_3_3.png,0,0,0,0,0,0,0,0,0,0,0,0,0,0,0
test_64_0_0.png,0,0,0,0,0,0,0,0,0,0,0,0,0,0,0
test_64_0_1.png,0,0,0,0,0,0,0,0,0,0,0,0,0,0,0
test_64_0_2.png,0,0,0,0,0,0,0,0,0,0,0,0,0,0,0
test_64_0_3.png,0,0,0,0,0,0,0,0,0,0,0,0,0,0,0
test_64_1_0.png,0,0,0,0,0,0,0,0,0,0,0,0,0,0,0
test_64_1_1.png,0,0,0,0,0,0,0,0,0,0,0,0,0,0,0
test_64_1_2.png,0,0,0,0,0,0,0,0,0,0,0,0,0,0,0
test_64_1_3.png,0,0,0,0,0,0,0,0,0,0,0,0,0,0,0
test_64_2_0.png,0,0,0,0,0,0,0,0,0,0,0,0,0,0,0
test_64_2_1.png,0,0,0,0,0,0,0,0,0,0,0,0,0,0,0
test_64_2_2.png,0,0,0,0,0,0,0,0,0,0,0,0,0,0,0
test_64_2_3.png,0,0,0,0,0,0,0,0,0,0,0,0,0,0,0
test_64_3_0.png,0,0,0,0,0,0,0,0,0,0,0,0,0,0,0
test_64_3_1.png,0,0,0,0,0,0,0,0,0,0,0,0,0,0,0
test_64_3_2.png,0,0,0,0,0,0,0,0,0,0,0,0,0,0,0
test_64_3_3.png,0,0,0,0,0,0,0,0,0,0,0,0,0,0,0
test_65_0_0.png,0,0,0,0,0,0,0,0,0,0,0,0,0,0,0
test_65_0_1.png,0,0,0,0,0,0,0,0,0,0,0,0,0,0,0
test_65_0_2.png,0,0,0,0,0,0,0,0,0,0,0,0,0,0,0
test_65_0_3.png,0,0,0,0,0,0,0,0,0,0,0,0,0,0,0
test_65_1_0.png,0,0,0,0,0,0,0,0,0,0,0,0,0,0,0
test_65_1_1.png,0,0,0,0,0,0,0,0,0,0,0,0,0,0,0
test_65_1_2.png,0,0,0,0,0,0,0,0,0,0,0,0,0,0,0
test_65_1_3.png,0,0,0,0,0,0,0,0,0,0,0,0,0,0,0
test_65_2_0.png,0,0,0,0,0,0,0,0,0,0,0,0,0,0,0
test_65_2_1.png,0,0,0,0,0,0,0,0,0,0,0,0,0,0,0
test_65_2_2.png,0,0,0,0,0,0,0,0,0,0,0,0,0,0,0
test_65_2_3.png,0,0,0,0,0,0,0,0,0,0,0,0,0,0,0
test_65_3_0.png,0,0,0,0,0,0,0,0,0,0,0,0,0,0,0
test_65_3_1.png,0,0,0,0,0,0,0,0,0,0,0,0,0,0,0
test_65_3_2.png,0,0,0,0,0,0,0,0,0,0,0,0,0,0,0
test_65_3_3.png,0,0,0,0,0,0,0,0,0,0,0,0,0,0,0
test_66_0_0.png,0,0,0,0,0,0,0,0,0,0,0,0,0,0,0
test_66_0_1.png,0,0,0,0,0,0,0,0,0,0,0,0,0,0,0
test_66_0_2.png,0,0,0,0,0,0,0,0,0,0,0,0,0,0,0
test_66_0_3.png,0,0,0,0,0,0,0,0,0,0,0,0,0,0,0
test_66_1_0.png,0,0,0,0,0,0,0,0,0,0,0,0,0,0,0
test_66_1_1.png,0,0,0,0,0,0,0,0,0,0,0,0,0,0,0
test_66_1_2.png,0,0,0,0,0,0,0,0,0,0,0,0,0,0,0
test_66_1_3.png,0,0,0,0,0,0,0,0,0,0,0,0,0,0,0
test_66_2_0.png,0,0,0,0,0,0,0,0,0,0,0,0,0,0,0
test_66_2_1.png,0,0,0,0,0,0,0,0,0,0,0,0,0,0,0
test_66_2_2.png,0,0,0,0,0,0,0,0,0,0,0,0,0,0,0
test_66_2_3.png,0,0,0,0,0,0,0,0,0,0,0,0,0,0,0
test_66_3_0.png,0,0,0,0,0,0,0,0,0,0,0,0,0,0,0
test_66_3_1.png,0,0,0,0,0,0,0,0,0,0,0,0,0,0,0
test_66_3_2.png,0,0,0,0,0,0,0,0,0,0,0,0,0,0,0
test_66_3_3.png,0,0,0,0,0,0,0,0,0,0,0,0,0,0,0
test_67_0_0.png,0,0,0,0,0,0,0,0,0,0,0,0,0,0,0
test_67_0_1.png,0,0,0,0,0,0,0,0,0,0,0,0,0,0,0
test_67_0_2.png,3373,511,70,3326,516,117,3341,469,102,3347,480,96,3363,487,80
test_67_0_3.png,16413,1302,706,16453,1386,666,16452,1467,667,16494,1435,625,16468,1374,651
test_67_1_0.png,129,0,674,230,0,573,0,0,803,34,0,769,52,0,751
test_67_1_1.png,0,0,0,0,0,0,0,0,0,0,0,0,0,0,0
test_67_1_2.png,3115,212,169,3094,214,190,3103,227,181,2991,170,293,3098,200,186
test_67_1_3.png,5914,688,254,5980,586,188,5584,385,584,5822,414,346,5890,470,278
test_67_2_0.png,383,20,249,385,7,247,370,12,262,602,294,30,382,12,250
test_67_2_1.png,0,0,0,0,0,0,0,0,0,0,0,0,0,0,0
test_67_2_2.png,6179,626,113,6122,520,170,6133,592,159,6141,543,151,6164,558,128
test_67_2_3.png,13427,1682,241,13437,1730,231,13448,1824,220,13471,1834,197,13453,1730,215
test_67_3_0.png,925,60,16,922,54,19,926,66,15,932,59,9,929,57,12
test_67_3_1.png,0,0,0,0,0,0,0,0,0,0,0,0,0,0,0
test_67_3_2.png,0,0,0,0,0,0,0,0,0,0,0,0,0,0,0
test_67_3_3.png,203,25,11,203,14,11,203,31,11,206,20,8,202,19,12
test_68_0_0.png,12501,1037,463,12569,1036,395,12478,987,486,12481,985,483,12506,990,458
test_68_0_1.png,1745,201,17,1739,202,23,1744,207,18,1745,207,17,1745,206,17
test_68_0_2.png,0,0,0,0,0,0,0,0,0,0,0,0,0,0,0
test_68_0_3.png,0,0,465,0,0,465,461,26,4,0,0,465,0,0,465
test_68_1_0.png,18583,1466,427,18778,1736,232,18683,1593,327,18671,1556,339,18722,1547,288
test_68_1_1.png,12488,977,404,12506,1078,386,12475,1036,417,12477,1075,415,12509,1015,383
test_68_1_2.png,5236,566,298,5175,538,359,5163,530,371,5111,518,423,5182,534,352
test_68_1_3.png,365,8,44,372,6,37,380,6,29,383,2,26,376,4,33
test_68_2_0.png,21283,1314,551,21421,1461,413,21285,1403,549,21292,1661,542,21323,1427,511
test_68_2_1.png,9389,772,198,9392,772,195,9378,738,209,9328,732,259,9379,748,208
test_68_2_2.png,107,277,65,117,316,55,0,0,172,94,249,78,101,262,71
test_68_2_3.png,0,112,457,0,129,457,0,97,457,0,0,457,0,100,457
test_68_3_0.png,8140,871,263,8147,900,256,8139,887,264,8117,858,286,8140,869,263
test_68_3_1.png,0,0,0,0,0,0,0,0,0,0,0,0,0,0,0
test_68_3_2.png,0,0,0,0,0,0,0,0,0,0,0,0,0,0,0
test_68_3_3.png,0,0,0,0,0,0,0,0,0,0,0,0,0,0,0
test_69_0_0.png,0,0,0,0,0,0,0,0,0,0,0,0,0,0,0
test_69_0_1.png,0,0,0,0,0,0,0,0,0,0,0,0,0,0,0
test_69_0_2.png,0,0,0,0,0,0,0,0,0,0,0,0,0,0,0
test_69_0_3.png,8428,674,301,8481,690,248,8422,608,307,8381,605,348,8429,625,300
test_69_1_0.png,2551,223,31,2544,200,38,2529,224,53,2552,227,30,2553,215,29
test_69_1_1.png,867,64,237,863,75,241,866,68,238,862,62,242,868,67,236
test_69_1_2.png,62,5,5,51,0,16,41,0,26,55,1,12,51,0,16
test_69_1_3.png,10974,575,420,10924,537,470,10926,575,468,10912,539,482,10946,534,448
test_69_2_0.png,17757,998,361,17796,998,322,17727,996,391,17737,1080,381,17749,970,369
test_69_2_1.png,15268,977,702,15254,946,716,15215,819,755,15277,910,693,15275,876,695
test_69_2_2.png,9232,771,135,9228,645,139,9178,696,189,9152,665,215,9208,677,159
test_69_2_3.png,1019,86,8,1012,86,15,1013,108,14,1015,92,12,1014,92,13
test_69_3_0.png,18951,1279,359,19056,1706,254,19020,1660,290,19028,1802,282,19041,1554,269
test_69_3_1.png,16441,1490,282,16410,1358,313,16346,1192,377,16439,1484,284,16428,1351,295
test_69_3_2.png,19232,1507,224,19184,1262,272,19163,1353,293,19262,1572,194,19232,1393,224
test_69_3_3.png,11360,933,307,11340,786,327,11302,734,365,11322,820,345,11341,772,326
test_6_0_0.png,0,0,0,0,0,0,0,0,0,0,0,0,0,0,0
test_6_0_1.png,279,0,189,361,5,107,375,10,93,374,14,94,357,6,111
test_6_0_2.png,0,0,0,0,0,0,0,0,0,0,0,0,0,0,0
test_6_0_3.png,0,0,0,0,0,0,0,0,0,0,0,0,0,0,0
test_6_1_0.png,299,29,2,290,17,11,270,0,31,275,7,26,287,16,14
test_6_1_1.png,0,0,0,0,0,0,0,0,0,0,0,0,0,0,0
test_6_1_2.png,0,0,0,0,0,0,0,0,0,0,0,0,0,0,0
test_6_1_3.png,0,0,367,0,0,367,0,0,367,0,0,367,0,0,367
test_6_2_0.png,0,0,0,0,0,0,0,0,0,0,0,0,0,0,0
test_6_2_1.png,0,0,0,0,0,0,0,0,0,0,0,0,0,0,0
test_6_2_2.png,474,38,43,477,29,40,474,36,43,473,39,44,476,37,41
test_6_2_3.png,0,0,254,0,0,254,0,0,254,0,0,254,0,0,254
test_6_3_0.png,0,0,0,0,0,0,0,0,0,0,0,0,0,0,0
test_6_3_1.png,0,0,0,0,0,0,0,0,0,0,0,0,0,0,0
test_6_3_2.png,0,0,0,0,0,0,0,0,0,0,0,0,0,0,0
test_6_3_3.png,404,22,128,404,23,128,403,24,129,403,13,129,404,21,128
test_70_0_0.png,11792,860,285,11747,860,330,11642,824,435,11794,941,283,11777,848,300
test_70_0_1.png,4675,421,144,4664,465,155,4632,446,187,4653,332,166,4663,418,156
test_70_0_2.png,11089,1196,451,11075,1119,465,11088,1100,452,11083,1182,457,11092,1130,448
test_70_0_3.png,16305,889,953,16265,937,993,16350,975,908,16411,997,847,16364,925,894
test_70_1_0.png,16968,1164,449,16976,1168,441,16880,1006,537,16932,1091,485,16962,1065,455
test_70_1_1.png,19614,1294,523,19480,1101,657,19545,1192,592,19467,1090,670,19543,1110,594
test_70_1_2.png,17733,980,518,17641,831,610,17638,929,613,17716,1033,535,17715,896,536
test_70_1_3.png,13411,762,526,13333,713,604,13330,676,607,13343,638,594,13382,669,555
test_70_2_0.png,706,20,610,704,14,612,701,13,615,664,10,652,701,12,615
test_70_2_1.png,6056,321,297,6061,289,292,6031,269,322,6055,327,298,6051,286,302
test_70_2_2.png,11532,553,300,11461,471,371,11458,474,374,11491,549,341,11500,482,332
test_70_2_3.png,12478,836,486,12405,712,559,12366,785,598,12364,777,600,12409,753,555
test_70_3_0.png,16082,498,64,16094,675,52,16075,435,71,16112,752,34,16103,510,43
test_70_3_1.png,4237,395,235,4251,359,221,4226,416,246,4227,363,245,4241,373,231
test_70_3_2.png,8938,427,342,8904,383,376,8862,376,418,8893,422,387,8912,387,368
test_70_3_3.png,8379,528,487,8336,500,530,8335,508,531,8329,555,537,8361,522,505
test_71_0_0.png,4788,274,206,4817,301,177,4730,217,264,4736,290,258,4764,247,230
test_71_0_1.png,6315,431,365,6331,436,349,6262,372,418,6301,434,379,6315,408,365
test_71_0_2.png,1958,249,22,1958,222,22,1956,217,24,1952,250,28,1958,233,22
test_71_0_3.png,0,0,0,0,0,0,0,0,0,0,0,0,0,0,0
test_71_1_0.png,0,0,0,0,0,0,0,0,0,0,0,0,0,0,0
test_71_1_1.png,0,0,4929,0,0,4929,0,0,4929,0,0,4929,0,0,4929
test_71_1_2.png,3772,219,431,3774,489,429,4163,805,40,4099,778,104,3819,596,384
test_71_1_3.png,0,0,0,0,0,0,0,0,0,0,0,0,0,0,0
test_71_2_0.png,0,0,0,0,0,0,0,0,0,0,0,0,0,0,0
test_71_2_1.png,0,209,0,0,239,0,0,0,0,0,0,0,0,0,0
test_71_2_2.png,1779,121,134,1835,99,78,1227,54,686,1841,115,72,1843,95,70
test_71_2_3.png,38,57,3397,0,0,3435,0,0,3435,0,0,3435,0,0,3435
test_71_3_0.png,0,0,0,0,0,0,0,0,0,0,0,0,0,0,0
test_71_3_1.png,0,0,0,0,0,0,0,0,0,0,0,0,0,0,0
test_71_3_2.png,1,438,779,2,443,778,420,804,360,136,820,644,1,595,779
test_71_3_3.png,44129,3957,759,44104,3804,784,44116,2913,772,44028,2318,860,44095,3280,793
test_72_0_0.png,15696,904,592,15698,849,590,15573,784,715,15532,744,756,15665,789,623
test_72_0_1.png,8048,449,358,8049,427,357,8033,439,373,8061,443,345,8053,429,353
test_72_0_2.png,13639,1172,296,13631,1102,304,13684,1264,251,13572,1002,363,13654,1093,281
test_72_0_3.png,16266,852,453,16172,721,547,16208,789,511,16190,729,529,16233,736,486
test_72_1_0.png,7078,380,361,7049,320,390,7069,412,370,7049,353,390,7052,352,387
test_72_1_1.png,2162,117,102,2163,296,101,2165,144,99,2162,123,102,2166,112,98
test_72_1_2.png,7620,803,284,7612,779,292,7610,547,294,7630,623,274,7633,568,271
test_72_1_3.png,15351,704,542,15345,716,548,15328,659,565,15333,630,560,15364,649,529
test_72_2_0.png,0,0,0,0,0,0,0,0,0,0,0,0,0,0,0
test_72_2_1.png,0,0,0,0,0,0,0,0,0,0,0,0,0,0,0
test_72_2_2.png,1712,53,214,1685,38,241,948,9,978,1610,40,316,1648,27,278
test_72_2_3.png,4314,861,2665,4006,1137,2973,4425,888,2554,4202,826,2777,4053,840,2926
test_72_3_0.png,0,0,0,0,0,0,0,0,0,0,0,0,0,0,0
test_72_3_1.png,0,0,0,0,0,0,0,0,0,0,0,0,0,0,0
test_72_3_2.png,0,0,0,0,0,0,0,0,0,0,0,0,0,0,0
test_72_3_3.png,0,0,0,0,0,0,0,0,0,0,0,0,0,0,0
test_73_0_0.png,19377,960,766,19310,888,833,19456,1032,687,19410,970,733,19418,927,725
test_73_0_1.png,2574,169,147,2540,141,181,2564,162,157,2524,154,197,2561,149,160
test_73_0_2.png,0,0,0,0,0,0,0,0,0,0,0,0,0,0,0
test_73_0_3.png,0,0,0,0,0,0,0,0,0,0,0,0,0,0,0
test_73_1_0.png,15911,820,597,15762,723,746,15702,799,806,15866,814,642,15851,755,657
test_73_1_1.png,0,0,0,0,0,0,0,0,0,0,0,0,0,0,0
test_73_1_2.png,0,0,0,0,0,0,0,0,0,0,0,0,0,0,0
test_73_1_3.png,0,0,0,0,0,0,0,0,0,0,0,0,0,0,0
test_73_2_0.png,2939,154,123,2931,153,131,2941,182,121,2930,142,132,2937,156,125
test_73_2_1.png,0,0,0,0,0,0,0,0,0,0,0,0,0,0,0
test_73_2_2.png,0,0,0,0,0,0,0,0,0,0,0,0,0,0,0
test_73_2_3.png,316,17,31,318,20,29,311,10,36,311,12,36,316,15,31
test_73_3_0.png,0,0,0,0,0,0,0,0,0,0,0,0,0,0,0
test_73_3_1.png,0,0,0,0,0,0,0,0,0,0,0,0,0,0,0
test_73_3_2.png,0,0,0,0,603,0,0,0,0,0,0,0,0,0,0
test_73_3_3.png,0,0,0,0,0,0,0,0,0,0,0,0,0,0,0
test_74_0_0.png,4871,357,159,4890,357,140,4869,353,161,4878,363,152,4894,347,136
test_74_0_1.png,21186,1217,529,21265,1250,450,21166,1130,549,21274,1340,441,21248,1205,467
test_74_0_2.png,18206,1311,448,18165,1220,489,18046,1092,608,18172,1089,482,18181,1118,473
test_74_0_3.png,5603,466,168,5560,480,211,5554,526,217,5637,623,134,5616,499,155
test_74_1_0.png,929,126,41,911,58,59,872,75,98,896,87,74,908,75,62
test_74_1_1.png,3388,239,124,3315,198,197,3318,155,194,3333,185,179,3350,185,162
test_74_1_2.png,11559,760,311,11546,616,324,11581,821,289,11582,800,288,11574,725,296
test_74_1_3.png,562,44,102,561,35,103,620,25,44,546,22,118,567,29,97
test_74_2_0.png,2722,359,66,2727,343,61,2733,403,55,2734,384,54,2733,378,55
test_74_2_1.png,8893,777,234,8888,718,239,8858,719,269,8907,786,220,8914,723,213
test_74_2_2.png,7054,687,214,7046,722,222,7011,784,257,7087,729,181,7056,716,212
test_74_2_3.png,0,0,0,0,0,0,0,0,0,0,0,0,0,0,0
test_74_3_0.png,0,0,0,0,0,0,0,0,0,0,0,0,0,0,0
test_74_3_1.png,2226,179,110,2218,192,118,2210,162,126,2198,193,138,2219,172,117
test_74_3_2.png,6324,789,148,6259,756,213,6338,851,134,6280,688,192,6317,771,155
test_74_3_3.png,0,0,0,0,0,0,0,0,0,0,0,0,0,0,0
test_75_0_0.png,0,0,0,0,0,0,0,0,0,0,0,0,0,0,0
test_75_0_1.png,0,0,0,0,0,0,0,0,0,0,0,0,0,0,0
test_75_0_2.png,0,0,0,0,0,0,0,0,0,0,0,0,0,0,0
test_75_0_3.png,0,0,0,0,0,0,0,0,0,0,0,0,0,0,0
test_75_1_0.png,0,0,0,0,0,0,0,0,0,0,0,0,0,0,0
test_75_1_1.png,0,0,0,0,0,0,0,0,0,0,0,0,0,0,0
test_75_1_2.png,0,0,0,0,0,0,0,0,0,0,0,0,0,0,0
test_75_1_3.png,0,0,0,0,0,0,0,0,0,0,0,0,0,0,0
test_75_2_0.png,0,0,0,0,0,0,0,0,0,0,0,0,0,0,0
test_75_2_1.png,6461,445,579,6452,474,588,6394,436,646,6411,535,629,6443,434,597
test_75_2_2.png,11482,876,778,11442,884,818,11377,809,883,11351,834,909,11430,814,830
test_75_2_3.png,5684,245,563,5646,229,601,5626,238,621,5618,223,629,5657,216,590
test_75_3_0.png,1406,54,257,1335,59,328,1403,59,260,1369,53,294,1376,57,287
test_75_3_1.png,15126,1003,1235,14819,852,1542,14934,888,1427,14890,899,1471,14971,863,1390
test_75_3_2.png,17544,1183,1619,17538,1335,1625,17467,1332,1696,17599,1298,1564,17562,1242,1601
test_75_3_3.png,12136,1182,1276,12015,1146,1397,12004,1219,1408,12234,1416,1178,12113,1175,1299
test_76_0_0.png,0,0,0,0,0,0,0,0,0,0,0,0,0,0,0
test_76_0_1.png,179,11,3,180,9,2,0,0,182,172,4,10,177,5,5
test_76_0_2.png,0,0,166,0,0,166,0,0,166,0,0,166,0,0,166
test_76_0_3.png,5574,971,934,5500,814,1008,5695,965,813,5148,962,1360,5575,881,933
test_76_1_0.png,0,0,0,0,0,0,0,0,0,0,0,0,0,0,0
test_76_1_1.png,0,0,148,0,0,148,0,0,148,0,0,148,0,0,148
test_76_1_2.png,0,0,0,0,0,0,0,0,0,0,0,0,0,0,0
test_76_1_3.png,0,0,928,0,0,928,0,0,928,0,0,928,0,0,928
test_76_2_0.png,0,0,0,0,0,0,0,0,0,0,0,0,0,0,0
test_76_2_1.png,0,0,0,0,0,0,0,0,0,0,0,0,0,0,0
test_76_2_2.png,0,0,0,0,0,0,0,0,0,0,0,0,0,0,0
test_76_2_3.png,4561,129,155,4494,29,222,4507,27,209,4425,19,291,4488,19,228
test_76_3_0.png,0,0,0,0,0,0,0,0,0,0,0,0,0,0,0
test_76_3_1.png,679,57,229,680,31,228,0,0,908,0,0,908,12,0,896
test_76_3_2.png,0,0,0,0,0,0,0,0,0,0,0,0,0,0,0
test_76_3_3.png,0,0,0,0,0,0,0,0,0,0,0,0,0,0,0
test_77_0_0.png,7060,188,9599,6961,91,9698,6905,74,9754,7015,532,9644,6998,94,9661
test_77_0_1.png,0,0,233,148,3,85,139,0,94,199,1086,34,147,0,86
test_77_0_2.png,2748,7,3296,3113,11,2931,3377,37,2667,3569,67,2475,3251,16,2793
test_77_0_3.png,0,0,463,0,0,463,0,0,463,0,0,463,0,0,463
test_77_1_0.png,21938,7253,850,22004,7207,784,21773,3255,1015,22102,5043,686,21963,6972,825
test_77_1_1.png,459,5,141,0,0,600,0,0,600,0,0,600,0,0,600
test_77_1_2.png,2776,150,352,2829,224,299,2775,183,353,2776,328,352,2786,188,342
test_77_1_3.png,0,0,0,0,0,0,0,0,0,0,0,0,0,0,0
test_77_2_0.png,7191,195,4216,7062,208,4345,7244,187,4163,7155,160,4252,7180,184,4227
test_77_2_1.png,11278,1990,222,11330,2768,170,11120,1696,380,9256,1887,2244,11233,1987,267
test_77_2_2.png,4864,728,370,4614,527,620,4616,670,618,4719,589,515,4820,611,414
test_77_2_3.png,830,54,25,818,45,37,816,39,39,819,37,36,821,43,34
test_77_3_0.png,15185,2137,3642,14361,1934,4466,15028,1743,3799,15160,2062,3667,15173,1924,3654
test_77_3_1.png,18858,6107,558,18855,6199,561,18654,4375,762,17903,2596,1513,18815,5293,601
test_77_3_2.png,20846,452,2341,21419,1525,1768,20837,1185,2350,21262,1485,1925,21054,1097,2133
test_77_3_3.png,16598,41,485,16724,45,359,14819,22,2264,16617,34,466,16612,29,471
test_78_0_0.png,0,0,0,0,0,0,0,0,0,0,0,0,0,0,0
test_78_0_1.png,0,0,0,0,0,0,0,0,0,0,0,0,0,0,0
test_78_0_2.png,0,0,0,0,0,0,0,0,0,0,0,0,0,0,0
test_78_0_3.png,588,91,369,468,38,489,867,116,90,608,95,349,606,98,351
test_78_1_0.png,0,0,0,0,0,0,0,0,0,0,0,0,0,0,0
test_78_1_1.png,0,0,0,0,0,0,0,0,0,0,0,0,0,0,0
test_78_1_2.png,0,0,0,0,0,0,0,0,0,0,0,0,0,0,0
test_78_1_3.png,0,0,0,0,0,0,0,0,0,0,0,0,0,0,0
test_78_2_0.png,5408,725,178,5443,795,143,5396,226,190,5424,233,162,5425,278,161
test_78_2_1.png,5375,305,104,5350,278,129,5334,234,145,5329,212,150,5347,259,132
test_78_2_2.png,0,0,0,0,0,0,0,0,0,0,0,0,0,0,0
test_78_2_3.png,0,0,0,0,0,0,0,0,0,0,0,0,0,0,0
test_78_3_0.png,11667,389,269,11560,327,376,11641,235,295,11572,328,364,11636,245,300
test_78_3_1.png,4399,93,228,4126,74,501,3886,130,741,3821,96,806,3920,95,707
test_78_3_2.png,0,0,0,0,0,0,0,0,0,0,0,0,0,0,0
test_78_3_3.png,0,0,0,0,0,0,0,0,0,0,0,0,0,0,0
test_79_0_0.png,420,13,773,121,0,1072,6,0,1187,0,0,1193,55,0,1138
test_79_0_1.png,1109,24,910,885,20,1134,1098,35,921,31,0,1988,938,9,1081
test_79_0_2.png,2910,165,562,2890,122,582,2923,339,549,2578,88,894,2881,141,591
test_79_0_3.png,2016,36,449,1990,25,475,1995,31,470,2052,25,413,2022,24,443
test_79_1_0.png,0,0,292,0,0,292,0,0,292,0,0,292,0,0,292
test_79_1_1.png,0,0,0,0,0,0,0,0,0,0,0,0,0,0,0
test_79_1_2.png,0,0,173,0,0,173,0,0,173,0,0,173,0,0,173
test_79_1_3.png,484,6,136,515,50,105,470,23,150,104,0,516,440,9,180
test_79_2_0.png,0,0,0,0,0,0,0,0,0,0,0,0,0,0,0
test_79_2_1.png,3010,177,491,2974,235,527,3033,200,468,3005,233,496,3013,202,488
test_79_2_2.png,1440,194,146,1442,132,144,1424,261,162,1473,277,113,1459,199,127
test_79_2_3.png,2750,154,560,2778,116,532,2729,232,581,2550,101,760,2745,127,565
test_79_3_0.png,813,10,1953,829,15,1937,0,0,2766,13,0,2753,394,0,2372
test_79_3_1.png,0,0,0,0,0,0,0,0,0,0,0,0,0,0,0
test_79_3_2.png,1881,44,172,1872,45,181,1885,43,168,1878,45,175,1879,43,174
test_79_3_3.png,4812,262,700,4823,321,689,4797,272,715,4857,282,655,4829,273,683
test_7_0_0.png,0,0,0,0,0,0,0,0,0,0,0,0,0,0,0
test_7_0_1.png,0,0,0,0,0,0,0,0,0,0,0,0,0,0,0
test_7_0_2.png,8188,781,395,8101,735,482,8197,830,386,8202,697,381,8191,760,392
test_7_0_3.png,0,0,0,0,0,0,0,0,0,0,0,0,0,0,0
test_7_1_0.png,8666,668,714,8668,644,712,8669,692,711,8681,670,699,8677,657,703
test_7_1_1.png,5173,565,244,5202,548,215,5198,565,219,5179,546,238,5192,544,225
test_7_1_2.png,8669,892,292,8666,868,295,8601,892,360,8617,825,344,8637,852,324
test_7_1_3.png,12316,1166,701,12296,1181,721,12177,1108,840,12249,1068,768,12264,1116,753
test_7_2_0.png,14676,1594,555,14673,1562,558,14642,1462,589,14591,1415,640,14652,1481,579
test_7_2_1.png,16177,1676,1660,16091,1462,1746,16148,1639,1689,16174,1579,1663,16158,1563,1679
test_7_2_2.png,4380,383,142,4393,358,129,4389,372,133,4385,326,137,4388,360,134
test_7_2_3.png,6138,597,334,6144,600,328,6021,488,451,6075,494,397,6115,527,357
test_7_3_0.png,4272,418,224,4244,405,252,4248,458,248,4266,423,230,4254,419,242
test_7_3_1.png,8328,1366,284,8349,1351,263,8357,1377,255,8354,1389,258,8347,1354,265
test_7_3_2.png,575,26,23,574,18,24,581,32,17,575,23,23,576,23,22
test_7_3_3.png,9771,1022,948,9822,1083,897,9840,911,879,9847,900,872,9812,931,907
test_80_0_0.png,12097,1301,1746,12239,1459,1604,12162,1683,1681,11732,1244,2111,12174,1434,1669
test_80_0_1.png,19657,2016,1380,19892,2040,1145,19591,2178,1446,19491,1822,1546,19642,1950,1395
test_80_0_2.png,20978,2548,831,20716,2173,1093,20827,2600,982,20688,2747,1121,20885,2419,924
test_80_0_3.png,21246,2467,1211,21310,2712,1147,21284,2385,1173,21437,2720,1020,21291,2499,1166
test_80_1_0.png,7864,987,655,7758,868,761,7665,715,854,7675,690,844,7746,842,773
test_80_1_1.png,17229,2603,1233,17362,2776,1100,17075,2739,1387,17186,2563,1276,17279,2638,1183
test_80_1_2.png,13448,2300,1460,13437,2245,1471,13523,2420,1385,13613,2465,1295,13536,2319,1372
test_80_1_3.png,9977,1107,2791,9289,936,3479,9589,1110,3179,9690,1384,3078,9561,1103,3207
test_80_2_0.png,3450,375,415,3207,447,658,3095,343,770,3151,373,714,3264,375,601
test_80_2_1.png,12893,830,2537,12911,757,2519,12550,794,2880,12982,898,2448,12911,783,2519
test_80_2_2.png,2955,248,1425,3316,375,1064,3367,317,1013,3445,366,935,3363,337,1017
test_80_2_3.png,9957,528,6984,7119,411,9822,6639,36,10302,7198,142,9743,7417,221,9524
test_80_3_0.png,7146,375,1444,7139,250,1451,7045,411,1545,7299,463,1291,7162,368,1428
test_80_3_1.png,10468,558,998,10505,552,961,10836,1388,630,10864,1157,602,10732,699,734
test_80_3_2.png,0,0,200,0,0,200,0,0,200,0,0,200,0,0,200
test_80_3_3.png,11338,1570,3407,11573,1611,3172,10918,1460,3827,11016,1489,3729,11264,1531,3481
test_81_0_0.png,1697,304,51,1676,191,72,1674,297,74,1670,269,78,1684,223,64
test_81_0_1.png,1734,5,134,1740,7,128,1746,9,122,1747,1,121,1736,7,132
test_81_0_2.png,0,0,0,0,0,0,0,0,0,0,0,0,0,0,0
test_81_0_3.png,0,0,0,0,0,0,0,0,0,0,0,0,0,0,0
test_81_1_0.png,0,0,0,0,0,0,0,0,0,0,0,0,0,0,0
test_81_1_1.png,0,0,0,0,0,0,0,0,0,0,0,0,0,0,0
test_81_1_2.png,0,0,0,0,0,0,0,0,0,0,0,0,0,0,0
test_81_1_3.png,2291,181,870,2018,114,1143,2248,183,913,1754,91,1407,2185,129,976
test_81_2_0.png,0,0,0,0,0,0,0,0,0,0,0,0,0,0,0
test_81_2_1.png,0,0,0,0,0,0,0,0,0,0,0,0,0,0,0
test_81_2_2.png,0,0,0,0,0,0,0,0,0,0,0,0,0,0,0
test_81_2_3.png,1756,223,19,1748,272,27,1738,879,37,1744,449,31,1752,346,23
test_81_3_0.png,0,0,0,0,0,0,0,0,0,0,0,0,0,0,0
test_81_3_1.png,245,2,397,242,0,400,211,0,431,175,0,467,224,0,418
test_81_3_2.png,0,0,0,0,0,0,0,0,0,0,0,0,0,0,0
test_81_3_3.png,0,0,0,0,0,0,0,0,0,0,0,0,0,0,0
test_82_0_0.png,0,0,0,0,0,0,0,0,0,0,0,0,0,0,0
test_82_0_1.png,0,0,0,0,0,0,0,0,0,0,0,0,0,0,0
test_82_0_2.png,0,0,0,0,0,0,0,0,0,0,0,0,0,0,0
test_82_0_3.png,0,0,0,0,0,0,0,0,0,0,0,0,0,0,0
test_82_1_0.png,0,0,0,0,0,0,0,0,0,0,0,0,0,0,0
test_82_1_1.png,0,0,6094,0,0,6094,0,0,6094,0,0,6094,0,0,6094
test_82_1_2.png,0,0,11259,0,0,11259,0,0,11259,0,0,11259,0,0,11259
test_82_1_3.png,0,0,0,0,0,0,0,0,0,0,0,0,0,0,0
test_82_2_0.png,0,0,783,0,0,783,0,0,783,0,0,783,0,0,783
test_82_2_1.png,612,29,2770,197,26,3185,0,0,3382,0,0,3382,0,0,3382
test_82_2_2.png,14203,1985,7998,14925,2344,7276,14053,1601,8148,11205,529,10996,13541,1286,8660
test_82_2_3.png,0,0,576,0,0,576,0,0,576,0,0,576,0,0,576
test_82_3_0.png,0,0,0,0,0,0,0,0,0,0,0,0,0,0,0
test_82_3_1.png,0,0,1357,0,0,1357,0,0,1357,0,0,1357,0,0,1357
test_82_3_2.png,2247,119,142,2179,106,210,1324,99,1065,1279,117,1110,1420,103,969
test_82_3_3.png,5131,1476,389,5175,1456,345,5059,1077,461,5087,849,433,5109,1152,411
test_83_0_0.png,0,0,0,0,0,0,0,0,0,0,0,0,0,0,0
test_83_0_1.png,0,0,0,0,0,0,0,0,0,0,0,0,0,0,0
test_83_0_2.png,0,0,0,0,0,0,0,0,0,0,0,0,0,0,0
test_83_0_3.png,0,0,0,0,0,0,0,0,0,0,0,0,0,0,0
test_83_1_0.png,0,0,0,0,0,0,0,0,0,0,0,0,0,0,0
test_83_1_1.png,0,0,0,0,0,0,0,0,0,0,0,0,0,0,0
test_83_1_2.png,0,0,0,0,0,0,0,0,0,0,0,0,0,0,0
test_83_1_3.png,0,0,0,0,0,0,0,0,0,0,0,0,0,0,0
test_83_2_0.png,0,0,0,0,0,0,0,0,0,0,0,0,0,0,0
test_83_2_1.png,9827,584,1129,9782,626,1174,9911,806,1045,9816,676,1140,9860,603,1096
test_83_2_2.png,1248,29,316,1243,14,321,1199,12,365,1190,5,374,1220,11,344
test_83_2_3.png,0,0,0,0,0,0,0,0,0,0,0,0,0,0,0
test_83_3_0.png,6292,699,898,6239,544,951,6155,655,1035,6419,819,771,6296,646,894
test_83_3_1.png,20474,2371,3147,20923,2614,2698,20515,2874,3106,20171,1677,3450,20530,2346,3091
test_83_3_2.png,6034,301,706,6083,655,657,4697,107,2043,5462,230,1278,5901,245,839
test_83_3_3.png,0,0,0,0,147,0,0,0,0,0,0,0,0,0,0
test_84_0_0.png,0,0,0,0,0,0,0,0,0,0,0,0,0,0,0
test_84_0_1.png,70,8,38,68,4,40,57,0,51,64,0,44,66,0,42
test_84_0_2.png,1275,646,132,1274,121,133,1254,732,153,1250,416,157,1261,406,146
test_84_0_3.png,1863,139,1062,1878,148,1047,1154,74,1771,1563,80,1362,1799,91,1126
test_84_1_0.png,0,0,0,0,0,0,0,0,0,0,0,0,0,0,0
test_84_1_1.png,4669,339,710,4824,446,555,4812,788,567,4899,788,480,4825,527,554
test_84_1_2.png,11215,1191,1565,11185,1312,1595,11137,2280,1643,10971,1253,1809,11159,1236,1621
test_84_1_3.png,5462,890,729,5531,886,660,5521,1103,670,5534,930,657,5511,894,680
test_84_2_0.png,0,0,0,0,0,0,0,0,0,0,0,0,0,0,0
test_84_2_1.png,3757,600,874,3774,518,857,3865,649,766,3818,598,813,3804,580,827
test_84_2_2.png,8761,495,1456,8579,426,1638,8616,442,1601,8564,305,1653,8622,385,1595
test_84_2_3.png,2224,218,791,2233,200,782,2256,185,759,2111,122,904,2193,181,822
test_84_3_0.png,0,0,0,0,0,0,0,0,0,0,0,0,0,0,0
test_84_3_1.png,1333,307,312,1368,345,277,1299,351,346,1311,367,334,1330,344,315
test_84_3_2.png,2072,151,246,2064,77,254,1969,35,349,2030,40,288,2048,50,270
test_84_3_3.png,0,0,0,0,0,0,0,0,0,0,0,0,0,0,0
test_85_0_0.png,0,0,0,0,0,0,0,0,0,0,0,0,0,0,0
test_85_0_1.png,0,0,308,0,0,308,0,0,308,0,0,308,0,0,308
test_85_0_2.png,0,0,0,0,0,0,0,0,0,0,0,0,0,0,0
test_85_0_3.png,0,0,0,0,0,0,0,0,0,0,0,0,0,0,0
test_85_1_0.png,8937,401,819,8780,328,976,8821,319,935,8745,324,1011,8813,336,943
test_85_1_1.png,1791,35,211,1795,26,207,1753,30,249,1803,33,199,1794,28,208
test_85_1_2.png,0,0,0,0,0,0,0,0,0,0,0,0,0,0,0
test_85_1_3.png,0,0,0,0,0,0,0,0,0,0,0,0,0,0,0
test_85_2_0.png,13626,1193,1407,13528,1054,1505,13489,1092,1544,13592,1135,1441,13579,1076,1454
test_85_2_1.png,9266,809,1166,9306,757,1126,9128,619,1304,9237,728,1195,9223,694,1209
test_85_2_2.png,0,0,0,0,0,0,0,0,0,0,0,0,0,0,0
test_85_2_3.png,0,0,0,0,0,0,0,0,0,0,0,0,0,0,0
test_85_3_0.png,6038,521,556,6082,460,512,6098,531,496,6071,515,523,6075,502,519
test_85_3_1.png,2631,179,580,2631,188,580,2638,209,573,2638,179,573,2640,172,571
test_85_3_2.png,0,0,0,0,0,0,0,0,0,0,0,0,0,0,0
test_85_3_3.png,1083,287,452,1007,233,528,820,178,715,721,319,814,954,197,581
test_86_0_0.png,0,47,0,0,0,0,0,0,0,0,0,0,0,0,0
test_86_0_1.png,629,0,114,528,0,215,633,0,110,637,0,106,620,0,123
test_86_0_2.png,0,0,0,0,0,0,0,0,0,0,2,0,0,0,0
test_86_0_3.png,0,0,0,0,0,0,0,0,0,0,0,0,0,0,0
test_86_1_0.png,365,18,55,358,17,62,350,3,70,386,19,34,372,16,48
test_86_1_1.png,0,0,0,0,0,0,0,0,0,0,0,0,0,0,0
test_86_1_2.png,0,0,0,0,0,0,0,0,0,0,0,0,0,0,0
test_86_1_3.png,0,0,0,0,0,0,0,0,0,0,0,0,0,0,0
test_86_2_0.png,0,507,53,0,342,53,0,474,53,0,546,53,0,499,53
test_86_2_1.png,704,24,47,698,4,53,703,38,48,693,23,58,701,20,50
test_86_2_2.png,0,0,0,0,0,0,0,0,0,0,0,0,0,0,0
test_86_2_3.png,0,0,0,0,0,0,0,0,0,0,0,0,0,0,0
test_86_3_0.png,0,0,227,0,0,227,0,0,227,0,0,227,0,0,227
test_86_3_1.png,0,0,0,0,0,0,0,0,0,0,0,0,0,0,0
test_86_3_2.png,0,787,0,0,789,0,0,790,0,0,819,0,0,794,0
test_86_3_3.png,0,0,0,0,0,0,0,0,0,0,0,0,0,0,0
test_87_0_0.png,3886,506,881,3990,532,777,3747,397,1020,3746,328,1021,3834,418,933
test_87_0_1.png,14227,518,2611,14059,460,2779,13795,329,3043,14108,477,2730,14074,433,2764
test_87_0_2.png,10662,519,1651,10610,473,1703,10732,528,1581,10711,567,1602,10645,506,1668
test_87_0_3.png,0,0,0,0,0,0,0,0,0,0,0,0,0,0,0
test_87_1_0.png,14967,573,2802,15036,618,2733,14795,598,2974,14718,545,3051,14885,565,2884
test_87_1_1.png,23323,808,3507,23024,643,3806,22874,633,3956,23037,689,3793,23073,665,3757
test_87_1_2.png,12081,771,2075,11908,755,2248,11785,554,2371,11886,599,2270,11972,649,2184
test_87_1_3.png,433,2,63,427,29,69,424,11,72,417,42,79,422,17,74
test_87_2_0.png,5723,443,503,5751,445,475,5709,409,517,5738,407,488,5739,409,487
test_87_2_1.png,7137,330,1099,7110,317,1126,7109,320,1127,7099,334,1137,7112,317,1124
test_87_2_2.png,2561,144,1003,2498,109,1066,2456,99,1108,2385,66,1179,2498,104,1066
test_87_2_3.png,0,0,0,0,0,0,0,0,0,0,0,0,0,0,0
test_87_3_0.png,0,0,0,0,0,0,0,0,0,0,0,0,0,0,0
test_87_3_1.png,0,0,0,0,0,0,0,0,0,0,0,0,0,0,0
test_87_3_2.png,0,0,0,0,0,0,0,0,0,0,0,0,0,0,0
test_87_3_3.png,0,0,0,0,0,0,0,0,0,0,0,0,0,0,0
test_88_0_0.png,0,0,573,0,0,573,0,0,573,0,0,573,0,0,573
test_88_0_1.png,0,0,0,0,0,0,0,0,0,0,0,0,0,0,0
test_88_0_2.png,0,0,0,0,0,0,0,0,0,0,0,0,0,0,0
test_88_0_3.png,0,0,0,0,0,0,0,0,0,0,0,0,0,0,0
test_88_1_0.png,0,0,0,0,0,0,0,0,0,0,0,0,0,0,0
test_88_1_1.png,0,0,0,0,0,0,0,0,0,0,0,0,0,0,0
test_88_1_2.png,0,0,0,0,0,0,0,0,0,0,0,0,0,0,0
test_88_1_3.png,0,0,0,0,0,0,0,0,0,0,0,0,0,0,0
test_88_2_0.png,0,0,0,0,0,0,0,0,0,0,0,0,0,0,0
test_88_2_1.png,0,0,0,0,0,0,0,0,0,0,0,0,0,0,0
test_88_2_2.png,0,0,0,0,0,0,0,0,0,0,0,0,0,0,0
test_88_2_3.png,0,0,0,0,0,0,0,0,0,0,0,0,0,0,0
test_88_3_0.png,0,0,0,0,0,0,0,0,0,0,0,0,0,0,0
test_88_3_1.png,0,0,0,0,0,0,0,0,0,0,0,0,0,0,0
test_88_3_2.png,0,0,0,0,0,0,0,0,0,0,0,0,0,0,0
test_88_3_3.png,0,0,0,0,0,0,0,0,0,0,0,0,0,0,0
test_89_0_0.png,0,0,0,0,0,0,0,0,0,0,0,0,0,0,0
test_89_0_1.png,0,0,0,0,0,0,0,0,0,0,0,0,0,0,0
test_89_0_2.png,0,0,0,0,0,0,0,0,0,0,0,0,0,0,0
test_89_0_3.png,0,636,0,0,0,0,0,1100,0,0,0,0,0,168,0
test_89_1_0.png,0,0,0,0,0,0,0,0,0,0,0,0,0,0,0
test_89_1_1.png,0,0,0,0,0,0,0,0,0,0,0,0,0,0,0
test_89_1_2.png,0,0,0,0,0,0,0,0,0,0,0,0,0,0,0
test_89_1_3.png,0,0,0,0,0,0,0,0,0,0,0,0,0,0,0
test_89_2_0.png,0,0,0,0,0,0,0,0,0,0,0,0,0,0,0
test_89_2_1.png,21880,511,544,21859,351,565,21668,201,756,21826,285,598,21801,315,623
test_89_2_2.png,30027,365,1091,29848,316,1270,27333,371,3785,25464,222,5654,29170,272,1948
test_89_2_3.png,0,0,0,0,0,0,0,0,0,0,0,0,0,0,0
test_89_3_0.png,0,0,0,0,0,0,0,0,0,0,0,0,0,0,0
test_89_3_1.png,0,0,168,0,0,168,0,0,168,0,0,168,0,0,168
test_89_3_2.png,2545,20,112,2562,17,95,2558,14,99,2569,16,88,2557,16,100
test_89_3_3.png,1126,47,231,868,34,489,1091,19,266,1129,12,228,1099,21,258
test_8_0_0.png,2911,242,77,2929,273,59,2888,214,100,2902,230,86,2914,237,74
test_8_0_1.png,0,0,0,0,0,0,0,0,0,0,0,0,0,0,0
test_8_0_2.png,1228,57,154,1183,52,199,1214,40,168,1127,41,255,1203,48,179
test_8_0_3.png,2714,268,310,2875,262,149,2896,283,128,2901,296,123,2900,286,124
test_8_1_0.png,0,0,0,0,0,0,0,0,0,0,0,0,0,0,0
test_8_1_1.png,0,0,0,0,0,0,0,0,0,0,0,0,0,0,0
test_8_1_2.png,0,0,0,0,0,0,0,0,0,0,0,0,0,0,0
test_8_1_3.png,0,0,0,0,0,0,0,0,0,0,0,0,0,0,0
test_8_2_0.png,4855,372,323,4887,386,291,4827,344,351,4846,327,332,4864,351,314
test_8_2_1.png,7683,461,417,7677,481,423,7622,412,478,7529,345,571,7651,407,449
test_8_2_2.png,9222,581,444,9224,585,442,9168,554,498,9172,516,494,9203,542,463
test_8_2_3.png,631,189,10,635,190,6,638,201,3,638,207,3,637,195,4
test_8_3_0.png,9621,449,669,9600,489,690,9609,431,681,9485,405,805,9594,434,696
test_8_3_1.png,16779,1144,1078,16826,1169,1031,16701,1222,1156,16759,1130,1098,16766,1149,1091
test_8_3_2.png,16814,1233,920,16784,1223,950,16818,1145,916,16700,1023,1034,16778,1147,956
test_8_3_3.png,8089,483,350,8090,465,349,8106,568,333,8058,459,381,8087,485,352
test_90_0_0.png,0,0,0,0,0,0,0,0,0,0,0,0,0,0,0
test_90_0_1.png,0,0,0,0,0,0,0,0,0,0,0,0,0,0,0
test_90_0_2.png,0,0,0,0,0,0,0,0,0,0,0,0,0,0,0
test_90_0_3.png,0,0,0,0,0,0,0,0,0,0,0,0,0,0,0
test_90_1_0.png,0,0,0,0,0,0,0,0,0,0,0,0,0,0,0
test_90_1_1.png,0,0,0,0,0,0,0,0,0,0,0,0,0,0,0
test_90_1_2.png,0,0,0,0,0,0,0,0,0,0,0,0,0,0,0
test_90_1_3.png,0,0,0,0,0,0,0,0,0,0,0,0,0,0,0
test_90_2_0.png,0,0,0,0,0,0,0,0,0,0,0,0,0,0,0
test_90_2_1.png,0,0,0,0,0,0,0,0,0,0,0,0,0,0,0
test_90_2_2.png,0,0,0,0,0,0,0,0,0,0,0,0,0,0,0
test_90_2_3.png,0,0,0,0,0,0,0,0,0,0,0,0,0,0,0
test_90_3_0.png,0,0,0,0,0,0,0,0,0,0,0,0,0,0,0
test_90_3_1.png,0,0,0,0,0,0,0,0,0,0,0,0,0,0,0
test_90_3_2.png,0,0,0,0,0,0,0,0,0,0,0,0,0,0,0
test_90_3_3.png,0,0,0,0,0,0,0,0,0,0,0,0,0,0,0
test_91_0_0.png,3440,210,279,3395,183,324,3488,234,231,3422,199,297,3442,205,277
test_91_0_1.png,0,0,0,0,0,0,0,0,0,0,0,0,0,0,0
test_91_0_2.png,302,44,36,306,35,32,281,19,57,0,0,338,293,25,45
test_91_0_3.png,0,0,754,348,5,406,357,10,397,0,0,754,12,0,742
test_91_1_0.png,2488,83,501,2506,68,483,2542,73,447,2530,72,459,2504,67,485
test_91_1_1.png,0,0,0,0,0,0,0,0,0,0,0,0,0,0,0
test_91_1_2.png,0,0,0,0,0,0,0,0,0,0,0,0,0,0,0
test_91_1_3.png,1657,54,146,1675,57,128,1651,57,152,1656,48,147,1667,50,136
test_91_2_0.png,0,0,0,0,0,0,0,0,0,0,0,0,0,0,0
test_91_2_1.png,0,0,0,0,0,0,0,0,0,0,0,0,0,0,0
test_91_2_2.png,0,0,0,0,0,0,0,0,0,0,0,0,0,0,0
test_91_2_3.png,0,0,0,0,0,0,0,0,0,0,0,0,0,0,0
test_91_3_0.png,0,0,0,0,0,0,0,0,0,0,0,0,0,0,0
test_91_3_1.png,0,0,0,0,0,0,0,0,0,0,0,0,0,0,0
test_91_3_2.png,0,0,0,0,0,0,0,0,0,0,0,0,0,0,0
test_91_3_3.png,0,0,0,0,0,0,0,0,0,0,0,0,0,0,0
test_92_0_0.png,0,0,0,0,0,0,0,0,0,0,0,0,0,0,0
test_92_0_1.png,0,0,0,0,0,0,0,0,0,0,0,0,0,0,0
test_92_0_2.png,0,0,0,0,0,0,0,0,0,0,0,0,0,0,0
test_92_0_3.png,0,0,0,0,0,0,0,0,0,0,0,0,0,0,0
test_92_1_0.png,8247,240,1064,8352,262,959,7856,184,1455,7910,243,1401,8235,216,1076
test_92_1_1.png,3856,237,172,3806,210,222,3745,172,283,3622,155,406,3786,181,242
test_92_1_2.png,0,0,0,0,0,0,0,0,0,0,0,0,0,0,0
test_92_1_3.png,0,0,0,0,0,0,0,0,0,0,0,0,0,0,0
test_92_2_0.png,25044,1115,2649,24989,1232,2704,24613,1026,3080,24772,874,2921,24938,1025,2755
test_92_2_1.png,3733,118,579,3871,169,441,3741,160,571,3893,199,419,3837,146,475
test_92_2_2.png,0,0,0,0,0,0,0,0,0,0,0,0,0,0,0
test_92_2_3.png,7907,252,1291,8075,230,1123,7973,212,1225,7908,225,1290,7978,217,1220
test_92_3_0.png,11679,299,1264,11650,309,1293,11771,422,1172,11889,408,1054,11768,324,1175
test_92_3_1.png,0,0,0,0,0,0,0,0,0,0,0,0,0,0,0
test_92_3_2.png,7187,99,726,7267,153,646,7229,147,684,7214,163,699,7222,128,691
test_92_3_3.png,21165,1094,2042,21012,979,2195,20971,994,2236,21143,1092,2064,21060,1008,2147
test_93_0_0.png,0,0,0,0,0,0,0,0,0,0,0,0,0,0,0
test_93_0_1.png,0,0,0,0,0,0,0,0,0,0,0,0,0,0,0
test_93_0_2.png,0,0,0,0,0,0,0,0,0,0,0,0,0,0,0
test_93_0_3.png,0,0,0,0,0,0,0,0,0,0,0,0,0,0,0
test_93_1_0.png,0,0,0,0,0,0,0,0,0,0,0,0,0,0,0
test_93_1_1.png,0,0,0,0,0,0,0,0,0,0,0,0,0,0,0
test_93_1_2.png,0,0,0,0,0,0,0,0,0,0,0,0,0,0,0
test_93_1_3.png,0,0,0,0,0,0,0,0,0,0,0,0,0,0,0
test_93_2_0.png,455,0,190,449,0,196,457,0,188,461,0,184,456,0,189
test_93_2_1.png,0,0,0,0,0,0,0,0,0,0,0,0,0,0,0
test_93_2_2.png,0,0,0,0,0,0,0,0,0,0,0,0,0,0,0
test_93_2_3.png,0,0,0,0,0,0,0,0,0,0,0,0,0,0,0
test_93_3_0.png,3596,262,428,3638,390,386,3593,284,431,3521,228,503,3592,268,432
test_93_3_1.png,0,0,0,0,0,0,0,0,0,0,0,0,0,0,0
test_93_3_2.png,0,0,0,0,0,0,0,0,0,0,0,0,0,0,0
test_93_3_3.png,0,0,0,0,0,0,0,0,0,0,0,0,0,0,0
test_94_0_0.png,0,0,0,0,0,0,0,0,0,0,0,0,0,0,0
test_94_0_1.png,0,0,0,0,0,0,0,0,0,0,0,0,0,0,0
test_94_0_2.png,0,0,0,0,0,0,0,0,0,0,0,0,0,0,0
test_94_0_3.png,0,0,0,0,0,0,0,0,0,0,0,0,0,0,0
test_94_1_0.png,0,0,0,0,0,0,0,0,0,0,0,0,0,0,0
test_94_1_1.png,0,0,0,0,0,0,0,0,0,0,0,0,0,0,0
test_94_1_2.png,0,0,0,0,0,0,0,0,0,0,0,0,0,0,0
test_94_1_3.png,0,0,0,0,0,0,0,0,0,0,0,0,0,0,0
test_94_2_0.png,0,0,0,0,0,0,0,0,0,0,0,0,0,0,0
test_94_2_1.png,0,0,0,0,0,0,0,0,0,0,0,0,0,0,0
test_94_2_2.png,0,0,0,0,0,0,0,0,0,0,0,0,0,0,0
test_94_2_3.png,0,0,561,0,0,561,0,0,561,0,0,561,0,0,561
test_94_3_0.png,0,0,0,0,0,0,0,0,0,0,0,0,0,0,0
test_94_3_1.png,0,0,0,0,0,0,0,0,0,0,0,0,0,0,0
test_94_3_2.png,0,0,0,0,0,0,0,0,0,0,0,0,0,0,0
test_94_3_3.png,0,0,0,0,0,0,0,0,0,0,0,0,0,0,0
test_95_0_0.png,0,0,0,0,0,0,0,0,0,0,0,0,0,0,0
test_95_0_1.png,0,0,0,0,0,0,0,0,0,0,0,0,0,0,0
test_95_0_2.png,0,0,0,0,0,0,0,0,0,0,0,0,0,0,0
test_95_0_3.png,0,0,0,0,0,0,0,0,0,0,0,0,0,0,0
test_95_1_0.png,0,0,0,0,0,0,0,0,0,0,0,0,0,0,0
test_95_1_1.png,0,0,0,0,0,0,0,0,0,0,0,0,0,0,0
test_95_1_2.png,0,0,0,0,0,0,0,0,0,0,0,0,0,0,0
test_95_1_3.png,0,0,0,0,0,0,0,0,0,0,0,0,0,0,0
test_95_2_0.png,0,0,0,0,0,0,0,0,0,0,0,0,0,0,0
test_95_2_1.png,0,0,0,0,0,0,0,0,0,0,0,0,0,0,0
test_95_2_2.png,0,0,0,0,0,0,0,0,0,0,0,0,0,0,0
test_95_2_3.png,0,0,0,0,0,0,0,0,0,0,0,0,0,0,0
test_95_3_0.png,0,0,125,30,0,95,8,0,117,105,0,20,9,0,116
test_95_3_1.png,0,0,0,0,0,0,0,0,0,0,0,0,0,0,0
test_95_3_2.png,0,0,0,0,0,0,0,0,0,0,0,0,0,0,0
test_95_3_3.png,0,0,0,0,0,0,0,0,0,0,0,0,0,0,0
test_96_0_0.png,1465,133,28,1462,148,31,1472,121,21,1464,141,29,1467,128,26
test_96_0_1.png,0,0,0,0,0,0,0,0,0,0,0,0,0,0,0
test_96_0_2.png,0,0,0,0,0,0,0,0,0,0,0,0,0,0,0
test_96_0_3.png,0,0,19,0,0,19,0,0,19,0,0,19,0,0,19
test_96_1_0.png,0,0,0,0,0,0,0,0,0,0,0,0,0,0,0
test_96_1_1.png,0,0,0,0,0,0,0,0,0,0,0,0,0,0,0
test_96_1_2.png,0,0,0,0,0,0,0,0,0,0,0,0,0,0,0
test_96_1_3.png,0,0,0,0,0,0,0,0,0,0,0,0,0,0,0
test_96_2_0.png,0,0,0,0,0,0,0,0,0,0,0,0,0,0,0
test_96_2_1.png,0,0,0,0,0,0,0,0,0,0,0,0,0,0,0
test_96_2_2.png,0,0,0,0,0,0,0,0,0,0,0,0,0,0,0
test_96_2_3.png,0,0,0,0,0,0,0,0,0,0,0,0,0,0,0
test_96_3_0.png,0,0,0,0,0,0,0,0,0,0,0,0,0,0,0
test_96_3_1.png,0,0,0,0,0,0,0,0,0,0,0,0,0,0,0
test_96_3_2.png,0,0,0,0,0,0,0,0,0,0,0,0,0,0,0
test_96_3_3.png,0,0,0,0,0,0,0,0,0,0,0,0,0,0,0
test_97_0_0.png,0,0,41,0,0,41,0,0,41,0,0,41,0,0,41
test_97_0_1.png,0,0,0,0,0,0,0,0,0,0,0,0,0,0,0
test_97_0_2.png,0,0,0,0,0,0,0,0,0,0,0,0,0,0,0
test_97_0_3.png,0,0,0,0,0,0,0,0,0,0,0,0,0,0,0
test_97_1_0.png,0,0,0,0,0,0,0,0,0,0,0,0,0,0,0
test_97_1_1.png,0,0,0,0,0,0,0,0,0,0,0,0,0,0,0
test_97_1_2.png,0,0,0,0,0,0,0,0,0,0,0,0,0,0,0
test_97_1_3.png,0,0,0,0,0,0,0,0,0,0,0,0,0,0,0
test_97_2_0.png,436,9,32,426,8,42,434,9,34,434,4,34,429,7,39
test_97_2_1.png,109,4,62,103,0,68,122,24,49,127,60,44,119,14,52
test_97_2_2.png,0,0,0,0,0,0,0,0,0,0,0,0,0,0,0
test_97_2_3.png,0,0,0,0,0,0,0,0,0,0,0,0,0,0,0
test_97_3_0.png,318,100,5,319,103,4,318,94,5,318,97,5,318,101,5
test_97_3_1.png,286,43,2,283,30,5,286,34,2,288,46,0,286,38,2
test_97_3_2.png,0,0,0,0,0,0,0,0,0,0,0,0,0,0,0
test_97_3_3.png,0,0,0,0,0,0,0,0,0,0,0,0,0,0,0
test_98_0_0.png,0,0,0,0,0,0,0,0,0,0,0,0,0,0,0
test_98_0_1.png,0,0,0,0,0,0,0,0,0,0,0,0,0,0,0
test_98_0_2.png,0,0,0,0,0,0,0,0,0,0,0,0,0,0,0
test_98_0_3.png,0,0,0,0,0,0,0,0,0,0,0,0,0,0,0
test_98_1_0.png,0,0,0,0,0,0,0,0,0,0,0,0,0,0,0
test_98_1_1.png,0,0,0,0,0,0,0,0,0,0,0,0,0,0,0
test_98_1_2.png,0,0,0,0,0,0,0,0,0,0,0,0,0,0,0
test_98_1_3.png,0,0,0,0,0,0,0,0,0,0,0,0,0,0,0
test_98_2_0.png,0,0,0,0,0,0,0,0,0,0,0,0,0,0,0
test_98_2_1.png,0,0,0,0,0,0,0,0,0,0,0,0,0,0,0
test_98_2_2.png,0,0,0,0,0,0,0,0,0,0,0,0,0,0,0
test_98_2_3.png,0,0,0,0,0,0,0,0,0,0,0,0,0,0,0
test_98_3_0.png,0,0,0,0,0,0,0,0,0,0,0,0,0,0,0
test_98_3_1.png,462,1,54,461,1,55,460,1,56,462,2,54,463,1,53
test_98_3_2.png,0,0,0,0,0,0,0,0,0,0,0,0,0,0,0
test_98_3_3.png,0,0,0,0,0,0,0,0,0,0,0,0,0,0,0
test_99_0_0.png,0,0,0,0,0,0,0,0,0,0,0,0,0,0,0
test_99_0_1.png,0,0,0,0,0,0,0,0,0,0,0,0,0,0,0
test_99_0_2.png,0,0,0,0,0,0,0,0,0,0,0,0,0,0,0
test_99_0_3.png,0,0,0,0,0,0,0,0,0,0,0,0,0,0,0
test_99_1_0.png,0,0,0,0,0,0,0,0,0,0,0,0,0,0,0
test_99_1_1.png,0,0,0,0,0,0,0,0,0,0,0,0,0,0,0
test_99_1_2.png,0,0,0,0,0,0,0,0,0,0,0,0,0,0,0
test_99_1_3.png,0,0,0,0,0,0,0,0,0,0,0,0,0,0,0
test_99_2_0.png,0,0,0,0,0,0,0,0,0,0,0,0,0,0,0
test_99_2_1.png,0,0,0,0,0,0,0,0,0,0,0,0,0,0,0
test_99_2_2.png,0,0,0,0,0,0,0,0,0,0,0,0,0,0,0
test_99_2_3.png,0,0,0,0,0,0,0,0,0,0,0,0,0,0,0
test_99_3_0.png,0,0,97,0,0,97,0,0,97,0,0,97,0,0,97
test_99_3_1.png,0,0,143,0,0,143,0,0,143,0,0,143,0,0,143
test_99_3_2.png,0,0,0,0,0,0,0,0,0,0,0,0,0,0,0
test_99_3_3.png,0,0,0,0,0,0,0,0,0,0,0,0,0,0,0
test_9_0_0.png,2400,181,149,2386,154,163,2413,194,136,2385,131,164,2395,159,154
test_9_0_1.png,0,0,0,0,0,0,0,0,0,0,0,0,0,0,0
test_9_0_2.png,0,0,0,0,0,0,0,0,0,0,0,0,0,0,0
test_9_0_3.png,0,0,0,0,0,0,0,0,0,0,0,0,0,0,0
test_9_1_0.png,2739,218,119,2702,153,156,2697,177,161,2658,109,200,2701,168,157
test_9_1_1.png,0,0,0,0,0,0,0,0,0,0,0,0,0,0,0
test_9_1_2.png,0,0,0,0,0,0,0,0,0,0,0,0,0,0,0
test_9_1_3.png,0,0,0,0,0,0,0,0,0,0,0,0,0,0,0
test_9_2_0.png,1085,193,178,1118,219,145,1110,176,153,1083,57,180,1103,182,160
test_9_2_1.png,0,0,0,0,0,0,0,0,0,0,0,0,0,0,0
test_9_2_2.png,0,0,0,0,0,0,0,0,0,0,0,0,0,0,0
test_9_2_3.png,0,0,0,0,0,0,0,0,0,0,0,0,0,0,0
test_9_3_0.png,1275,77,824,1273,98,826,1264,98,835,1242,90,857,1261,87,838
test_9_3_1.png,0,0,0,0,0,0,0,0,0,0,0,0,0,0,0
test_9_3_2.png,0,0,0,0,0,0,0,0,0,0,0,0,0,0,0
test_9_3_3.png,0,0,0,0,0,0,0,0,0,0,0,0,0,0,0
