image,original_tp,original_fp,original_fn,flip_w_tp,flip_w_fp,flip_w_fn,flip_h_tp,flip_h_fp,flip_h_fn,flip_hw_tp,flip_hw_fp,flip_hw_fn,tta_tp,tta_fp,tta_fn
test_100_0_0.png,0,0,0,0,0,0,0,0,0,0,0,0,0,0,0
test_100_0_1.png,0,0,1131,0,0,1131,0,0,1131,0,0,1131,0,0,1131
test_100_0_2.png,0,0,219,0,0,219,0,0,219,0,0,219,0,0,219
test_100_0_3.png,6833,357,386,6813,416,406,6774,333,445,6780,380,439,6798,360,421
test_100_1_0.png,390,0,57,420,7,27,411,8,36,418,10,29,412,6,35
test_100_1_1.png,0,0,0,0,0,0,0,0,0,0,0,0,0,0,0
test_100_1_2.png,5682,408,488,5712,434,458,5621,375,549,5689,465,481,5679,408,491
test_100_1_3.png,17297,671,1589,17168,635,1718,17134,620,1752,17054,650,1832,17191,604,1695
test_100_2_0.png,0,0,0,0,0,0,0,0,0,0,0,0,0,0,0
test_100_2_1.png,1869,71,265,1870,69,264,1859,61,275,1869,60,265,1866,61,268
test_100_2_2.png,15096,564,993,15030,569,1059,14926,497,1163,15030,545,1059,15039,504,1050
test_100_2_3.png,17594,668,1249,17485,662,1358,17464,548,1379,17431,601,1412,17515,598,1328
test_100_3_0.png,0,0,0,0,0,0,0,0,0,0,0,0,0,0,0
test_100_3_1.png,10920,411,846,10953,558,813,10876,378,890,10930,412,836,10915,394,851
test_100_3_2.png,19361,778,1055,19355,849,1061,19288,810,1128,19252,767,1164,19318,746,1098
test_100_3_3.png,14415,452,1108,14375,413,1148,14272,387,1251,14203,386,1320,14338,388,1185
test_101_0_0.png,0,0,0,0,0,0,0,0,0,0,0,0,0,0,0
test_101_0_1.png,11461,831,225,11538,984,148,11540,1053,146,11466,696,220,11500,868,186
test_101_0_2.png,0,0,0,0,0,0,0,0,0,0,0,0,0,0,0
test_101_0_3.png,0,0,0,0,0,0,0,0,0,0,0,0,0,0,0
test_101_1_0.png,0,0,211,0,0,211,0,0,211,0,0,211,0,0,211
test_101_1_1.png,0,0,0,0,0,0,0,0,0,0,0,0,0,0,0
test_101_1_2.png,0,0,0,0,0,0,0,0,0,0,0,0,0,0,0
test_101_1_3.png,0,0,486,0,0,486,0,0,486,0,0,486,0,0,486
test_101_2_0.png,1347,36,339,1271,37,415,979,44,707,979,30,707,979,35,707
test_101_2_1.png,7289,68,606,7325,82,570,7214,48,681,7249,48,646,7280,60,615
test_101_2_2.png,1035,23,119,1021,32,133,42,0,1112,960,9,194,994,16,160
test_101_2_3.png,6399,86,676,6477,85,598,6022,109,1053,6336,85,739,6421,83,654
test_101_3_0.png,354,1,1368,366,4,1356,0,0,1722,0,0,1722,0,0,1722
test_101_3_1.png,7615,781,749,7752,910,612,7419,787,945,7453,721,911,7435,729,929
test_101_3_2.png,5131,151,479,5091,134,519,5135,166,475,5139,145,471,5126,148,484
test_101_3_3.png,3228,184,259,3251,183,236,3255,262,232,3240,136,247,3246,177,241
test_102_0_0.png,0,121,0,0,0,0,0,0,0,0,0,0,0,0,0
test_102_0_1.png,2361,10,82,2336,5,107,2341,5,102,2334,6,109,2341,7,102
test_102_0_2.png,20601,539,225,20670,693,156,20483,203,343,20502,236,324,20568,316,258
test_102_0_3.png,15690,310,476,15686,413,480,15585,154,581,15611,295,555,15644,252,522
test_102_1_0.png,2151,179,213,2142,103,222,2175,109,189,2133,93,231,2153,101,211
test_102_1_1.png,18543,1286,36,18524,1141,55,18510,746,69,18502,931,77,18516,1010,63
test_102_1_2.png,14384,214,217,14295,116,306,14227,76,374,14348,131,253,14313,89,288
test_102_1_3.png,2692,0,160,2661,0,191,2679,0,173,2670,0,182,2676,0,176
test_102_2_0.png,13339,89,214,13386,168,167,13374,220,179,13319,35,234,13357,99,196
test_102_2_1.png,2058,21,65,2066,17,57,2078,111,45,2056,2,67,2066,14,57
test_102_2_2.png,0,0,0,0,0,0,0,0,0,0,0,0,0,0,0
test_102_2_3.png,0,0,0,0,0,0,0,0,0,0,0,0,0,0,0
test_102_3_0.png,11369,675,614,11368,680,615,11361,807,622,11342,718,641,11361,667,622
test_102_3_1.png,0,0,0,0,0,0,0,0,0,0,0,0,0,0,0
test_102_3_2.png,0,0,0,0,0,0,0,0,0,0,0,0,0,0,0
test_102_3_3.png,0,0,0,0,0,0,0,0,0,0,0,0,0,0,0
test_103_0_0.png,3063,337,249,3079,431,233,2727,292,585,2818,372,494,2983,326,329
test_103_0_1.png,675,32,3037,1153,34,2559,0,0,3712,570,35,3142,494,2,3218
test_103_0_2.png,0,0,0,0,0,0,0,0,0,0,0,0,0,0,0
test_103_0_3.png,4695,1310,174,4614,110,255,4786,627,83,4766,587,103,4734,534,135
test_103_1_0.png,2190,225,2907,2193,160,2904,1253,157,3844,929,110,4168,1503,123,3594
test_103_1_1.png,0,0,1218,0,0,1218,0,0,1218,0,0,1218,0,0,1218
test_103_1_2.png,0,0,0,0,0,0,0,0,0,0,0,0,0,0,0
test_103_1_3.png,0,627,0,0,284,0,0,922,0,0,1612,0,0,285,0
test_103_2_0.png,0,0,0,0,0,0,0,0,0,0,0,0,0,0,0
test_103_2_1.png,0,0,0,0,0,0,0,0,0,0,0,0,0,0,0
test_103_2_2.png,0,0,0,0,0,0,0,0,0,0,0,0,0,0,0
test_103_2_3.png,0,0,0,0,0,0,0,0,0,0,0,0,0,0,0
test_103_3_0.png,0,0,0,0,0,0,0,0,0,0,0,0,0,0,0
test_103_3_1.png,0,0,0,0,0,0,0,0,0,0,0,0,0,0,0
test_103_3_2.png,0,0,0,0,0,0,0,0,0,0,0,0,0,0,0
test_103_3_3.png,0,0,0,0,289,0,0,0,0,0,0,0,0,0,0
test_104_0_0.png,0,0,0,0,0,0,0,0,0,0,0,0,0,0,0
test_104_0_1.png,0,0,0,0,0,0,0,0,0,0,0,0,0,0,0
test_104_0_2.png,0,0,0,0,0,0,0,0,0,0,0,0,0,0,0
test_104_0_3.png,0,0,0,0,0,0,0,0,0,0,0,0,0,0,0
test_104_1_0.png,0,0,0,0,0,0,0,0,0,0,0,0,0,0,0
test_104_1_1.png,0,0,0,0,0,0,0,0,0,0,0,0,0,0,0
test_104_1_2.png,0,0,0,0,0,0,0,0,0,0,0,0,0,0,0
test_104_1_3.png,0,0,0,0,0,0,0,0,0,0,0,0,0,0,0
test_104_2_0.png,17702,2717,441,17638,2089,505,17903,1573,240,17812,2511,331,17787,2408,356
test_104_2_1.png,0,0,0,0,0,0,0,0,0,0,0,0,0,0,0
test_104_2_2.png,0,0,0,0,0,0,0,0,0,0,0,0,0,0,0
test_104_2_3.png,0,0,0,0,0,0,0,0,0,0,0,0,0,0,0
test_104_3_0.png,146,920,760,185,916,721,176,835,730,191,903,715,185,905,721
test_104_3_1.png,0,0,0,0,0,0,0,0,0,0,0,0,0,0,0
test_104_3_2.png,0,0,0,0,0,0,0,0,0,0,0,0,0,0,0
test_104_3_3.png,0,728,0,0,396,0,0,731,0,0,819,0,0,750,0
test_105_0_0.png,0,0,0,0,0,0,0,0,0,0,0,0,0,0,0
test_105_0_1.png,0,0,0,0,0,0,0,0,0,0,0,0,0,0,0
test_105_0_2.png,0,0,0,0,0,0,0,0,0,0,0,0,0,0,0
test_105_0_3.png,0,0,0,0,0,0,0,0,0,0,0,0,0,0,0
test_105_1_0.png,2337,75,178,2318,81,197,2320,90,195,2246,63,269,2302,70,213
test_105_1_1.png,0,0,0,0,0,0,0,0,0,0,0,0,0,0,0
test_105_1_2.png,0,0,35,0,0,35,0,0,35,0,0,35,0,0,35
test_105_1_3.png,11870,769,1137,11789,719,1218,11860,747,1147,11851,752,1156,11852,701,1155
test_105_2_0.png,8048,518,783,8127,509,704,8090,549,741,7987,414,844,8068,466,763
test_105_2_1.png,0,0,0,0,0,0,0,0,0,0,0,0,0,0,0
test_105_2_2.png,1358,121,186,1357,132,187,1332,146,212,1341,114,203,1344,116,200
test_105_2_3.png,1884,906,217,1798,902,303,1927,894,174,1921,915,180,1899,896,202
test_105_3_0.png,12588,883,1072,12630,905,1030,12678,919,982,12497,851,1163,12634,842,1026
test_105_3_1.png,2950,83,200,2945,133,205,2457,33,693,2831,64,319,2924,67,226
test_105_3_2.png,1082,54,86,1118,48,50,1083,25,85,1117,73,51,1103,50,65
test_105_3_3.png,6301,456,573,6283,448,591,6265,365,609,6209,387,665,6278,406,596
test_106_0_0.png,21,0,686,0,0,707,0,0,707,10,1,697,0,0,707
test_106_0_1.png,0,0,0,0,0,0,0,0,0,0,0,0,0,0,0
test_106_0_2.png,3279,310,293,3261,292,311,3231,259,341,3233,295,339,3258,291,314
test_106_0_3.png,16165,843,1363,16332,1019,1196,16271,979,1257,16130,908,1398,16270,911,1258
test_106_1_0.png,0,0,0,0,0,0,0,0,0,0,0,0,0,0,0
test_106_1_1.png,0,0,0,0,0,0,0,0,0,0,0,0,0,0,0
test_106_1_2.png,0,0,0,0,0,0,0,0,0,0,0,0,0,0,0
test_106_1_3.png,0,0,0,0,0,0,0,0,0,0,0,0,0,0,0
test_106_2_0.png,0,0,0,0,0,0,0,0,0,0,0,0,0,0,0
test_106_2_1.png,0,0,0,0,0,0,0,0,0,0,0,0,0,0,0
test_106_2_2.png,0,0,0,0,0,0,0,0,0,0,0,0,0,0,0
test_106_2_3.png,506,62,281,255,77,532,718,72,69,595,70,192,538,70,249
test_106_3_0.png,0,262,0,0,247,0,0,260,0,0,251,0,0,254,0
test_106_3_1.png,0,0,0,0,0,0,0,0,0,0,0,0,0,0,0
test_106_3_2.png,0,0,0,0,0,0,0,0,0,0,0,0,0,0,0
test_106_3_3.png,1362,16,224,1330,25,256,1431,136,155,1215,28,371,1355,24,231
test_107_0_0.png,264,3,51,286,10,29,277,10,38,80,3,235,269,9,46
test_107_0_1.png,0,0,0,0,0,0,0,0,0,0,0,0,0,0,0
test_107_0_2.png,0,0,0,0,0,0,0,0,0,0,0,0,0,0,0
test_107_0_3.png,0,0,331,201,0,130,0,0,331,0,0,331,0,0,331
test_107_1_0.png,0,0,0,0,0,0,0,118,0,0,213,0,0,33,0
test_107_1_1.png,0,0,0,0,0,0,0,0,0,0,0,0,0,0,0
test_107_1_2.png,0,99,0,0,108,0,0,0,0,0,0,0,0,59,0
test_107_1_3.png,0,0,0,0,0,0,0,0,0,0,0,0,0,0,0
test_107_2_0.png,0,0,0,0,0,0,0,0,0,0,0,0,0,0,0
test_107_2_1.png,0,0,0,0,0,0,0,0,0,0,0,0,0,0,0
test_107_2_2.png,737,8,35,766,22,6,741,28,31,760,6,12,763,16,9
test_107_2_3.png,0,0,0,0,0,0,0,0,0,0,0,0,0,0,0
test_107_3_0.png,0,0,0,0,0,0,0,0,0,0,0,0,0,0,0
test_107_3_1.png,0,0,0,0,0,0,0,0,0,0,0,0,0,0,0
test_107_3_2.png,709,16,171,573,17,307,0,0,880,0,0,880,0,0,880
test_107_3_3.png,0,0,0,0,0,0,0,0,0,0,0,0,0,0,0
test_108_0_0.png,0,0,0,0,0,0,0,0,0,0,0,0,0,0,0
test_108_0_1.png,0,0,0,0,0,0,0,0,0,0,0,0,0,0,0
test_108_0_2.png,0,0,0,0,0,0,0,0,0,0,0,0,0,0,0
test_108_0_3.png,0,0,0,0,0,0,0,0,0,0,0,0,0,0,0
test_108_1_0.png,0,0,0,0,0,0,0,0,0,0,0,0,0,0,0
test_108_1_1.png,0,0,0,0,0,0,0,0,0,0,0,0,0,0,0
test_108_1_2.png,0,0,0,0,0,0,0,0,0,0,0,0,0,0,0
test_108_1_3.png,0,0,0,0,0,0,0,0,0,0,0,0,0,0,0
test_108_2_0.png,0,0,0,0,0,0,0,0,0,0,0,0,0,0,0
test_108_2_1.png,0,0,0,0,0,0,0,0,0,0,0,0,0,0,0
test_108_2_2.png,0,0,0,0,0,0,0,0,0,0,0,0,0,0,0
test_108_2_3.png,0,0,0,0,0,0,0,0,0,0,0,0,0,0,0
test_108_3_0.png,0,0,0,0,0,0,0,0,0,0,0,0,0,0,0
test_108_3_1.png,0,0,0,0,0,0,0,0,0,0,0,0,0,0,0
test_108_3_2.png,0,0,0,0,0,0,0,0,0,0,0,0,0,0,0
test_108_3_3.png,0,0,0,0,0,0,0,0,0,0,0,0,0,0,0
test_109_0_0.png,0,0,0,0,0,0,0,0,0,0,0,0,0,0,0
test_109_0_1.png,0,0,0,0,0,0,0,0,0,0,0,0,0,0,0
test_109_0_2.png,0,0,0,0,0,0,0,0,0,0,0,0,0,0,0
test_109_0_3.png,0,0,0,0,0,0,0,0,0,0,0,0,0,0,0
test_109_1_0.png,0,0,0,0,0,0,0,0,0,0,0,0,0,0,0
test_109_1_1.png,0,0,0,0,0,0,0,0,0,0,0,0,0,0,0
test_109_1_2.png,0,0,0,0,0,0,0,0,0,0,0,0,0,0,0
test_109_1_3.png,0,0,0,0,0,0,0,0,0,0,0,0,0,0,0
test_109_2_0.png,0,0,0,0,0,0,0,0,0,0,0,0,0,0,0
test_109_2_1.png,0,0,0,0,0,0,0,0,0,0,0,0,0,0,0
test_109_2_2.png,3851,176,71,3844,212,78,3890,247,32,3867,245,55,3861,229,61
test_109_2_3.png,0,0,0,0,0,0,0,0,0,0,0,0,0,0,0
test_109_3_0.png,0,0,769,0,0,769,0,0,769,0,0,769,0,0,769
test_109_3_1.png,0,0,0,0,0,0,0,0,0,0,0,0,0,0,0
test_109_3_2.png,0,0,0,0,0,0,0,0,0,0,0,0,0,0,0
test_109_3_3.png,0,0,0,0,0,0,0,0,0,0,0,0,0,0,0
test_10_0_0.png,0,0,0,0,0,0,0,0,0,0,0,0,0,0,0
test_10_0_1.png,0,0,0,0,0,0,0,0,0,0,0,0,0,0,0
test_10_0_2.png,0,0,0,0,0,0,0,0,0,0,0,0,0,0,0
test_10_0_3.png,0,0,0,0,0,0,0,0,0,0,0,0,0,0,0
test_10_1_0.png,1134,45,68,1140,48,62,1135,45,67,1141,46,61,1135,46,67
test_10_1_1.png,2860,141,146,2852,122,154,2840,141,166,2866,98,140,2867,119,139
test_10_1_2.png,0,0,0,0,0,0,0,0,0,0,0,0,0,0,0
test_10_1_3.png,0,0,0,0,0,0,0,0,0,0,0,0,0,0,0
test_10_2_0.png,6916,766,482,6913,710,485,6931,670,467,6933,564,465,6925,663,473
test_10_2_1.png,13855,1384,888,13881,1351,862,13826,1348,917,13893,1204,850,13877,1283,866
test_10_2_2.png,11380,1615,499,11386,1459,493,11433,1622,446,11365,1417,514,11398,1494,481
test_10_2_3.png,6984,687,277,7037,736,224,7002,711,259,6971,662,290,7008,697,253
test_10_3_0.png,16361,1964,548,16445,2062,464,16226,1747,683,16201,1679,708,16336,1826,573
test_10_3_1.png,9243,1232,591,9346,1327,488,9190,1036,644,9153,1079,681,9224,1162,610
test_10_3_2.png,9351,1073,439,9351,1169,439,9273,864,517,9269,799,521,9314,940,476
test_10_3_3.png,18545,2103,1163,18519,2001,1189,18431,1994,1277,18471,1862,1237,18524,1964,1184
test_110_0_0.png,0,0,0,0,0,0,0,0,0,0,0,0,0,0,0
test_110_0_1.png,0,0,0,0,0,0,0,0,0,0,0,0,0,0,0
test_110_0_2.png,0,0,0,0,0,0,0,0,0,0,0,0,0,0,0
test_110_0_3.png,0,0,0,0,0,0,0,0,0,0,0,0,0,0,0
test_110_1_0.png,0,0,0,0,0,0,0,0,0,0,0,0,0,0,0
test_110_1_1.png,0,0,0,0,0,0,0,0,0,0,0,0,0,0,0
test_110_1_2.png,0,0,0,0,0,0,0,0,0,0,0,0,0,0,0
test_110_1_3.png,2571,245,162,2565,196,168,2567,262,166,2556,183,177,2565,209,168
test_110_2_0.png,5374,231,459,4526,209,1307,4517,108,1316,5238,250,595,4683,152,1150
test_110_2_1.png,0,0,0,0,0,0,0,0,0,0,0,0,0,0,0
test_110_2_2.png,0,0,0,0,0,0,0,0,0,0,0,0,0,0,0
test_110_2_3.png,0,0,62,0,0,62,0,0,62,0,0,62,0,0,62
test_110_3_0.png,0,0,0,0,0,0,0,0,0,0,0,0,0,0,0
test_110_3_1.png,0,0,0,0,0,0,0,0,0,0,0,0,0,0,0
test_110_3_2.png,0,0,0,0,0,0,0,0,0,0,0,0,0,0,0
test_110_3_3.png,0,0,159,19,0,140,33,0,126,43,0,116,22,0,137
test_111_0_0.png,0,0,0,0,0,0,0,0,0,0,0,0,0,0,0
test_111_0_1.png,0,0,0,0,0,0,0,0,0,0,0,0,0,0,0
test_111_0_2.png,4569,222,290,4564,207,295,4554,259,305,4510,302,349,4551,229,308
test_111_0_3.png,0,0,12,0,0,12,0,0,12,0,0,12,0,0,12
test_111_1_0.png,0,0,0,0,0,0,0,0,0,0,0,0,0,0,0
test_111_1_1.png,0,0,625,0,0,625,0,0,625,0,0,625,0,0,625
test_111_1_2.png,2454,235,199,2464,206,189,2469,335,184,2434,253,219,2460,258,193
test_111_1_3.png,1535,119,247,1611,131,171,1137,106,645,1619,159,163,1547,120,235
test_111_2_0.png,0,0,0,0,0,0,0,0,0,0,0,0,0,0,0
test_111_2_1.png,0,0,0,0,0,0,0,0,0,0,0,0,0,0,0
test_111_2_2.png,0,0,0,0,0,0,0,0,0,0,0,0,0,0,0
test_111_2_3.png,1508,95,1678,1471,90,1715,1693,252,1493,1047,53,2139,1368,77,1818
test_111_3_0.png,13981,982,1448,13994,1014,1435,14052,1039,1377,14017,967,1412,14019,942,1410
test_111_3_1.png,2218,221,322,2236,247,304,2231,238,309,2211,263,329,2209,244,331
test_111_3_2.png,0,0,0,0,0,0,0,0,0,0,0,0,0,0,0
test_111_3_3.png,0,0,0,0,0,0,0,0,0,0,0,0,0,0,0
test_112_0_0.png,0,0,0,0,221,0,0,0,0,0,0,0,0,0,0
test_112_0_1.png,0,0,0,0,0,0,0,0,0,0,0,0,0,0,0
test_112_0_2.png,0,324,0,0,0,0,0,98,0,0,266,0,0,182,0
test_112_0_3.png,0,0,0,0,0,0,0,0,0,0,0,0,0,0,0
test_112_1_0.png,933,446,644,909,34,668,932,134,645,930,427,647,930,275,647
test_112_1_1.png,0,0,0,0,0,0,0,0,0,0,0,0,0,0,0
test_112_1_2.png,0,0,0,0,0,0,0,0,0,0,0,0,0,0,0
test_112_1_3.png,0,0,0,0,0,0,0,0,0,0,0,0,0,0,0
test_112_2_0.png,0,0,0,0,0,0,0,0,0,0,0,0,0,0,0
test_112_2_1.png,191,3,159,204,2,146,8,0,342,72,1,278,158,0,192
test_112_2_2.png,3784,153,216,3808,160,192,3653,130,347,3683,118,317,3737,144,263
test_112_2_3.png,2931,189,87,2867,48,151,1952,249,1066,2199,113,819,2815,123,203
test_112_3_0.png,0,0,0,0,0,0,0,0,0,0,0,0,0,0,0
test_112_3_1.png,0,0,0,0,0,0,0,0,0,0,0,0,0,0,0
test_112_3_2.png,0,200,0,0,224,0,0,0,0,0,185,0,0,197,0
test_112_3_3.png,0,0,0,0,0,0,0,0,0,0,0,0,0,0,0
test_113_0_0.png,0,0,0,0,0,0,0,0,0,0,0,0,0,0,0
test_113_0_1.png,0,0,80,0,0,80,0,0,80,0,0,80,0,0,80
test_113_0_2.png,2061,88,436,1803,57,694,2136,94,361,2165,91,332,2096,84,401
test_113_0_3.png,0,0,0,0,0,0,0,0,0,0,0,0,0,0,0
test_113_1_0.png,0,0,0,0,0,0,0,0,0,0,0,0,0,0,0
test_113_1_1.png,1403,60,68,1383,39,88,1366,51,105,1387,48,84,1388,44,83
test_113_1_2.png,1207,7,166,1219,4,154,1222,4,151,1225,5,148,1216,3,157
test_113_1_3.png,9453,535,678,9492,636,639,9330,699,801,9304,615,827,9423,528,708
test_113_2_0.png,0,0,0,0,0,0,0,0,0,0,0,0,0,0,0
test_113_2_1.png,0,0,0,0,0,0,0,0,0,0,0,0,0,0,0
test_113_2_2.png,0,0,0,0,0,0,0,0,0,0,0,0,0,0,0
test_113_2_3.png,16417,899,1933,17456,1088,894,16198,1145,2152,16741,1122,1609,16440,1009,1910
test_113_3_0.png,0,0,272,0,0,272,0,0,272,0,0,272,0,0,272
test_113_3_1.png,0,0,0,0,0,0,0,0,0,0,0,0,0,0,0
test_113_3_2.png,0,0,0,0,0,0,0,0,0,0,0,0,0,0,0
test_113_3_3.png,20904,750,942,21080,977,766,21138,899,708,21102,1048,744,21071,883,775
test_114_0_0.png,0,0,0,0,0,0,0,0,0,0,0,0,0,0,0
test_114_0_1.png,0,0,185,0,0,185,0,0,185,0,0,185,0,0,185
test_114_0_2.png,929,217,19,930,246,18,921,252,27,920,312,28,926,247,22
test_114_0_3.png,959,460,199,856,643,302,1154,926,4,1155,1105,3,1147,503,11
test_114_1_0.png,2816,1209,242,2749,1228,309,2587,1000,471,2808,1088,250,2766,1117,292
test_114_1_1.png,15958,1272,1025,16132,1579,851,16237,1837,746,16107,1385,876,16167,1474,816
test_114_1_2.png,3678,1179,68,3696,1013,50,3745,1476,1,3717,1261,29,3715,1234,31
test_114_1_3.png,539,440,29,553,478,15,546,454,22,542,443,26,544,448,24
test_114_2_0.png,135,3,37,94,0,78,147,3,25,153,2,19,141,1,31
test_114_2_1.png,1432,83,51,1429,85,54,1467,73,16,1466,90,17,1435,85,48
test_114_2_2.png,0,0,0,0,0,0,0,0,0,0,0,0,0,0,0
test_114_2_3.png,1036,94,40,1034,90,42,1030,86,46,1038,79,38,1035,89,41
test_114_3_0.png,0,0,0,0,0,0,0,0,0,0,0,0,0,0,0
test_114_3_1.png,1941,483,172,1943,403,170,1935,675,178,1936,530,177,1938,399,175
test_114_3_2.png,1767,24,188,1772,22,183,1749,18,206,1754,21,201,1760,21,195
test_114_3_3.png,671,46,674,905,60,440,837,140,508,858,137,487,810,72,535
test_115_0_0.png,9329,311,679,9358,345,650,9267,353,741,9341,375,667,9318,337,690
test_115_0_1.png,22042,1193,1306,21882,1055,1466,21580,845,1768,21762,993,1586,21866,962,1482
test_115_0_2.png,22926,746,2361,22966,701,2321,22836,673,2451,22713,641,2574,22860,654,2427
test_115_0_3.png,22151,667,1970,22297,774,1824,22205,637,1916,21936,587,2185,22157,635,1964
test_115_1_0.png,0,0,0,0,0,0,0,0,0,0,0,0,0,0,0
test_115_1_1.png,13395,625,772,13405,634,762,13350,609,817,13066,722,1101,13390,625,777
test_115_1_2.png,25609,1197,2013,25317,963,2305,25285,1042,2337,25162,875,2460,25380,965,2242
test_115_1_3.png,20940,831,2049,21188,954,1801,20751,824,2238,20568,793,2421,20918,794,2071
test_115_2_0.png,4265,353,169,4296,388,138,4244,412,190,4227,675,207,4267,331,167
test_115_2_1.png,452,6,174,445,2,181,461,18,165,456,9,170,452,9,174
test_115_2_2.png,5676,207,549,5677,205,548,5646,176,579,5660,227,565,5662,192,563
test_115_2_3.png,9604,340,781,9684,422,701,9625,364,760,9566,324,819,9620,331,765
test_115_3_0.png,8081,426,317,7993,354,405,8030,384,368,8015,391,383,8034,367,364
test_115_3_1.png,1501,128,26,1516,143,11,1495,141,32,1503,178,24,1501,147,26
test_115_3_2.png,0,0,0,0,0,0,0,0,0,0,0,0,0,0,0
test_115_3_3.png,1493,54,189,1527,70,155,1512,64,170,1524,62,158,1512,60,170
test_116_0_0.png,0,56,0,0,308,0,0,299,0,0,0,0,0,230,0
test_116_0_1.png,0,0,0,0,0,0,0,0,0,0,0,0,0,0,0
test_116_0_2.png,0,0,0,0,0,0,0,0,0,0,0,0,0,0,0
test_116_0_3.png,0,0,325,0,0,325,0,0,325,0,0,325,0,0,325
test_116_1_0.png,9939,319,166,9879,261,226,9897,304,208,9864,173,241,9892,187,213
test_116_1_1.png,0,0,0,0,0,0,0,0,0,0,0,0,0,0,0
test_116_1_2.png,0,0,0,0,0,0,0,0,0,0,0,0,0,0,0
test_116_1_3.png,0,0,0,0,0,0,0,0,0,0,0,0,0,0,0
test_116_2_0.png,1935,72,304,1945,81,294,1346,34,893,1434,46,805,1419,50,820
test_116_2_1.png,0,943,67,0,0,67,0,0,67,0,0,67,0,0,67
test_116_2_2.png,0,159,0,0,0,0,0,400,0,0,0,0,0,0,0
test_116_2_3.png,0,0,0,0,0,0,0,0,0,0,0,0,0,0,0
test_116_3_0.png,0,0,0,0,0,0,0,0,0,0,0,0,0,0,0
test_116_3_1.png,0,0,0,0,0,0,0,0,0,0,0,0,0,0,0
test_116_3_2.png,0,0,0,0,0,0,0,0,0,0,0,0,0,0,0
test_116_3_3.png,0,0,0,0,0,0,0,0,0,0,0,0,0,0,0
test_117_0_0.png,0,0,0,0,0,0,0,0,0,0,0,0,0,0,0
test_117_0_1.png,0,0,0,0,0,0,0,0,0,0,0,0,0,0,0
test_117_0_2.png,0,0,0,0,0,0,0,0,0,0,0,0,0,0,0
test_117_0_3.png,0,0,0,0,0,0,0,0,0,0,0,0,0,0,0
test_117_1_0.png,0,0,0,0,0,0,0,0,0,0,0,0,0,0,0
test_117_1_1.png,0,0,0,0,0,0,0,0,0,0,0,0,0,0,0
test_117_1_2.png,0,0,0,0,0,0,0,0,0,0,0,0,0,0,0
test_117_1_3.png,0,0,0,0,0,0,0,0,0,0,0,0,0,0,0
test_117_2_0.png,0,0,0,0,0,0,0,0,0,0,0,0,0,0,0
test_117_2_1.png,0,0,0,0,0,0,0,0,0,0,0,0,0,0,0
test_117_2_2.png,0,0,0,0,0,0,0,0,0,0,0,0,0,0,0
test_117_2_3.png,0,0,0,0,0,0,0,0,0,0,0,0,0,0,0
test_117_3_0.png,0,0,0,0,0,0,0,0,0,0,0,0,0,0,0
test_117_3_1.png,0,0,0,0,0,0,0,0,0,0,0,0,0,0,0
test_117_3_2.png,0,0,0,0,0,0,0,0,0,0,0,0,0,0,0
test_117_3_3.png,0,0,0,0,0,0,0,0,0,0,0,0,0,0,0
test_118_0_0.png,6876,353,732,6877,256,731,6872,226,736,6903,1311,705,6895,284,713
test_118_0_1.png,17521,931,1048,17399,710,1170,17486,901,1083,17434,793,1135,17481,807,1088
test_118_0_2.png,11807,688,1023,11575,607,1255,11594,592,1236,11568,462,1262,11663,520,1167
test_118_0_3.png,0,0,122,0,167,122,0,0,122,0,0,122,0,0,122
test_118_1_0.png,8841,370,732,8903,385,670,8699,282,874,8813,299,760,8829,317,744
test_118_1_1.png,14498,708,1181,14470,602,1209,14326,574,1353,14321,626,1358,14410,613,1269
test_118_1_2.png,1383,11,242,1412,9,213,1408,23,217,1368,12,257,1399,12,226
test_118_1_3.png,185,13,80,163,5,102,0,0,265,0,0,265,0,0,265
test_118_2_0.png,12034,647,890,11914,545,1010,11810,524,1114,11897,522,1027,11928,531,996
test_118_2_1.png,16381,966,809,16295,801,895,16158,722,1032,16289,805,901,16291,782,899
test_118_2_2.png,10986,446,844,11043,464,787,10892,371,938,10966,424,864,10971,406,859
test_118_2_3.png,579,85,95,580,92,94,574,59,100,569,62,105,579,76,95
test_118_3_0.png,4289,224,139,4249,219,179,4313,247,115,4244,188,184,4282,214,146
test_118_3_1.png,6553,1087,144,6546,954,151,6476,687,221,6498,841,199,6526,852,171
test_118_3_2.png,14020,810,727,13965,856,782,13815,609,932,13789,631,958,13914,687,833
test_118_3_3.png,13783,450,941,13859,513,865,13679,403,1045,13793,435,931,13782,431,942
test_119_0_0.png,0,0,0,0,0,0,0,0,0,0,0,0,0,0,0
test_119_0_1.png,595,22,167,598,23,164,575,6,187,603,33,159,596,22,166
test_119_0_2.png,0,0,0,0,0,0,0,0,0,0,0,0,0,0,0
test_119_0_3.png,0,0,0,0,0,0,0,0,0,0,0,0,0,0,0
test_119_1_0.png,745,130,68,744,111,69,754,147,59,746,121,67,748,130,65
test_119_1_1.png,2762,68,500,2765,45,497,2750,63,512,2758,77,504,2758,61,504
test_119_1_2.png,10468,333,840,10410,332,898,10393,298,915,10367,320,941,10398,317,910
test_119_1_3.png,6850,217,576,6949,254,477,6844,218,582,6860,202,566,6872,200,554
test_119_2_0.png,4990,350,972,5749,366,213,5453,359,509,5717,376,245,5633,371,329
test_119_2_1.png,2311,77,232,2295,63,248,2171,106,372,2231,74,312,2265,69,278
test_119_2_2.png,8936,402,1245,8916,368,1265,8951,371,1230,8926,333,1255,8935,335,1246
test_119_2_3.png,9229,373,777,9257,343,749,9308,430,698,9297,355,709,9252,356,754
test_119_3_0.png,14307,1191,631,14315,1181,623,14327,1195,611,14248,1436,690,14329,1212,609
test_119_3_1.png,9477,796,697,9430,696,744,9433,764,741,9395,745,779,9435,728,739
test_119_3_2.png,0,0,521,0,0,521,0,0,521,0,0,521,0,0,521
test_119_3_3.png,636,103,5,633,105,8,637,85,4,636,118,5,636,101,5
test_11_0_0.png,0,0,0,0,0,0,0,0,0,0,0,0,0,0,0
test_11_0_1.png,0,0,0,0,0,0,0,0,0,0,0,0,0,0,0
test_11_0_2.png,0,0,0,0,0,0,0,0,0,0,0,0,0,0,0
test_11_0_3.png,0,0,0,0,0,0,0,0,0,0,0,0,0,0,0
test_11_1_0.png,0,0,0,0,0,0,0,0,0,0,0,0,0,0,0
test_11_1_1.png,0,0,0,0,0,0,0,0,0,0,0,0,0,0,0
test_11_1_2.png,0,0,0,0,0,0,0,0,0,0,0,0,0,0,0
test_11_1_3.png,0,0,0,0,0,0,0,0,0,0,0,0,0,0,0
test_11_2_0.png,0,0,0,0,0,0,0,0,0,0,0,0,0,0,0
test_11_2_1.png,0,0,0,0,0,0,0,0,0,0,0,0,0,0,0
test_11_2_2.png,1911,155,68,1913,147,66,1902,146,77,1897,136,82,1909,143,70
test_11_2_3.png,1085,121,29,1085,112,29,1089,127,25,1082,125,32,1088,116,26
test_11_3_0.png,0,0,0,0,0,0,0,0,0,0,0,0,0,0,0
test_11_3_1.png,4878,561,282,4869,509,291,4893,620,267,4855,435,305,4881,513,279
test_11_3_2.png,674,52,15,653,47,36,653,43,36,667,53,22,659,48,30
test_11_3_3.png,2173,203,120,2165,226,128,2154,897,139,1674,231,619,2160,212,133
test_120_0_0.png,0,0,0,0,0,0,0,0,0,0,0,0,0,0,0
test_120_0_1.png,0,0,0,0,0,0,0,0,0,0,0,0,0,0,0
test_120_0_2.png,18431,945,812,18467,952,776,18328,790,915,18382,979,861,18408,877,835
test_120_0_3.png,7118,337,635,7144,318,609,7161,328,592,7208,306,545,7186,306,567
test_120_1_0.png,0,0,0,0,0,0,0,0,0,0,0,0,0,0,0
test_120_1_1.png,0,0,0,0,0,0,0,0,0,0,0,0,0,0,0
test_120_1_2.png,12412,589,646,12442,637,616,12302,555,756,12374,587,684,12400,561,658
test_120_1_3.png,16629,1227,670,16641,1155,658,16424,907,875,16463,974,836,16583,1009,716
test_120_2_0.png,0,0,0,0,0,0,0,0,0,0,0,0,0,0,0
test_120_2_1.png,2966,207,139,2982,197,123,2950,187,155,2961,181,144,2970,190,135
test_120_2_2.png,16489,1167,828,16483,1178,834,16388,983,929,16379,1078,938,16463,1067,854
test_120_2_3.png,17809,1060,764,17813,1100,760,17744,914,829,17782,1059,791,17808,1016,765
test_120_3_0.png,0,0,0,0,0,0,0,0,0,0,0,0,0,0,0
test_120_3_1.png,11994,966,349,11938,956,405,11944,879,399,11932,792,411,11962,874,381
test_120_3_2.png,11992,806,642,12037,864,597,11914,682,720,11882,674,752,11966,689,668
test_120_3_3.png,5489,1254,243,5499,1319,233,5424,1130,308,5486,1269,246,5487,1234,245
test_121_0_0.png,0,0,0,0,0,0,0,0,0,0,0,0,0,0,0
test_121_0_1.png,0,0,0,0,0,0,0,0,0,0,0,0,0,0,0
test_121_0_2.png,0,0,0,0,0,0,0,0,0,0,0,0,0,0,0
test_121_0_3.png,0,0,0,0,0,0,0,0,0,0,0,0,0,0,0
test_121_1_0.png,0,0,0,0,0,0,0,0,0,0,0,0,0,0,0
test_121_1_1.png,0,0,0,0,0,0,0,0,0,0,0,0,0,0,0
test_121_1_2.png,0,0,0,0,0,0,0,0,0,0,0,0,0,0,0
test_121_1_3.png,0,0,0,0,0,0,0,0,0,0,0,0,0,0,0
test_121_2_0.png,0,0,0,0,0,0,0,0,0,0,0,0,0,0,0
test_121_2_1.png,0,0,0,0,0,0,0,0,0,0,0,0,0,0,0
test_121_2_2.png,0,0,0,0,0,0,0,0,0,0,0,0,0,0,0
test_121_2_3.png,0,0,0,0,0,0,0,0,0,0,0,0,0,0,0
test_121_3_0.png,11416,1164,1759,11462,895,1713,10648,659,2527,11110,948,2065,11356,888,1819
test_121_3_1.png,11498,1348,1331,11531,1392,1298,10987,1129,1842,11079,1277,1750,11304,1288,1525
test_121_3_2.png,0,0,29,0,0,29,0,0,29,0,0,29,0,0,29
test_121_3_3.png,0,0,0,0,0,0,0,0,0,0,0,0,0,0,0
test_122_0_0.png,0,0,0,0,0,0,0,0,0,0,0,0,0,0,0
test_122_0_1.png,0,0,0,0,0,0,0,0,0,0,0,0,0,0,0
test_122_0_2.png,0,0,0,0,0,0,0,0,0,0,0,0,0,0,0
test_122_0_3.png,0,0,0,0,0,0,0,0,0,0,0,0,0,0,0
test_122_1_0.png,0,0,0,0,0,0,0,0,0,0,0,0,0,0,0
test_122_1_1.png,0,0,0,0,0,0,0,0,0,0,0,0,0,0,0
test_122_1_2.png,0,0,0,0,0,0,0,0,0,0,0,0,0,0,0
test_122_1_3.png,0,0,0,0,0,0,0,0,0,0,0,0,0,0,0
test_122_2_0.png,0,0,0,0,0,0,0,0,0,0,0,0,0,0,0
test_122_2_1.png,0,0,0,0,0,0,0,0,0,0,0,0,0,0,0
test_122_2_2.png,0,0,0,0,0,0,0,0,0,0,0,0,0,0,0
test_122_2_3.png,0,0,0,0,0,0,0,0,0,0,0,0,0,0,0
test_122_3_0.png,0,0,0,0,0,0,0,0,0,0,0,0,0,0,0
test_122_3_1.png,0,0,0,0,0,0,0,0,0,0,0,0,0,0,0
test_122_3_2.png,0,0,0,0,0,0,0,0,0,0,0,0,0,0,0
test_122_3_3.png,0,0,0,0,0,0,0,0,0,0,0,0,0,0,0
test_123_0_0.png,0,0,0,0,0,0,0,0,0,0,0,0,0,0,0
test_123_0_1.png,0,0,0,0,0,0,0,0,0,0,0,0,0,0,0
test_123_0_2.png,0,0,0,0,0,0,0,0,0,0,0,0,0,0,0
test_123_0_3.png,0,0,53,0,0,53,0,0,53,0,0,53,0,0,53
test_123_1_0.png,0,0,0,0,0,0,0,0,0,0,0,0,0,0,0
test_123_1_1.png,0,0,0,0,0,0,0,0,0,0,0,0,0,0,0
test_123_1_2.png,0,0,0,0,0,0,0,0,0,0,0,0,0,0,0
test_123_1_3.png,3552,177,280,3574,192,258,3556,196,276,3533,178,299,3551,187,281
test_123_2_0.png,0,0,0,0,0,0,0,0,0,0,0,0,0,0,0
test_123_2_1.png,0,0,0,0,0,0,0,0,0,0,0,0,0,0,0
test_123_2_2.png,0,0,0,0,0,0,0,0,0,0,0,0,0,0,0
test_123_2_3.png,0,0,0,0,0,0,0,0,0,0,0,0,0,0,0
test_123_3_0.png,0,0,0,0,0,0,0,0,0,0,0,0,0,0,0
test_123_3_1.png,0,0,0,0,0,0,0,0,0,0,0,0,0,0,0
test_123_3_2.png,0,0,0,0,0,0,0,0,0,0,0,0,0,0,0
test_123_3_3.png,0,0,0,0,0,0,0,0,0,0,0,0,0,0,0
test_124_0_0.png,11239,724,710,11239,716,710,11185,647,764,11195,659,754,11218,664,731
test_124_0_1.png,8482,419,597,8518,462,561,8451,407,628,8431,397,648,8461,405,618
test_124_0_2.png,0,0,78,0,0,78,0,0,78,0,0,78,0,0,78
test_124_0_3.png,0,0,0,0,0,0,0,0,0,0,0,0,0,0,0
test_124_1_0.png,521,24,15,514,28,22,524,53,12,514,35,22,518,33,18
test_124_1_1.png,0,0,0,0,0,0,0,0,0,0,0,0,0,0,0
test_124_1_2.png,0,0,0,0,0,0,0,0,0,0,0,0,0,0,0
test_124_1_3.png,0,0,0,0,0,0,0,0,0,0,0,0,0,0,0
test_124_2_0.png,0,0,0,0,0,0,0,0,0,0,0,0,0,0,0
test_124_2_1.png,0,0,0,0,0,0,0,0,0,0,0,0,0,0,0
test_124_2_2.png,0,0,0,0,0,0,0,0,0,0,0,0,0,0,0
test_124_2_3.png,0,0,0,0,0,0,0,0,0,0,0,0,0,0,0
test_124_3_0.png,0,0,0,0,0,0,0,0,0,0,0,0,0,0,0
test_124_3_1.png,0,0,0,0,0,0,0,0,0,0,0,0,0,0,0
test_124_3_2.png,0,0,0,0,0,0,0,0,0,0,0,0,0,0,0
test_124_3_3.png,0,0,0,0,0,0,0,0,0,0,0,0,0,0,0
test_125_0_0.png,0,0,0,0,0,0,0,0,0,0,0,0,0,0,0
test_125_0_1.png,0,0,0,0,0,0,0,0,0,0,0,0,0,0,0
test_125_0_2.png,0,0,0,0,0,0,0,0,0,0,0,0,0,0,0
test_125_0_3.png,0,0,0,0,0,0,0,0,0,0,0,0,0,0,0
test_125_1_0.png,0,0,0,0,0,0,0,0,0,0,0,0,0,0,0
test_125_1_1.png,0,0,0,0,0,0,0,0,0,0,0,0,0,0,0
test_125_1_2.png,0,0,0,0,0,0,0,0,0,0,0,0,0,0,0
test_125_1_3.png,0,0,0,0,0,0,0,0,0,0,0,0,0,0,0
test_125_2_0.png,0,0,0,0,0,0,0,0,0,0,0,0,0,0,0
test_125_2_1.png,0,0,0,0,0,0,0,0,0,0,0,0,0,0,0
test_125_2_2.png,0,0,0,0,0,0,0,0,0,0,0,0,0,0,0
test_125_2_3.png,0,0,0,0,0,0,0,0,0,0,0,0,0,0,0
test_125_3_0.png,0,0,0,0,0,0,0,0,0,0,0,0,0,0,0
test_125_3_1.png,0,0,0,0,0,0,0,0,0,0,0,0,0,0,0
test_125_3_2.png,0,0,0,0,0,0,0,0,0,0,0,0,0,0,0
test_125_3_3.png,0,0,0,0,0,0,0,0,0,0,0,0,0,0,0
test_126_0_0.png,0,203,0,0,404,0,0,0,0,0,0,0,0,0,0
test_126_0_1.png,3859,280,456,3851,223,464,3845,213,470,3850,239,465,3838,215,477
test_126_0_2.png,8143,402,805,8156,364,792,7927,319,1021,8080,373,868,8116,351,832
test_126_0_3.png,9222,452,1643,9190,453,1675,9020,392,1845,9143,459,1722,9150,418,1715
test_126_1_0.png,766,17,100,768,14,98,754,12,112,764,12,102,763,12,103
test_126_1_1.png,0,0,0,0,0,0,0,0,0,0,0,0,0,0,0
test_126_1_2.png,988,16,70,993,31,65,987,20,71,1005,27,53,991,22,67
test_126_1_3.png,14340,957,1709,14454,1015,1595,14165,824,1884,14227,792,1822,14320,868,1729
test_126_2_0.png,626,61,53,625,65,54,633,38,46,641,58,38,636,57,43
test_126_2_1.png,0,0,0,0,0,0,0,0,0,0,0,0,0,0,0
test_126_2_2.png,0,0,0,0,0,0,0,0,0,0,0,0,0,0,0
test_126_2_3.png,2245,241,602,2196,267,651,1473,117,1374,2008,113,839,2129,121,718
test_126_3_0.png,0,0,0,0,0,0,0,0,0,0,0,0,0,0,0
test_126_3_1.png,939,17,77,920,12,96,910,18,106,908,13,108,919,13,97
test_126_3_2.png,0,0,0,0,0,0,0,0,0,0,0,0,0,0,0
test_126_3_3.png,0,0,0,0,0,0,0,0,0,0,0,0,0,0,0
test_127_0_0.png,0,0,0,0,0,0,0,0,0,0,0,0,0,0,0
test_127_0_1.png,5554,244,411,5562,223,403,5486,223,479,5514,204,451,5539,211,426
test_127_0_2.png,9415,636,948,9470,674,893,9424,624,939,9409,574,954,9437,603,926
test_127_0_3.png,6883,276,930,6809,242,1004,6847,277,966,6750,240,1063,6827,252,986
test_127_1_0.png,0,0,0,0,0,0,0,0,0,0,0,0,0,0,0
test_127_1_1.png,0,0,0,0,0,0,0,0,0,0,0,0,0,0,0
test_127_1_2.png,549,126,40,559,126,30,553,45,36,552,20,37,553,74,36
test_127_1_3.png,0,0,2,0,0,2,0,0,2,0,0,2,0,0,2
test_127_2_0.png,0,0,0,0,0,0,0,0,0,0,0,0,0,0,0
test_127_2_1.png,0,0,0,0,0,0,0,0,0,0,0,0,0,0,0
test_127_2_2.png,0,0,0,0,0,0,0,0,0,0,0,0,0,0,0
test_127_2_3.png,0,0,0,0,0,0,0,0,0,0,0,0,0,0,0
test_127_3_0.png,0,0,0,0,0,0,0,0,0,0,0,0,0,0,0
test_127_3_1.png,0,0,0,0,0,0,0,0,0,0,0,0,0,0,0
test_127_3_2.png,0,0,0,0,0,0,0,0,0,0,0,0,0,0,0
test_127_3_3.png,0,0,0,0,0,0,0,0,0,0,0,0,0,0,0
test_128_0_0.png,0,0,0,0,0,0,0,0,0,0,0,0,0,0,0
test_128_0_1.png,0,0,0,0,0,0,0,0,0,0,0,0,0,0,0
test_128_0_2.png,0,0,0,0,0,0,0,0,0,0,0,0,0,0,0
test_128_0_3.png,0,0,0,0,0,0,0,0,0,0,0,0,0,0,0
test_128_1_0.png,0,0,0,0,0,0,0,0,0,0,0,0,0,0,0
test_128_1_1.png,0,0,0,0,0,0,0,0,0,0,0,0,0,0,0
test_128_1_2.png,0,0,0,0,0,0,0,0,0,0,0,0,0,0,0
test_128_1_3.png,0,0,0,0,0,0,0,0,0,0,0,0,0,0,0
test_128_2_0.png,0,0,301,0,0,301,0,0,301,0,0,301,0,0,301
test_128_2_1.png,0,890,0,0,420,0,0,446,0,0,570,0,0,616,0
test_128_2_2.png,0,0,0,0,0,0,0,0,0,0,0,0,0,0,0
test_128_2_3.png,0,0,0,0,0,0,0,0,0,0,0,0,0,0,0
test_128_3_0.png,0,0,0,0,0,0,0,0,0,0,0,0,0,0,0
test_128_3_1.png,0,0,0,0,0,0,0,0,0,0,0,0,0,0,0
test_128_3_2.png,0,0,230,0,0,230,0,0,230,0,0,230,0,0,230
test_128_3_3.png,0,0,0,0,0,0,0,0,0,0,0,0,0,0,0
test_12_0_0.png,0,0,0,0,0,0,0,0,0,0,0,0,0,0,0
test_12_0_1.png,0,0,0,0,0,0,0,0,0,0,0,0,0,0,0
test_12_0_2.png,0,0,0,0,0,0,0,0,0,0,0,0,0,0,0
test_12_0_3.png,0,0,0,0,0,0,0,0,0,0,0,0,0,0,0
test_12_1_0.png,9110,1327,815,9141,1289,784,9134,1306,791,8988,1024,937,9094,1180,831
test_12_1_1.png,3049,310,120,3056,304,113,3066,333,103,3037,312,132,3052,292,117
test_12_1_2.png,0,0,0,0,0,0,0,0,0,0,0,0,0,0,0
test_12_1_3.png,0,0,0,0,0,0,0,0,0,0,0,0,0,0,0
test_12_2_0.png,6608,641,740,6649,518,699,6539,591,809,6594,446,754,6604,500,744
test_12_2_1.png,9733,1475,997,9737,1406,993,9722,1537,1008,9662,1209,1068,9720,1389,1010
test_12_2_2.png,11633,1177,832,11662,1257,803,11469,1033,996,11423,1052,1042,11567,1093,898
test_12_2_3.png,13895,1427,1049,13888,1395,1056,13798,1477,1146,13652,1077,1292,13811,1274,1133
test_12_3_0.png,7945,673,547,7954,690,538,7889,621,603,7790,580,702,7897,618,595
test_12_3_1.png,12352,1285,869,12252,1190,969,12155,1207,1066,12099,959,1122,12250,1136,971
test_12_3_2.png,13343,1753,896,13472,1636,767,13228,1535,1011,13256,1230,983,13356,1476,883
test_12_3_3.png,9911,2016,608,9856,1910,663,9753,1930,766,9688,1749,831,9800,1868,719
test_13_0_0.png,2875,351,145,2835,366,185,2890,283,130,2847,237,173,2878,283,142
test_13_0_1.png,13103,942,882,13083,967,902,13067,976,918,13112,833,873,13093,907,892
test_13_0_2.png,11163,1130,546,11193,1177,516,11069,1023,640,11012,991,697,11144,1058,565
test_13_0_3.png,4754,946,215,4663,553,306,4680,575,289,4622,543,347,4681,547,288
test_13_1_0.png,0,0,0,0,0,0,0,0,0,0,0,0,0,0,0
test_13_1_1.png,9288,948,645,9356,1008,577,9241,901,692,9196,877,737,9274,926,659
test_13_1_2.png,14738,907,1477,14778,970,1437,14664,952,1551,14629,886,1586,14713,885,1502
test_13_1_3.png,13816,1548,752,13843,1541,725,13575,1413,993,13819,1443,749,13802,1467,766
test_13_2_0.png,233,19,29,226,15,36,218,17,44,222,13,40,226,16,36
test_13_2_1.png,0,0,29,0,0,29,0,0,29,0,0,29,0,0,29
test_13_2_2.png,14390,1011,1353,14391,1109,1352,14138,923,1605,14099,837,1644,14303,940,1440
test_13_2_3.png,7549,777,565,7518,833,596,7283,730,831,6780,766,1334,7528,770,586
test_13_3_0.png,679,45,7,678,53,8,686,68,0,683,52,3,682,51,4
test_13_3_1.png,0,0,0,0,0,0,0,0,0,0,0,0,0,0,0
test_13_3_2.png,1316,102,285,1414,81,187,1302,92,299,1319,79,282,1316,89,285
test_13_3_3.png,1807,160,117,1806,141,118,1608,126,316,1794,133,130,1800,142,124
test_14_0_0.png,13715,865,1330,13825,889,1220,13422,684,1623,13449,695,1596,13610,744,1435
test_14_0_1.png,8402,831,558,8357,807,603,8277,712,683,8372,807,588,8365,776,595
test_14_0_2.png,1725,145,64,1716,142,73,1733,122,56,1697,157,92,1716,135,73
test_14_0_3.png,0,0,0,0,0,0,0,0,0,0,0,0,0,0,0
test_14_1_0.png,16570,1461,1119,16485,1508,1204,16386,1426,1303,16487,1560,1202,16509,1454,1180
test_14_1_1.png,18005,2258,988,18030,2268,963,17892,1924,1101,17930,2086,1063,17965,2072,1028
test_14_1_2.png,7499,712,417,7402,559,514,7398,577,518,7434,528,482,7450,566,466
test_14_1_3.png,0,0,0,0,0,0,0,0,0,0,0,0,0,0,0
test_14_2_0.png,15029,1061,1402,15087,1086,1344,14987,979,1444,15057,1052,1374,15058,1017,1373
test_14_2_1.png,10901,823,666,10861,834,706,10805,708,762,10837,738,730,10861,765,706
test_14_2_2.png,407,52,48,416,55,39,416,46,39,406,36,49,412,46,43
test_14_2_3.png,0,224,0,0,164,0,0,228,0,0,168,0,0,202,0
test_14_3_0.png,10412,1009,407,10427,1052,392,10378,931,441,10425,996,394,10430,977,389
test_14_3_1.png,3325,172,503,3296,203,532,3285,184,543,3260,145,568,3290,171,538
test_14_3_2.png,0,0,0,0,0,0,0,0,0,0,0,0,0,0,0
test_14_3_3.png,0,0,0,0,0,0,0,0,0,0,0,0,0,0,0
test_15_0_0.png,0,0,0,0,0,0,0,0,0,0,0,0,0,0,0
test_15_0_1.png,0,0,141,0,0,141,0,0,141,0,0,141,0,0,141
test_15_0_2.png,0,0,0,0,0,0,0,0,0,0,0,0,0,0,0
test_15_0_3.png,5539,318,473,5494,347,518,5393,304,619,5402,274,610,5455,292,557
test_15_1_0.png,0,0,0,0,0,0,0,0,0,0,0,0,0,0,0
test_15_1_1.png,0,0,0,0,0,0,0,0,0,0,0,0,0,0,0
test_15_1_2.png,0,0,0,0,0,0,0,0,0,0,0,0,0,0,0
test_15_1_3.png,0,0,0,0,0,0,0,0,0,0,0,0,0,0,0
test_15_2_0.png,0,0,0,0,0,0,0,0,0,0,0,0,0,0,0
test_15_2_1.png,0,0,0,0,0,0,0,0,0,0,0,0,0,0,0
test_15_2_2.png,0,0,0,0,0,0,0,0,0,0,0,0,0,0,0
test_15_2_3.png,3722,192,423,3783,214,362,3713,210,432,3709,178,436,3734,188,411
test_15_3_0.png,1234,7,491,1294,18,431,1248,8,477,1191,0,534,1242,7,483
test_15_3_1.png,0,0,0,0,0,0,0,0,0,0,0,0,0,0,0
test_15_3_2.png,676,30,66,688,34,54,637,22,105,637,25,105,675,24,67
test_15_3_3.png,0,0,114,0,0,114,0,0,114,0,0,114,0,0,114
test_16_0_0.png,5229,51,176,5288,15,117,5245,18,160,5286,21,119,5259,19,146
test_16_0_1.png,43950,1122,298,44142,815,106,44207,859,41,44197,786,51,44188,827,60
test_16_0_2.png,1063,131,0,1063,136,0,1063,118,0,1063,131,0,1063,131,0
test_16_0_3.png,0,0,0,0,0,0,0,0,0,0,0,0,0,0,0
test_16_1_0.png,3390,78,347,3410,64,327,3451,120,286,3349,55,388,3408,64,329
test_16_1_1.png,1327,169,108,1330,179,105,1170,95,265,1319,136,116,1324,154,111
test_16_1_2.png,0,0,0,0,0,0,0,0,0,0,0,0,0,0,0
test_16_1_3.png,0,0,0,0,0,0,0,0,0,0,0,0,0,0,0
test_16_2_0.png,426,55,123,112,20,437,436,40,113,120,13,429,395,30,154
test_16_2_1.png,1459,142,19,1471,159,7,1462,147,16,1451,116,27,1462,137,16
test_16_2_2.png,0,0,0,0,0,0,0,0,0,0,0,0,0,0,0
test_16_2_3.png,0,0,0,0,0,0,0,0,0,0,0,0,0,0,0
test_16_3_0.png,1761,129,75,1261,94,575,1267,94,569,1264,111,572,1264,99,572
test_16_3_1.png,0,0,0,0,0,0,0,0,0,0,0,0,0,0,0
test_16_3_2.png,0,0,0,0,0,0,0,0,0,0,0,0,0,0,0
test_16_3_3.png,0,0,0,0,0,0,0,0,0,0,0,0,0,0,0
test_17_0_0.png,0,0,0,0,0,0,0,0,0,0,0,0,0,0,0
test_17_0_1.png,0,0,0,0,0,0,0,0,0,0,0,0,0,0,0
test_17_0_2.png,0,0,0,0,0,0,0,0,0,0,0,0,0,0,0
test_17_0_3.png,0,0,0,0,0,0,0,0,0,0,0,0,0,0,0
test_17_1_0.png,0,0,0,0,0,0,0,0,0,0,0,0,0,0,0
test_17_1_1.png,0,0,0,0,0,0,0,0,0,0,0,0,0,0,0
test_17_1_2.png,0,0,0,0,0,0,0,0,0,0,0,0,0,0,0
test_17_1_3.png,0,0,0,0,0,0,0,0,0,0,0,0,0,0,0
test_17_2_0.png,5849,485,557,5872,542,534,5845,813,561,5897,967,509,5873,563,533
test_17_2_1.png,3801,413,381,3866,453,316,3776,291,406,3798,305,384,3812,343,370
test_17_2_2.png,4713,296,278,4741,256,250,4748,264,243,4748,251,243,4741,255,250
test_17_2_3.png,0,0,0,0,0,0,0,0,0,0,0,0,0,0,0
test_17_3_0.png,4577,459,400,4533,370,444,4623,383,354,4536,303,441,4555,360,422
test_17_3_1.png,5057,331,306,5109,360,254,5098,371,265,5112,345,251,5110,359,253
test_17_3_2.png,8106,712,492,8156,718,442,8161,683,437,8119,638,479,8145,669,453
test_17_3_3.png,1512,762,84,1508,120,88,1514,377,82,1512,120,84,1513,115,83
test_18_0_0.png,0,0,0,0,4,0,0,56,0,0,817,0,0,1,0
test_18_0_1.png,0,0,0,0,0,0,0,0,0,0,0,0,0,0,0
test_18_0_2.png,12048,2510,569,12080,2544,537,12007,2544,610,11997,2435,620,12023,2488,594
test_18_0_3.png,13048,2096,241,12974,1884,315,13091,2075,198,13025,1936,264,13058,1945,231
test_18_1_0.png,0,0,0,0,0,0,0,0,0,0,0,0,0,0,0
test_18_1_1.png,0,0,0,0,0,0,0,0,0,0,0,0,0,0,0
test_18_1_2.png,2307,267,361,2387,244,281,2287,302,381,2249,278,419,2292,282,376
test_18_1_3.png,16054,3045,267,16052,2871,269,16096,3110,225,16095,2830,226,16099,2971,222
test_18_2_0.png,0,0,98,0,0,98,0,0,98,0,0,98,0,0,98
test_18_2_1.png,1321,269,2010,391,60,2940,412,35,2919,386,32,2945,389,42,2942
test_18_2_2.png,0,0,0,0,0,0,0,0,0,0,0,0,0,0,0
test_18_2_3.png,9160,2002,515,9479,2100,196,9089,2074,586,9013,2037,662,9209,2020,466
test_18_3_0.png,5114,556,613,4497,671,1230,4177,449,1550,4453,506,1274,4494,513,1233
test_18_3_1.png,0,0,640,0,0,640,0,0,640,0,0,640,0,0,640
test_18_3_2.png,3030,407,1020,3498,476,552,2951,328,1099,3069,219,981,3030,291,1020
test_18_3_3.png,736,90,287,584,113,439,580,79,443,584,120,439,584,95,439
test_19_0_0.png,0,0,1478,0,0,1478,0,0,1478,0,0,1478,0,0,1478
test_19_0_1.png,0,0,0,0,0,0,0,0,0,0,0,0,0,0,0
test_19_0_2.png,0,251,0,0,0,0,0,377,0,0,127,0,0,180,0
test_19_0_3.png,0,0,0,0,0,0,0,0,0,0,0,0,0,0,0
test_19_1_0.png,0,0,1364,0,0,1364,0,0,1364,0,0,1364,0,0,1364
test_19_1_1.png,0,132,0,0,0,0,0,0,0,0,0,0,0,0,0
test_19_1_2.png,0,0,0,0,0,0,0,0,0,0,0,0,0,0,0
test_19_1_3.png,0,0,66,0,0,66,0,0,66,0,0,66,0,0,66
test_19_2_0.png,2662,257,1307,2903,407,1066,2768,403,1201,2713,227,1256,2754,335,1215
test_19_2_1.png,6690,590,486,6620,545,556,6685,650,491,6703,576,473,6698,568,478
test_19_2_2.png,0,0,29,0,0,29,0,0,29,0,0,29,0,0,29
test_19_2_3.png,1123,231,345,874,23,594,1132,51,336,1184,226,284,1142,139,326
test_19_3_0.png,4634,222,265,4687,389,212,4682,609,217,4629,274,270,4657,287,242
test_19_3_1.png,13164,1018,1008,13269,1133,903,13172,976,1000,13043,864,1129,13151,970,1021
test_19_3_2.png,14712,1403,911,14656,1141,967,14628,1283,995,14623,1202,1000,14649,1225,974
test_19_3_3.png,4786,524,134,4374,450,546,3868,470,1052,4016,430,904,4571,437,349
test_1_0_0.png,0,0,0,0,0,0,0,0,0,0,0,0,0,0,0
test_1_0_1.png,0,0,0,0,0,0,0,0,0,0,0,0,0,0,0
test_1_0_2.png,0,0,0,0,0,0,0,0,0,0,0,0,0,0,0
test_1_0_3.png,11818,701,1371,11993,814,1196,11833,732,1356,11871,660,1318,11889,713,1300
test_1_1_0.png,0,0,0,0,0,0,0,0,0,0,0,0,0,0,0
test_1_1_1.png,0,0,0,0,0,0,0,0,0,0,0,0,0,0,0
test_1_1_2.png,0,0,0,0,0,0,0,0,0,0,0,0,0,0,0
test_1_1_3.png,0,0,0,0,0,0,0,0,0,0,0,0,0,0,0
test_1_2_0.png,0,0,0,0,0,0,0,0,0,0,0,0,0,0,0
test_1_2_1.png,0,0,0,0,0,0,0,0,0,0,0,0,0,0,0
test_1_2_2.png,0,0,0,0,0,0,0,0,0,0,0,0,0,0,0
test_1_2_3.png,0,0,0,0,0,0,0,0,0,0,0,0,0,0,0
test_1_3_0.png,0,0,0,0,0,0,0,0,0,0,0,0,0,0,0
test_1_3_1.png,0,0,0,0,0,0,0,0,0,0,0,0,0,0,0
test_1_3_2.png,0,0,0,0,0,0,0,0,0,0,0,0,0,0,0
test_1_3_3.png,0,0,0,0,0,0,0,0,0,0,0,0,0,0,0
test_20_0_0.png,7218,817,364,7208,980,374,6989,844,593,7210,748,372,7231,757,351
test_20_0_1.png,19964,2022,955,19967,1867,952,19823,1828,1096,19838,1763,1081,19900,1794,1019
test_20_0_2.png,15020,1220,966,15138,1216,848,14732,1196,1254,15140,1152,846,15059,1132,927
test_20_0_3.png,20979,1911,1352,21744,1814,587,20900,2034,1431,21301,2152,1030,21123,1888,1208
test_20_1_0.png,19505,1354,914,19526,1161,893,19603,1390,816,19575,1417,844,19573,1300,846
test_20_1_1.png,19551,1587,830,19684,1758,697,19633,1626,748,19628,1694,753,19640,1598,741
test_20_1_2.png,10079,890,556,10083,823,552,10120,859,515,10046,821,589,10089,797,546
test_20_1_3.png,4614,512,156,4623,593,147,4484,600,286,4553,501,217,4597,522,173
test_20_2_0.png,21911,2301,644,21834,1951,721,21797,2021,758,21762,2140,793,21848,2026,707
test_20_2_1.png,19125,1690,842,19318,1972,649,19078,1809,889,19062,1787,905,19136,1768,831
test_20_2_2.png,0,0,0,0,0,0,0,0,0,0,0,0,0,0,0
test_20_2_3.png,0,0,0,0,0,0,0,0,0,0,0,0,0,0,0
test_20_3_0.png,23423,2051,747,23509,2285,661,23271,1762,899,23277,1755,893,23417,1862,753
test_20_3_1.png,19997,1041,1126,20070,1203,1053,19777,925,1346,19922,1006,1201,19981,992,1142
test_20_3_2.png,4790,523,241,4789,469,242,4768,467,263,4767,443,264,4785,468,246
test_20_3_3.png,0,0,0,0,0,0,0,0,0,0,0,0,0,0,0
test_21_0_0.png,4986,337,1689,5655,418,1020,5429,466,1246,5550,448,1125,5583,385,1092
test_21_0_1.png,9220,1073,535,9208,915,547,9251,1371,504,9108,911,647,9202,959,553
test_21_0_2.png,13483,1683,730,13536,1402,677,13551,1641,662,13419,1301,794,13517,1455,696
test_21_0_3.png,10242,276,810,10311,341,741,10245,309,807,10255,341,797,10257,306,795
test_21_1_0.png,7257,879,1497,7192,718,1562,7432,1026,1322,7344,1028,1410,7296,928,1458
test_21_1_1.png,9925,872,861,9793,877,993,9761,864,1025,9653,762,1133,9777,782,1009
test_21_1_2.png,16777,936,923,16726,913,974,16851,915,849,16745,860,955,16789,872,911
test_21_1_3.png,17057,1247,1411,17296,1379,1172,17070,1204,1398,17107,1223,1361,17171,1231,1297
test_21_2_0.png,2078,121,162,2144,170,96,1852,128,388,1871,98,369,1949,106,291
test_21_2_1.png,17574,657,1083,17931,665,726,17563,631,1094,17546,611,1111,17756,637,901
test_21_2_2.png,16456,724,956,16363,609,1049,16185,684,1227,16600,895,812,16427,694,985
test_21_2_3.png,634,56,72,629,42,77,635,61,71,618,38,88,630,47,76
test_21_3_0.png,2168,126,319,2234,119,253,2160,134,327,2189,129,298,2182,123,305
test_21_3_1.png,4055,397,2264,4281,640,2038,4694,756,1625,4569,747,1750,4436,655,1883
test_21_3_2.png,6661,181,1169,6445,210,1385,6507,255,1323,6298,178,1532,6428,183,1402
test_21_3_3.png,4473,582,109,4486,667,96,4392,657,190,4444,578,138,4472,661,110
test_22_0_0.png,0,0,0,0,0,0,0,0,0,0,0,0,0,0,0
test_22_0_1.png,0,0,0,0,0,0,0,0,0,0,0,0,0,0,0
test_22_0_2.png,0,0,0,0,0,0,0,0,0,0,0,0,0,0,0
test_22_0_3.png,0,0,0,0,0,0,0,0,0,0,0,0,0,0,0
test_22_1_0.png,0,0,0,0,0,0,0,0,0,0,0,0,0,0,0
test_22_1_1.png,0,0,0,0,0,0,0,0,0,0,0,0,0,0,0
test_22_1_2.png,0,0,0,0,0,0,0,0,0,0,0,0,0,0,0
test_22_1_3.png,0,0,6,0,0,6,0,0,6,0,0,6,0,0,6
test_22_2_0.png,2883,373,93,2897,340,79,2767,332,209,2533,379,443,2867,346,109
test_22_2_1.png,0,0,0,0,0,0,0,0,0,0,0,0,0,0,0
test_22_2_2.png,1139,130,328,1150,129,317,1188,97,279,1132,84,335,1151,111,316
test_22_2_3.png,8237,366,1171,8236,399,1172,8300,495,1108,8102,451,1306,8225,395,1183
test_22_3_0.png,6319,1058,926,6384,991,861,5028,377,2217,5015,423,2230,5057,413,2188
test_22_3_1.png,10952,1140,1593,10889,950,1656,9890,890,2655,10690,886,1855,10878,980,1667
test_22_3_2.png,7942,801,1515,7833,618,1624,7830,590,1627,7790,810,1667,7879,645,1578
test_22_3_3.png,7162,845,473,7052,802,583,7052,873,583,7067,938,568,7080,818,555
test_23_0_0.png,4243,405,101,4220,376,124,4213,451,131,4217,485,127,4226,405,118
test_23_0_1.png,5891,298,712,5810,257,793,5884,277,719,5704,544,899,5820,265,783
test_23_0_2.png,0,0,0,0,0,0,0,0,0,0,0,0,0,0,0
test_23_0_3.png,0,0,0,0,0,0,0,0,0,0,0,0,0,0,0
test_23_1_0.png,7808,629,547,7771,495,584,7650,703,705,7782,506,573,7796,492,559
test_23_1_1.png,9921,828,807,9868,731,860,9850,814,878,9869,704,859,9865,749,863
test_23_1_2.png,242,18,312,248,0,306,392,7,162,221,0,333,274,0,280
test_23_1_3.png,0,0,0,0,19,0,0,200,0,0,146,0,0,92,0
test_23_2_0.png,8969,1197,1217,8100,1135,2086,9067,1239,1119,9092,1181,1094,9016,1161,1170
test_23_2_1.png,8219,603,1716,8179,520,1756,8607,557,1328,8629,655,1306,8328,564,1607
test_23_2_2.png,3399,144,156,3391,131,164,3372,154,183,3403,175,152,3392,143,163
test_23_2_3.png,0,0,0,0,0,0,0,0,0,0,0,0,0,0,0
test_23_3_0.png,6636,667,470,6308,414,798,6507,374,599,5969,318,1137,6396,405,710
test_23_3_1.png,2638,167,682,2964,190,356,2652,156,668,2577,138,743,2655,160,665
test_23_3_2.png,0,0,0,0,0,0,0,0,0,0,0,0,0,0,0
test_23_3_3.png,0,0,0,0,0,0,0,0,0,0,0,0,0,0,0
test_24_0_0.png,0,0,493,0,0,493,145,14,348,262,16,231,0,0,493
test_24_0_1.png,0,0,0,0,0,0,0,0,0,0,0,0,0,0,0
test_24_0_2.png,2632,503,85,2625,301,92,2013,309,704,2584,277,133,2610,334,107
test_24_0_3.png,656,38,24,665,50,15,652,46,28,647,36,33,660,38,20
test_24_1_0.png,2105,140,127,2104,113,128,2120,146,112,2119,183,113,2113,132,119
test_24_1_1.png,2826,624,53,2830,569,49,2832,661,47,2817,590,62,2830,597,49
test_24_1_2.png,1936,234,118,1956,162,98,1934,187,120,1950,160,104,1949,182,105
test_24_1_3.png,3179,305,276,3172,349,283,3229,363,226,3198,371,257,3199,343,256
test_24_2_0.png,6770,525,327,6804,1020,293,6828,690,269,6815,580,282,6832,561,265
test_24_2_1.png,3879,593,259,3929,537,209,3985,614,153,3905,528,233,3968,556,170
test_24_2_2.png,3067,552,44,3056,496,55,3027,522,84,3023,504,88,3052,509,59
test_24_2_3.png,6245,555,308,6259,589,294,6118,344,435,6204,456,349,6233,493,320
test_24_3_0.png,409,77,168,444,77,133,367,10,210,512,113,65,446,74,131
test_24_3_1.png,8972,649,403,9004,831,371,8977,798,398,9036,673,339,9030,700,345
test_24_3_2.png,9508,1453,587,9386,1528,709,9390,1456,705,9308,1385,787,9371,1419,724
test_24_3_3.png,3042,474,172,2951,327,263,2775,303,439,2767,394,447,2790,387,424
test_25_0_0.png,926,1337,120,931,1436,115,930,1025,116,896,851,150,928,1165,118
test_25_0_1.png,0,0,470,0,0,470,0,0,470,0,0,470,0,0,470
test_25_0_2.png,0,0,0,0,0,0,0,0,0,0,0,0,0,0,0
test_25_0_3.png,0,0,1575,27,2,1548,0,0,1575,32,1,1543,0,0,1575
test_25_1_0.png,5074,471,463,5059,530,478,5131,571,406,5132,720,405,5118,529,419
test_25_1_1.png,1708,165,136,1701,145,143,1704,161,140,1704,163,140,1704,156,140
test_25_1_2.png,426,44,568,406,37,588,359,11,635,420,37,574,417,33,577
test_25_1_3.png,542,70,437,540,73,439,536,77,443,532,64,447,537,73,442
test_25_2_0.png,5453,364,823,5456,391,820,5641,469,635,5480,411,796,5478,390,798
test_25_2_1.png,3893,347,157,3905,380,145,3940,435,110,3899,335,151,3907,355,143
test_25_2_2.png,4666,820,336,4648,811,354,4663,780,339,4702,739,300,4673,770,329
test_25_2_3.png,3295,641,277,3272,577,300,3283,689,289,3287,623,285,3307,616,265
test_25_3_0.png,2602,372,45,2577,308,70,2606,256,41,2606,338,41,2605,284,42
test_25_3_1.png,5827,493,298,5902,763,223,5862,503,263,5834,437,291,5870,442,255
test_25_3_2.png,3591,257,308,3507,195,392,3563,265,336,3561,233,338,3562,229,337
test_25_3_3.png,0,0,0,0,0,0,0,0,0,0,150,0,0,0,0
test_26_0_0.png,1479,76,117,1480,92,116,1482,62,114,1490,75,106,1491,65,105
test_26_0_1.png,1032,284,33,1043,386,22,1027,381,38,1036,463,29,1036,381,29
test_26_0_2.png,2017,163,72,2007,168,82,1983,113,106,1969,138,120,2000,146,89
test_26_0_3.png,3309,176,334,3269,173,374,3304,183,339,3279,198,364,3299,181,344
test_26_1_0.png,1345,152,159,1350,243,154,1278,82,226,102,0,1402,1309,80,195
test_26_1_1.png,0,0,0,0,0,0,0,0,0,0,0,0,0,0,0
test_26_1_2.png,0,0,0,0,0,0,0,0,0,0,0,0,0,0,0
test_26_1_3.png,3770,276,131,3757,232,144,3777,331,124,3777,236,124,3774,264,127
test_26_2_0.png,609,8,130,590,6,149,390,2,349,521,0,218,562,3,177
test_26_2_1.png,0,0,0,0,0,0,0,0,0,0,0,0,0,0,0
test_26_2_2.png,0,950,249,100,1029,149,88,801,161,108,949,141,92,958,157
test_26_2_3.png,4886,785,280,4761,715,405,4762,670,404,4704,655,462,4802,698,364
test_26_3_0.png,1016,99,511,1096,117,431,1114,135,413,865,41,662,1041,97,486
test_26_3_1.png,0,0,0,0,0,0,0,0,0,0,0,0,0,0,0
test_26_3_2.png,2884,213,138,2917,225,105,2890,192,132,2938,258,84,2911,220,111
test_26_3_3.png,7113,807,1062,7181,694,994,7130,763,1045,6889,656,1286,7104,711,1071
test_27_0_0.png,1788,83,44,1788,93,44,1773,92,59,1764,65,68,1782,69,50
test_27_0_1.png,2932,695,589,3195,691,326,3185,1395,336,3130,469,391,3166,436,355
test_27_0_2.png,0,0,150,0,0,150,0,0,150,0,0,150,0,0,150
test_27_0_3.png,3123,74,1231,3473,94,881,3225,120,1129,3151,60,1203,3144,71,1210
test_27_1_0.png,4862,185,105,4881,110,86,4859,537,108,4859,332,108,4869,303,98
test_27_1_1.png,1012,58,37,1019,52,30,1010,320,39,1016,371,33,1017,76,32
test_27_1_2.png,0,0,0,0,0,0,0,0,0,0,0,0,0,0,0
test_27_1_3.png,0,260,0,0,246,0,0,232,0,0,242,0,0,244,0
test_27_2_0.png,13050,981,866,13099,787,817,13039,858,877,12951,911,965,13018,832,898
test_27_2_1.png,5723,587,891,5441,580,1173,5482,570,1132,5494,510,1120,5491,501,1123
test_27_2_2.png,2279,115,261,2259,125,281,2309,173,231,2248,118,292,2270,120,270
test_27_2_3.png,0,0,0,0,0,0,0,0,0,0,0,0,0,0,0
test_27_3_0.png,17880,1856,2053,18045,1782,1888,17872,1814,2061,17924,1797,2009,17906,1781,2027
test_27_3_1.png,8232,1650,511,8195,1652,548,8210,1718,533,8133,1651,610,8217,1671,526
test_27_3_2.png,0,0,0,0,0,0,0,0,0,0,0,0,0,0,0
test_27_3_3.png,0,0,0,0,0,0,0,0,0,0,0,0,0,0,0
test_28_0_0.png,0,0,0,0,0,0,0,0,0,0,0,0,0,0,0
test_28_0_1.png,0,0,0,0,0,0,0,0,0,0,0,0,0,0,0
test_28_0_2.png,0,0,0,0,0,0,0,0,0,0,0,0,0,0,0
test_28_0_3.png,3761,237,244,3783,252,222,3793,216,212,3759,199,246,3791,186,214
test_28_1_0.png,3528,187,297,3568,248,257,3525,150,300,3482,150,343,3533,166,292
test_28_1_1.png,0,0,0,0,0,0,0,0,0,0,0,0,0,0,0
test_28_1_2.png,0,0,0,0,0,0,0,0,0,0,0,0,0,0,0
test_28_1_3.png,0,0,0,0,0,0,0,0,0,0,0,0,0,0,0
test_28_2_0.png,14637,1108,1141,14606,997,1172,14621,1187,1157,14680,1100,1098,14639,1029,1139
test_28_2_1.png,10615,1110,888,10689,1132,814,10610,1243,893,10656,1135,847,10643,1136,860
test_28_2_2.png,4947,410,834,4890,265,891,5025,2113,756,4991,1802,790,4980,359,801
test_28_2_3.png,0,0,0,0,0,0,0,0,0,0,0,0,0,0,0
test_28_3_0.png,14386,1024,1260,14322,942,1324,14339,1042,1307,14309,1050,1337,14336,970,1310
test_28_3_1.png,17416,2094,619,17248,1758,787,17425,1940,610,17368,1849,667,17394,1874,641
test_28_3_2.png,14313,1177,1672,14293,1113,1692,14074,1133,1911,14159,1099,1826,14296,1092,1689
test_28_3_3.png,11328,1207,915,11299,1199,944,11342,1224,901,11226,1117,1017,11278,1126,965
test_29_0_0.png,0,0,0,0,0,0,0,0,0,0,0,0,0,0,0
test_29_0_1.png,0,0,0,0,0,0,0,0,0,0,0,0,0,0,0
test_29_0_2.png,2184,89,513,2515,106,182,2284,97,413,2182,74,515,2227,82,470
test_29_0_3.png,2918,221,364,2911,246,371,2921,265,361,2932,246,350,2932,238,350
test_29_1_0.png,1257,102,70,1252,55,75,1254,58,73,1253,76,74,1255,71,72
test_29_1_1.png,20349,1526,564,20361,1446,552,20411,1750,502,20296,1648,617,20383,1560,530
test_29_1_2.png,17898,1078,964,17960,1078,902,17963,1302,899,17878,1270,984,17942,1084,920
test_29_1_3.png,8179,431,453,8240,466,392,8176,502,456,8174,448,458,8208,456,424
test_29_2_0.png,16222,878,379,16228,974,373,16214,1018,387,16196,980,405,16234,943,367
test_29_2_1.png,15484,1007,822,15614,950,692,15516,974,790,15369,910,937,15513,918,793
test_29_2_2.png,12702,1007,571,12695,926,578,12721,953,552,12655,872,618,12715,907,558
test_29_2_3.png,6564,134,871,6625,174,810,6537,212,898,6508,148,927,6593,154,842
test_29_3_0.png,10211,939,560,10153,869,618,10178,831,593,10189,868,582,10199,870,572
test_29_3_1.png,14997,1481,1037,14966,1178,1068,14732,1271,1302,14745,1082,1289,14945,1256,1089
test_29_3_2.png,3699,346,132,3648,218,183,3686,345,145,3649,256,182,3677,272,154
test_29_3_3.png,2690,125,416,2738,118,368,2687,163,419,2659,126,447,2692,126,414
test_2_0_0.png,15474,1495,1028,15573,1424,929,15502,1431,1000,15525,1320,977,15525,1380,977
test_2_0_1.png,16495,1256,1011,16570,1208,936,16454,1194,1052,16500,1095,1006,16518,1159,988
test_2_0_2.png,11417,1021,585,11428,991,574,11271,860,731,11321,880,681,11376,907,626
test_2_0_3.png,2415,171,138,2419,211,134,2411,189,142,2396,199,157,2408,189,145
test_2_1_0.png,0,0,0,0,0,0,0,0,0,0,0,0,0,0,0
test_2_1_1.png,0,0,0,0,0,0,0,0,0,0,0,0,0,0,0
test_2_1_2.png,0,0,0,0,0,0,0,0,0,0,0,0,0,0,0
test_2_1_3.png,0,0,0,0,0,0,0,272,0,0,0,0,0,0,0
test_2_2_0.png,0,0,0,0,0,0,0,0,0,0,0,0,0,0,0
test_2_2_1.png,0,0,0,0,0,0,0,0,0,0,0,0,0,0,0
test_2_2_2.png,0,0,0,0,0,0,0,0,0,0,0,0,0,0,0
test_2_2_3.png,0,245,0,0,0,0,0,202,0,0,234,0,0,218,0
test_2_3_0.png,0,0,0,0,0,0,0,0,0,0,0,0,0,0,0
test_2_3_1.png,0,0,0,0,0,0,0,0,0,0,0,0,0,0,0
test_2_3_2.png,0,370,0,0,32,0,0,371,0,0,47,0,0,237,0
test_2_3_3.png,1704,129,54,1704,120,54,1695,125,63,1698,121,60,1700,128,58
test_30_0_0.png,0,0,0,0,0,0,0,0,0,0,0,0,0,0,0
test_30_0_1.png,350,66,1,340,47,11,347,47,4,349,49,2,348,47,3
test_30_0_2.png,0,0,0,0,0,0,0,0,0,0,0,0,0,0,0
test_30_0_3.png,0,0,0,0,0,0,0,0,0,0,0,0,0,0,0
test_30_1_0.png,3565,265,533,3470,226,628,3473,187,625,3594,222,504,3496,198,602
test_30_1_1.png,790,475,87,776,591,101,801,442,76,795,235,82,790,486,87
test_30_1_2.png,0,0,0,0,0,0,0,0,0,0,0,0,0,0,0
test_30_1_3.png,0,0,0,0,0,0,0,0,0,0,0,0,0,0,0
test_30_2_0.png,1415,487,203,1458,483,160,1490,604,128,1471,470,147,1465,501,153
test_30_2_1.png,3451,315,422,3673,376,200,3499,386,374,3485,324,388,3517,339,356
test_30_2_2.png,4961,439,548,5020,472,489,4922,448,587,4839,334,670,4947,399,562
test_30_2_3.png,4100,641,352,4115,681,337,3969,603,483,4029,470,423,4060,585,392
test_30_3_0.png,3596,196,706,3673,214,629,3444,222,858,3335,189,967,3545,182,757
test_30_3_1.png,10328,673,986,10522,868,792,10191,604,1123,10315,604,999,10395,658,919
test_30_3_2.png,11972,1064,865,11976,1082,861,11721,995,1116,11907,986,930,11949,997,888
test_30_3_3.png,12966,830,991,13146,940,811,13019,831,938,12995,762,962,13052,802,905
test_31_0_0.png,6564,534,674,6575,415,663,6563,785,675,6420,489,818,6518,502,720
test_31_0_1.png,5466,362,436,5444,495,458,5433,348,469,5466,428,436,5451,362,451
test_31_0_2.png,0,0,0,0,0,0,0,0,0,0,0,0,0,0,0
test_31_0_3.png,8343,546,698,8461,575,580,8284,592,757,8444,527,597,8438,558,603
test_31_1_0.png,13820,1053,4330,13378,1045,4772,13266,894,4884,12789,795,5361,13266,906,4884
test_31_1_1.png,2860,58,583,2833,56,610,2839,42,604,2787,48,656,2825,46,618
test_31_1_2.png,606,21,34,595,12,45,618,20,22,608,550,32,608,15,32
test_31_1_3.png,3604,1768,190,3589,1680,205,3545,1523,249,3639,1766,155,3610,1708,184
test_31_2_0.png,44,668,1025,42,604,1027,43,640,1026,43,624,1026,43,630,1026
test_31_2_1.png,4630,308,234,4609,258,255,4578,236,286,4594,217,270,4606,242,258
test_31_2_2.png,4181,1043,67,4179,1039,69,4192,1037,56,4201,1144,47,4196,1056,52
test_31_2_3.png,387,359,10,379,9,18,385,17,12,386,371,11,385,15,12
test_31_3_0.png,9541,605,1065,9445,571,1161,9441,456,1165,9294,411,1312,9427,472,1179
test_31_3_1.png,2992,122,1582,2879,97,1695,2950,87,1624,2921,72,1653,2934,73,1640
test_31_3_2.png,2389,150,151,2407,126,133,2372,97,168,2298,70,242,2383,80,157
test_31_3_3.png,3339,71,707,3375,79,671,3348,94,698,3271,79,775,3325,80,721
test_32_0_0.png,0,0,0,0,0,0,0,0,0,0,0,0,0,0,0
test_32_0_1.png,0,0,0,0,0,0,0,0,0,0,0,0,0,0,0
test_32_0_2.png,446,15,19,449,30,16,444,75,21,445,17,20,450,27,15
test_32_0_3.png,1419,79,6,1397,36,28,1409,54,16,1350,29,75,1402,33,23
test_32_1_0.png,68,0,1430,0,0,1498,0,0,1498,0,0,1498,0,0,1498
test_32_1_1.png,0,0,0,0,0,0,0,0,0,0,0,0,0,0,0
test_32_1_2.png,0,0,0,0,0,0,0,0,0,0,0,0,0,0,0
test_32_1_3.png,0,0,0,0,0,0,0,13,0,0,39,0,0,0,0
test_32_2_0.png,0,0,667,0,0,667,0,0,667,0,0,667,0,0,667
test_32_2_1.png,1521,118,52,1543,64,30,1469,30,104,1505,76,68,1518,61,55
test_32_2_2.png,0,0,240,138,0,102,16,0,224,0,0,240,0,0,240
test_32_2_3.png,3123,291,267,3202,491,188,3108,272,282,3206,274,184,3193,244,197
test_32_3_0.png,0,0,0,0,0,0,0,0,0,0,0,0,0,0,0
test_32_3_1.png,0,0,0,0,0,0,0,0,0,0,0,0,0,0,0
test_32_3_2.png,346,38,10,354,60,2,344,25,12,352,47,4,351,42,5
test_32_3_3.png,5994,349,311,6026,387,279,6019,358,286,6005,322,300,6020,332,285
test_33_0_0.png,2267,68,341,2273,68,335,1117,9,1491,2020,47,588,2141,50,467
test_33_0_1.png,0,0,0,0,0,0,0,0,0,0,0,0,0,0,0
test_33_0_2.png,0,0,0,0,0,0,0,0,0,0,0,0,0,0,0
test_33_0_3.png,0,0,0,0,0,0,0,0,0,0,0,0,0,0,0
test_33_1_0.png,0,0,0,0,0,0,0,139,0,0,0,0,0,0,0
test_33_1_1.png,0,0,0,0,0,0,0,0,0,0,0,0,0,0,0
test_33_1_2.png,9802,737,926,9636,486,1092,9283,416,1445,9345,516,1383,9631,479,1097
test_33_1_3.png,5118,887,2137,5831,894,1424,6148,834,1107,6350,903,905,6040,863,1215
test_33_2_0.png,0,0,0,0,0,0,0,0,0,0,0,0,0,0,0
test_33_2_1.png,1193,32,244,1157,26,280,1159,72,278,1175,59,262,1179,42,258
test_33_2_2.png,12055,954,496,12081,1061,470,11915,864,636,12047,1060,504,12049,942,502
test_33_2_3.png,17496,1151,979,17432,1078,1043,17326,959,1149,17206,921,1269,17397,986,1078
test_33_3_0.png,3483,446,902,3543,496,842,2589,450,1796,2500,510,1885,3342,432,1043
test_33_3_1.png,9476,426,1343,9686,529,1133,9684,707,1135,9593,873,1226,9661,589,1158
test_33_3_2.png,0,0,0,0,0,0,0,0,0,0,0,0,0,0,0
test_33_3_3.png,3082,66,628,3285,60,425,3050,102,660,3220,107,490,3149,77,561
test_34_0_0.png,14629,1540,2234,14407,1005,2456,14256,990,2607,14476,1235,2387,14489,1125,2374
test_34_0_1.png,10929,832,1780,11953,995,756,11552,932,1157,10939,943,1770,11109,822,1600
test_34_0_2.png,357,6,878,970,85,265,8,0,1227,0,0,1235,157,0,1078
test_34_0_3.png,0,0,0,0,0,0,0,0,0,0,0,0,0,0,0
test_34_1_0.png,5834,245,1924,5893,276,1865,5685,256,2073,5757,279,2001,5794,247,1964
test_34_1_1.png,10756,532,686,10804,589,638,10942,514,500,10867,673,575,10903,497,539
test_34_1_2.png,438,72,76,450,49,64,455,140,59,373,19,141,450,52,64
test_34_1_3.png,4863,248,171,4898,296,136,4836,229,198,4846,231,188,4862,248,172
test_34_2_0.png,5482,863,567,5491,832,558,5455,618,594,5313,638,736,5453,638,596
test_34_2_1.png,15766,1124,1887,16389,1177,1264,15809,998,1844,15123,940,2530,15750,1027,1903
test_34_2_2.png,11818,709,778,11834,799,762,11683,778,913,11688,769,908,11767,727,829
test_34_2_3.png,7934,623,788,8413,692,309,8426,759,296,8428,768,294,8430,690,292
test_34_3_0.png,3564,386,60,3514,203,110,3504,228,120,3515,200,109,3525,222,99
test_34_3_1.png,7175,1224,514,7069,1158,620,7281,1161,408,7207,1171,482,7210,1122,479
test_34_3_2.png,10022,823,362,10039,855,345,10037,766,347,10028,449,356,10038,765,346
test_34_3_3.png,17049,1053,636,17182,965,503,17008,1127,677,17098,897,587,17070,962,615
test_35_0_0.png,0,0,0,0,0,0,0,0,0,0,0,0,0,0,0
test_35_0_1.png,0,0,0,0,0,0,0,0,0,0,0,0,0,0,0
test_35_0_2.png,0,0,0,0,0,0,0,0,0,0,0,0,0,0,0
test_35_0_3.png,10838,631,556,10892,593,502,10916,734,478,10845,633,549,10880,628,514
test_35_1_0.png,0,0,0,0,0,0,0,0,0,0,0,0,0,0,0
test_35_1_1.png,0,0,0,0,0,0,0,0,0,0,0,0,0,0,0
test_35_1_2.png,4822,499,135,4847,494,110,4783,487,174,4837,508,120,4838,486,119
test_35_1_3.png,16488,1837,368,16404,1488,452,16452,1444,404,16366,1563,490,16461,1563,395
test_35_2_0.png,0,14,0,0,0,0,0,0,0,0,0,0,0,0,0
test_35_2_1.png,6849,401,398,6883,462,364,6649,407,598,6846,445,401,6861,399,386
test_35_2_2.png,16711,1411,832,16893,1470,650,16757,1365,786,16560,1246,983,16741,1356,802
test_35_2_3.png,10677,955,344,10682,977,339,10718,1033,303,10733,1010,288,10713,961,308
test_35_3_0.png,0,0,0,0,0,0,0,0,0,0,0,0,0,0,0
test_35_3_1.png,8460,692,579,8606,679,433,8573,703,466,8591,734,448,8580,682,459
test_35_3_2.png,14225,1168,669,14186,1070,708,14216,1126,678,14198,1074,696,14222,1081,672
test_35_3_3.png,8392,964,598,8358,803,632,8181,713,809,8270,754,720,8310,760,680
test_36_0_0.png,0,0,0,0,0,0,0,0,0,0,0,0,0,0,0
test_36_0_1.png,0,0,0,0,0,0,0,0,0,0,0,0,0,0,0
test_36_0_2.png,0,0,0,0,0,0,0,0,0,0,0,0,0,0,0
test_36_0_3.png,0,0,0,0,0,0,0,0,0,0,0,0,0,0,0
test_36_1_0.png,0,0,0,0,0,0,0,0,0,0,0,0,0,0,0
test_36_1_1.png,0,0,0,0,0,0,0,0,0,0,0,0,0,0,0
test_36_1_2.png,0,0,0,0,0,0,0,0,0,0,0,0,0,0,0
test_36_1_3.png,0,0,0,0,0,0,0,0,0,0,0,0,0,0,0
test_36_2_0.png,0,0,0,0,0,0,0,0,0,0,0,0,0,0,0
test_36_2_1.png,0,0,0,0,0,0,0,0,0,0,0,0,0,0,0
test_36_2_2.png,0,0,0,0,0,0,0,0,0,0,0,0,0,0,0
test_36_2_3.png,252,24,0,251,34,1,252,29,0,251,39,1,252,31,0
test_36_3_0.png,0,0,0,0,0,0,0,0,0,0,0,0,0,0,0
test_36_3_1.png,0,253,0,0,241,0,0,188,0,0,223,0,0,237,0
test_36_3_2.png,3489,279,258,3497,254,250,3472,258,275,3479,288,268,3481,258,266
test_36_3_3.png,12129,1174,437,12151,1222,415,12059,1080,507,12052,1163,514,12107,1146,459
test_37_0_0.png,16077,2832,577,16043,2953,611,15885,2577,769,15810,2658,844,16022,2680,632
test_37_0_1.png,5993,983,385,5990,899,388,5959,1194,419,5851,793,527,5975,884,403
test_37_0_2.png,4028,1036,906,4009,1030,925,3938,926,996,4016,999,918,4009,959,925
test_37_0_3.png,0,0,0,0,0,0,0,0,0,0,0,0,0,0,0
test_37_1_0.png,15512,2330,1143,15328,2147,1327,15342,2167,1313,15298,2121,1357,15424,2150,1231
test_37_1_1.png,11914,1871,1446,11641,1767,1719,11792,1700,1568,11792,1793,1568,11811,1754,1549
test_37_1_2.png,4548,568,844,4481,515,911,4322,493,1070,4347,539,1045,4439,488,953
test_37_1_3.png,0,0,0,0,0,0,0,0,0,0,0,0,0,0,0
test_37_2_0.png,4125,568,276,4113,680,288,4124,613,277,4151,678,250,4153,600,248
test_37_2_1.png,0,0,0,0,0,0,0,0,0,0,0,0,0,0,0
test_37_2_2.png,0,0,312,0,0,312,0,0,312,0,0,312,0,0,312
test_37_2_3.png,0,0,0,0,0,0,0,0,0,0,0,0,0,0,0
test_37_3_0.png,0,0,0,0,0,0,0,0,0,0,0,0,0,0,0
test_37_3_1.png,0,0,0,0,0,0,0,0,0,0,0,0,0,0,0
test_37_3_2.png,0,0,0,0,0,0,0,0,0,0,0,0,0,0,0
test_37_3_3.png,0,0,0,0,0,0,0,0,0,0,0,0,0,0,0
test_38_0_0.png,4072,284,195,4055,235,212,4029,221,238,3958,226,309,4032,231,235
test_38_0_1.png,8129,696,276,8157,893,248,8143,877,262,8021,727,384,8139,782,266
test_38_0_2.png,9082,687,543,9090,678,535,8968,631,657,8952,569,673,9037,612,588
test_38_0_3.png,14976,1188,827,15000,1213,803,14927,1180,876,15059,1208,744,15005,1169,798
test_38_1_0.png,13265,1120,537,13213,1131,589,13243,1140,559,13162,1220,640,13229,1076,573
test_38_1_1.png,10514,1005,875,10460,950,929,10390,985,999,9949,862,1440,10413,906,976
test_38_1_2.png,10220,724,620,10379,837,461,10243,770,597,10272,924,568,10284,784,556
test_38_1_3.png,6998,580,336,7022,641,312,6913,524,421,6909,531,425,6967,557,367
test_38_2_0.png,969,80,76,961,71,84,980,80,65,946,86,99,965,76,80
test_38_2_1.png,2017,90,173,2009,118,181,2016,104,174,2019,107,171,2023,93,167
test_38_2_2.png,12207,911,519,12180,994,546,12010,848,716,12035,800,691,12146,858,580
test_38_2_3.png,14644,844,674,14654,940,664,14652,896,666,14583,818,735,14641,858,677
test_38_3_0.png,0,0,0,0,6,0,0,0,0,0,0,0,0,0,0
test_38_3_1.png,0,0,0,0,0,0,0,0,0,0,0,0,0,0,0
test_38_3_2.png,9239,802,749,9339,823,649,9186,740,802,9137,707,851,9231,759,757
test_38_3_3.png,14534,1059,746,14431,1063,849,14255,973,1025,14367,1145,913,14419,1032,861
test_39_0_0.png,0,0,0,0,0,0,0,0,0,0,0,0,0,0,0
test_39_0_1.png,0,0,0,0,0,0,0,0,0,0,0,0,0,0,0
test_39_0_2.png,0,0,0,0,0,0,0,0,0,0,0,0,0,0,0
test_39_0_3.png,0,0,308,0,0,308,0,0,308,0,0,308,0,0,308
test_39_1_0.png,0,0,0,0,0,0,0,0,0,0,0,0,0,0,0
test_39_1_1.png,0,0,0,0,0,0,0,0,0,0,0,0,0,0,0
test_39_1_2.png,0,0,0,0,0,0,0,0,0,0,0,0,0,0,0
test_39_1_3.png,0,0,0,0,0,0,0,0,0,0,0,0,0,0,0
test_39_2_0.png,0,0,0,0,0,0,0,0,0,0,0,0,0,0,0
test_39_2_1.png,4165,378,115,4122,535,158,4024,274,256,4092,300,188,4123,333,157
test_39_2_2.png,1276,89,121,1316,75,81,1182,39,215,1029,51,368,1230,48,167
test_39_2_3.png,0,0,0,0,0,0,0,0,0,0,0,0,0,0,0
test_39_3_0.png,12791,1600,780,12618,1421,953,12542,1370,1029,12375,1355,1196,12620,1368,951
test_39_3_1.png,18630,1922,1261,18235,3278,1656,18282,3330,1609,18311,3447,1580,18404,3284,1487
test_39_3_2.png,11970,1103,997,11908,1022,1059,11890,1026,1077,11724,902,1243,11906,951,1061
test_39_3_3.png,0,0,0,0,0,0,0,0,0,0,0,0,0,0,0
test_3_0_0.png,0,0,382,0,0,382,249,1,133,0,0,382,0,0,382
test_3_0_1.png,0,0,0,0,0,0,0,0,0,0,0,0,0,0,0
test_3_0_2.png,0,0,0,0,0,0,0,0,0,0,0,0,0,0,0
test_3_0_3.png,0,0,0,0,0,0,0,0,0,0,0,0,0,0,0
test_3_1_0.png,0,0,460,0,0,460,0,0,460,0,0,460,0,0,460
test_3_1_1.png,0,0,0,0,0,0,0,0,0,0,0,0,0,0,0
test_3_1_2.png,0,0,0,0,0,0,0,0,0,0,0,0,0,0,0
test_3_1_3.png,0,0,0,0,0,0,0,0,0,0,0,0,0,0,0
test_3_2_0.png,0,196,0,0,194,0,0,198,0,0,200,0,0,196,0
test_3_2_1.png,0,0,0,0,0,0,0,0,0,0,0,0,0,0,0
test_3_2_2.png,0,0,0,0,0,0,0,0,0,0,0,0,0,0,0
test_3_2_3.png,419,55,29,415,56,33,414,56,34,417,40,31,418,53,30
test_3_3_0.png,617,25,24,610,25,31,615,23,26,611,19,30,616,22,25
test_3_3_1.png,1605,89,128,1609,94,124,1593,93,140,1600,78,133,1600,88,133
test_3_3_2.png,2015,121,25,2016,125,24,2020,119,20,2006,118,34,2017,115,23
test_3_3_3.png,1564,348,28,1556,297,36,352,123,1240,1532,272,60,1543,280,49
test_40_0_0.png,0,331,130,0,328,130,0,319,130,0,304,130,0,320,130
test_40_0_1.png,13786,889,636,13767,899,655,13795,1492,627,13625,778,797,13753,818,669
test_40_0_2.png,9343,598,441,9345,559,439,9259,492,525,9216,500,568,9298,508,486
test_40_0_3.png,0,0,64,0,0,64,0,0,64,0,0,64,0,0,64
test_40_1_0.png,0,177,569,561,206,8,562,227,7,560,35,9,560,203,9
test_40_1_1.png,0,0,0,0,0,0,0,0,0,0,0,0,0,0,0
test_40_1_2.png,0,0,0,0,0,0,0,0,0,0,0,0,0,0,0
test_40_1_3.png,0,0,0,0,0,0,0,0,0,0,0,0,0,0,0
test_40_2_0.png,0,0,0,0,0,0,0,0,0,0,0,0,0,0,0
test_40_2_1.png,0,0,0,0,0,0,0,0,0,0,0,0,0,0,0
test_40_2_2.png,0,0,0,0,0,0,0,0,0,0,0,0,0,0,0
test_40_2_3.png,0,0,0,0,0,0,0,0,0,0,0,0,0,0,0
test_40_3_0.png,0,0,0,0,0,0,0,0,0,0,0,0,0,0,0
test_40_3_1.png,0,0,0,0,0,0,0,0,0,0,0,0,0,0,0
test_40_3_2.png,0,0,0,0,0,0,0,0,0,0,0,0,0,0,0
test_40_3_3.png,0,0,0,0,0,0,0,0,0,0,0,0,0,0,0
test_41_0_0.png,0,0,0,0,0,0,0,0,0,0,0,0,0,0,0
test_41_0_1.png,0,0,0,0,0,0,0,0,0,0,0,0,0,0,0
test_41_0_2.png,6266,193,441,6221,150,486,6244,180,463,6287,209,420,6256,166,451
test_41_0_3.png,5643,400,257,5645,428,255,5600,310,300,5553,290,347,5619,341,281
test_41_1_0.png,0,0,0,0,0,0,0,0,0,0,0,0,0,0,0
test_41_1_1.png,0,0,0,0,0,0,0,0,0,0,0,0,0,0,0
test_41_1_2.png,1742,245,61,1722,269,81,1721,215,82,1723,259,80,1729,242,74
test_41_1_3.png,13354,799,543,13357,812,540,13229,741,668,13331,725,566,13332,758,565
test_41_2_0.png,0,0,0,0,0,0,0,0,0,0,0,0,0,0,0
test_41_2_1.png,3139,147,440,3159,178,420,3114,153,465,3113,170,466,3139,160,440
test_41_2_2.png,16635,1128,929,16653,1045,911,16493,1132,1071,16380,1030,1184,16590,1059,974
test_41_2_3.png,20089,1320,959,20125,1387,923,20102,1288,946,20062,1283,986,20122,1278,926
test_41_3_0.png,7646,446,439,7726,481,359,7516,430,569,7464,429,621,7614,421,471
test_41_3_1.png,15182,1407,634,15153,1265,663,15101,1325,715,15092,1269,724,15167,1275,649
test_41_3_2.png,20854,1534,623,20788,1278,689,20656,1245,821,20647,1184,830,20763,1244,714
test_41_3_3.png,19932,1002,983,19848,859,1067,19761,953,1154,19630,859,1285,19802,875,1113
test_42_0_0.png,574,37,405,581,40,398,568,34,411,563,37,416,572,36,407
test_42_0_1.png,0,0,0,0,0,0,0,0,0,0,0,0,0,0,0
test_42_0_2.png,0,0,0,0,0,0,0,0,0,0,0,0,0,0,0
test_42_0_3.png,0,0,0,0,0,0,0,0,0,0,0,0,0,0,0
test_42_1_0.png,2631,175,170,2654,189,147,2622,180,179,2652,185,149,2642,180,159
test_42_1_1.png,1419,90,48,1407,110,60,1386,101,81,1430,122,37,1416,102,51
test_42_1_2.png,0,0,0,0,0,0,0,0,0,0,0,0,0,0,0
test_42_1_3.png,6679,612,299,6689,656,289,6666,587,312,6361,572,617,6667,595,311
test_42_2_0.png,7671,835,334,7685,906,320,7551,842,454,7552,817,453,7638,831,367
test_42_2_1.png,4166,254,264,4188,246,242,4135,227,295,4137,221,293,4165,231,265
test_42_2_2.png,10710,1050,368,10791,1139,287,10650,1004,428,10607,867,471,10701,976,377
test_42_2_3.png,15692,1573,671,15699,1544,664,15558,1385,805,15489,1342,874,15621,1418,742
test_42_3_0.png,0,0,0,0,0,0,0,0,0,0,0,0,0,0,0
test_42_3_1.png,0,0,0,0,0,0,0,0,0,0,0,0,0,0,0
test_42_3_2.png,627,26,68,625,25,70,628,27,67,628,29,67,627,27,68
test_42_3_3.png,1621,51,167,1581,57,207,1614,50,174,1563,49,225,1606,50,182
test_43_0_0.png,2242,155,113,2224,114,131,2193,115,162,2157,114,198,2211,116,144
test_43_0_1.png,2143,144,264,2143,119,264,2087,123,320,2133,143,274,2130,119,277
test_43_0_2.png,1903,94,190,1909,113,184,1792,83,301,1819,69,274,1862,84,231
test_43_0_3.png,2283,328,113,2285,285,111,2219,232,177,2168,166,228,2271,243,125
test_43_1_0.png,0,0,0,0,0,0,0,0,0,0,0,0,0,0,0
test_43_1_1.png,0,0,0,0,0,0,0,0,0,0,0,0,0,0,0
test_43_1_2.png,0,0,0,0,0,0,0,0,0,0,0,0,0,0,0
test_43_1_3.png,1856,111,17,1861,141,12,1856,387,17,1853,111,20,1857,121,16
test_43_2_0.png,0,0,0,0,0,0,0,0,0,0,0,0,0,0,0
test_43_2_1.png,0,0,0,0,0,0,0,0,0,0,0,0,0,0,0
test_43_2_2.png,0,0,0,0,0,0,0,0,0,0,0,0,0,0,0
test_43_2_3.png,570,88,17,569,74,18,541,27,46,574,88,13,572,77,15
test_43_3_0.png,0,0,0,0,0,0,0,0,0,0,0,0,0,0,0
test_43_3_1.png,5031,782,247,5044,835,234,4993,868,285,5024,818,254,5014,819,264
test_43_3_2.png,9819,1303,400,9797,1242,422,9644,1173,575,9777,1250,442,9787,1226,432
test_43_3_3.png,5444,588,773,5569,625,648,5600,638,617,5398,608,819,5496,588,721
test_44_0_0.png,0,0,0,0,0,0,0,0,0,0,0,0,0,0,0
test_44_0_1.png,0,0,0,0,0,0,0,0,0,0,0,0,0,0,0
test_44_0_2.png,0,0,0,0,0,0,0,0,0,0,0,0,0,0,0
test_44_0_3.png,557,35,35,572,39,20,563,36,29,571,34,21,568,38,24
test_44_1_0.png,0,0,0,0,0,0,0,0,0,0,0,0,0,0,0
test_44_1_1.png,0,0,0,0,0,0,0,0,0,0,0,0,0,0,0
test_44_1_2.png,0,0,0,0,0,0,0,0,0,0,0,0,0,0,0
test_44_1_3.png,2011,143,71,2000,128,82,1990,100,92,2017,152,65,2009,122,73
test_44_2_0.png,0,0,0,0,0,0,0,0,0,0,0,0,0,0,0
test_44_2_1.png,0,0,0,0,0,0,0,0,0,0,0,0,0,0,0
test_44_2_2.png,2483,336,178,2466,439,195,2492,432,169,2508,429,153,2495,403,166
test_44_2_3.png,15047,1460,728,15007,1367,768,14906,1234,869,14998,1277,777,15012,1303,763
test_44_3_0.png,0,0,0,0,0,0,0,0,0,0,0,0,0,0,0
test_44_3_1.png,0,0,0,0,0,0,0,0,0,0,0,0,0,0,0
test_44_3_2.png,0,0,0,0,0,0,0,0,0,0,0,0,0,0,0
test_44_3_3.png,9135,695,440,9195,748,380,9095,714,480,9057,725,518,9139,697,436
test_45_0_0.png,15353,1374,968,15234,1231,1087,15062,1436,1259,15107,1342,1214,15219,1301,1102
test_45_0_1.png,18472,2451,934,18445,2214,961,18317,2124,1089,18405,2398,1001,18441,2251,965
test_45_0_2.png,16876,2050,908,16723,1821,1061,16699,1908,1085,16801,1976,983,16789,1921,995
test_45_0_3.png,19361,2516,1218,19398,2407,1181,19220,2291,1359,19271,2421,1308,19367,2337,1212
test_45_1_0.png,17522,1835,1042,17493,1762,1071,17361,1669,1203,17563,1761,1001,17525,1703,1039
test_45_1_1.png,19215,1661,1205,19289,1665,1131,19039,1490,1381,19107,1512,1313,19194,1525,1226
test_45_1_2.png,20144,2305,811,20125,2348,830,20117,2427,838,20144,2483,811,20154,2340,801
test_45_1_3.png,17212,2048,926,17131,1881,1007,17163,1901,975,17112,1809,1026,17159,1875,979
test_45_2_0.png,5606,609,458,5525,699,539,5570,604,494,5546,621,518,5546,600,518
test_45_2_1.png,9695,620,722,9661,627,756,9548,536,869,9713,684,704,9680,570,737
test_45_2_2.png,18387,1857,869,18298,1649,958,18309,1843,947,18297,1886,959,18341,1746,915
test_45_2_3.png,19739,1857,930,19697,1887,972,19591,1887,1078,19687,1908,982,19707,1853,962
test_45_3_0.png,7966,627,518,8004,727,480,7901,618,583,7999,771,485,7983,658,501
test_45_3_1.png,10520,1033,638,10509,978,649,10522,1032,636,10514,1027,644,10536,981,622
test_45_3_2.png,13677,1548,884,13875,1581,686,13536,1212,1025,13050,1124,1511,13670,1333,891
test_45_3_3.png,19412,1870,1335,19569,2047,1178,19350,2000,1397,19460,2188,1287,19482,1980,1265
test_46_0_0.png,18804,1800,779,18864,1735,719,18787,1696,796,18789,1702,794,18834,1677,749
test_46_0_1.png,19312,1849,1383,19604,1939,1091,19395,1902,1300,19379,1893,1316,19441,1848,1254
test_46_0_2.png,8746,858,316,8718,792,344,8699,740,363,8615,691,447,8715,743,347
test_46_0_3.png,0,0,0,0,0,0,0,0,0,0,0,0,0,0,0
test_46_1_0.png,20382,1412,958,20396,1499,944,20505,1512,835,20389,1431,951,20421,1425,919
test_46_1_1.png,18014,1659,1145,18247,1722,912,17991,1586,1168,18170,1693,989,18130,1621,1029
test_46_1_2.png,9386,706,562,9289,661,659,9330,676,618,9345,686,603,9323,671,625
test_46_1_3.png,0,0,0,0,0,0,0,0,0,0,0,0,0,0,0
test_46_2_0.png,6029,408,443,5952,410,520,5946,448,526,5999,452,473,5977,411,495
test_46_2_1.png,7497,698,409,7456,598,450,7444,584,462,7441,650,465,7464,614,442
test_46_2_2.png,1287,212,136,1222,204,201,1218,167,205,1292,203,131,1263,203,160
test_46_2_3.png,0,0,0,0,0,0,0,0,0,0,0,0,0,0,0
test_46_3_0.png,3304,183,154,3310,164,148,3302,187,156,3319,195,139,3309,170,149
test_46_3_1.png,885,68,76,820,85,141,819,59,142,807,97,154,816,71,145
test_46_3_2.png,0,0,0,0,0,0,0,0,0,0,0,0,0,0,0
test_46_3_3.png,0,0,0,0,0,0,0,0,0,0,0,0,0,0,0
test_47_0_0.png,0,0,0,0,0,0,0,0,0,0,0,0,0,0,0
test_47_0_1.png,5238,360,180,5224,350,194,5225,349,193,5217,338,201,5231,344,187
test_47_0_2.png,0,0,0,0,0,0,0,0,0,0,0,0,0,0,0
test_47_0_3.png,5448,588,97,5407,572,138,5459,617,86,5435,625,110,5436,585,109
test_47_1_0.png,0,0,0,0,0,0,0,0,0,0,0,0,0,0,0
test_47_1_1.png,4859,355,272,4886,352,245,4778,298,353,4809,300,322,4842,317,289
test_47_1_2.png,15017,1227,607,14953,1140,671,14969,1285,655,14966,1269,658,14994,1195,630
test_47_1_3.png,15753,1688,454,15822,1743,385,15757,1577,450,15779,1634,428,15795,1632,412
test_47_2_0.png,476,26,36,470,26,42,420,8,92,464,16,48,466,19,46
test_47_2_1.png,0,0,0,0,0,0,0,0,0,0,0,0,0,0,0
test_47_2_2.png,7931,674,959,7955,713,935,7953,704,937,7889,626,1001,7933,661,957
test_47_2_3.png,14704,1408,603,14620,1253,687,14587,1214,720,14449,1140,858,14614,1196,693
test_47_3_0.png,0,0,0,0,0,0,0,0,0,0,0,0,0,0,0
test_47_3_1.png,0,0,0,0,0,0,0,0,0,0,0,0,0,0,0
test_47_3_2.png,264,25,92,0,0,356,293,33,63,48,5,308,248,13,108
test_47_3_3.png,3564,297,1746,3660,298,1650,3416,257,1894,2969,225,2341,3522,261,1788
test_48_0_0.png,0,0,0,0,0,0,0,0,0,0,0,0,0,0,0
test_48_0_1.png,2186,51,167,2199,48,154,2186,41,167,2200,64,153,2196,46,157
test_48_0_2.png,476,1,110,455,0,131,433,1,153,0,0,586,409,0,177
test_48_0_3.png,4287,669,263,4276,685,274,4211,606,339,4301,734,249,4267,647,283
test_48_1_0.png,0,0,0,0,0,0,0,0,0,0,0,0,0,0,0
test_48_1_1.png,0,0,0,0,0,0,0,0,0,0,0,0,0,0,0
test_48_1_2.png,0,0,0,0,0,0,0,0,0,0,0,0,0,0,0
test_48_1_3.png,0,0,0,0,0,0,0,0,0,0,0,0,0,0,0
test_48_2_0.png,0,0,0,0,0,0,0,0,0,0,0,0,0,0,0
test_48_2_1.png,0,0,0,0,0,0,0,0,0,0,0,0,0,0,0
test_48_2_2.png,0,0,0,0,0,0,0,0,0,0,0,0,0,0,0
test_48_2_3.png,0,0,0,0,0,0,0,0,0,0,0,0,0,0,0
test_48_3_0.png,0,0,0,0,0,0,0,0,0,0,0,0,0,0,0
test_48_3_1.png,0,0,0,0,0,0,0,0,0,0,0,0,0,0,0
test_48_3_2.png,0,0,0,0,0,0,0,0,0,0,0,0,0,0,0
test_48_3_3.png,880,70,13,881,71,12,891,63,2,886,79,7,885,68,8
test_49_0_0.png,0,0,0,0,0,0,0,0,0,0,0,0,0,0,0
test_49_0_1.png,6668,595,472,6679,621,461,6661,594,479,6714,623,426,6682,604,458
test_49_0_2.png,11311,682,1032,11151,583,1192,11222,530,1121,11168,593,1175,11243,598,1100
test_49_0_3.png,12633,960,1336,12544,859,1425,12384,756,1585,12347,814,1622,12465,835,1504
test_49_1_0.png,204,0,47,192,0,59,185,0,66,184,0,67,189,0,62
test_49_1_1.png,9341,587,425,9337,639,429,9304,533,462,9351,583,415,9344,562,422
test_49_1_2.png,14388,937,832,14324,927,896,14211,739,1009,14233,782,987,14292,823,928
test_49_1_3.png,11979,1226,554,11948,1082,585,11900,1066,633,11893,1027,640,11940,1085,593
test_49_2_0.png,1626,12,145,1635,14,136,1628,18,143,1650,18,121,1631,15,140
test_49_2_1.png,6149,362,271,6171,380,249,6111,361,309,6080,352,340,6131,353,289
test_49_2_2.png,7936,457,473,7799,401,610,7830,431,579,7738,405,671,7823,414,586
test_49_2_3.png,8192,471,226,8155,492,263,8103,355,315,8092,409,326,8139,416,279
test_49_3_0.png,0,0,0,0,0,0,0,0,0,0,0,0,0,0,0
test_49_3_1.png,0,0,0,0,0,0,0,0,0,0,0,0,0,0,0
test_49_3_2.png,11045,333,914,11022,241,937,10827,218,1132,10944,230,1015,10989,241,970
test_49_3_3.png,17568,1572,799,17479,1559,888,17574,1620,793,17485,1552,882,17527,1569,840
test_4_0_0.png,332,43,10,331,30,11,333,25,9,333,27,9,332,28,10
test_4_0_1.png,209,37,261,206,35,264,209,37,261,209,39,261,209,38,261
test_4_0_2.png,354,46,63,357,39,60,360,47,57,373,31,44,359,42,58
test_4_0_3.png,0,0,0,0,0,0,0,0,0,0,0,0,0,0,0
test_4_1_0.png,0,0,0,0,0,0,0,0,0,0,0,0,0,0,0
test_4_1_1.png,0,0,0,0,0,0,0,0,0,0,0,0,0,0,0
test_4_1_2.png,0,0,0,0,0,0,0,0,0,0,0,0,0,0,0
test_4_1_3.png,0,0,0,0,0,0,0,0,0,0,0,0,0,0,0
test_4_2_0.png,0,0,0,0,0,0,0,0,0,0,0,0,0,0,0
test_4_2_1.png,0,0,0,0,0,0,0,0,0,0,0,0,0,0,0
test_4_2_2.png,0,0,0,0,0,0,0,0,0,0,0,0,0,0,0
test_4_2_3.png,0,0,0,0,0,0,0,0,0,0,0,0,0,0,0
test_4_3_0.png,0,0,0,0,0,0,0,0,0,0,0,0,0,0,0
test_4_3_1.png,1447,54,147,1460,61,134,1436,64,158,1425,51,169,1443,55,151
test_4_3_2.png,3408,295,243,3442,274,209,3444,256,207,3422,260,229,3435,272,216
test_4_3_3.png,5249,267,474,5255,679,468,5182,254,541,5257,238,466,5242,248,481
test_50_0_0.png,0,0,0,0,0,0,0,0,0,0,0,0,0,0,0
test_50_0_1.png,0,0,0,0,0,0,0,0,0,0,0,0,0,0,0
test_50_0_2.png,0,0,0,0,0,0,0,0,0,0,0,0,0,0,0
test_50_0_3.png,0,0,0,0,0,0,0,0,0,0,0,0,0,0,0
test_50_1_0.png,0,0,0,0,0,0,0,0,0,0,0,0,0,0,0
test_50_1_1.png,0,0,0,0,0,0,0,0,0,0,0,0,0,0,0
test_50_1_2.png,0,0,0,0,0,0,0,0,0,0,0,0,0,0,0
test_50_1_3.png,87,6,79,86,1,80,36,1,130,124,15,42,82,3,84
test_50_2_0.png,4298,554,175,4357,674,116,4308,426,165,4202,422,271,4353,496,120
test_50_2_1.png,1073,136,97,1073,137,97,1060,120,110,1068,128,102,1066,131,104
test_50_2_2.png,1053,50,46,1038,40,61,1055,44,44,1062,42,37,1052,43,47
test_50_2_3.png,3810,797,476,3812,708,474,3689,709,597,3726,701,560,3755,730,531
test_50_3_0.png,13828,769,877,13860,807,845,13759,766,946,13764,763,941,13809,752,896
test_50_3_1.png,17495,1437,1195,17234,1396,1456,17408,1397,1282,17196,1342,1494,17390,1376,1300
test_50_3_2.png,14483,1275,810,14463,1265,830,14315,1070,978,14312,1156,981,14405,1177,888
test_50_3_3.png,3736,294,115,3733,310,118,3678,247,173,3694,282,157,3715,279,136
test_51_0_0.png,6506,1464,386,6475,1554,417,6376,1322,516,6361,1319,531,6448,1403,444
test_51_0_1.png,0,0,0,0,0,0,0,0,0,0,0,0,0,0,0
test_51_0_2.png,0,0,0,0,0,0,0,0,0,0,0,0,0,0,0
test_51_0_3.png,0,0,0,0,0,0,0,0,0,0,0,0,0,0,0
test_51_1_0.png,0,0,47,0,0,47,0,0,47,0,0,47,0,0,47
test_51_1_1.png,0,0,0,0,0,0,0,0,0,0,0,0,0,0,0
test_51_1_2.png,0,0,0,0,0,0,0,0,0,0,0,0,0,0,0
test_51_1_3.png,0,0,0,0,0,0,0,0,0,0,0,0,0,0,0
test_51_2_0.png,0,0,0,0,0,0,0,0,0,0,0,0,0,0,0
test_51_2_1.png,0,0,0,0,0,0,0,0,0,0,0,0,0,0,0
test_51_2_2.png,0,0,0,0,0,0,0,0,0,0,0,0,0,0,0
test_51_2_3.png,0,0,0,0,0,0,0,0,0,0,0,0,0,0,0
test_51_3_0.png,0,0,0,0,0,0,0,0,0,0,0,0,0,0,0
test_51_3_1.png,0,0,0,0,0,0,0,0,0,0,0,0,0,0,0
test_51_3_2.png,0,0,0,0,0,0,0,0,0,0,0,0,0,0,0
test_51_3_3.png,0,0,0,0,0,0,0,0,0,0,0,0,0,0,0
test_52_0_0.png,0,0,0,0,0,0,0,0,0,0,0,0,0,0,0
test_52_0_1.png,0,0,0,0,0,0,0,0,0,0,0,0,0,0,0
test_52_0_2.png,0,0,0,0,0,0,0,0,0,0,0,0,0,0,0
test_52_0_3.png,0,0,0,0,0,0,0,0,0,0,0,0,0,0,0
test_52_1_0.png,0,0,0,0,0,0,0,0,0,0,0,0,0,0,0
test_52_1_1.png,0,0,0,0,0,0,0,0,0,0,0,0,0,0,0
test_52_1_2.png,0,0,0,0,0,0,0,0,0,0,0,0,0,0,0
test_52_1_3.png,0,15,0,0,0,0,0,0,0,0,0,0,0,0,0
test_52_2_0.png,9100,589,1213,9045,613,1268,9038,609,1275,9031,596,1282,9059,580,1254
test_52_2_1.png,2350,73,211,2323,73,238,2319,52,242,2320,55,241,2333,58,228
test_52_2_2.png,0,0,0,0,0,0,0,0,0,0,0,0,0,0,0
test_52_2_3.png,0,0,0,0,0,0,0,0,0,0,0,0,0,0,0
test_52_3_0.png,20061,1217,1076,19828,1013,1309,19933,1094,1204,19965,1125,1172,19964,1073,1173
test_52_3_1.png,7550,233,570,7536,221,584,7624,234,496,7530,238,590,7555,224,565
test_52_3_2.png,0,0,82,0,0,82,0,0,82,0,0,82,0,0,82
test_52_3_3.png,0,0,0,0,0,0,0,0,0,0,0,0,0,0,0
test_53_0_0.png,0,0,0,0,0,0,0,0,0,0,0,0,0,0,0
test_53_0_1.png,0,0,0,0,0,0,0,0,0,0,0,0,0,0,0
test_53_0_2.png,0,0,0,0,0,0,0,0,0,0,0,0,0,0,0
test_53_0_3.png,0,0,46,0,0,46,0,0,46,0,46,46,0,0,46
test_53_1_0.png,0,0,0,0,0,0,0,0,0,0,0,0,0,0,0
test_53_1_1.png,0,0,0,0,0,0,0,0,0,0,0,0,0,0,0
test_53_1_2.png,0,0,0,0,0,0,0,0,0,0,0,0,0,0,0
test_53_1_3.png,0,0,142,0,0,142,0,0,142,0,0,142,0,0,142
test_53_2_0.png,0,0,0,0,0,0,0,0,0,0,0,0,0,0,0
test_53_2_1.png,1631,88,66,1611,87,86,1609,84,88,1604,120,93,1613,85,84
test_53_2_2.png,0,0,0,0,0,0,0,0,0,0,0,0,0,0,0
test_53_2_3.png,0,0,0,0,0,0,0,0,0,0,0,0,0,0,0
test_53_3_0.png,944,4,96,931,4,109,933,3,107,949,6,91,937,4,103
test_53_3_1.png,4109,151,253,4102,150,260,4072,158,290,4096,144,266,4091,153,271
test_53_3_2.png,4093,144,287,4076,114,304,4075,131,305,4146,175,234,4100,129,280
test_53_3_3.png,0,0,0,0,0,0,0,0,0,0,0,0,0,0,0
test_54_0_0.png,6179,394,145,6127,355,197,6100,268,224,6069,200,255,6116,284,208
test_54_0_1.png,7232,632,184,7158,297,258,7170,273,246,6712,236,704,7178,274,238
test_54_0_2.png,1065,357,260,1054,13,271,1052,412,273,1020,422,305,1046,378,279
test_54_0_3.png,0,0,0,0,0,0,0,0,0,0,0,0,0,0,0
test_54_1_0.png,3643,419,83,3632,468,94,3635,362,91,3642,344,84,3648,387,78
test_54_1_1.png,6646,273,523,6591,209,578,6583,210,586,6445,185,724,6579,199,590
test_54_1_2.png,0,0,0,0,0,0,0,0,0,0,0,0,0,0,0
test_54_1_3.png,0,0,0,0,0,0,0,0,0,0,0,0,0,0,0
test_54_2_0.png,2315,726,10,2302,710,23,2297,627,28,2299,317,26,2309,633,16
test_54_2_1.png,0,0,0,0,0,0,0,0,0,0,0,0,0,0,0
test_54_2_2.png,0,0,0,0,0,0,0,0,0,0,0,0,0,0,0
test_54_2_3.png,0,0,0,0,0,0,0,0,0,0,0,0,0,0,0
test_54_3_0.png,2340,253,485,2335,275,490,2316,167,509,2313,109,512,2333,182,492
test_54_3_1.png,0,0,0,0,0,0,0,0,0,0,0,0,0,0,0
test_54_3_2.png,0,0,0,0,0,0,0,0,0,0,0,0,0,0,0
test_54_3_3.png,0,0,0,0,0,0,0,0,0,0,0,0,0,0,0
test_55_0_0.png,0,0,0,0,0,0,0,0,0,0,0,0,0,0,0
test_55_0_1.png,0,0,0,0,0,0,0,0,0,0,0,0,0,0,0
test_55_0_2.png,0,0,0,0,0,0,0,0,0,0,0,0,0,0,0
test_55_0_3.png,0,0,0,0,0,0,0,0,0,0,0,0,0,0,0
test_55_1_0.png,8302,378,343,8344,408,301,8223,380,422,8342,399,303,8334,376,311
test_55_1_1.png,3311,201,183,3364,243,130,3358,218,136,3350,173,144,3346,197,148
test_55_1_2.png,0,0,0,0,0,0,0,0,0,0,0,0,0,0,0
test_55_1_3.png,0,0,0,0,0,0,0,0,0,0,0,0,0,0,0
test_55_2_0.png,19839,1388,995,19821,1570,1013,19736,1459,1098,19780,1534,1054,19781,1468,1053
test_55_2_1.png,13343,1162,644,13161,1059,826,12972,1075,1015,12698,1112,1289,13198,1070,789
test_55_2_2.png,3214,187,214,3195,205,233,3182,182,246,3192,197,236,3201,185,227
test_55_2_3.png,0,0,0,0,0,0,0,0,0,0,0,0,0,0,0
test_55_3_0.png,11471,802,917,11457,652,931,11114,551,1274,11415,694,973,11468,605,920
test_55_3_1.png,19857,1855,1165,19948,1917,1074,19649,1437,1373,19608,1433,1414,19840,1643,1182
test_55_3_2.png,16561,1716,878,16439,1629,1000,16412,1720,1027,16369,1901,1070,16469,1691,970
test_55_3_3.png,13330,667,1049,13252,585,1127,13175,518,1204,13213,559,1166,13252,560,1127
test_56_0_0.png,0,0,0,0,0,0,0,0,0,0,0,0,0,0,0
test_56_0_1.png,0,0,0,0,0,0,0,0,0,0,0,0,0,0,0
test_56_0_2.png,0,0,0,0,0,0,0,0,0,0,0,0,0,0,0
test_56_0_3.png,966,245,34,979,328,21,959,239,41,963,191,37,967,241,33
test_56_1_0.png,0,0,0,0,0,0,0,0,0,0,0,0,0,0,0
test_56_1_1.png,0,0,0,0,0,0,0,0,0,0,0,0,0,0,0
test_56_1_2.png,0,0,0,0,0,0,0,0,0,0,0,0,0,0,0
test_56_1_3.png,0,0,0,0,0,0,0,0,0,0,0,0,0,0,0
test_56_2_0.png,0,43,0,0,2,0,0,171,0,0,25,0,0,49,0
test_56_2_1.png,1349,5,97,1335,0,111,1322,0,124,1334,0,112,1332,0,114
test_56_2_2.png,3617,119,324,3623,135,318,3607,113,334,3583,127,358,3609,120,332
test_56_2_3.png,0,0,0,0,0,0,0,0,0,0,0,0,0,0,0
test_56_3_0.png,0,0,0,0,0,0,0,0,0,0,0,0,0,0,0
test_56_3_1.png,1290,26,200,1117,0,373,1207,2,283,1093,63,397,1172,0,318
test_56_3_2.png,0,0,8,0,0,8,0,0,8,0,0,8,0,0,8
test_56_3_3.png,0,0,0,0,0,0,0,0,0,0,0,0,0,0,0
test_57_0_0.png,553,4,260,391,3,422,354,3,459,389,0,424,388,2,425
test_57_0_1.png,7538,671,757,7481,688,814,7412,627,883,7453,672,842,7478,662,817
test_57_0_2.png,8172,716,551,8249,851,474,7994,609,729,8108,614,615,8150,682,573
test_57_0_3.png,0,0,0,0,0,0,0,0,0,0,0,0,0,0,0
test_57_1_0.png,0,0,0,0,0,0,0,0,0,0,0,0,0,0,0
test_57_1_1.png,0,0,0,0,0,0,0,0,0,0,0,0,0,0,0
test_57_1_2.png,0,0,0,0,0,0,0,0,0,0,0,0,0,0,0
test_57_1_3.png,0,0,0,0,0,0,0,0,0,0,0,0,0,0,0
test_57_2_0.png,0,0,119,0,0,119,0,0,119,0,0,119,0,0,119
test_57_2_1.png,0,0,0,0,0,0,0,0,0,0,0,0,0,0,0
test_57_2_2.png,0,0,0,0,0,0,0,0,0,0,0,0,0,0,0
test_57_2_3.png,0,0,0,0,0,0,0,0,0,0,0,0,0,0,0
test_57_3_0.png,169,23,807,265,52,711,192,13,784,264,61,712,253,44,723
test_57_3_1.png,233,153,3,235,144,1,0,0,236,0,0,236,107,48,129
test_57_3_2.png,0,0,0,0,0,0,0,0,0,0,0,0,0,0,0
test_57_3_3.png,0,0,0,0,0,0,0,0,0,0,0,0,0,0,0
test_58_0_0.png,458,808,81,429,751,110,500,798,39,488,795,51,471,792,68
test_58_0_1.png,0,0,0,0,0,0,0,0,0,0,0,0,0,0,0
test_58_0_2.png,0,0,0,0,0,0,0,0,0,0,0,0,0,0,0
test_58_0_3.png,0,0,0,0,0,0,0,0,0,0,0,0,0,0,0
test_58_1_0.png,0,0,0,0,0,0,0,0,0,0,0,0,0,0,0
test_58_1_1.png,0,0,0,0,0,0,0,0,0,0,0,0,0,0,0
test_58_1_2.png,0,0,0,0,0,0,0,0,0,0,0,0,0,0,0
test_58_1_3.png,0,0,0,0,0,0,0,0,0,0,0,0,0,0,0
test_58_2_0.png,0,0,0,0,0,0,0,0,0,0,0,0,0,0,0
test_58_2_1.png,0,0,0,0,0,0,0,0,0,0,0,0,0,0,0
test_58_2_2.png,0,0,0,0,0,0,0,0,0,0,0,0,0,0,0
test_58_2_3.png,0,0,0,0,0,0,0,0,0,0,0,0,0,0,0
test_58_3_0.png,0,0,0,0,0,0,0,0,0,0,0,0,0,0,0
test_58_3_1.png,0,0,0,0,0,0,0,0,0,0,0,0,0,0,0
test_58_3_2.png,0,0,0,0,0,0,0,0,0,0,0,0,0,0,0
test_58_3_3.png,0,0,0,0,0,0,0,0,0,0,0,0,0,0,0
test_59_0_0.png,0,0,0,0,0,0,0,0,0,0,0,0,0,0,0
test_59_0_1.png,0,0,0,0,0,0,0,0,0,0,0,0,0,0,0
test_59_0_2.png,0,0,0,0,0,0,0,0,0,0,0,0,0,0,0
test_59_0_3.png,0,0,0,0,0,0,0,0,0,0,0,0,0,0,0
test_59_1_0.png,0,0,0,0,0,0,0,0,0,0,0,0,0,0,0
test_59_1_1.png,0,0,0,0,0,0,0,0,0,0,0,0,0,0,0
test_59_1_2.png,0,0,0,0,0,0,0,0,0,0,0,0,0,0,0
test_59_1_3.png,0,0,0,0,0,0,0,0,0,0,0,0,0,0,0
test_59_2_0.png,0,0,0,0,0,0,0,0,0,0,0,0,0,0,0
test_59_2_1.png,0,0,0,0,0,0,0,0,0,0,0,0,0,0,0
test_59_2_2.png,0,0,0,0,0,0,0,0,0,0,0,0,0,0,0
test_59_2_3.png,0,0,0,0,0,0,0,0,0,0,0,0,0,0,0
test_59_3_0.png,0,0,0,0,0,0,0,0,0,0,0,0,0,0,0
test_59_3_1.png,0,0,0,0,0,0,0,0,0,0,0,0,0,0,0
test_59_3_2.png,0,0,230,0,0,230,0,0,230,0,0,230,0,0,230
test_59_3_3.png,0,0,0,0,0,0,0,0,0,0,0,0,0,0,0
test_5_0_0.png,0,0,0,0,0,0,0,0,0,0,0,0,0,0,0
test_5_0_1.png,0,0,0,0,0,0,0,0,0,0,0,0,0,0,0
test_5_0_2.png,0,0,0,0,0,0,0,0,0,0,0,0,0,0,0
test_5_0_3.png,0,0,0,0,0,0,0,0,0,0,0,0,0,0,0
test_5_1_0.png,0,0,0,0,0,0,0,0,0,0,0,0,0,0,0
test_5_1_1.png,0,0,0,0,0,0,0,0,0,0,0,0,0,0,0
test_5_1_2.png,0,0,0,0,0,0,0,0,0,0,0,0,0,0,0
test_5_1_3.png,0,0,0,0,0,0,0,0,0,0,0,0,0,0,0
test_5_2_0.png,0,0,0,0,0,0,0,0,0,0,0,0,0,0,0
test_5_2_1.png,0,0,0,0,0,0,0,0,0,0,0,0,0,0,0
test_5_2_2.png,96,30,26,96,43,26,93,6,29,80,5,42,95,12,27
test_5_2_3.png,5034,299,395,5042,316,387,4996,318,433,5007,297,422,5022,300,407
test_5_3_0.png,0,0,0,0,0,0,0,0,0,0,0,0,0,0,0
test_5_3_1.png,0,0,0,0,0,0,0,0,0,0,0,0,0,0,0
test_5_3_2.png,2046,126,47,2060,136,33,2026,132,67,2030,113,63,2041,119,52
test_5_3_3.png,4698,316,230,4710,322,218,4670,310,258,4684,340,244,4687,318,241
test_60_0_0.png,0,0,0,0,0,0,0,0,0,0,0,0,0,0,0
test_60_0_1.png,0,0,0,0,0,0,0,0,0,0,0,0,0,0,0
test_60_0_2.png,0,0,0,0,0,0,0,0,0,0,0,0,0,0,0
test_60_0_3.png,0,0,0,0,0,0,0,0,0,0,0,0,0,0,0
test_60_1_0.png,0,0,0,0,0,0,0,0,0,0,0,0,0,0,0
test_60_1_1.png,0,0,0,0,0,0,0,0,0,0,0,0,0,0,0
test_60_1_2.png,0,0,0,0,0,0,0,0,0,0,0,0,0,0,0
test_60_1_3.png,0,0,0,0,0,0,0,0,0,0,0,0,0,0,0
test_60_2_0.png,0,0,0,0,0,0,0,0,0,0,0,0,0,0,0
test_60_2_1.png,0,0,0,0,0,0,0,0,0,0,0,0,0,0,0
test_60_2_2.png,0,0,0,0,0,0,0,0,0,0,0,0,0,0,0
test_60_2_3.png,0,0,0,0,0,0,0,0,0,0,0,0,0,0,0
test_60_3_0.png,0,0,0,0,0,0,0,0,0,0,0,0,0,0,0
test_60_3_1.png,0,0,0,0,0,0,0,0,0,0,0,0,0,0,0
test_60_3_2.png,0,0,0,0,0,0,0,0,0,0,0,0,0,0,0
test_60_3_3.png,0,0,0,0,0,0,0,0,0,0,0,0,0,0,0
test_61_0_0.png,0,0,0,0,0,0,0,0,0,0,0,0,0,0,0
test_61_0_1.png,0,0,0,0,0,0,0,0,0,0,0,0,0,0,0
test_61_0_2.png,0,0,0,0,0,0,0,0,0,0,0,0,0,0,0
test_61_0_3.png,0,0,0,0,0,0,0,0,0,0,0,0,0,0,0
test_61_1_0.png,0,0,0,0,0,0,0,0,0,0,0,0,0,0,0
test_61_1_1.png,0,0,0,0,0,0,0,0,0,0,0,0,0,0,0
test_61_1_2.png,0,0,0,0,0,0,0,0,0,0,0,0,0,0,0
test_61_1_3.png,0,0,185,0,0,185,0,0,185,0,0,185,0,0,185
test_61_2_0.png,0,0,0,0,0,0,0,0,0,0,0,0,0,0,0
test_61_2_1.png,0,0,0,0,0,0,0,0,0,0,0,0,0,0,0
test_61_2_2.png,0,0,0,0,0,0,0,0,0,0,0,0,0,0,0
test_61_2_3.png,0,0,0,0,0,0,0,0,0,0,0,0,0,0,0
test_61_3_0.png,0,0,0,0,0,0,0,0,0,0,0,0,0,0,0
test_61_3_1.png,0,0,0,0,0,0,0,0,0,0,0,0,0,0,0
test_61_3_2.png,0,0,0,0,0,0,0,0,0,0,0,0,0,0,0
test_61_3_3.png,0,0,0,0,0,0,0,0,0,0,0,0,0,0,0
test_62_0_0.png,0,0,0,0,0,0,0,0,0,0,0,0,0,0,0
test_62_0_1.png,0,0,0,0,0,0,0,0,0,0,0,0,0,0,0
test_62_0_2.png,0,0,0,0,0,0,0,0,0,0,0,0,0,0,0
test_62_0_3.png,0,0,0,0,0,0,0,0,0,0,0,0,0,0,0
test_62_1_0.png,0,0,0,0,0,0,0,0,0,0,0,0,0,0,0
test_62_1_1.png,0,0,0,0,0,0,0,0,0,0,0,0,0,0,0
test_62_1_2.png,0,0,0,0,0,0,0,0,0,0,0,0,0,0,0
test_62_1_3.png,0,0,0,0,0,0,0,0,0,0,0,0,0,0,0
test_62_2_0.png,0,0,0,0,0,0,0,0,0,0,0,0,0,0,0
test_62_2_1.png,0,0,0,0,0,0,0,0,0,0,0,0,0,0,0
test_62_2_2.png,0,0,0,0,0,0,0,0,0,0,0,0,0,0,0
test_62_2_3.png,0,0,0,0,0,0,0,0,0,0,0,0,0,0,0
test_62_3_0.png,0,0,0,0,0,0,0,0,0,0,0,0,0,0,0
test_62_3_1.png,0,0,0,0,0,0,0,0,0,0,0,0,0,0,0
test_62_3_2.png,0,0,0,0,0,0,0,0,0,0,0,0,0,0,0
test_62_3_3.png,0,0,0,0,0,0,0,0,0,0,0,0,0,0,0
test_63_0_0.png,0,0,0,0,0,0,0,0,0,0,0,0,0,0,0
test_63_0_1.png,0,0,0,0,0,0,0,0,0,0,0,0,0,0,0
test_63_0_2.png,0,0,0,0,0,0,0,0,0,0,0,0,0,0,0
test_63_0_3.png,0,0,0,0,0,0,0,0,0,0,0,0,0,0,0
test_63_1_0.png,0,0,262,0,0,262,0,0,262,0,0,262,0,0,262
test_63_1_1.png,0,0,0,0,0,0,0,0,0,0,0,0,0,0,0
test_63_1_2.png,0,0,0,0,0,0,0,0,0,0,0,0,0,0,0
test_63_1_3.png,0,0,0,0,0,0,0,0,0,0,0,0,0,0,0
test_63_2_0.png,0,0,0,0,0,0,0,0,0,0,0,0,0,0,0
test_63_2_1.png,0,0,0,0,0,0,0,0,0,0,0,0,0,0,0
test_63_2_2.png,0,0,0,0,0,0,0,0,0,0,0,0,0,0,0
test_63_2_3.png,0,0,0,0,0,0,0,0,0,0,0,0,0,0,0
test_63_3_0.png,0,0,0,0,0,0,0,0,0,0,0,0,0,0,0
test_63_3_1.png,0,0,0,0,0,0,0,0,0,0,0,0,0,0,0
test_63_3_2.png,0,0,0,0,0,0,0,0,0,0,0,0,0,0,0
test_63_3_3.png,0,0,0,0,0,0,0,0,0,0,0,0,0,0,0
test_64_0_0.png,0,0,0,0,0,0,0,0,0,0,0,0,0,0,0
test_64_0_1.png,0,0,0,0,0,0,0,0,0,0,0,0,0,0,0
test_64_0_2.png,0,0,0,0,0,0,0,0,0,0,0,0,0,0,0
test_64_0_3.png,0,0,0,0,0,0,0,0,0,0,0,0,0,0,0
test_64_1_0.png,0,0,0,0,0,0,0,0,0,0,0,0,0,0,0
test_64_1_1.png,0,0,0,0,0,0,0,0,0,0,0,0,0,0,0
test_64_1_2.png,0,0,0,0,0,0,0,0,0,0,0,0,0,0,0
test_64_1_3.png,0,0,0,0,0,0,0,0,0,0,0,0,0,0,0
test_64_2_0.png,0,0,0,0,0,0,0,0,0,0,0,0,0,0,0
test_64_2_1.png,0,0,0,0,0,0,0,0,0,0,0,0,0,0,0
test_64_2_2.png,0,0,0,0,0,0,0,0,0,0,0,0,0,0,0
test_64_2_3.png,0,0,0,0,0,0,0,0,0,0,0,0,0,0,0
test_64_3_0.png,0,0,0,0,0,0,0,0,0,0,0,0,0,0,0
test_64_3_1.png,0,0,0,0,0,0,0,0,0,0,0,0,0,0,0
test_64_3_2.png,0,0,0,0,0,0,0,0,0,0,0,0,0,0,0
test_64_3_3.png,0,0,0,0,0,0,0,0,0,0,0,0,0,0,0
test_65_0_0.png,0,0,0,0,0,0,0,0,0,0,0,0,0,0,0
test_65_0_1.png,0,0,0,0,0,0,0,0,0,0,0,0,0,0,0
test_65_0_2.png,0,0,0,0,0,0,0,0,0,0,0,0,0,0,0
test_65_0_3.png,0,0,0,0,0,0,0,0,0,0,0,0,0,0,0
test_65_1_0.png,0,0,0,0,0,0,0,0,0,0,0,0,0,0,0
test_65_1_1.png,0,0,0,0,0,0,0,0,0,0,0,0,0,0,0
test_65_1_2.png,0,0,0,0,0,0,0,0,0,0,0,0,0,0,0
test_65_1_3.png,0,0,0,0,0,0,0,0,0,0,0,0,0,0,0
test_65_2_0.png,0,0,0,0,0,0,0,0,0,0,0,0,0,0,0
test_65_2_1.png,0,0,0,0,0,0,0,0,0,0,0,0,0,0,0
test_65_2_2.png,0,0,0,0,0,0,0,0,0,0,0,0,0,0,0
test_65_2_3.png,0,0,0,0,0,0,0,0,0,0,0,0,0,0,0
test_65_3_0.png,0,0,0,0,0,0,0,0,0,0,0,0,0,0,0
test_65_3_1.png,0,0,0,0,0,0,0,0,0,0,0,0,0,0,0
test_65_3_2.png,0,0,0,0,0,0,0,0,0,0,0,0,0,0,0
test_65_3_3.png,0,0,0,0,0,0,0,0,0,0,0,0,0,0,0
test_66_0_0.png,0,0,0,0,0,0,0,0,0,0,0,0,0,0,0
test_66_0_1.png,0,0,0,0,0,0,0,0,0,0,0,0,0,0,0
test_66_0_2.png,0,0,0,0,0,0,0,0,0,0,0,0,0,0,0
test_66_0_3.png,0,0,0,0,0,0,0,0,0,0,0,0,0,0,0
test_66_1_0.png,0,0,0,0,0,0,0,0,0,0,0,0,0,0,0
test_66_1_1.png,0,0,0,0,0,0,0,0,0,0,0,0,0,0,0
test_66_1_2.png,0,0,0,0,0,0,0,0,0,0,0,0,0,0,0
test_66_1_3.png,0,0,0,0,0,0,0,0,0,0,0,0,0,0,0
test_66_2_0.png,0,0,0,0,0,0,0,0,0,0,0,0,0,0,0
test_66_2_1.png,0,0,0,0,0,0,0,0,0,0,0,0,0,0,0
test_66_2_2.png,0,0,0,0,0,0,0,0,0,0,0,0,0,0,0
test_66_2_3.png,0,0,0,0,0,0,0,0,0,0,0,0,0,0,0
test_66_3_0.png,0,0,0,0,0,0,0,0,0,0,0,0,0,0,0
test_66_3_1.png,0,0,0,0,0,0,0,0,0,0,0,0,0,0,0
test_66_3_2.png,0,0,0,0,0,0,0,0,0,0,0,0,0,0,0
test_66_3_3.png,0,0,0,0,0,0,0,0,0,0,0,0,0,0,0
test_67_0_0.png,0,0,0,0,0,0,0,0,0,0,0,0,0,0,0
test_67_0_1.png,0,0,0,0,0,0,0,0,0,0,0,0,0,0,0
test_67_0_2.png,3366,532,77,3379,506,64,3350,490,93,3346,493,97,3370,491,73
test_67_0_3.png,16476,1581,643,16471,1471,648,16223,1337,896,16241,1274,878,16382,1387,737
test_67_1_0.png,721,8,82,438,8,365,690,7,113,0,0,803,535,6,268
test_67_1_1.png,0,0,0,0,0,0,0,0,0,0,0,0,0,0,0
test_67_1_2.png,3107,250,177,2968,218,316,3048,234,236,2973,233,311,3023,217,261
test_67_1_3.png,5952,632,216,5922,605,246,5562,371,606,5569,409,599,5717,363,451
test_67_2_0.png,365,13,267,343,3,289,541,278,91,596,305,36,375,13,257
test_67_2_1.png,0,0,0,0,0,0,0,0,0,0,0,0,0,0,0
test_67_2_2.png,6200,673,92,6172,568,120,6109,550,183,5970,537,322,6149,561,143
test_67_2_3.png,13439,1855,229,13424,1680,244,13360,1730,308,13455,1730,213,13441,1707,227
test_67_3_0.png,921,54,20,923,52,18,919,59,22,930,56,11,925,54,16
test_67_3_1.png,0,0,0,0,0,0,0,0,0,0,0,0,0,0,0
test_67_3_2.png,0,0,0,0,0,0,0,0,0,0,0,0,0,0,0
test_67_3_3.png,191,1,23,199,5,15,203,8,11,194,7,20,195,4,19
test_68_0_0.png,12523,1161,441,12545,1052,419,12389,904,575,12471,1102,493,12483,1008,481
test_68_0_1.png,1744,210,18,1744,218,18,1742,211,20,1743,217,19,1743,205,19
test_68_0_2.png,0,0,0,0,0,0,0,0,0,0,0,0,0,0,0
test_68_0_3.png,0,0,465,0,0,465,0,0,465,0,0,465,0,0,465
test_68_1_0.png,18727,1852,283,18799,1962,211,18667,1536,343,18545,1503,465,18738,1656,272
test_68_1_1.png,12530,1206,362,12539,1297,353,12474,1069,418,12470,1138,422,12527,1137,365
test_68_1_2.png,5156,568,378,5172,544,362,5117,526,417,5059,504,475,5122,518,412
test_68_1_3.png,370,5,39,383,16,26,368,7,41,65,0,344,368,5,41
test_68_2_0.png,21452,1704,382,21577,1887,257,21303,1567,531,21306,1684,528,21414,1671,420
test_68_2_1.png,9365,736,222,9414,878,173,9315,638,272,9282,675,305,9365,712,222
test_68_2_2.png,124,257,48,132,309,40,0,0,172,0,101,172,69,222,103
test_68_2_3.png,0,60,457,0,7,457,0,0,457,0,0,457,0,0,457
test_68_3_0.png,8152,915,251,8189,943,214,8143,915,260,8108,877,295,8156,908,247
test_68_3_1.png,0,0,0,0,0,0,0,0,0,0,0,0,0,0,0
test_68_3_2.png,0,0,0,0,0,0,0,0,0,0,0,0,0,0,0
test_68_3_3.png,0,0,0,0,0,0,0,0,0,0,0,0,0,0,0
test_69_0_0.png,0,0,0,0,0,0,0,0,0,0,0,0,0,0,0
test_69_0_1.png,0,0,0,0,0,0,0,0,0,0,0,0,0,0,0
test_69_0_2.png,0,0,0,0,0,0,0,0,0,0,0,0,0,0,0
test_69_0_3.png,8438,682,291,8398,676,331,8439,642,290,8407,629,322,8435,635,294
test_69_1_0.png,2538,263,44,2551,246,31,2504,243,78,2544,293,38,2545,251,37
test_69_1_1.png,866,59,238,867,64,237,865,68,239,865,61,239,867,63,237
test_69_1_2.png,59,3,8,60,5,7,44,0,23,57,5,10,57,1,10
test_69_1_3.png,10949,604,445,10944,620,450,10876,545,518,10886,573,508,10918,576,476
test_69_2_0.png,17792,1144,326,17774,1014,344,17793,1210,325,17805,1267,313,17798,1120,320
test_69_2_1.png,15281,1053,689,15223,983,747,15189,922,781,15300,1140,670,15275,1005,695
test_69_2_2.png,9246,833,121,9208,693,159,9139,713,228,9187,796,180,9211,744,156
test_69_2_3.png,1019,113,8,1016,105,11,1014,113,13,1019,126,8,1019,113,8
test_69_3_0.png,19022,1632,288,18976,1368,334,18961,1543,349,18962,1536,348,19012,1472,298
test_69_3_1.png,16409,1410,314,16433,1541,290,16367,1372,356,16454,1659,269,16433,1434,290
test_69_3_2.png,19173,1347,283,19174,1347,282,19149,1324,307,19232,1610,224,19198,1370,258
test_69_3_3.png,11344,1013,323,11344,841,323,11288,824,379,11316,855,351,11341,829,326
test_6_0_0.png,0,0,0,0,0,0,0,0,0,0,0,0,0,0,0
test_6_0_1.png,93,0,375,340,3,128,369,8,99,374,5,94,350,4,118
test_6_0_2.png,0,0,0,0,0,0,0,0,0,0,0,0,0,0,0
test_6_0_3.png,0,0,0,0,0,0,0,0,0,0,0,0,0,0,0
test_6_1_0.png,291,16,10,293,18,8,296,20,5,293,18,8,293,18,8
test_6_1_1.png,0,0,0,0,0,0,0,0,0,0,0,0,0,0,0
test_6_1_2.png,0,0,0,0,0,0,0,0,0,0,0,0,0,0,0
test_6_1_3.png,0,0,367,0,0,367,0,0,367,0,0,367,0,0,367
test_6_2_0.png,0,0,0,0,0,0,0,0,0,0,0,0,0,0,0
test_6_2_1.png,0,0,0,0,0,0,0,0,0,0,0,0,0,0,0
test_6_2_2.png,480,44,37,481,28,36,483,43,34,485,41,32,481,40,36
test_6_2_3.png,0,0,254,0,0,254,0,0,254,0,0,254,0,0,254
test_6_3_0.png,0,0,0,0,0,0,0,0,0,0,0,0,0,0,0
test_6_3_1.png,0,0,0,0,0,0,0,0,0,0,0,0,0,0,0
test_6_3_2.png,0,0,0,0,0,0,0,0,0,0,0,0,0,0,0
test_6_3_3.png,396,25,136,403,26,129,385,9,147,385,12,147,400,16,132
test_70_0_0.png,11741,892,336,11685,834,392,11622,879,455,11092,843,985,11705,845,372
test_70_0_1.png,4673,539,146,4674,571,145,4649,419,170,4649,339,170,4665,465,154
test_70_0_2.png,11205,1326,335,11149,1200,391,11045,1129,495,11180,1228,360,11161,1197,379
test_70_0_3.png,16517,1238,741,16484,1190,774,16405,1128,853,16511,1191,747,16518,1148,740
test_70_1_0.png,16957,1233,460,17009,1258,408,16953,1250,464,16956,1195,461,17000,1177,417
test_70_1_1.png,19595,1468,542,19511,1378,626,19518,1317,619,19529,1340,608,19572,1318,565
test_70_1_2.png,17769,1283,482,17749,1181,502,17736,1086,515,17669,1082,582,17764,1142,487
test_70_1_3.png,13508,950,429,13407,853,530,13379,838,558,13375,752,562,13437,822,500
test_70_2_0.png,715,20,601,697,15,619,708,18,608,673,14,643,703,15,613
test_70_2_1.png,6056,366,297,6025,310,328,6032,345,321,6058,348,295,6045,321,308
test_70_2_2.png,11567,659,265,11528,571,304,11507,557,325,11460,514,372,11532,561,300
test_70_2_3.png,12408,879,556,12392,740,572,12397,861,567,12388,874,576,12412,822,552
test_70_3_0.png,16101,494,45,16068,401,78,16098,409,48,16062,457,84,16094,430,52
test_70_3_1.png,4272,426,200,4253,406,219,4201,372,271,4216,409,256,4238,389,234
test_70_3_2.png,8922,458,358,8920,474,360,8843,373,437,8829,430,451,8883,416,397
test_70_3_3.png,8364,650,502,8318,568,548,8273,559,593,8339,660,527,8337,597,529
test_71_0_0.png,4779,298,215,4819,353,175,4745,232,249,4761,254,233,4769,277,225
test_71_0_1.png,6334,450,346,6365,550,315,6345,387,335,6242,404,438,6334,432,346
test_71_0_2.png,1957,232,23,1960,250,20,1952,234,28,1947,244,33,1955,237,25
test_71_0_3.png,0,0,0,0,0,0,0,0,0,0,0,0,0,0,0
test_71_1_0.png,0,0,0,0,0,0,0,0,0,0,0,0,0,0,0
test_71_1_1.png,413,0,4516,1041,48,3888,2161,32,2768,4235,597,694,1138,26,3791
test_71_1_2.png,3803,421,400,4163,1791,40,4186,1752,17,4156,993,47,4158,959,45
test_71_1_3.png,0,0,0,0,0,0,0,0,0,0,0,0,0,0,0
test_71_2_0.png,0,0,0,0,0,0,0,0,0,0,0,0,0,0,0
test_71_2_1.png,0,328,0,0,408,0,0,0,0,0,0,0,0,69,0
test_71_2_2.png,1604,132,309,1605,102,308,1854,125,59,1883,160,30,1831,114,82
test_71_2_3.png,1007,81,2428,909,27,2526,869,24,2566,1422,74,2013,1123,31,2312
test_71_3_0.png,0,0,0,0,0,0,0,0,0,0,0,0,0,0,0
test_71_3_1.png,0,0,0,0,0,0,0,0,0,0,0,0,0,0,0
test_71_3_2.png,2,462,778,380,810,400,377,476,403,306,630,474,337,477,443
test_71_3_3.png,44282,3195,606,44870,3083,18,44487,3490,401,44571,2817,317,44662,3038,226
test_72_0_0.png,15909,1233,379,15818,1071,470,15794,1059,494,15701,867,587,15834,1017,454
test_72_0_1.png,8115,527,291,8094,492,312,8092,464,314,8123,500,283,8109,473,297
test_72_0_2.png,13597,1117,338,13580,1114,355,13489,1071,446,13613,1104,322,13599,1068,336
test_72_0_3.png,16310,830,409,16208,799,511,16299,857,420,16312,944,407,16296,814,423
test_72_1_0.png,7074,430,365,7004,372,435,7005,329,434,7030,343,409,7040,350,399
test_72_1_1.png,2188,478,76,2176,471,88,2184,100,80,2159,422,105,2181,442,83
test_72_1_2.png,7607,756,297,7655,872,249,7552,752,352,7579,782,325,7580,757,324
test_72_1_3.png,15399,864,494,15437,933,456,15320,730,573,15366,806,527,15397,793,496
test_72_2_0.png,0,0,0,0,0,0,0,0,0,0,0,0,0,0,0
test_72_2_1.png,0,0,0,0,0,0,0,0,0,0,0,0,0,0,0
test_72_2_2.png,1640,669,286,1702,1346,224,1722,682,204,1709,2451,217,1708,699,218
test_72_2_3.png,5210,867,1769,4477,839,2502,5257,912,1722,4315,1329,2664,4698,836,2281
test_72_3_0.png,0,0,0,0,0,0,0,0,0,0,0,0,0,0,0
test_72_3_1.png,0,0,0,0,0,0,0,0,0,0,0,0,0,0,0
test_72_3_2.png,0,0,0,0,0,0,0,0,0,0,0,0,0,0,0
test_72_3_3.png,0,0,0,0,0,0,0,0,0,0,0,0,0,0,0
test_73_0_0.png,19531,1248,612,19359,943,784,19416,991,727,19375,1035,768,19458,1003,685
test_73_0_1.png,2563,180,158,2537,153,184,2534,165,187,2526,145,195,2546,159,175
test_73_0_2.png,0,0,0,0,0,0,0,0,0,0,0,0,0,0,0
test_73_0_3.png,0,0,0,0,0,0,0,0,0,0,0,0,0,0,0
test_73_1_0.png,15898,902,610,15735,768,773,15659,770,849,15718,798,790,15799,773,709
test_73_1_1.png,0,0,0,0,0,0,0,0,0,0,0,0,0,0,0
test_73_1_2.png,0,0,0,0,0,0,0,0,0,0,0,0,0,0,0
test_73_1_3.png,0,0,0,0,0,0,0,0,0,0,0,0,0,0,0
test_73_2_0.png,2949,216,113,2942,146,120,2949,146,113,2895,109,167,2942,136,120
test_73_2_1.png,0,0,0,0,0,0,0,0,0,0,0,0,0,0,0
test_73_2_2.png,0,0,0,0,0,0,0,0,0,0,0,0,0,0,0
test_73_2_3.png,322,25,25,324,31,23,323,17,24,318,16,29,323,24,24
test_73_3_0.png,0,0,0,0,0,0,0,0,0,0,0,0,0,0,0
test_73_3_1.png,0,0,0,0,0,0,0,0,0,0,0,0,0,0,0
test_73_3_2.png,0,0,0,0,0,0,0,0,0,0,0,0,0,0,0
test_73_3_3.png,0,0,0,0,0,0,0,0,0,0,0,0,0,0,0
test_74_0_0.png,4867,277,163,4870,250,160,4840,251,190,4866,298,164,4867,258,163
test_74_0_1.png,21204,1257,511,21273,1270,442,21353,1453,362,21306,1570,409,21311,1341,404
test_74_0_2.png,18106,1135,548,18127,1266,527,18002,1249,652,18137,1199,517,18141,1171,513
test_74_0_3.png,5630,486,141,5574,459,197,5528,423,243,5623,549,148,5607,480,164
test_74_1_0.png,938,115,32,902,42,68,923,166,47,922,87,48,933,70,37
test_74_1_1.png,3313,190,199,3334,163,178,3297,176,215,3272,178,240,3307,177,205
test_74_1_2.png,11561,789,309,11553,804,317,11647,965,223,11602,816,268,11601,796,269
test_74_1_3.png,567,41,97,553,15,111,622,57,42,545,14,119,562,23,102
test_74_2_0.png,2713,387,75,2706,305,82,2723,388,65,2729,413,59,2723,381,65
test_74_2_1.png,8882,719,245,8828,624,299,8467,561,660,8809,712,318,8851,652,276
test_74_2_2.png,7045,730,223,7054,690,214,6997,731,271,7045,653,223,7042,678,226
test_74_2_3.png,0,0,0,0,0,0,0,0,0,0,0,0,0,0,0
test_74_3_0.png,0,0,0,0,0,0,0,0,0,0,0,0,0,0,0
test_74_3_1.png,2190,152,146,2193,161,143,2192,148,144,2187,175,149,2191,155,145
test_74_3_2.png,6330,845,142,6271,723,201,6288,721,184,6241,602,231,6294,720,178
test_74_3_3.png,0,0,0,0,0,0,0,0,0,0,0,0,0,0,0
test_75_0_0.png,0,0,0,0,0,0,0,0,0,0,0,0,0,0,0
test_75_0_1.png,0,0,0,0,0,0,0,0,0,0,0,0,0,0,0
test_75_0_2.png,0,0,0,0,0,0,0,0,0,0,0,0,0,0,0
test_75_0_3.png,0,0,0,0,0,0,0,0,0,0,0,0,0,0,0
test_75_1_0.png,0,0,0,0,0,0,0,0,0,0,0,0,0,0,0
test_75_1_1.png,0,0,0,0,0,0,0,0,0,0,0,0,0,0,0
test_75_1_2.png,0,0,0,0,0,0,0,0,0,0,0,0,0,0,0
test_75_1_3.png,0,0,0,0,0,0,0,0,0,0,0,0,0,0,0
test_75_2_0.png,0,0,0,0,0,0,0,0,0,0,0,0,0,0,0
test_75_2_1.png,6328,402,712,6364,429,676,6341,385,699,6123,346,917,6345,370,695
test_75_2_2.png,11356,531,904,11278,586,982,11166,421,1094,11213,472,1047,11271,436,989
test_75_2_3.png,5617,212,630,5585,224,662,5641,260,606,5574,213,673,5615,206,632
test_75_3_0.png,1385,61,278,1385,61,278,1377,48,286,1361,34,302,1371,55,292
test_75_3_1.png,14860,787,1501,14850,891,1511,14795,797,1566,14690,826,1671,14828,786,1533
test_75_3_2.png,17295,1108,1868,17429,1285,1734,17461,1278,1702,17334,1170,1829,17394,1173,1769
test_75_3_3.png,11976,1188,1436,12055,1195,1357,11951,1172,1461,11947,1144,1465,11976,1103,1436
test_76_0_0.png,0,0,0,0,0,0,0,0,0,0,0,0,0,0,0
test_76_0_1.png,86,0,96,165,2,17,167,0,15,163,0,19,159,0,23
test_76_0_2.png,0,0,166,0,0,166,0,0,166,0,0,166,0,0,166
test_76_0_3.png,5140,820,1368,5071,716,1437,5040,647,1468,5027,871,1481,5091,744,1417
test_76_1_0.png,0,0,0,0,0,0,0,0,0,0,0,0,0,0,0
test_76_1_1.png,0,0,148,0,0,148,0,0,148,0,0,148,0,0,148
test_76_1_2.png,0,0,0,0,0,0,0,0,0,0,0,0,0,0,0
test_76_1_3.png,0,0,928,0,0,928,0,0,928,0,0,928,0,0,928
test_76_2_0.png,0,0,0,0,0,0,0,0,0,0,0,0,0,0,0
test_76_2_1.png,0,0,0,0,0,0,0,0,0,0,0,0,0,0,0
test_76_2_2.png,0,0,0,0,0,0,0,0,0,0,0,0,0,0,0
test_76_2_3.png,4623,637,93,4635,629,81,4564,363,152,4507,44,209,4592,471,124
test_76_3_0.png,0,0,0,0,0,0,0,0,0,0,0,0,0,0,0
test_76_3_1.png,775,103,133,688,57,220,476,16,432,488,5,420,678,34,230
test_76_3_2.png,0,0,0,0,0,0,0,0,0,0,0,0,0,0,0
test_76_3_3.png,0,0,0,0,0,0,0,0,0,0,0,0,0,0,0
test_77_0_0.png,13129,140,3530,9100,241,7559,16036,162,623,14185,451,2474,13700,169,2959
test_77_0_1.png,98,0,135,149,4,84,107,0,126,156,1,77,134,0,99
test_77_0_2.png,4513,34,1531,4259,72,1785,4570,69,1474,4604,42,1440,4515,50,1529
test_77_0_3.png,0,0,463,0,0,463,0,0,463,0,0,463,0,0,463
test_77_1_0.png,21952,7182,836,22035,7068,753,21912,5117,876,21856,5913,932,21944,6744,844
test_77_1_1.png,0,0,600,0,0,600,0,0,600,0,0,600,0,0,600
test_77_1_2.png,2778,180,350,2805,670,323,2810,622,318,2698,612,430,2794,624,334
test_77_1_3.png,0,0,0,0,0,0,0,0,0,0,0,0,0,0,0
test_77_2_0.png,7262,205,4145,7379,170,4028,7993,176,3414,8765,384,2642,7244,176,4163
test_77_2_1.png,11358,1114,142,11317,1163,183,10413,583,1087,11154,1062,346,11266,872,234
test_77_2_2.png,4930,903,304,4975,870,259,4584,839,650,4694,841,540,4819,786,415
test_77_2_3.png,832,48,23,818,57,37,821,54,34,799,41,56,820,48,35
test_77_3_0.png,15200,1858,3627,15064,1812,3763,15135,1718,3692,15109,1722,3718,15141,1762,3686
test_77_3_1.png,18768,4641,648,19035,4204,381,18740,3993,676,18855,4061,561,18899,4032,517
test_77_3_2.png,21240,1130,1947,22157,1756,1030,20790,1002,2397,21748,1261,1439,21361,1150,1826
test_77_3_3.png,16357,51,726,15840,50,1243,16145,19,938,16476,37,607,16330,38,753
test_78_0_0.png,0,0,0,0,0,0,0,0,0,0,0,0,0,0,0
test_78_0_1.png,0,0,0,0,0,0,0,0,0,0,0,0,0,0,0
test_78_0_2.png,0,0,0,0,0,0,0,0,0,0,0,0,0,0,0
test_78_0_3.png,937,164,20,931,149,26,936,196,21,932,160,25,937,168,20
test_78_1_0.png,0,0,0,0,0,0,0,0,0,0,0,0,0,0,0
test_78_1_1.png,0,0,0,0,0,0,0,0,0,0,0,0,0,0,0
test_78_1_2.png,0,0,0,0,0,0,0,0,0,0,0,0,0,0,0
test_78_1_3.png,0,0,0,0,0,0,0,0,0,0,0,0,0,0,0
test_78_2_0.png,5400,241,186,5413,250,173,5385,183,201,5438,226,148,5414,224,172
test_78_2_1.png,5349,298,130,5349,325,130,5332,234,147,5310,211,169,5334,265,145
test_78_2_2.png,0,0,0,0,0,0,0,0,0,0,0,0,0,0,0
test_78_2_3.png,0,0,0,0,0,0,0,0,0,0,0,0,0,0,0
test_78_3_0.png,11564,467,372,11569,448,367,11564,325,372,11515,175,421,11550,336,386
test_78_3_1.png,4436,78,191,4408,74,219,4399,70,228,4259,69,368,4401,73,226
test_78_3_2.png,0,0,0,0,0,0,0,0,0,0,0,0,0,0,0
test_78_3_3.png,0,0,0,0,0,0,0,0,0,0,0,0,0,0,0
test_79_0_0.png,0,0,1193,0,0,1193,0,0,1193,0,0,1193,0,0,1193
test_79_0_1.png,696,9,1323,717,0,1302,24,0,1995,130,0,1889,373,0,1646
test_79_0_2.png,2403,83,1069,2800,136,672,2419,96,1053,2467,131,1005,2565,109,907
test_79_0_3.png,1091,0,1374,1764,20,701,1963,21,502,1964,20,501,1830,16,635
test_79_1_0.png,0,0,292,0,0,292,0,0,292,0,0,292,0,0,292
test_79_1_1.png,0,0,0,0,0,0,0,0,0,0,0,0,0,0,0
test_79_1_2.png,0,0,173,0,0,173,0,0,173,0,0,173,0,0,173
test_79_1_3.png,293,1,327,141,0,479,505,10,115,307,24,313,316,0,304
test_79_2_0.png,0,0,0,0,0,0,0,0,0,0,0,0,0,0,0
test_79_2_1.png,2871,115,630,2706,114,795,2648,62,853,2585,46,916,2659,81,842
test_79_2_2.png,958,27,628,766,5,820,1025,43,561,1360,104,226,1125,33,461
test_79_2_3.png,2330,95,980,2287,72,1023,2847,164,463,2364,98,946,2407,99,903
test_79_3_0.png,1053,5,1713,219,0,2547,1206,5,1560,429,335,2337,562,0,2204
test_79_3_1.png,0,0,0,0,0,0,0,0,0,0,0,0,0,0,0
test_79_3_2.png,1864,50,189,1858,30,195,1872,30,181,1851,25,202,1860,32,193
test_79_3_3.png,4651,216,861,4586,165,926,4792,255,720,4757,202,755,4757,203,755
test_7_0_0.png,0,0,0,0,0,0,0,0,0,0,0,0,0,0,0
test_7_0_1.png,0,0,0,0,0,0,0,0,0,0,0,0,0,0,0
test_7_0_2.png,8196,820,387,8177,731,406,8039,732,544,8126,692,457,8157,729,426
test_7_0_3.png,0,0,0,0,0,0,0,0,0,0,0,0,0,0,0
test_7_1_0.png,8717,702,663,8719,693,661,8678,702,702,8660,670,720,8710,681,670
test_7_1_1.png,5195,602,222,5208,542,209,5214,600,203,5172,582,245,5201,570,216
test_7_1_2.png,8602,832,359,8656,823,305,8604,807,357,8604,786,357,8622,803,339
test_7_1_3.png,12331,1245,686,12305,1210,712,12183,1099,834,12204,1037,813,12270,1137,747
test_7_2_0.png,14677,1539,554,14707,1539,524,14585,1454,646,14625,1465,606,14654,1469,577
test_7_2_1.png,16287,1846,1550,16309,1749,1528,16208,1713,1629,16156,1507,1681,16248,1662,1589
test_7_2_2.png,4380,344,142,4386,393,136,4380,392,142,4396,386,126,4390,368,132
test_7_2_3.png,6000,503,472,6058,565,414,6021,459,451,6007,454,465,6017,479,455
test_7_3_0.png,4277,451,219,4299,470,197,4284,454,212,4293,468,203,4283,459,213
test_7_3_1.png,8322,1379,290,8371,1376,241,8352,1254,260,8331,1227,281,8353,1309,259
test_7_3_2.png,582,48,16,580,30,18,573,33,25,581,22,17,581,34,17
test_7_3_3.png,9662,930,1057,9663,911,1056,9738,884,981,9604,870,1115,9649,878,1070
test_80_0_0.png,11736,1286,2107,11879,1366,1964,11932,1257,1911,12044,1319,1799,11944,1329,1899
test_80_0_1.png,19260,2057,1777,19657,2242,1380,18377,1907,2660,18930,2298,2107,19125,2107,1912
test_80_0_2.png,20935,2814,874,21019,2936,790,20781,2611,1028,20586,3059,1223,20933,2766,876
test_80_0_3.png,21518,3010,939,21607,3083,850,21196,2457,1261,21122,2470,1335,21391,2715,1066
test_80_1_0.png,7637,698,882,7480,726,1039,7650,551,869,7580,675,939,7605,651,914
test_80_1_1.png,17225,2843,1237,16965,3116,1497,17028,3257,1434,17093,3116,1369,17080,3045,1382
test_80_1_2.png,13735,2897,1173,13734,2724,1174,13617,2664,1291,13791,3102,1117,13744,2780,1164
test_80_1_3.png,9501,1030,3267,9330,1002,3438,9689,1243,3079,9402,1231,3366,9445,1104,3323
test_80_2_0.png,2503,285,1362,2900,282,965,2635,206,1230,2649,235,1216,2597,238,1268
test_80_2_1.png,13575,974,1855,13540,871,1890,13458,898,1972,14016,877,1414,13817,864,1613
test_80_2_2.png,2794,193,1586,3268,282,1112,3375,317,1005,3460,316,920,3334,290,1046
test_80_2_3.png,15805,1196,1136,13285,526,3656,12646,186,4295,15732,851,1209,15483,692,1458
test_80_3_0.png,6673,429,1917,6657,380,1933,6926,401,1664,6843,384,1747,6907,383,1683
test_80_3_1.png,10528,559,938,10573,576,893,10685,689,781,10796,1038,670,10674,590,792
test_80_3_2.png,0,0,200,0,0,200,0,0,200,0,0,200,0,0,200
test_80_3_3.png,11760,1513,2985,11147,1084,3598,10142,635,4603,11016,1428,3729,11172,1387,3573
test_81_0_0.png,1639,203,109,1577,151,171,1493,98,255,1564,257,184,1581,163,167
test_81_0_1.png,1748,10,120,1785,4,83,1772,17,96,1814,6,54,1784,8,84
test_81_0_2.png,0,0,0,0,0,0,0,0,0,0,0,0,0,0,0
test_81_0_3.png,0,0,0,0,0,0,0,0,0,0,0,0,0,0,0
test_81_1_0.png,0,0,0,0,0,0,0,0,0,0,0,0,0,0,0
test_81_1_1.png,0,0,0,0,0,0,0,0,0,0,0,0,0,0,0
test_81_1_2.png,0,0,0,0,0,0,0,0,0,0,0,0,0,0,0
test_81_1_3.png,1777,218,1384,1853,167,1308,1921,249,1240,1860,169,1301,1880,183,1281
test_81_2_0.png,0,0,0,0,0,0,0,0,0,0,0,0,0,0,0
test_81_2_1.png,0,0,0,0,0,0,0,0,0,0,0,0,0,0,0
test_81_2_2.png,0,0,0,0,0,0,0,0,0,0,0,0,0,0,0
test_81_2_3.png,1760,922,15,1742,943,33,1735,900,40,1728,527,47,1747,905,28
test_81_3_0.png,0,0,0,0,0,0,0,0,0,0,0,0,0,0,0
test_81_3_1.png,282,0,360,260,0,382,0,0,642,0,0,642,108,0,534
test_81_3_2.png,0,0,0,0,0,0,0,0,0,0,0,0,0,0,0
test_81_3_3.png,0,0,0,0,0,0,0,0,0,0,0,0,0,0,0
test_82_0_0.png,0,0,0,0,0,0,0,0,0,0,0,0,0,0,0
test_82_0_1.png,0,0,0,0,0,0,0,0,0,0,0,0,0,0,0
test_82_0_2.png,0,0,0,0,0,0,0,0,0,0,0,0,0,0,0
test_82_0_3.png,0,0,0,0,0,0,0,0,0,0,0,0,0,0,0
test_82_1_0.png,0,0,0,0,0,0,0,0,0,0,0,0,0,0,0
test_82_1_1.png,0,0,6094,2102,0,3992,0,0,6094,0,0,6094,0,0,6094
test_82_1_2.png,2340,132,8919,0,0,11259,179,2,11080,879,3,10380,459,0,10800
test_82_1_3.png,0,0,0,0,0,0,0,0,0,0,0,0,0,0,0
test_82_2_0.png,0,0,783,0,0,783,0,0,783,0,0,783,0,0,783
test_82_2_1.png,1910,53,1472,2832,593,550,2436,155,946,1415,45,1967,2268,120,1114
test_82_2_2.png,17373,2089,4828,16743,1909,5458,17456,2644,4745,16837,2608,5364,17055,1999,5146
test_82_2_3.png,0,0,576,0,0,576,0,0,576,0,0,576,0,0,576
test_82_3_0.png,0,0,0,0,0,0,0,0,0,0,0,0,0,0,0
test_82_3_1.png,0,0,1357,0,0,1357,0,0,1357,0,0,1357,0,0,1357
test_82_3_2.png,2285,372,104,2262,114,127,2201,181,188,2130,266,259,2246,210,143
test_82_3_3.png,5155,1205,365,5159,1258,361,5094,1112,426,5102,825,418,5123,1153,397
test_83_0_0.png,0,0,0,0,0,0,0,0,0,0,0,0,0,0,0
test_83_0_1.png,0,0,0,0,0,0,0,0,0,0,0,0,0,0,0
test_83_0_2.png,0,0,0,0,0,0,0,0,0,0,0,0,0,0,0
test_83_0_3.png,0,0,0,0,0,0,0,0,0,0,0,0,0,0,0
test_83_1_0.png,0,0,0,0,0,0,0,0,0,0,0,0,0,0,0
test_83_1_1.png,0,0,0,0,0,0,0,0,0,0,0,0,0,0,0
test_83_1_2.png,0,0,0,0,0,0,0,0,0,0,0,0,0,0,0
test_83_1_3.png,0,0,0,0,0,0,0,0,0,0,0,0,0,0,0
test_83_2_0.png,0,0,0,0,0,0,0,0,0,0,0,0,0,0,0
test_83_2_1.png,9700,529,1256,9585,464,1371,9598,623,1358,9677,569,1279,9644,498,1312
test_83_2_2.png,1257,40,307,1238,10,326,1202,6,362,1126,5,438,1214,6,350
test_83_2_3.png,0,0,0,0,0,0,0,0,0,0,0,0,0,0,0
test_83_3_0.png,5985,548,1205,5853,435,1337,5405,458,1785,5989,555,1201,5887,461,1303
test_83_3_1.png,20733,1627,2888,20456,1770,3165,20955,3197,2666,20095,1480,3526,20452,1702,3169
test_83_3_2.png,5879,175,861,5930,226,810,5125,163,1615,5535,171,1205,5702,162,1038
test_83_3_3.png,0,114,0,0,82,0,0,100,0,0,138,0,0,111,0
test_84_0_0.png,0,0,0,0,0,0,0,0,0,0,0,0,0,0,0
test_84_0_1.png,70,10,38,67,8,41,66,0,42,68,0,40,67,4,41
test_84_0_2.png,1253,160,154,1262,425,145,1249,481,158,1261,366,146,1259,369,148
test_84_0_3.png,1658,122,1267,1774,123,1151,1942,147,983,1985,173,940,1785,113,1140
test_84_1_0.png,0,0,0,0,0,0,0,0,0,0,0,0,0,0,0
test_84_1_1.png,4532,369,847,4708,380,671,4611,262,768,4711,286,668,4666,274,713
test_84_1_2.png,10985,893,1795,10887,874,1893,10796,1739,1984,10778,861,2002,10838,848,1942
test_84_1_3.png,5317,768,874,5375,741,816,5385,917,806,5365,805,826,5362,773,829
test_84_2_0.png,0,0,0,0,0,0,0,0,0,0,0,0,0,0,0
test_84_2_1.png,3728,239,903,3717,291,914,3799,509,832,3771,304,860,3767,302,864
test_84_2_2.png,8246,265,1971,8372,262,1845,8295,218,1922,8255,191,1962,8286,197,1931
test_84_2_3.png,2245,223,770,2224,203,791,2132,154,883,2145,160,870,2186,184,829
test_84_3_0.png,0,0,0,0,0,0,0,0,0,0,0,0,0,0,0
test_84_3_1.png,1292,210,353,1297,180,348,1263,247,382,1170,264,475,1271,201,374
test_84_3_2.png,2059,91,259,2046,64,272,1900,35,418,2005,38,313,2015,49,303
test_84_3_3.png,0,0,0,0,0,0,0,0,0,0,0,0,0,0,0
test_85_0_0.png,0,0,0,0,0,0,0,0,0,0,0,0,0,0,0
test_85_0_1.png,0,0,308,0,0,308,0,0,308,0,0,308,0,0,308
test_85_0_2.png,0,0,0,0,0,0,0,0,0,0,0,0,0,0,0
test_85_0_3.png,0,0,0,0,0,0,0,0,0,0,0,0,0,0,0
test_85_1_0.png,8850,394,906,8725,323,1031,8827,318,929,8700,354,1056,8780,336,976
test_85_1_1.png,1793,24,209,1775,22,227,1766,28,236,1789,28,213,1786,24,216
test_85_1_2.png,0,0,0,0,0,0,0,0,0,0,0,0,0,0,0
test_85_1_3.png,0,0,0,0,0,0,0,0,0,0,0,0,0,0,0
test_85_2_0.png,13629,1042,1404,13588,1075,1445,13532,1107,1501,13560,1086,1473,13591,1042,1442
test_85_2_1.png,9195,728,1237,9286,823,1146,9217,674,1215,9179,641,1253,9209,655,1223
test_85_2_2.png,0,0,0,0,0,0,0,0,0,0,0,0,0,0,0
test_85_2_3.png,0,0,0,0,0,0,0,0,0,0,0,0,0,0,0
test_85_3_0.png,6093,542,501,6142,538,452,6116,554,478,6128,566,466,6132,524,462
test_85_3_1.png,2653,175,558,2647,173,564,2645,189,566,2657,180,554,2647,167,564
test_85_3_2.png,0,0,0,0,0,0,0,0,0,0,0,0,0,0,0
test_85_3_3.png,715,103,820,572,0,963,757,118,778,564,26,971,565,0,970
test_86_0_0.png,0,0,0,0,0,0,0,0,0,0,0,0,0,0,0
test_86_0_1.png,643,0,100,0,0,743,1,0,742,0,0,743,0,0,743
test_86_0_2.png,0,0,0,0,0,0,0,0,0,0,0,0,0,0,0
test_86_0_3.png,0,0,0,0,0,0,0,0,0,0,0,0,0,0,0
test_86_1_0.png,335,183,85,358,9,62,368,1001,52,381,1412,39,363,9,57
test_86_1_1.png,0,0,0,0,0,0,0,0,0,0,0,0,0,0,0
test_86_1_2.png,0,0,0,0,0,0,0,0,0,0,0,0,0,0,0
test_86_1_3.png,0,0,0,0,0,0,0,0,0,0,0,0,0,0,0
test_86_2_0.png,0,1006,53,0,481,53,0,346,53,0,483,53,0,475,53
test_86_2_1.png,695,11,56,694,8,57,712,13,39,702,17,49,701,13,50
test_86_2_2.png,0,0,0,0,0,0,0,0,0,0,0,0,0,0,0
test_86_2_3.png,0,0,0,0,0,0,0,0,0,0,0,0,0,0,0
test_86_3_0.png,0,0,227,0,0,227,0,0,227,0,0,227,0,0,227
test_86_3_1.png,0,0,0,0,0,0,0,0,0,0,0,0,0,0,0
test_86_3_2.png,0,792,0,0,806,0,0,783,0,0,795,0,0,792,0
test_86_3_3.png,0,0,0,0,0,0,0,0,0,0,0,0,0,0,0
test_87_0_0.png,3862,434,905,3912,803,855,3761,295,1006,3593,298,1174,3792,360,975
test_87_0_1.png,14312,588,2526,14110,537,2728,14061,459,2777,13977,441,2861,14119,453,2719
test_87_0_2.png,10704,525,1609,10600,507,1713,10647,506,1666,10559,455,1754,10629,480,1684
test_87_0_3.png,0,0,0,0,0,0,0,0,0,0,0,0,0,0,0
test_87_1_0.png,14934,565,2835,14993,583,2776,14730,533,3039,14875,528,2894,14870,532,2899
test_87_1_1.png,23119,714,3711,22947,737,3883,22988,687,3842,22878,655,3952,23011,683,3819
test_87_1_2.png,12095,791,2061,11920,758,2236,11936,707,2220,11855,669,2301,11941,724,2215
test_87_1_3.png,435,1,61,438,12,58,411,0,85,419,5,77,429,1,67
test_87_2_0.png,5742,467,484,5769,509,457,5702,934,524,5739,634,487,5735,442,491
test_87_2_1.png,7232,378,1004,7157,383,1079,7029,397,1207,7098,307,1138,7144,317,1092
test_87_2_2.png,2537,161,1027,2645,153,919,2563,151,1001,2492,118,1072,2525,137,1039
test_87_2_3.png,0,0,0,0,0,0,0,0,0,0,0,0,0,0,0
test_87_3_0.png,0,0,0,0,0,0,0,0,0,0,0,0,0,0,0
test_87_3_1.png,0,0,0,0,0,0,0,0,0,0,0,0,0,0,0
test_87_3_2.png,0,0,0,0,0,0,0,0,0,0,0,0,0,0,0
test_87_3_3.png,0,0,0,0,0,0,0,0,0,0,0,0,0,0,0
test_88_0_0.png,0,0,573,0,0,573,0,0,573,0,0,573,0,0,573
test_88_0_1.png,0,0,0,0,0,0,0,0,0,0,0,0,0,0,0
test_88_0_2.png,0,0,0,0,0,0,0,0,0,0,0,0,0,0,0
test_88_0_3.png,0,0,0,0,0,0,0,0,0,0,0,0,0,0,0
test_88_1_0.png,0,0,0,0,0,0,0,0,0,0,0,0,0,0,0
test_88_1_1.png,0,0,0,0,0,0,0,0,0,0,0,0,0,0,0
test_88_1_2.png,0,0,0,0,0,0,0,0,0,0,0,0,0,0,0
test_88_1_3.png,0,0,0,0,0,0,0,0,0,0,0,0,0,0,0
test_88_2_0.png,0,0,0,0,0,0,0,0,0,0,0,0,0,0,0
test_88_2_1.png,0,0,0,0,0,0,0,0,0,0,0,0,0,0,0
test_88_2_2.png,0,0,0,0,0,0,0,0,0,0,0,0,0,0,0
test_88_2_3.png,0,0,0,0,0,0,0,0,0,0,0,0,0,0,0
test_88_3_0.png,0,0,0,0,0,0,0,0,0,0,0,0,0,0,0
test_88_3_1.png,0,0,0,0,0,0,0,0,0,0,0,0,0,0,0
test_88_3_2.png,0,0,0,0,0,0,0,0,0,0,0,0,0,0,0
test_88_3_3.png,0,0,0,0,0,0,0,0,0,0,0,0,0,0,0
test_89_0_0.png,0,0,0,0,0,0,0,0,0,0,0,0,0,0,0
test_89_0_1.png,0,0,0,0,0,0,0,0,0,0,0,0,0,0,0
test_89_0_2.png,0,0,0,0,0,0,0,0,0,0,0,0,0,0,0
test_89_0_3.png,0,1268,0,0,1524,0,0,58,0,0,678,0,0,1139,0
test_89_1_0.png,0,0,0,0,0,0,0,0,0,0,0,0,0,0,0
test_89_1_1.png,0,0,0,0,0,0,0,0,0,0,0,0,0,0,0
test_89_1_2.png,0,0,0,0,0,0,0,0,0,0,0,0,0,0,0
test_89_1_3.png,0,0,0,0,0,0,0,0,0,0,0,0,0,0,0
test_89_2_0.png,0,0,0,0,0,0,0,0,0,0,0,0,0,0,0
test_89_2_1.png,21730,246,694,21523,183,901,21767,341,657,21577,234,847,21635,199,789
test_89_2_2.png,28908,265,2210,27987,234,3131,29042,363,2076,26948,125,4170,28086,232,3032
test_89_2_3.png,0,0,0,0,0,0,0,0,0,0,0,0,0,0,0
test_89_3_0.png,0,0,0,0,0,0,0,0,0,0,0,0,0,0,0
test_89_3_1.png,0,0,168,0,0,168,0,0,168,0,0,168,0,0,168
test_89_3_2.png,2531,19,126,2543,20,114,2548,17,109,2554,16,103,2543,17,114
test_89_3_3.png,1218,54,139,1234,61,123,1218,43,139,1223,39,134,1223,46,134
test_8_0_0.png,2946,283,42,2936,290,52,2907,270,81,2902,229,86,2936,264,52
test_8_0_1.png,0,0,0,0,0,0,0,0,0,0,0,0,0,0,0
test_8_0_2.png,1203,49,179,1215,58,167,1190,49,192,1172,43,210,1196,50,186
test_8_0_3.png,2882,280,142,2866,249,158,2895,315,129,2336,224,688,2880,267,144
test_8_1_0.png,0,0,0,0,0,0,0,0,0,0,0,0,0,0,0
test_8_1_1.png,0,0,0,0,0,0,0,0,0,0,0,0,0,0,0
test_8_1_2.png,0,0,0,0,0,0,0,0,0,0,0,0,0,0,0
test_8_1_3.png,0,0,0,0,0,0,0,0,0,0,0,0,0,0,0
test_8_2_0.png,4965,506,213,4970,544,208,4868,408,310,4887,372,291,4947,425,231
test_8_2_1.png,7778,561,322,7766,574,334,7726,483,374,7640,417,460,7742,493,358
test_8_2_2.png,9280,692,386,9352,745,314,9274,672,392,9242,563,424,9280,634,386
test_8_2_3.png,637,208,4,634,203,7,639,213,2,638,220,3,638,207,3
test_8_3_0.png,9780,614,510,9700,541,590,9639,444,651,9569,445,721,9692,487,598
test_8_3_1.png,16851,1233,1006,16887,1236,970,16830,1263,1027,16815,1207,1042,16860,1203,997
test_8_3_2.png,16922,1423,812,16848,1277,886,16838,1162,896,16715,1079,1019,16853,1208,881
test_8_3_3.png,8132,533,307,8129,539,310,8126,498,313,8098,433,341,8137,487,302
test_90_0_0.png,0,0,0,0,0,0,0,0,0,0,0,0,0,0,0
test_90_0_1.png,0,0,0,0,0,0,0,0,0,0,0,0,0,0,0
test_90_0_2.png,0,0,0,0,0,0,0,0,0,0,0,0,0,0,0
test_90_0_3.png,0,0,0,0,0,0,0,0,0,0,0,0,0,0,0
test_90_1_0.png,0,0,0,0,0,0,0,0,0,0,0,0,0,0,0
test_90_1_1.png,0,0,0,0,0,0,0,0,0,0,0,0,0,0,0
test_90_1_2.png,0,0,0,0,0,0,0,0,0,0,0,0,0,0,0
test_90_1_3.png,0,0,0,0,0,0,0,0,0,0,0,0,0,0,0
test_90_2_0.png,0,0,0,0,0,0,0,0,0,0,0,0,0,0,0
test_90_2_1.png,0,0,0,0,0,0,0,0,0,0,0,0,0,0,0
test_90_2_2.png,0,0,0,0,0,0,0,0,0,0,0,0,0,0,0
test_90_2_3.png,0,0,0,0,0,0,0,0,0,0,0,0,0,0,0
test_90_3_0.png,0,0,0,0,0,0,0,0,0,0,0,0,0,0,0
test_90_3_1.png,0,0,0,0,0,0,0,0,0,0,0,0,0,0,0
test_90_3_2.png,0,0,0,0,0,0,0,0,0,0,0,0,0,0,0
test_90_3_3.png,0,0,0,0,0,0,0,0,0,0,0,0,0,0,0
test_91_0_0.png,3432,207,287,3437,190,282,3462,219,257,3398,168,321,3425,188,294
test_91_0_1.png,0,0,0,0,0,0,0,0,0,0,0,0,0,0,0
test_91_0_2.png,235,13,103,220,13,118,284,19,54,154,2,184,247,7,91
test_91_0_3.png,0,0,754,0,0,754,0,0,754,0,0,754,0,0,754
test_91_1_0.png,2445,78,544,2478,71,511,2519,81,470,2457,81,532,2470,76,519
test_91_1_1.png,0,0,0,0,0,0,0,0,0,0,0,0,0,0,0
test_91_1_2.png,0,0,0,0,0,0,0,0,0,0,0,0,0,0,0
test_91_1_3.png,1668,61,135,1667,46,136,1663,35,140,1642,52,161,1666,42,137
test_91_2_0.png,0,0,0,0,0,0,0,0,0,0,0,0,0,0,0
test_91_2_1.png,0,0,0,0,0,0,0,0,0,0,0,0,0,0,0
test_91_2_2.png,0,0,0,0,0,0,0,0,0,0,0,0,0,0,0
test_91_2_3.png,0,0,0,0,0,0,0,0,0,0,0,0,0,0,0
test_91_3_0.png,0,0,0,0,0,0,0,0,0,0,0,0,0,0,0
test_91_3_1.png,0,0,0,0,0,0,0,0,0,0,0,0,0,0,0
test_91_3_2.png,0,0,0,0,0,0,0,0,0,0,0,0,0,0,0
test_91_3_3.png,0,0,0,0,0,0,0,0,0,0,0,0,0,0,0
test_92_0_0.png,0,0,0,0,0,0,0,0,0,0,0,0,0,0,0
test_92_0_1.png,0,0,0,0,0,0,0,0,0,0,0,0,0,0,0
test_92_0_2.png,0,0,0,0,0,0,0,0,0,0,0,0,0,0,0
test_92_0_3.png,0,0,0,0,0,0,0,0,0,0,0,0,0,0,0
test_92_1_0.png,8379,221,932,8313,201,998,8449,287,862,8112,188,1199,8344,205,967
test_92_1_1.png,3721,142,307,3769,183,259,3785,173,243,3653,130,375,3745,151,283
test_92_1_2.png,0,0,0,0,0,0,0,0,0,0,0,0,0,0,0
test_92_1_3.png,0,0,0,0,0,0,0,0,0,0,0,0,0,0,0
test_92_2_0.png,25493,1379,2200,25740,1684,1953,25599,1467,2094,25432,1371,2261,25619,1426,2074
test_92_2_1.png,3696,103,616,3804,99,508,3488,113,824,3765,104,547,3740,94,572
test_92_2_2.png,0,0,0,0,0,0,0,0,0,0,0,0,0,0,0
test_92_2_3.png,7923,210,1275,7902,196,1296,7808,194,1390,7754,164,1444,7852,185,1346
test_92_3_0.png,11509,259,1434,11385,246,1558,11352,299,1591,11321,250,1622,11399,245,1544
test_92_3_1.png,0,0,0,0,0,0,0,0,0,0,0,0,0,0,0
test_92_3_2.png,7169,98,744,7220,118,693,7262,174,651,7134,124,779,7193,114,720
test_92_3_3.png,21059,1037,2148,20898,953,2309,21092,1080,2115,20997,1010,2210,21014,991,2193
test_93_0_0.png,0,0,0,0,0,0,0,0,0,0,0,0,0,0,0
test_93_0_1.png,0,0,0,0,0,0,0,0,0,0,0,0,0,0,0
test_93_0_2.png,0,0,0,0,0,0,0,0,0,0,0,0,0,0,0
test_93_0_3.png,0,0,0,0,0,0,0,0,0,0,0,0,0,0,0
test_93_1_0.png,0,0,0,0,0,0,0,0,0,0,0,0,0,0,0
test_93_1_1.png,0,0,0,0,0,0,0,0,0,0,0,0,0,0,0
test_93_1_2.png,0,0,0,0,0,0,0,0,0,0,0,0,0,0,0
test_93_1_3.png,0,0,0,0,0,0,0,0,0,0,0,0,0,0,0
test_93_2_0.png,447,0,198,438,0,207,427,0,218,438,0,207,439,0,206
test_93_2_1.png,0,0,0,0,0,0,0,0,0,0,0,0,0,0,0
test_93_2_2.png,0,0,0,0,0,0,0,0,0,0,0,0,0,0,0
test_93_2_3.png,0,0,0,0,0,0,0,0,0,0,0,0,0,0,0
test_93_3_0.png,3584,287,440,3631,285,393,3512,201,512,3328,111,696,3555,209,469
test_93_3_1.png,0,0,0,0,0,0,0,0,0,0,0,0,0,0,0
test_93_3_2.png,0,0,0,0,0,0,0,0,0,0,0,0,0,0,0
test_93_3_3.png,0,0,0,0,0,0,0,0,0,0,0,0,0,0,0
test_94_0_0.png,0,0,0,0,0,0,0,0,0,0,0,0,0,0,0
test_94_0_1.png,0,0,0,0,0,0,0,0,0,0,0,0,0,0,0
test_94_0_2.png,0,0,0,0,0,0,0,0,0,0,0,0,0,0,0
test_94_0_3.png,0,0,0,0,0,0,0,0,0,0,0,0,0,0,0
test_94_1_0.png,0,0,0,0,0,0,0,0,0,0,0,0,0,0,0
test_94_1_1.png,0,0,0,0,0,0,0,0,0,0,0,0,0,0,0
test_94_1_2.png,0,0,0,0,0,0,0,0,0,0,0,0,0,0,0
test_94_1_3.png,0,0,0,0,0,0,0,0,0,0,0,0,0,0,0
test_94_2_0.png,0,0,0,0,0,0,0,0,0,0,0,0,0,0,0
test_94_2_1.png,0,0,0,0,0,0,0,0,0,0,0,0,0,0,0
test_94_2_2.png,0,0,0,0,0,0,0,0,0,0,0,0,0,0,0
test_94_2_3.png,0,0,561,0,0,561,0,0,561,0,0,561,0,0,561
test_94_3_0.png,0,0,0,0,0,0,0,0,0,0,0,0,0,0,0
test_94_3_1.png,0,0,0,0,0,0,0,0,0,0,0,0,0,0,0
test_94_3_2.png,0,0,0,0,0,0,0,0,0,0,0,0,0,0,0
test_94_3_3.png,0,0,0,0,0,0,0,0,0,0,0,0,0,0,0
test_95_0_0.png,0,0,0,0,0,0,0,0,0,0,0,0,0,0,0
test_95_0_1.png,0,0,0,0,0,0,0,0,0,0,0,0,0,0,0
test_95_0_2.png,0,0,0,0,0,0,0,0,0,0,0,0,0,0,0
test_95_0_3.png,0,0,0,0,0,0,0,0,0,0,0,0,0,0,0
test_95_1_0.png,0,0,0,0,0,0,0,0,0,0,0,0,0,0,0
test_95_1_1.png,0,0,0,0,0,0,0,0,0,0,0,0,0,0,0
test_95_1_2.png,0,0,0,0,0,0,0,0,0,0,0,0,0,0,0
test_95_1_3.png,0,0,0,0,0,0,0,0,0,0,0,0,0,0,0
test_95_2_0.png,0,0,0,0,0,0,0,0,0,0,0,0,0,0,0
test_95_2_1.png,0,0,0,0,0,0,0,0,0,0,0,0,0,0,0
test_95_2_2.png,0,0,0,0,0,0,0,0,0,0,0,0,0,0,0
test_95_2_3.png,0,0,0,0,0,0,0,0,0,0,0,0,0,0,0
test_95_3_0.png,73,0,52,11,0,114,116,0,9,104,0,21,88,0,37
test_95_3_1.png,0,0,0,0,0,0,0,0,0,0,0,0,0,0,0
test_95_3_2.png,0,0,0,0,0,0,0,0,0,0,0,0,0,0,0
test_95_3_3.png,0,0,0,0,0,0,0,0,0,0,0,0,0,0,0
test_96_0_0.png,1473,164,20,1473,188,20,1475,183,18,1468,169,25,1473,172,20
test_96_0_1.png,0,0,0,0,0,0,0,0,0,0,0,0,0,0,0
test_96_0_2.png,0,0,0,0,0,0,0,0,0,0,0,0,0,0,0
test_96_0_3.png,0,0,19,0,0,19,0,0,19,0,0,19,0,0,19
test_96_1_0.png,0,0,0,0,0,0,0,0,0,0,0,0,0,0,0
test_96_1_1.png,0,0,0,0,0,0,0,0,0,0,0,0,0,0,0
test_96_1_2.png,0,0,0,0,0,0,0,0,0,0,0,0,0,0,0
test_96_1_3.png,0,0,0,0,0,0,0,0,0,0,0,0,0,0,0
test_96_2_0.png,0,0,0,0,0,0,0,0,0,0,0,0,0,0,0
test_96_2_1.png,0,0,0,0,0,0,0,0,0,0,0,0,0,0,0
test_96_2_2.png,0,0,0,0,0,0,0,0,0,0,0,0,0,0,0
test_96_2_3.png,0,0,0,0,0,0,0,0,0,0,0,0,0,0,0
test_96_3_0.png,0,0,0,0,0,0,0,0,0,0,0,0,0,0,0
test_96_3_1.png,0,0,0,0,0,0,0,0,0,0,0,0,0,0,0
test_96_3_2.png,0,0,0,0,0,0,0,0,0,0,0,0,0,0,0
test_96_3_3.png,0,0,0,0,0,0,0,0,0,0,0,0,0,0,0
test_97_0_0.png,0,0,41,0,0,41,0,0,41,0,0,41,0,0,41
test_97_0_1.png,0,0,0,0,0,0,0,0,0,0,0,0,0,0,0
test_97_0_2.png,0,0,0,0,0,0,0,0,0,0,0,0,0,0,0
test_97_0_3.png,0,0,0,0,0,0,0,0,0,0,0,0,0,0,0
test_97_1_0.png,0,0,0,0,0,0,0,0,0,0,0,0,0,0,0
test_97_1_1.png,0,0,0,0,0,0,0,0,0,0,0,0,0,0,0
test_97_1_2.png,0,0,0,0,0,0,0,0,0,0,0,0,0,0,0
test_97_1_3.png,0,0,0,0,0,0,0,0,0,0,0,0,0,0,0
test_97_2_0.png,435,4,33,430,6,38,437,6,31,426,2,42,435,3,33
test_97_2_1.png,126,83,45,128,46,43,132,74,39,143,92,28,133,73,38
test_97_2_2.png,0,0,0,0,0,0,0,0,0,0,0,0,0,0,0
test_97_2_3.png,0,0,0,0,0,0,0,0,0,0,0,0,0,0,0
test_97_3_0.png,317,99,6,317,95,6,319,100,4,317,93,6,317,97,6
test_97_3_1.png,285,41,3,284,41,4,285,40,3,286,56,2,285,40,3
test_97_3_2.png,0,0,0,0,0,0,0,0,0,0,0,0,0,0,0
test_97_3_3.png,0,0,0,0,0,0,0,0,0,0,0,0,0,0,0
test_98_0_0.png,0,0,0,0,0,0,0,0,0,0,0,0,0,0,0
test_98_0_1.png,0,0,0,0,0,0,0,0,0,0,0,0,0,0,0
test_98_0_2.png,0,0,0,0,0,0,0,0,0,0,0,0,0,0,0
test_98_0_3.png,0,0,0,0,0,0,0,0,0,0,0,0,0,0,0
test_98_1_0.png,0,0,0,0,0,0,0,0,0,0,0,0,0,0,0
test_98_1_1.png,0,0,0,0,0,0,0,0,0,0,0,0,0,0,0
test_98_1_2.png,0,0,0,0,0,0,0,0,0,0,0,0,0,0,0
test_98_1_3.png,0,0,0,0,0,0,0,0,0,0,0,0,0,0,0
test_98_2_0.png,0,0,0,0,0,0,0,0,0,0,0,0,0,0,0
test_98_2_1.png,0,0,0,0,0,0,0,0,0,0,0,0,0,0,0
test_98_2_2.png,0,0,0,0,0,0,0,0,0,0,0,0,0,0,0
test_98_2_3.png,0,0,0,0,0,0,0,0,0,0,0,0,0,0,0
test_98_3_0.png,0,0,0,0,0,0,0,0,0,0,0,0,0,0,0
test_98_3_1.png,474,7,42,464,0,52,473,3,43,479,15,37,474,1,42
test_98_3_2.png,0,0,0,0,0,0,0,0,0,0,0,0,0,0,0
test_98_3_3.png,0,0,0,0,0,0,0,0,0,0,0,0,0,0,0
test_99_0_0.png,0,0,0,0,0,0,0,0,0,0,0,0,0,0,0
test_99_0_1.png,0,0,0,0,0,0,0,0,0,0,0,0,0,0,0
test_99_0_2.png,0,0,0,0,0,0,0,0,0,0,0,0,0,0,0
test_99_0_3.png,0,0,0,0,0,0,0,0,0,0,0,0,0,0,0
test_99_1_0.png,0,0,0,0,0,0,0,0,0,0,0,0,0,0,0
test_99_1_1.png,0,0,0,0,0,0,0,0,0,0,0,0,0,0,0
test_99_1_2.png,0,0,0,0,0,0,0,0,0,0,0,0,0,0,0
test_99_1_3.png,0,0,0,0,0,0,0,0,0,0,0,0,0,0,0
test_99_2_0.png,0,0,0,0,0,0,0,0,0,0,0,0,0,0,0
test_99_2_1.png,0,0,0,0,0,0,0,0,0,0,0,0,0,0,0
test_99_2_2.png,0,0,0,0,0,0,0,0,0,0,0,0,0,0,0
test_99_2_3.png,0,0,0,0,0,0,0,0,0,0,0,0,0,0,0
test_99_3_0.png,0,0,97,0,0,97,0,0,97,0,0,97,0,0,97
test_99_3_1.png,0,0,143,0,0,143,0,0,143,0,0,143,0,0,143
test_99_3_2.png,0,0,0,0,0,0,0,0,0,0,0,0,0,0,0
test_99_3_3.png,0,0,0,0,0,0,0,0,0,0,0,0,0,0,0
test_9_0_0.png,2423,198,126,2417,203,132,2399,204,150,2426,202,123,2419,192,130
test_9_0_1.png,0,0,0,0,0,0,0,0,0,0,0,0,0,0,0
test_9_0_2.png,0,0,0,0,0,0,0,0,0,0,0,0,0,0,0
test_9_0_3.png,0,0,0,0,0,0,0,0,0,0,0,0,0,0,0
test_9_1_0.png,2741,239,117,2732,221,126,2685,174,173,2688,151,170,2721,195,137
test_9_1_1.png,0,0,0,0,0,0,0,0,0,0,0,0,0,0,0
test_9_1_2.png,0,0,0,0,0,0,0,0,0,0,0,0,0,0,0
test_9_1_3.png,0,0,0,0,0,0,0,0,0,0,0,0,0,0,0
test_9_2_0.png,1146,113,117,1168,231,95,1171,263,92,1134,221,129,1157,219,106
test_9_2_1.png,0,0,0,0,0,0,0,0,0,0,0,0,0,0,0
test_9_2_2.png,0,0,0,0,0,0,0,0,0,0,0,0,0,0,0
test_9_2_3.png,0,0,0,0,0,0,0,0,0,0,0,0,0,0,0
test_9_3_0.png,1276,105,823,1292,112,807,1261,112,838,1271,115,828,1277,109,822
test_9_3_1.png,0,0,0,0,0,0,0,0,0,0,0,0,0,0,0
test_9_3_2.png,0,0,0,0,0,0,0,0,0,0,0,0,0,0,0
test_9_3_3.png,0,0,0,0,0,0,0,0,0,0,0,0,0,0,0
