image,original_tp,original_fp,original_fn,flip_w_tp,flip_w_fp,flip_w_fn,flip_h_tp,flip_h_fp,flip_h_fn,flip_hw_tp,flip_hw_fp,flip_hw_fn,tta_tp,tta_fp,tta_fn
test_100_0_0.png,0,0,0,0,0,0,0,0,0,0,0,0,0,0,0
test_100_0_1.png,0,0,1131,2,0,1129,0,0,1131,47,0,1084,0,0,1131
test_100_0_2.png,0,0,219,0,0,219,0,0,219,0,0,219,0,0,219
test_100_0_3.png,6734,335,485,6714,336,505,6718,312,501,6744,205,475,6730,312,489
test_100_1_0.png,351,0,96,389,0,58,378,1,69,368,0,79,376,0,71
test_100_1_1.png,0,0,0,0,0,0,0,0,0,0,0,0,0,0,0
test_100_1_2.png,5647,345,523,5577,271,593,5580,310,590,5589,317,581,5594,294,576
test_100_1_3.png,17129,643,1757,17118,566,1768,17059,593,1827,17065,678,1821,17111,579,1775
test_100_2_0.png,0,0,0,0,0,0,0,0,0,0,0,0,0,0,0
test_100_2_1.png,1861,66,273,1853,67,281,1864,54,270,1850,57,284,1856,60,278
test_100_2_2.png,14816,430,1273,14758,414,1331,14791,466,1298,14838,466,1251,14808,432,1281
test_100_2_3.png,17458,665,1385,17398,689,1445,17453,573,1390,17354,566,1489,17423,591,1420
test_100_3_0.png,0,0,0,0,0,0,0,0,0,0,0,0,0,0,0
test_100_3_1.png,10855,368,911,10797,401,969,10816,391,950,10765,351,1001,10812,367,954
test_100_3_2.png,19189,695,1227,19127,676,1289,19191,755,1225,19181,694,1235,19190,656,1226
test_100_3_3.png,14260,361,1263,14301,360,1222,14226,356,1297,14088,299,1435,14246,317,1277
test_101_0_0.png,0,0,0,0,0,0,0,0,0,0,0,0,0,0,0
test_101_0_1.png,11385,724,301,11452,820,234,11397,730,289,11453,723,233,11429,733,257
test_101_0_2.png,0,0,0,0,0,0,0,0,0,0,0,0,0,0,0
test_101_0_3.png,0,0,0,0,0,0,0,0,0,0,0,0,0,0,0
test_101_1_0.png,0,0,211,0,0,211,0,0,211,0,0,211,0,0,211
test_101_1_1.png,0,0,0,0,0,0,0,0,0,0,0,0,0,0,0
test_101_1_2.png,0,0,0,0,0,0,0,0,0,0,0,0,0,0,0
test_101_1_3.png,0,0,486,0,0,486,0,0,486,0,0,486,0,0,486
test_101_2_0.png,978,33,708,1118,41,568,966,42,720,1096,40,590,971,38,715
test_101_2_1.png,7238,54,657,7293,66,602,7155,39,740,7244,47,651,7249,43,646
test_101_2_2.png,1034,36,120,1047,23,107,1040,35,114,1010,26,144,1030,30,124
test_101_2_3.png,6569,161,506,6561,168,514,5543,123,1532,6285,94,790,6512,128,563
test_101_3_0.png,385,1,1337,327,2,1395,0,0,1722,0,0,1722,68,0,1654
test_101_3_1.png,5966,499,2398,7776,960,588,7524,719,840,7504,648,860,7546,655,818
test_101_3_2.png,5118,134,492,5053,107,557,5079,111,531,5120,143,490,5100,118,510
test_101_3_3.png,3216,136,271,3247,160,240,3266,221,221,3184,108,303,3240,141,247
test_102_0_0.png,0,211,0,0,0,0,0,64,0,0,0,0,0,0,0
test_102_0_1.png,2337,10,106,2320,4,123,2323,6,120,2353,8,90,2332,5,111
test_102_0_2.png,20548,284,278,20589,301,237,20536,357,290,20479,200,347,20539,251,287
test_102_0_3.png,15739,517,427,15734,454,432,15644,233,522,15571,171,595,15677,282,489
test_102_1_0.png,2186,120,178,2190,121,174,2150,97,214,2184,144,180,2181,103,183
test_102_1_1.png,18511,508,68,18500,623,79,18501,541,78,18486,607,93,18499,529,80
test_102_1_2.png,14398,311,203,14410,188,191,14304,109,297,14333,126,268,14368,132,233
test_102_1_3.png,2691,11,161,2685,0,167,2683,0,169,2688,1,164,2684,0,168
test_102_2_0.png,13371,135,182,13420,317,133,13374,177,179,13333,87,220,13376,154,177
test_102_2_1.png,2060,17,63,710,1,1413,2083,65,40,2078,11,45,2067,10,56
test_102_2_2.png,0,0,0,0,0,0,0,0,0,0,0,0,0,0,0
test_102_2_3.png,0,0,0,0,0,0,0,0,0,0,0,0,0,0,0
test_102_3_0.png,11247,419,736,11231,429,752,11321,622,662,11258,515,725,11259,474,724
test_102_3_1.png,0,0,0,0,0,0,0,0,0,0,0,0,0,0,0
test_102_3_2.png,0,0,0,0,0,0,0,0,0,0,0,0,0,0,0
test_102_3_3.png,0,0,0,0,0,0,0,0,0,0,0,0,0,0,0
test_103_0_0.png,3026,326,286,3091,370,221,3029,259,283,2986,189,326,3047,267,265
test_103_0_1.png,2181,341,1531,2167,412,1545,103,0,3609,0,0,3712,875,13,2837
test_103_0_2.png,0,0,0,0,0,0,0,0,0,0,0,0,0,0,0
test_103_0_3.png,4621,420,248,4578,100,291,4628,165,241,4729,210,140,4631,145,238
test_103_1_0.png,2471,245,2626,2255,208,2842,1375,108,3722,1500,153,3597,1936,137,3161
test_103_1_1.png,0,0,1218,0,0,1218,0,0,1218,0,0,1218,0,0,1218
test_103_1_2.png,0,0,0,0,0,0,0,0,0,0,0,0,0,0,0
test_103_1_3.png,0,0,0,0,0,0,0,0,0,0,1439,0,0,0,0
test_103_2_0.png,0,0,0,0,0,0,0,0,0,0,0,0,0,0,0
test_103_2_1.png,0,0,0,0,0,0,0,0,0,0,0,0,0,0,0
test_103_2_2.png,0,0,0,0,0,0,0,0,0,0,0,0,0,0,0
test_103_2_3.png,0,0,0,0,0,0,0,0,0,0,0,0,0,0,0
test_103_3_0.png,0,0,0,0,0,0,0,0,0,0,0,0,0,0,0
test_103_3_1.png,0,0,0,0,0,0,0,0,0,0,0,0,0,0,0
test_103_3_2.png,0,0,0,0,0,0,0,0,0,0,0,0,0,0,0
test_103_3_3.png,0,0,0,0,263,0,0,0,0,0,0,0,0,0,0
test_104_0_0.png,0,0,0,0,0,0,0,0,0,0,0,0,0,0,0
test_104_0_1.png,0,0,0,0,0,0,0,0,0,0,0,0,0,0,0
test_104_0_2.png,0,0,0,0,0,0,0,0,0,0,0,0,0,0,0
test_104_0_3.png,0,0,0,0,0,0,0,0,0,0,0,0,0,0,0
test_104_1_0.png,0,0,0,0,0,0,0,0,0,0,0,0,0,0,0
test_104_1_1.png,0,0,0,0,0,0,0,0,0,0,0,0,0,0,0
test_104_1_2.png,0,0,0,0,0,0,0,0,0,0,0,0,0,0,0
test_104_1_3.png,0,0,0,0,0,0,0,0,0,0,0,0,0,0,0
test_104_2_0.png,17750,2338,393,17051,1056,1092,17794,538,349,17754,1619,389,17738,1294,405
test_104_2_1.png,0,0,0,0,0,0,0,0,0,0,6,0,0,0,0
test_104_2_2.png,0,0,0,0,0,0,0,0,0,0,0,0,0,0,0
test_104_2_3.png,0,0,0,0,0,0,0,0,0,0,0,0,0,0,0
test_104_3_0.png,24,864,882,0,813,906,111,707,795,191,898,715,61,861,845
test_104_3_1.png,0,0,0,0,0,0,0,0,0,0,0,0,0,0,0
test_104_3_2.png,0,0,0,0,0,0,0,0,0,0,0,0,0,0,0
test_104_3_3.png,0,586,0,0,389,0,0,822,0,0,720,0,0,619,0
test_105_0_0.png,0,0,0,0,0,0,0,0,0,0,0,0,0,0,0
test_105_0_1.png,0,0,0,0,0,0,0,0,0,0,0,0,0,0,0
test_105_0_2.png,0,0,0,0,0,0,0,0,0,0,0,0,0,0,0
test_105_0_3.png,0,0,0,0,0,0,0,0,0,0,0,0,0,0,0
test_105_1_0.png,2289,69,226,2263,59,252,2274,70,241,2254,58,261,2265,64,250
test_105_1_1.png,0,0,0,0,0,0,0,0,0,0,0,0,0,0,0
test_105_1_2.png,0,0,35,0,0,35,0,0,35,0,0,35,0,0,35
test_105_1_3.png,11705,566,1302,11657,543,1350,11708,573,1299,11808,634,1199,11712,540,1295
test_105_2_0.png,7957,441,874,7962,440,869,8029,512,802,7954,413,877,7970,444,861
test_105_2_1.png,0,0,0,0,0,0,0,0,0,0,0,0,0,0,0
test_105_2_2.png,1350,123,194,1314,156,230,1351,259,193,1337,129,207,1347,124,197
test_105_2_3.png,1815,921,286,1931,908,170,1876,889,225,1974,861,127,1907,901,194
test_105_3_0.png,12475,808,1185,12654,908,1006,12583,789,1077,12531,838,1129,12568,809,1092
test_105_3_1.png,2927,98,223,2965,123,185,2891,112,259,2919,85,231,2927,91,223
test_105_3_2.png,1079,57,89,1095,32,73,1062,35,106,1111,89,57,1091,47,77
test_105_3_3.png,6289,439,585,6298,418,576,6225,321,649,6246,351,628,6283,365,591
test_106_0_0.png,367,43,340,80,4,627,0,0,707,0,0,707,0,0,707
test_106_0_1.png,0,0,0,0,0,0,0,0,0,0,0,0,0,0,0
test_106_0_2.png,3252,281,320,3270,270,302,3195,231,377,3223,272,349,3235,259,337
test_106_0_3.png,16172,899,1356,16168,902,1360,16202,884,1326,16220,872,1308,16192,852,1336
test_106_1_0.png,0,0,0,0,0,0,0,0,0,0,0,0,0,0,0
test_106_1_1.png,0,0,0,0,0,0,0,0,0,0,0,0,0,0,0
test_106_1_2.png,0,0,0,0,0,0,0,0,0,0,0,0,0,0,0
test_106_1_3.png,0,0,0,0,0,0,0,0,0,0,0,0,0,0,0
test_106_2_0.png,0,0,0,0,0,0,0,0,0,0,0,0,0,0,0
test_106_2_1.png,0,0,0,0,0,0,0,0,0,0,0,0,0,0,0
test_106_2_2.png,0,0,0,0,0,0,0,0,0,0,0,0,0,0,0
test_106_2_3.png,23,0,764,576,62,211,222,0,565,615,55,172,469,20,318
test_106_3_0.png,0,98,0,0,0,0,0,0,0,0,18,0,0,0,0
test_106_3_1.png,0,0,0,0,0,0,0,0,0,0,0,0,0,0,0
test_106_3_2.png,0,0,0,0,6,0,0,0,0,0,0,0,0,0,0
test_106_3_3.png,1118,0,468,862,2,724,1091,3,495,1088,3,498,1052,1,534
test_107_0_0.png,258,9,57,0,0,315,29,0,286,0,0,315,0,0,315
test_107_0_1.png,0,0,0,0,0,0,0,0,0,0,0,0,0,0,0
test_107_0_2.png,0,0,0,0,0,0,0,0,0,0,0,0,0,0,0
test_107_0_3.png,249,0,82,0,0,331,30,0,301,0,0,331,3,0,328
test_107_1_0.png,0,98,0,0,215,0,0,18,0,0,211,0,0,170,0
test_107_1_1.png,0,0,0,0,0,0,0,0,0,0,0,0,0,0,0
test_107_1_2.png,0,112,0,0,119,0,0,19,0,0,0,0,0,93,0
test_107_1_3.png,0,0,0,0,0,0,0,0,0,0,0,0,0,0,0
test_107_2_0.png,0,0,0,0,0,0,0,0,0,0,0,0,0,0,0
test_107_2_1.png,0,0,0,0,0,0,0,0,0,0,0,0,0,0,0
test_107_2_2.png,741,25,31,756,4,16,743,21,29,751,1,21,745,16,27
test_107_2_3.png,0,0,0,0,0,0,0,0,0,0,0,0,0,0,0
test_107_3_0.png,0,0,0,0,0,0,0,0,0,0,0,0,0,0,0
test_107_3_1.png,0,0,0,0,0,0,0,0,0,0,0,0,0,0,0
test_107_3_2.png,360,1,520,763,27,117,0,0,880,0,0,880,0,0,880
test_107_3_3.png,0,0,0,0,0,0,0,0,0,0,0,0,0,0,0
test_108_0_0.png,0,0,0,0,0,0,0,0,0,0,0,0,0,0,0
test_108_0_1.png,0,0,0,0,0,0,0,0,0,0,0,0,0,0,0
test_108_0_2.png,0,0,0,0,0,0,0,0,0,0,0,0,0,0,0
test_108_0_3.png,0,0,0,0,0,0,0,0,0,0,0,0,0,0,0
test_108_1_0.png,0,0,0,0,0,0,0,0,0,0,0,0,0,0,0
test_108_1_1.png,0,0,0,0,0,0,0,0,0,0,0,0,0,0,0
test_108_1_2.png,0,0,0,0,0,0,0,0,0,0,0,0,0,0,0
test_108_1_3.png,0,0,0,0,0,0,0,0,0,0,0,0,0,0,0
test_108_2_0.png,0,0,0,0,0,0,0,0,0,0,0,0,0,0,0
test_108_2_1.png,0,0,0,0,0,0,0,0,0,0,0,0,0,0,0
test_108_2_2.png,0,0,0,0,0,0,0,0,0,0,0,0,0,0,0
test_108_2_3.png,0,0,0,0,0,0,0,0,0,0,0,0,0,0,0
test_108_3_0.png,0,0,0,0,0,0,0,0,0,0,0,0,0,0,0
test_108_3_1.png,0,0,0,0,0,0,0,0,0,0,0,0,0,0,0
test_108_3_2.png,0,0,0,0,0,0,0,0,0,0,0,0,0,0,0
test_108_3_3.png,0,0,0,0,0,0,0,0,0,0,0,0,0,0,0
test_109_0_0.png,0,0,0,0,0,0,0,0,0,0,0,0,0,0,0
test_109_0_1.png,0,0,0,0,0,0,0,0,0,0,0,0,0,0,0
test_109_0_2.png,0,0,0,0,0,0,0,0,0,0,0,0,0,0,0
test_109_0_3.png,0,0,0,0,0,0,0,0,0,0,0,0,0,0,0
test_109_1_0.png,0,0,0,0,0,0,0,0,0,0,0,0,0,0,0
test_109_1_1.png,0,0,0,0,0,0,0,0,0,0,0,0,0,0,0
test_109_1_2.png,0,0,0,0,0,0,0,0,0,0,0,0,0,0,0
test_109_1_3.png,0,0,0,0,0,0,0,0,0,0,0,0,0,0,0
test_109_2_0.png,0,0,0,0,0,0,0,0,0,0,0,0,0,0,0
test_109_2_1.png,0,0,0,0,0,0,0,0,0,0,0,0,0,0,0
test_109_2_2.png,3846,158,76,3862,187,60,3891,206,31,3875,197,47,3866,190,56
test_109_2_3.png,0,0,0,0,0,0,0,0,0,0,0,0,0,0,0
test_109_3_0.png,67,0,702,0,0,769,0,0,769,0,0,769,0,0,769
test_109_3_1.png,0,0,0,0,0,0,0,0,0,0,0,0,0,0,0
test_109_3_2.png,0,0,0,0,0,0,0,0,0,0,0,0,0,0,0
test_109_3_3.png,0,0,0,0,0,0,0,0,0,0,0,0,0,0,0
test_10_0_0.png,0,0,0,0,0,0,0,0,0,0,0,0,0,0,0
test_10_0_1.png,0,0,0,0,0,0,0,0,0,0,0,0,0,0,0
test_10_0_2.png,0,0,0,0,0,0,0,0,0,0,0,0,0,0,0
test_10_0_3.png,0,0,0,0,0,0,0,0,0,0,0,0,0,0,0
test_10_1_0.png,1141,44,61,1130,41,72,1129,43,73,1128,49,74,1133,44,69
test_10_1_1.png,2854,121,152,2867,120,139,2826,109,180,2847,114,159,2855,112,151
test_10_1_2.png,0,0,0,0,0,0,0,0,0,0,0,0,0,0,0
test_10_1_3.png,0,0,0,0,0,0,0,0,0,0,0,0,0,0,0
test_10_2_0.png,6927,684,471,6905,693,493,6817,616,581,6891,611,507,6896,651,502
test_10_2_1.png,13760,1243,983,13875,1347,868,13795,1302,948,13844,1206,899,13844,1246,899
test_10_2_2.png,11370,1528,509,11391,1439,488,11306,1483,573,11412,1531,467,11385,1479,494
test_10_2_3.png,6965,631,296,6996,680,265,6978,696,283,6995,660,266,6984,662,277
test_10_3_0.png,16313,1795,596,16365,1854,544,16216,1767,693,16237,1727,672,16313,1758,596
test_10_3_1.png,9316,1321,518,9297,1245,537,9235,1169,599,9180,1081,654,9273,1210,561
test_10_3_2.png,9363,959,427,9315,1004,475,9215,755,575,9332,908,458,9318,891,472
test_10_3_3.png,18516,2113,1192,18478,1894,1230,18388,1911,1320,18415,2041,1293,18473,1949,1235
test_110_0_0.png,0,0,0,0,0,0,0,0,0,0,0,0,0,0,0
test_110_0_1.png,0,0,0,0,0,0,0,0,0,0,0,0,0,0,0
test_110_0_2.png,0,0,0,0,0,0,0,0,0,0,0,0,0,0,0
test_110_0_3.png,0,0,0,0,0,0,0,0,0,0,0,0,0,0,0
test_110_1_0.png,0,0,0,0,0,0,0,0,0,0,0,0,0,0,0
test_110_1_1.png,0,0,0,0,0,0,0,0,0,0,0,0,0,0,0
test_110_1_2.png,0,0,0,0,0,0,0,0,0,0,0,0,0,0,0
test_110_1_3.png,2552,203,181,2560,244,173,2559,222,174,2521,167,212,2554,213,179
test_110_2_0.png,5168,170,665,4363,89,1470,4311,68,1522,4416,103,1417,4371,85,1462
test_110_2_1.png,0,0,0,0,0,0,0,0,0,0,0,0,0,0,0
test_110_2_2.png,0,0,0,0,0,0,0,0,0,0,0,0,0,0,0
test_110_2_3.png,0,0,62,0,0,62,0,0,62,0,0,62,0,0,62
test_110_3_0.png,0,0,0,0,0,0,0,0,0,0,0,0,0,0,0
test_110_3_1.png,0,0,0,0,0,0,0,0,0,0,0,0,0,0,0
test_110_3_2.png,0,0,0,0,0,0,0,0,0,0,0,0,0,0,0
test_110_3_3.png,0,0,159,55,0,104,7,0,152,16,0,143,13,0,146
test_111_0_0.png,0,0,0,0,0,0,0,0,0,0,0,0,0,0,0
test_111_0_1.png,0,0,0,0,0,0,0,0,0,0,0,0,0,0,0
test_111_0_2.png,4530,484,329,4517,243,342,4453,345,406,4551,388,308,4525,361,334
test_111_0_3.png,0,0,12,0,0,12,0,0,12,0,0,12,0,0,12
test_111_1_0.png,0,0,0,0,0,0,0,0,0,0,0,0,0,0,0
test_111_1_1.png,0,0,625,0,0,625,402,26,223,491,19,134,55,0,570
test_111_1_2.png,2461,320,192,2454,317,199,2447,237,206,2424,189,229,2453,235,200
test_111_1_3.png,1592,115,190,1586,223,196,1542,118,240,1643,114,139,1603,103,179
test_111_2_0.png,0,0,0,0,0,0,0,0,0,0,0,0,0,0,0
test_111_2_1.png,0,0,0,0,0,0,0,0,0,0,0,0,0,0,0
test_111_2_2.png,0,0,0,0,0,0,0,0,0,0,0,0,0,0,0
test_111_2_3.png,949,61,2237,1025,33,2161,1178,67,2008,993,58,2193,1017,50,2169
test_111_3_0.png,13944,943,1485,14003,1043,1426,14034,1077,1395,14079,997,1350,14054,987,1375
test_111_3_1.png,2248,275,292,2242,287,298,2235,242,305,2240,276,300,2251,258,289
test_111_3_2.png,0,0,0,0,0,0,0,0,0,0,0,0,0,0,0
test_111_3_3.png,0,0,0,0,0,0,0,0,0,0,0,0,0,0,0
test_112_0_0.png,0,0,0,0,0,0,0,0,0,0,0,0,0,0,0
test_112_0_1.png,0,0,0,0,0,0,0,0,0,0,0,0,0,0,0
test_112_0_2.png,0,119,0,0,0,0,0,0,0,0,0,0,0,0,0
test_112_0_3.png,0,0,0,0,0,0,0,0,0,0,0,0,0,0,0
test_112_1_0.png,1077,158,500,1055,115,522,992,122,585,1109,150,468,1057,130,520
test_112_1_1.png,0,0,0,0,0,0,0,0,0,0,0,0,0,0,0
test_112_1_2.png,0,0,0,0,0,0,0,0,0,0,0,0,0,0,0
test_112_1_3.png,0,0,0,0,0,0,0,0,0,0,0,0,0,0,0
test_112_2_0.png,0,0,0,0,0,0,0,0,0,0,0,0,0,0,0
test_112_2_1.png,326,37,24,312,10,38,4,0,346,252,2,98,275,2,75
test_112_2_2.png,3762,188,238,3802,111,198,3687,143,313,3751,102,249,3776,119,224
test_112_2_3.png,2786,109,232,2761,78,257,1987,154,1031,1849,177,1169,2699,108,319
test_112_3_0.png,0,0,0,0,0,0,0,0,0,0,0,0,0,0,0
test_112_3_1.png,0,0,0,0,0,0,0,0,0,0,0,0,0,0,0
test_112_3_2.png,0,215,0,0,233,0,0,199,0,0,226,0,0,218,0
test_112_3_3.png,0,0,0,0,0,0,0,0,0,0,0,0,0,0,0
test_113_0_0.png,0,0,0,0,0,0,0,0,0,0,0,0,0,0,0
test_113_0_1.png,0,0,80,0,0,80,24,0,56,0,0,80,0,0,80
test_113_0_2.png,2147,82,350,2187,80,310,2085,71,412,1961,69,536,2129,76,368
test_113_0_3.png,0,0,0,0,0,0,0,0,0,0,0,0,0,0,0
test_113_1_0.png,0,0,0,0,0,0,0,0,0,0,0,0,0,0,0
test_113_1_1.png,1293,30,178,1381,45,90,1338,47,133,1381,62,90,1367,44,104
test_113_1_2.png,1199,7,174,1219,8,154,1202,2,171,1209,3,164,1209,3,164
test_113_1_3.png,9361,446,770,9368,501,763,8757,679,1374,8488,380,1643,9184,406,947
test_113_2_0.png,0,0,0,0,0,0,0,0,0,0,0,0,0,0,0
test_113_2_1.png,0,0,0,0,0,0,0,0,0,0,0,0,0,0,0
test_113_2_2.png,0,0,0,0,0,0,0,0,0,0,0,0,0,0,0
test_113_2_3.png,16132,956,2218,15272,1082,3078,15044,1022,3306,15098,1028,3252,15055,1013,3295
test_113_3_0.png,0,0,272,0,0,272,0,0,272,0,0,272,0,0,272
test_113_3_1.png,0,0,0,0,0,0,0,0,0,0,0,0,0,0,0
test_113_3_2.png,0,0,0,0,0,0,0,0,0,0,0,0,0,0,0
test_113_3_3.png,18034,350,3812,17990,308,3856,17762,284,4084,18432,332,3414,17928,308,3918
test_114_0_0.png,0,0,0,0,0,0,0,0,0,0,0,0,0,0,0
test_114_0_1.png,0,0,185,0,0,185,0,0,185,0,0,185,0,0,185
test_114_0_2.png,877,173,71,916,176,32,43,20,905,396,10,552,586,59,362
test_114_0_3.png,254,18,904,660,232,498,19,6,1139,273,33,885,269,15,889
test_114_1_0.png,2680,1156,378,2806,1300,252,2422,971,636,2667,1055,391,2690,1099,368
test_114_1_1.png,15776,1137,1207,15830,1261,1153,15617,958,1366,15677,962,1306,15742,1028,1241
test_114_1_2.png,3706,1324,40,3682,1178,64,3677,1142,69,3683,1089,63,3700,1196,46
test_114_1_3.png,538,434,30,555,436,13,543,447,25,533,377,35,542,402,26
test_114_2_0.png,145,4,27,141,4,31,146,6,26,159,1,13,146,4,26
test_114_2_1.png,1432,81,51,1432,83,51,1446,78,37,1459,97,24,1432,86,51
test_114_2_2.png,0,0,0,0,0,0,0,0,0,0,0,0,0,0,0
test_114_2_3.png,1046,92,30,1052,85,24,1042,73,34,1045,77,31,1049,77,27
test_114_3_0.png,0,0,0,0,0,0,0,0,0,0,0,0,0,0,0
test_114_3_1.png,1933,593,180,1946,582,167,1931,480,182,1943,822,170,1936,443,177
test_114_3_2.png,1757,29,198,1763,28,192,1737,12,218,1758,19,197,1756,22,199
test_114_3_3.png,606,29,739,851,44,494,633,48,712,622,31,723,624,34,721
test_115_0_0.png,9264,307,744,9315,314,693,9209,303,799,9201,278,807,9252,292,756
test_115_0_1.png,21820,1069,1528,21843,1038,1505,21685,954,1663,21789,928,1559,21836,959,1512
test_115_0_2.png,22672,604,2615,22630,534,2657,22666,566,2621,22562,549,2725,22653,531,2634
test_115_0_3.png,21944,560,2177,22093,652,2028,22098,628,2023,21905,534,2216,22017,561,2104
test_115_1_0.png,0,0,0,0,0,0,0,0,0,0,0,0,0,0,0
test_115_1_1.png,13281,533,886,13340,532,827,13288,533,879,12989,604,1178,13310,536,857
test_115_1_2.png,25008,859,2614,24942,799,2680,25007,819,2615,25056,809,2566,25008,786,2614
test_115_1_3.png,20576,681,2413,20798,773,2191,20580,606,2409,20508,735,2481,20635,654,2354
test_115_2_0.png,4280,300,154,4244,488,190,4246,385,188,4237,424,197,4259,356,175
test_115_2_1.png,453,2,173,436,4,190,450,5,176,453,8,173,446,4,180
test_115_2_2.png,5600,186,625,5629,186,596,5594,121,631,5574,116,651,5603,139,622
test_115_2_3.png,9542,322,843,9617,342,768,9599,321,786,9524,293,861,9563,303,822
test_115_3_0.png,7967,335,431,7933,342,465,7974,352,424,7987,351,411,7964,324,434
test_115_3_1.png,1498,121,29,1497,128,30,1495,154,32,1496,168,31,1493,137,34
test_115_3_2.png,0,0,0,0,0,0,0,0,0,0,0,0,0,0,0
test_115_3_3.png,1547,108,135,1538,95,144,1520,104,162,1529,87,153,1538,96,144
test_116_0_0.png,0,0,0,0,0,0,0,0,0,0,0,0,0,0,0
test_116_0_1.png,0,0,0,0,0,0,0,0,0,0,0,0,0,0,0
test_116_0_2.png,0,0,0,0,0,0,0,0,0,0,0,0,0,0,0
test_116_0_3.png,0,0,325,0,0,325,0,0,325,0,0,325,0,0,325
test_116_1_0.png,9857,270,248,9898,252,207,9849,157,256,9885,478,220,9871,244,234
test_116_1_1.png,0,0,0,0,0,0,0,0,0,0,0,0,0,0,0
test_116_1_2.png,0,0,0,0,0,0,0,0,0,0,0,0,0,0,0
test_116_1_3.png,0,0,0,0,0,0,0,0,0,0,0,0,0,0,0
test_116_2_0.png,1416,40,823,613,9,1626,398,13,1841,611,15,1628,597,6,1642
test_116_2_1.png,0,1171,67,0,179,67,0,0,67,0,0,67,0,0,67
test_116_2_2.png,0,695,0,0,0,0,0,0,0,0,0,0,0,0,0
test_116_2_3.png,0,0,0,0,0,0,0,0,0,0,0,0,0,0,0
test_116_3_0.png,0,0,0,0,0,0,0,0,0,0,0,0,0,0,0
test_116_3_1.png,0,0,0,0,0,0,0,0,0,0,0,0,0,0,0
test_116_3_2.png,0,0,0,0,0,0,0,0,0,0,0,0,0,0,0
test_116_3_3.png,0,0,0,0,0,0,0,0,0,0,0,0,0,0,0
test_117_0_0.png,0,0,0,0,0,0,0,0,0,0,0,0,0,0,0
test_117_0_1.png,0,0,0,0,0,0,0,0,0,0,0,0,0,0,0
test_117_0_2.png,0,0,0,0,0,0,0,0,0,0,0,0,0,0,0
test_117_0_3.png,0,0,0,0,0,0,0,0,0,0,0,0,0,0,0
test_117_1_0.png,0,0,0,0,0,0,0,0,0,0,0,0,0,0,0
test_117_1_1.png,0,0,0,0,0,0,0,0,0,0,0,0,0,0,0
test_117_1_2.png,0,0,0,0,0,0,0,0,0,0,0,0,0,0,0
test_117_1_3.png,0,0,0,0,0,0,0,0,0,0,0,0,0,0,0
test_117_2_0.png,0,0,0,0,0,0,0,0,0,0,0,0,0,0,0
test_117_2_1.png,0,0,0,0,0,0,0,0,0,0,0,0,0,0,0
test_117_2_2.png,0,0,0,0,0,0,0,0,0,0,0,0,0,0,0
test_117_2_3.png,0,0,0,0,0,0,0,0,0,0,0,0,0,0,0
test_117_3_0.png,0,0,0,0,0,0,0,0,0,0,0,0,0,0,0
test_117_3_1.png,0,0,0,0,0,0,0,0,0,0,0,0,0,0,0
test_117_3_2.png,0,0,0,0,0,0,0,0,0,0,0,0,0,0,0
test_117_3_3.png,0,0,0,0,0,0,0,0,0,0,0,0,0,0,0
test_118_0_0.png,6780,209,828,6810,198,798,6795,208,813,6789,247,819,6809,205,799
test_118_0_1.png,17299,679,1270,17288,641,1281,17290,634,1279,17174,656,1395,17266,615,1303
test_118_0_2.png,11672,512,1158,11569,407,1261,11551,442,1279,11631,446,1199,11646,422,1184
test_118_0_3.png,0,0,122,0,6,122,0,0,122,0,0,122,0,0,122
test_118_1_0.png,8764,293,809,8793,275,780,8641,250,932,8666,271,907,8719,255,854
test_118_1_1.png,14240,538,1439,14223,496,1456,14157,575,1522,14222,533,1457,14210,511,1469
test_118_1_2.png,1349,9,276,1373,8,252,1377,8,248,1333,13,292,1363,9,262
test_118_1_3.png,0,0,265,0,0,265,0,0,265,0,0,265,0,0,265
test_118_2_0.png,11861,530,1063,11699,446,1225,11280,454,1644,11751,458,1173,11734,452,1190
test_118_2_1.png,16189,775,1001,16248,749,942,16239,767,951,16206,718,984,16245,716,945
test_118_2_2.png,10883,385,947,10983,428,847,10787,358,1043,10802,322,1028,10873,353,957
test_118_2_3.png,579,83,95,580,71,94,553,47,121,579,34,95,577,62,97
test_118_3_0.png,4232,467,196,4226,862,202,4222,172,206,4247,1008,181,4247,799,181
test_118_3_1.png,6528,915,169,6533,878,164,6462,649,235,6448,689,249,6509,749,188
test_118_3_2.png,13849,601,898,13811,585,936,13659,586,1088,13801,603,946,13813,580,934
test_118_3_3.png,13713,358,1011,13720,382,1004,13662,396,1062,13623,435,1101,13680,372,1044
test_119_0_0.png,0,0,0,0,0,0,0,0,0,0,0,0,0,0,0
test_119_0_1.png,600,27,162,601,22,161,596,8,166,598,23,164,601,20,161
test_119_0_2.png,0,0,0,0,0,0,0,0,0,0,0,0,0,0,0
test_119_0_3.png,0,0,0,0,0,0,0,0,0,0,0,0,0,0,0
test_119_1_0.png,747,111,66,736,127,77,709,50,104,711,45,102,732,64,81
test_119_1_1.png,2719,50,543,2744,46,518,2671,49,591,2698,49,564,2709,47,553
test_119_1_2.png,10410,330,898,10435,303,873,10351,294,957,10422,310,886,10429,305,879
test_119_1_3.png,6826,193,600,6905,332,521,6859,215,567,6799,216,627,6852,202,574
test_119_2_0.png,4037,331,1925,4892,321,1070,3847,249,2115,4959,242,1003,4309,286,1653
test_119_2_1.png,2299,83,244,2357,70,186,2225,107,318,2313,75,230,2310,83,233
test_119_2_2.png,8942,413,1239,9105,474,1076,9089,407,1092,9090,304,1091,9062,369,1119
test_119_2_3.png,9186,377,820,9271,395,735,9257,362,749,9225,361,781,9223,325,783
test_119_3_0.png,14333,1259,605,14314,1133,624,14277,1216,661,14220,1090,718,14297,1145,641
test_119_3_1.png,9481,866,693,9443,750,731,9467,743,707,9441,675,733,9479,742,695
test_119_3_2.png,0,0,521,0,0,521,0,0,521,0,0,521,0,0,521
test_119_3_3.png,637,108,4,636,137,5,638,95,3,638,102,3,638,102,3
test_11_0_0.png,0,0,0,0,0,0,0,0,0,0,0,0,0,0,0
test_11_0_1.png,0,0,0,0,0,0,0,0,0,0,0,0,0,0,0
test_11_0_2.png,0,0,0,0,0,0,0,0,0,0,0,0,0,0,0
test_11_0_3.png,0,0,0,0,0,0,0,0,0,0,0,0,0,0,0
test_11_1_0.png,0,0,0,0,0,0,0,0,0,0,0,0,0,0,0
test_11_1_1.png,0,0,0,0,0,0,0,0,0,0,0,0,0,0,0
test_11_1_2.png,0,0,0,0,0,0,0,0,0,0,0,0,0,0,0
test_11_1_3.png,0,0,0,0,0,0,0,0,0,0,0,0,0,0,0
test_11_2_0.png,0,0,0,0,0,0,0,0,0,0,0,0,0,0,0
test_11_2_1.png,0,0,0,0,0,0,0,0,0,0,0,0,0,0,0
test_11_2_2.png,1898,127,81,1907,153,72,1884,126,95,1876,120,103,1892,124,87
test_11_2_3.png,1064,97,50,1074,104,40,1075,104,39,1070,101,44,1076,102,38
test_11_3_0.png,0,0,0,0,0,0,0,0,0,0,0,0,0,0,0
test_11_3_1.png,4861,474,299,4873,450,287,4804,339,356,4880,485,280,4868,430,292
test_11_3_2.png,663,41,26,655,43,34,659,45,30,660,52,29,660,45,29
test_11_3_3.png,2173,186,120,2184,227,109,2167,835,126,2155,547,138,2178,190,115
test_120_0_0.png,0,0,0,0,0,0,0,0,0,0,0,0,0,0,0
test_120_0_1.png,0,0,0,0,0,0,0,0,0,0,0,0,0,0,0
test_120_0_2.png,18343,760,900,18335,813,908,18334,776,909,18243,732,1000,18334,744,909
test_120_0_3.png,7075,275,678,7088,273,665,6992,286,761,7084,250,669,7090,263,663
test_120_1_0.png,0,0,0,0,0,0,0,0,0,0,0,0,0,0,0
test_120_1_1.png,0,0,0,0,0,0,0,0,0,0,0,0,0,0,0
test_120_1_2.png,12262,541,796,12326,528,732,12146,472,912,12270,472,788,12273,477,785
test_120_1_3.png,16549,918,750,16533,957,766,16288,749,1011,16369,725,930,16533,790,766
test_120_2_0.png,0,0,0,0,0,0,0,0,0,0,0,0,0,0,0
test_120_2_1.png,2951,170,154,2971,179,134,2927,169,178,2920,146,185,2946,161,159
test_120_2_2.png,16243,887,1074,16349,990,968,16216,861,1101,16178,868,1139,16267,879,1050
test_120_2_3.png,17699,891,874,17703,930,870,17570,864,1003,17670,809,903,17681,849,892
test_120_3_0.png,0,0,0,0,0,0,0,0,0,0,0,0,0,0,0
test_120_3_1.png,11911,738,432,11945,829,398,11923,738,420,11883,746,460,11918,756,425
test_120_3_2.png,11972,874,662,11946,845,688,11958,678,676,11916,643,718,11950,721,684
test_120_3_3.png,5488,1288,244,5490,1252,242,5458,1210,274,5484,1240,248,5481,1255,251
test_121_0_0.png,0,0,0,0,0,0,0,0,0,0,0,0,0,0,0
test_121_0_1.png,0,0,0,0,0,0,0,0,0,0,0,0,0,0,0
test_121_0_2.png,0,0,0,0,0,0,0,0,0,0,0,0,0,0,0
test_121_0_3.png,0,0,0,0,0,0,0,0,0,0,0,0,0,0,0
test_121_1_0.png,0,0,0,0,0,0,0,0,0,0,0,0,0,0,0
test_121_1_1.png,0,0,0,0,0,0,0,0,0,0,0,0,0,0,0
test_121_1_2.png,0,0,0,0,0,0,0,0,0,0,0,0,0,0,0
test_121_1_3.png,0,0,0,0,0,0,0,0,0,0,0,0,0,0,0
test_121_2_0.png,0,0,0,0,0,0,0,0,0,0,0,0,0,0,0
test_121_2_1.png,0,0,0,0,0,0,0,0,0,0,0,0,0,0,0
test_121_2_2.png,0,0,0,0,0,0,0,0,0,0,0,0,0,0,0
test_121_2_3.png,0,0,0,0,0,0,0,0,0,0,0,0,0,0,0
test_121_3_0.png,10858,972,2317,11406,1064,1769,10356,551,2819,11157,925,2018,10973,870,2202
test_121_3_1.png,11457,1304,1372,11485,1363,1344,11366,1066,1463,11407,1160,1422,11435,1226,1394
test_121_3_2.png,0,0,29,0,0,29,0,0,29,0,0,29,0,0,29
test_121_3_3.png,0,0,0,0,0,0,0,0,0,0,0,0,0,0,0
test_122_0_0.png,0,0,0,0,0,0,0,0,0,0,0,0,0,0,0
test_122_0_1.png,0,0,0,0,0,0,0,0,0,0,0,0,0,0,0
test_122_0_2.png,0,0,0,0,0,0,0,0,0,0,0,0,0,0,0
test_122_0_3.png,0,0,0,0,0,0,0,0,0,0,0,0,0,0,0
test_122_1_0.png,0,0,0,0,0,0,0,0,0,0,0,0,0,0,0
test_122_1_1.png,0,0,0,0,0,0,0,0,0,0,0,0,0,0,0
test_122_1_2.png,0,0,0,0,0,0,0,0,0,0,0,0,0,0,0
test_122_1_3.png,0,0,0,0,0,0,0,0,0,0,0,0,0,0,0
test_122_2_0.png,0,0,0,0,0,0,0,0,0,0,0,0,0,0,0
test_122_2_1.png,0,0,0,0,0,0,0,0,0,0,0,0,0,0,0
test_122_2_2.png,0,0,0,0,0,0,0,0,0,0,0,0,0,0,0
test_122_2_3.png,0,0,0,0,0,0,0,0,0,0,0,0,0,0,0
test_122_3_0.png,0,0,0,0,0,0,0,0,0,0,0,0,0,0,0
test_122_3_1.png,0,0,0,0,0,0,0,0,0,0,0,0,0,0,0
test_122_3_2.png,0,0,0,0,0,0,0,0,0,0,0,0,0,0,0
test_122_3_3.png,0,0,0,0,0,0,0,0,0,0,0,0,0,0,0
test_123_0_0.png,0,0,0,0,0,0,0,0,0,0,0,0,0,0,0
test_123_0_1.png,0,0,0,0,0,0,0,0,0,0,0,0,0,0,0
test_123_0_2.png,0,0,0,0,0,0,0,0,0,0,0,0,0,0,0
test_123_0_3.png,0,0,53,0,0,53,0,0,53,0,0,53,0,0,53
test_123_1_0.png,0,0,0,0,0,0,0,0,0,0,0,0,0,0,0
test_123_1_1.png,0,0,0,0,0,0,0,0,0,0,0,0,0,0,0
test_123_1_2.png,0,0,0,0,0,0,0,0,0,0,0,0,0,0,0
test_123_1_3.png,3523,158,309,3568,156,264,3501,159,331,3500,155,332,3526,160,306
test_123_2_0.png,0,0,0,0,0,0,0,0,0,0,0,0,0,0,0
test_123_2_1.png,0,0,0,0,0,0,0,0,0,0,0,0,0,0,0
test_123_2_2.png,0,0,0,0,0,0,0,0,0,0,0,0,0,0,0
test_123_2_3.png,0,0,0,0,0,0,0,0,0,0,0,0,0,0,0
test_123_3_0.png,0,0,0,0,0,0,0,0,0,0,0,0,0,0,0
test_123_3_1.png,0,0,0,0,0,0,0,0,0,0,0,0,0,0,0
test_123_3_2.png,0,0,0,0,0,0,0,0,0,0,0,0,0,0,0
test_123_3_3.png,0,0,0,0,0,0,0,0,0,0,0,0,0,0,0
test_124_0_0.png,11177,622,772,11148,661,801,11187,622,762,11137,566,812,11164,583,785
test_124_0_1.png,8486,402,593,8440,441,639,8426,386,653,8456,405,623,8453,393,626
test_124_0_2.png,0,0,78,1,0,77,0,0,78,20,0,58,0,0,78
test_124_0_3.png,0,0,0,0,0,0,0,0,0,0,0,0,0,0,0
test_124_1_0.png,514,24,22,517,26,19,518,41,18,520,31,16,517,29,19
test_124_1_1.png,0,0,0,0,0,0,0,0,0,0,0,0,0,0,0
test_124_1_2.png,0,0,0,0,0,0,0,0,0,0,0,0,0,0,0
test_124_1_3.png,0,0,0,0,0,0,0,0,0,0,0,0,0,0,0
test_124_2_0.png,0,0,0,0,0,0,0,0,0,0,0,0,0,0,0
test_124_2_1.png,0,0,0,0,0,0,0,0,0,0,0,0,0,0,0
test_124_2_2.png,0,0,0,0,0,0,0,0,0,0,0,0,0,0,0
test_124_2_3.png,0,0,0,0,0,0,0,0,0,0,0,0,0,0,0
test_124_3_0.png,0,0,0,0,0,0,0,0,0,0,0,0,0,0,0
test_124_3_1.png,0,0,0,0,0,0,0,0,0,0,0,0,0,0,0
test_124_3_2.png,0,0,0,0,0,0,0,0,0,0,0,0,0,0,0
test_124_3_3.png,0,0,0,0,0,0,0,0,0,0,0,0,0,0,0
test_125_0_0.png,0,0,0,0,0,0,0,0,0,0,0,0,0,0,0
test_125_0_1.png,0,0,0,0,0,0,0,0,0,0,0,0,0,0,0
test_125_0_2.png,0,0,0,0,0,0,0,0,0,0,0,0,0,0,0
test_125_0_3.png,0,0,0,0,0,0,0,0,0,0,0,0,0,0,0
test_125_1_0.png,0,0,0,0,0,0,0,0,0,0,0,0,0,0,0
test_125_1_1.png,0,0,0,0,0,0,0,0,0,0,0,0,0,0,0
test_125_1_2.png,0,0,0,0,0,0,0,0,0,0,0,0,0,0,0
test_125_1_3.png,0,0,0,0,0,0,0,0,0,0,0,0,0,0,0
test_125_2_0.png,0,0,0,0,0,0,0,0,0,0,0,0,0,0,0
test_125_2_1.png,0,0,0,0,0,0,0,0,0,0,0,0,0,0,0
test_125_2_2.png,0,0,0,0,0,0,0,0,0,0,0,0,0,0,0
test_125_2_3.png,0,0,0,0,0,0,0,0,0,0,0,0,0,0,0
test_125_3_0.png,0,0,0,0,0,0,0,0,0,0,0,0,0,0,0
test_125_3_1.png,0,0,0,0,0,0,0,0,0,0,0,0,0,0,0
test_125_3_2.png,0,0,0,0,0,0,0,0,0,0,0,0,0,0,0
test_125_3_3.png,0,0,0,0,0,0,0,0,0,0,0,0,0,0,0
test_126_0_0.png,0,0,0,0,0,0,0,0,0,0,0,0,0,0,0
test_126_0_1.png,3878,292,437,3862,256,453,3793,187,522,3809,202,506,3818,223,497
test_126_0_2.png,8057,307,891,8148,353,800,7948,308,1000,8038,278,910,8069,288,879
test_126_0_3.png,9190,483,1675,9221,526,1644,9082,422,1783,9107,432,1758,9169,442,1696
test_126_1_0.png,754,5,112,765,14,101,763,10,103,758,8,108,762,9,104
test_126_1_1.png,0,0,0,0,0,0,0,0,0,0,0,0,0,0,0
test_126_1_2.png,993,17,65,981,35,77,973,15,85,981,15,77,977,17,81
test_126_1_3.png,14156,846,1893,14350,1089,1699,14172,849,1877,14319,866,1730,14265,862,1784
test_126_2_0.png,630,73,49,640,82,39,643,40,36,628,56,51,637,61,42
test_126_2_1.png,0,0,0,0,0,0,0,0,0,0,0,0,0,0,0
test_126_2_2.png,0,0,0,0,0,0,0,0,0,0,0,0,0,0,0
test_126_2_3.png,2339,289,508,2321,280,526,1667,123,1180,1357,110,1490,2041,182,806
test_126_3_0.png,0,0,0,0,0,0,0,0,0,0,0,0,0,0,0
test_126_3_1.png,929,7,87,931,22,85,907,20,109,909,17,107,922,17,94
test_126_3_2.png,0,0,0,0,0,0,0,0,0,0,0,0,0,0,0
test_126_3_3.png,0,0,0,0,0,0,0,0,0,0,0,0,0,0,0
test_127_0_0.png,0,0,0,0,0,0,0,0,0,0,0,0,0,0,0
test_127_0_1.png,5499,207,466,5567,229,398,5470,226,495,5471,195,494,5518,201,447
test_127_0_2.png,9386,565,977,9486,552,877,9313,583,1050,9294,556,1069,9350,548,1013
test_127_0_3.png,6830,223,983,6229,204,1584,6715,225,1098,6644,218,1169,6750,211,1063
test_127_1_0.png,0,0,0,0,0,0,0,0,0,0,0,0,0,0,0
test_127_1_1.png,0,0,0,0,0,0,0,0,0,0,0,0,0,0,0
test_127_1_2.png,552,122,37,564,145,25,556,53,33,544,27,45,554,71,35
test_127_1_3.png,0,0,2,0,0,2,0,93,2,0,0,2,0,0,2
test_127_2_0.png,0,0,0,0,0,0,0,0,0,0,0,0,0,0,0
test_127_2_1.png,0,0,0,0,0,0,0,0,0,0,0,0,0,0,0
test_127_2_2.png,0,0,0,0,0,0,0,0,0,0,0,0,0,0,0
test_127_2_3.png,0,0,0,0,0,0,0,0,0,0,0,0,0,0,0
test_127_3_0.png,0,0,0,0,0,0,0,0,0,0,0,0,0,0,0
test_127_3_1.png,0,0,0,0,0,0,0,0,0,0,0,0,0,0,0
test_127_3_2.png,0,0,0,0,0,0,0,0,0,0,0,0,0,0,0
test_127_3_3.png,0,0,0,0,0,0,0,0,0,0,0,0,0,0,0
test_128_0_0.png,0,0,0,0,0,0,0,0,0,0,0,0,0,0,0
test_128_0_1.png,0,0,0,0,0,0,0,0,0,0,0,0,0,0,0
test_128_0_2.png,0,0,0,0,0,0,0,0,0,0,0,0,0,0,0
test_128_0_3.png,0,0,0,0,0,0,0,0,0,0,0,0,0,0,0
test_128_1_0.png,0,0,0,0,0,0,0,0,0,0,0,0,0,0,0
test_128_1_1.png,0,0,0,0,0,0,0,0,0,0,0,0,0,0,0
test_128_1_2.png,0,0,0,0,0,0,0,0,0,0,0,0,0,0,0
test_128_1_3.png,0,0,0,0,0,0,0,0,0,0,0,0,0,0,0
test_128_2_0.png,0,0,301,0,0,301,0,0,301,0,0,301,0,0,301
test_128_2_1.png,0,0,0,0,86,0,0,100,0,0,87,0,0,62,0
test_128_2_2.png,0,0,0,0,0,0,0,0,0,0,0,0,0,0,0
test_128_2_3.png,0,0,0,0,0,0,0,0,0,0,0,0,0,0,0
test_128_3_0.png,0,0,0,0,0,0,0,0,0,0,0,0,0,0,0
test_128_3_1.png,0,0,0,0,0,0,0,0,0,0,0,0,0,0,0
test_128_3_2.png,0,0,230,0,0,230,0,0,230,0,0,230,0,0,230
test_128_3_3.png,0,0,0,0,0,0,0,0,0,0,0,0,0,0,0
test_12_0_0.png,0,0,0,0,0,0,0,0,0,0,0,0,0,0,0
test_12_0_1.png,0,0,0,0,0,0,0,0,0,0,0,0,0,0,0
test_12_0_2.png,0,0,0,0,0,0,0,0,0,0,0,0,0,0,0
test_12_0_3.png,0,0,0,0,0,0,0,0,0,0,0,0,0,0,0
test_12_1_0.png,9083,1208,842,9179,1302,746,9038,1049,887,9007,972,918,9087,1102,838
test_12_1_1.png,3033,271,136,3051,293,118,3046,266,123,3032,255,137,3045,263,124
test_12_1_2.png,0,0,0,0,0,0,0,0,0,0,0,0,0,0,0
test_12_1_3.png,0,0,0,0,0,0,0,0,0,0,0,0,0,0,0
test_12_2_0.png,6607,582,741,6715,549,633,6443,522,905,6557,460,791,6590,510,758
test_12_2_1.png,9687,1306,1043,9781,1438,949,9577,1243,1153,9610,1254,1120,9704,1287,1026
test_12_2_2.png,11653,1090,812,11620,1118,845,11480,952,985,11511,1045,954,11585,1034,880
test_12_2_3.png,13909,1495,1035,13930,1392,1014,13752,1221,1192,13756,1270,1188,13861,1307,1083
test_12_3_0.png,7858,601,634,7858,665,634,7761,543,731,7770,613,722,7822,589,670
test_12_3_1.png,12247,1004,974,12216,1120,1005,12128,1084,1093,12136,1034,1085,12201,1025,1020
test_12_3_2.png,13463,1707,776,13531,1921,708,13253,1461,986,13348,1313,891,13410,1478,829
test_12_3_3.png,9838,1807,681,9857,1943,662,9748,1873,771,9709,1808,810,9799,1807,720
test_13_0_0.png,2886,352,134,2819,402,201,2870,233,150,2875,231,145,2880,284,140
test_13_0_1.png,13123,980,862,13124,1091,861,12938,902,1047,13077,886,908,13067,935,918
test_13_0_2.png,11206,1145,503,11204,1235,505,11080,1033,629,11104,1102,605,11166,1114,543
test_13_0_3.png,4749,778,220,4694,621,275,4625,495,344,4696,475,273,4680,501,289
test_13_1_0.png,0,0,0,0,0,0,0,0,0,0,0,0,0,0,0
test_13_1_1.png,9350,991,583,9406,1081,527,9237,886,696,9375,954,558,9345,959,588
test_13_1_2.png,14643,815,1572,14912,1125,1303,14610,871,1605,14721,948,1494,14730,890,1485
test_13_1_3.png,13732,1431,836,13850,1599,718,13627,1447,941,13733,1388,835,13769,1420,799
test_13_2_0.png,226,15,36,223,16,39,209,18,53,224,17,38,220,15,42
test_13_2_1.png,0,0,29,0,0,29,0,0,29,0,0,29,0,0,29
test_13_2_2.png,14492,1148,1251,14522,1275,1221,14080,873,1663,14253,1018,1490,14397,1049,1346
test_13_2_3.png,7477,649,637,7499,709,615,7542,731,572,7495,755,619,7503,707,611
test_13_3_0.png,682,62,4,684,40,2,686,58,0,685,68,1,685,51,1
test_13_3_1.png,0,0,0,0,0,0,0,0,0,0,0,0,0,0,0
test_13_3_2.png,1308,76,293,1458,71,143,1415,79,186,1471,94,130,1434,77,167
test_13_3_3.png,1779,122,145,1788,141,136,1408,108,516,1397,114,527,1746,111,178
test_14_0_0.png,13719,808,1326,13693,735,1352,13402,692,1643,13460,709,1585,13569,697,1476
test_14_0_1.png,8388,817,572,8397,795,563,8259,735,701,8208,764,752,8328,751,632
test_14_0_2.png,1739,251,50,1723,156,66,1727,183,62,1713,142,76,1725,162,64
test_14_0_3.png,0,0,0,0,0,0,0,0,0,0,0,0,0,0,0
test_14_1_0.png,16576,1458,1113,16555,1414,1134,16364,1365,1325,16324,1319,1365,16474,1367,1215
test_14_1_1.png,17866,1940,1127,17953,2024,1040,17961,2025,1032,17881,1911,1112,17901,1935,1092
test_14_1_2.png,7457,581,459,7418,552,498,7335,527,581,7338,498,578,7404,529,512
test_14_1_3.png,0,0,0,0,0,0,0,0,0,0,0,0,0,0,0
test_14_2_0.png,15073,1057,1358,15041,1049,1390,15004,1000,1427,15005,999,1426,15038,995,1393
test_14_2_1.png,10846,801,721,10846,803,721,10761,656,806,10758,671,809,10803,722,764
test_14_2_2.png,415,53,40,417,48,38,418,47,37,419,52,36,418,49,37
test_14_2_3.png,0,174,0,0,0,0,0,16,0,0,131,0,0,68,0
test_14_3_0.png,10413,840,406,10354,789,465,10365,880,454,10353,859,466,10380,840,439
test_14_3_1.png,3275,176,553,3238,153,590,3258,139,570,3249,164,579,3256,149,572
test_14_3_2.png,0,0,0,0,0,0,0,0,0,0,0,0,0,0,0
test_14_3_3.png,0,0,0,0,0,0,0,0,0,0,0,0,0,0,0
test_15_0_0.png,0,0,0,0,0,0,0,0,0,0,0,0,0,0,0
test_15_0_1.png,0,0,141,0,0,141,0,0,141,0,0,141,0,0,141
test_15_0_2.png,0,0,0,0,0,0,0,0,0,0,0,0,0,0,0
test_15_0_3.png,5491,258,521,5453,299,559,5354,261,658,5390,256,622,5431,251,581
test_15_1_0.png,0,0,0,0,0,0,0,0,0,0,0,0,0,0,0
test_15_1_1.png,0,0,0,0,0,0,0,0,0,0,0,0,0,0,0
test_15_1_2.png,0,0,0,0,0,0,0,0,0,0,0,0,0,0,0
test_15_1_3.png,0,0,0,0,0,0,0,0,0,0,0,0,0,0,0
test_15_2_0.png,0,0,0,0,0,0,0,0,0,0,0,0,0,0,0
test_15_2_1.png,0,0,0,0,0,0,0,0,0,0,0,0,0,0,0
test_15_2_2.png,0,0,0,0,0,0,0,0,0,0,0,0,0,0,0
test_15_2_3.png,3748,179,397,3763,206,382,3685,174,460,3653,183,492,3720,179,425
test_15_3_0.png,1157,5,568,1258,22,467,1198,11,527,1231,11,494,1219,11,506
test_15_3_1.png,0,0,0,0,0,0,0,0,0,0,0,0,0,0,0
test_15_3_2.png,691,33,51,316,0,426,530,8,212,561,8,181,613,6,129
test_15_3_3.png,86,0,28,0,0,114,94,0,20,0,0,114,0,0,114
test_16_0_0.png,5268,23,137,5266,20,139,5269,16,136,5272,17,133,5265,18,140
test_16_0_1.png,43802,1408,446,43942,918,306,43760,781,488,43879,739,369,43811,818,437
test_16_0_2.png,1063,127,0,1063,139,0,1063,135,0,1063,125,0,1063,128,0
test_16_0_3.png,0,0,0,0,0,0,0,0,0,0,0,0,0,0,0
test_16_1_0.png,3442,91,295,3452,97,285,3422,102,315,3419,72,318,3434,90,303
test_16_1_1.png,1307,140,128,1314,150,121,1117,98,318,1314,156,121,1312,139,123
test_16_1_2.png,0,0,0,0,0,0,0,0,0,0,0,0,0,0,0
test_16_1_3.png,0,0,0,0,0,0,0,0,0,0,0,0,0,0,0
test_16_2_0.png,410,30,139,112,13,437,413,36,136,106,11,443,365,22,184
test_16_2_1.png,1464,139,14,1471,141,7,1435,132,43,1425,114,53,1455,132,23
test_16_2_2.png,0,0,0,0,0,0,0,0,0,0,0,0,0,0,0
test_16_2_3.png,0,0,0,0,0,0,0,0,0,0,0,0,0,0,0
test_16_3_0.png,1756,132,80,1237,84,599,1227,89,609,1252,88,584,1252,91,584
test_16_3_1.png,0,0,0,0,0,0,0,0,0,0,0,0,0,0,0
test_16_3_2.png,0,0,0,0,0,0,0,0,0,0,0,0,0,0,0
test_16_3_3.png,0,0,0,0,0,0,0,0,0,0,0,0,0,0,0
test_17_0_0.png,0,0,0,0,0,0,0,0,0,0,0,0,0,0,0
test_17_0_1.png,0,0,0,0,0,0,0,0,0,0,0,0,0,0,0
test_17_0_2.png,0,0,0,0,0,0,0,0,0,0,0,0,0,0,0
test_17_0_3.png,0,0,0,0,0,0,0,0,0,0,0,0,0,0,0
test_17_1_0.png,0,0,0,0,0,0,0,0,0,0,0,0,0,0,0
test_17_1_1.png,0,0,0,0,0,0,0,0,0,0,0,0,0,0,0
test_17_1_2.png,0,0,0,0,0,0,0,0,0,0,0,0,0,0,0
test_17_1_3.png,0,0,0,0,0,0,0,0,0,0,0,0,0,0,0
test_17_2_0.png,5797,424,609,5773,405,633,5789,452,617,5884,890,522,5823,410,583
test_17_2_1.png,3868,368,314,3849,428,333,3789,289,393,3812,336,370,3838,354,344
test_17_2_2.png,4711,225,280,4735,255,256,4721,298,270,4727,258,264,4725,245,266
test_17_2_3.png,0,0,0,0,0,0,0,0,0,0,0,0,0,0,0
test_17_3_0.png,4504,359,473,4486,311,491,4504,307,473,4546,305,431,4504,307,473
test_17_3_1.png,5016,361,347,5029,348,334,4967,322,396,5012,295,351,5035,325,328
test_17_3_2.png,8073,672,525,8085,705,513,8057,598,541,8024,625,574,8067,647,531
test_17_3_3.png,1510,553,86,1513,116,83,1474,83,122,1469,93,127,1491,86,105
test_18_0_0.png,0,9,0,0,577,0,0,159,0,0,743,0,0,234,0
test_18_0_1.png,0,0,0,0,0,0,0,0,0,0,0,0,0,0,0
test_18_0_2.png,12022,2669,595,12049,2587,568,12021,2430,596,12009,2506,608,12027,2506,590
test_18_0_3.png,13095,2153,194,13043,2005,246,13087,1953,202,13070,1988,219,13095,2025,194
test_18_1_0.png,0,0,0,0,0,0,0,0,0,0,0,0,0,0,0
test_18_1_1.png,0,0,0,0,0,0,0,0,0,0,0,0,0,0,0
test_18_1_2.png,2322,278,346,2444,286,224,2348,275,320,2364,285,304,2333,281,335
test_18_1_3.png,15809,2689,512,16001,2941,320,16153,2757,168,16115,2752,206,16116,2659,205
test_18_2_0.png,0,0,98,0,0,98,0,0,98,0,0,98,0,0,98
test_18_2_1.png,1270,180,2061,411,68,2920,1920,125,1411,388,39,2943,947,78,2384
test_18_2_2.png,0,0,0,0,0,0,0,0,0,0,0,0,0,0,0
test_18_2_3.png,9408,1963,267,9375,1965,300,9111,1859,564,8951,1953,724,9321,1936,354
test_18_3_0.png,3917,502,1810,3972,528,1755,3886,354,1841,4007,377,1720,3914,412,1813
test_18_3_1.png,0,0,640,0,0,640,0,0,640,0,0,640,0,0,640
test_18_3_2.png,3041,346,1009,3314,330,736,3033,357,1017,3079,233,971,3044,328,1006
test_18_3_3.png,897,130,126,596,134,427,584,99,439,584,136,439,584,116,439
test_19_0_0.png,0,0,1478,0,0,1478,0,0,1478,0,0,1478,0,0,1478
test_19_0_1.png,0,0,0,0,0,0,0,0,0,0,0,0,0,0,0
test_19_0_2.png,0,0,0,0,0,0,0,287,0,0,309,0,0,0,0
test_19_0_3.png,0,0,0,0,0,0,0,0,0,0,0,0,0,0,0
test_19_1_0.png,0,0,1364,0,0,1364,0,0,1364,0,0,1364,0,0,1364
test_19_1_1.png,0,0,0,0,254,0,0,266,0,0,282,0,0,256,0
test_19_1_2.png,0,0,0,0,0,0,0,0,0,0,20,0,0,0,0
test_19_1_3.png,0,0,66,0,0,66,0,0,66,0,0,66,0,0,66
test_19_2_0.png,2689,235,1280,2743,358,1226,3180,366,789,2642,224,1327,2731,304,1238
test_19_2_1.png,6461,570,715,6572,475,604,6500,497,676,6314,486,862,6475,480,701
test_19_2_2.png,0,0,29,0,0,29,0,0,29,0,0,29,0,0,29
test_19_2_3.png,1112,229,356,1001,59,467,1179,191,289,1121,171,347,1133,182,335
test_19_3_0.png,4591,224,308,4583,273,316,4625,412,274,4599,201,300,4603,238,296
test_19_3_1.png,13069,996,1103,13125,995,1047,13016,745,1156,12885,639,1287,13045,826,1127
test_19_3_2.png,14537,969,1086,14339,827,1284,14493,1007,1130,14266,923,1357,14453,892,1170
test_19_3_3.png,4761,563,159,4759,483,161,4253,391,667,4388,479,532,4748,488,172
test_1_0_0.png,0,0,0,0,0,0,0,0,0,0,0,0,0,0,0
test_1_0_1.png,0,0,0,0,0,0,0,0,0,0,0,0,0,0,0
test_1_0_2.png,0,0,0,0,0,0,0,0,0,0,0,0,0,0,0
test_1_0_3.png,11746,701,1443,11906,777,1283,11754,659,1435,11774,570,1415,11796,652,1393
test_1_1_0.png,0,0,0,0,0,0,0,0,0,0,0,0,0,0,0
test_1_1_1.png,0,0,0,0,0,0,0,0,0,0,0,0,0,0,0
test_1_1_2.png,0,0,0,0,0,0,0,0,0,0,0,0,0,0,0
test_1_1_3.png,0,0,0,0,0,0,0,0,0,0,0,0,0,0,0
test_1_2_0.png,0,0,0,0,0,0,0,0,0,0,0,0,0,0,0
test_1_2_1.png,0,0,0,0,0,0,0,0,0,0,0,0,0,0,0
test_1_2_2.png,0,0,0,0,0,0,0,0,0,0,0,0,0,0,0
test_1_2_3.png,0,0,0,0,0,0,0,0,0,0,0,0,0,0,0
test_1_3_0.png,0,0,0,0,0,0,0,0,0,0,0,0,0,0,0
test_1_3_1.png,0,0,0,0,0,0,0,0,0,0,0,0,0,0,0
test_1_3_2.png,0,0,0,0,0,0,0,0,0,0,0,0,0,0,0
test_1_3_3.png,0,0,0,0,0,0,0,0,0,0,0,0,0,0,0
test_20_0_0.png,7164,785,418,7149,824,433,7077,752,505,7160,879,422,7137,743,445
test_20_0_1.png,19560,1441,1359,19582,1393,1337,19624,1527,1295,19596,1604,1323,19588,1422,1331
test_20_0_2.png,15009,1098,977,15151,1240,835,14668,1062,1318,15071,1004,915,15094,1060,892
test_20_0_3.png,20930,1803,1401,21614,1808,717,21221,1821,1110,21567,2229,764,21385,1831,946
test_20_1_0.png,19405,1095,1014,19358,954,1061,19481,1151,938,19460,1095,959,19427,1041,992
test_20_1_1.png,19395,1336,986,19431,1248,950,19370,1318,1011,19359,1299,1022,19408,1248,973
test_20_1_2.png,9961,750,674,10040,765,595,9996,768,639,10001,778,634,10020,733,615
test_20_1_3.png,4608,675,162,4624,643,146,4531,468,239,4581,619,189,4609,567,161
test_20_2_0.png,21746,1831,809,21745,1548,810,21700,1686,855,21677,1766,878,21745,1666,810
test_20_2_1.png,19010,1447,957,19346,1706,621,18907,1556,1060,18994,1664,973,19032,1559,935
test_20_2_2.png,0,0,0,0,0,0,0,0,0,0,0,0,0,0,0
test_20_2_3.png,0,0,0,0,0,0,0,0,0,0,0,0,0,0,0
test_20_3_0.png,23306,1703,864,23414,1877,756,23247,1615,923,23218,1687,952,23340,1665,830
test_20_3_1.png,19919,997,1204,19922,974,1201,19801,936,1322,19873,965,1250,19907,943,1216
test_20_3_2.png,4773,507,258,4769,481,262,4730,434,301,4715,406,316,4762,439,269
test_20_3_3.png,0,0,0,0,0,0,0,0,0,0,0,0,0,0,0
test_21_0_0.png,5638,372,1037,5473,368,1202,5653,429,1022,5668,436,1007,5722,371,953
test_21_0_1.png,9032,759,723,9170,909,585,8987,873,768,9097,812,658,9122,768,633
test_21_0_2.png,13396,1605,817,13473,1413,740,13530,1655,683,13485,1400,728,13485,1449,728
test_21_0_3.png,10285,325,767,10199,294,853,10181,331,871,10267,359,785,10253,324,799
test_21_1_0.png,7236,804,1518,7205,711,1549,7522,1218,1232,7512,963,1242,7379,901,1375
test_21_1_1.png,9766,772,1020,9680,795,1106,9669,633,1117,9708,738,1078,9719,683,1067
test_21_1_2.png,16725,803,975,16845,927,855,16700,847,1000,16756,841,944,16790,820,910
test_21_1_3.png,16912,1142,1556,17226,1317,1242,16955,1184,1513,16938,1271,1530,17025,1198,1443
test_21_2_0.png,1876,87,364,2143,343,97,1832,119,408,1921,175,319,1940,104,300
test_21_2_1.png,17225,502,1432,17830,540,827,17237,483,1420,17314,491,1343,17350,492,1307
test_21_2_2.png,16341,1086,1071,16317,522,1095,15954,596,1458,16177,530,1235,16281,560,1131
test_21_2_3.png,613,39,93,611,34,95,620,41,86,607,43,99,615,37,91
test_21_3_0.png,1948,99,539,2006,112,481,1981,93,506,1979,72,508,1987,90,500
test_21_3_1.png,4508,692,1811,4511,658,1808,4750,750,1569,4507,769,1812,4600,689,1719
test_21_3_2.png,6545,201,1285,6511,195,1319,5891,262,1939,6179,201,1651,6216,194,1614
test_21_3_3.png,4475,588,107,4495,661,87,4460,396,122,4337,423,245,4476,488,106
test_22_0_0.png,0,0,0,0,0,0,0,0,0,0,0,0,0,0,0
test_22_0_1.png,0,0,0,0,0,0,0,0,0,0,0,0,0,0,0
test_22_0_2.png,0,0,0,0,0,0,0,0,0,0,0,0,0,0,0
test_22_0_3.png,0,0,0,0,0,0,0,0,0,0,0,0,0,0,0
test_22_1_0.png,0,0,0,0,0,0,0,0,0,0,0,0,0,0,0
test_22_1_1.png,0,0,0,0,0,0,0,0,0,0,0,0,0,0,0
test_22_1_2.png,0,0,0,0,0,0,0,0,0,0,0,0,0,0,0
test_22_1_3.png,0,0,6,0,0,6,0,0,6,0,0,6,0,0,6
test_22_2_0.png,2919,168,57,2899,140,77,2358,256,618,2328,124,648,2833,135,143
test_22_2_1.png,0,0,0,0,0,0,0,0,0,0,0,0,0,0,0
test_22_2_2.png,1120,113,347,1185,81,282,1069,43,398,1069,28,398,1114,64,353
test_22_2_3.png,8152,345,1256,7994,333,1414,7823,381,1585,7867,292,1541,7965,295,1443
test_22_3_0.png,6308,1005,937,6326,928,919,4996,331,2249,5262,636,1983,6133,854,1112
test_22_3_1.png,10962,1012,1583,10995,920,1550,9553,918,2992,10727,898,1818,10904,912,1641
test_22_3_2.png,7837,556,1620,7839,689,1618,7598,477,1859,7515,531,1942,7764,482,1693
test_22_3_3.png,7045,969,590,6926,833,709,6981,712,654,6850,628,785,6945,714,690
test_23_0_0.png,4189,322,155,4194,343,150,4188,335,156,4195,325,149,4207,316,137
test_23_0_1.png,5766,236,837,5809,315,794,5686,231,917,5587,437,1016,5699,254,904
test_23_0_2.png,0,0,0,0,0,0,0,0,0,0,0,0,0,0,0
test_23_0_3.png,0,0,0,0,0,0,0,0,0,0,0,0,0,0,0
test_23_1_0.png,7709,637,646,7758,610,597,7454,520,901,7513,353,842,7687,433,668
test_23_1_1.png,9989,788,739,9813,697,915,9760,414,968,9692,469,1036,9799,577,929
test_23_1_2.png,282,2,272,267,0,287,326,1,228,300,10,254,291,0,263
test_23_1_3.png,0,181,0,0,196,0,0,179,0,0,0,0,0,177,0
test_23_2_0.png,8810,1126,1376,7957,1086,2229,8911,998,1275,8981,1144,1205,8922,1046,1264
test_23_2_1.png,7996,469,1939,7928,422,2007,7813,434,2122,8434,561,1501,7961,460,1974
test_23_2_2.png,3388,119,167,3416,113,139,3382,153,173,3415,171,140,3398,129,157
test_23_2_3.png,0,0,0,0,0,0,0,0,0,0,0,0,0,0,0
test_23_3_0.png,6332,380,774,6213,381,893,5997,338,1109,5702,207,1404,6142,265,964
test_23_3_1.png,2599,128,721,2944,121,376,2772,105,548,2592,100,728,2764,108,556
test_23_3_2.png,0,0,0,0,0,0,0,0,0,0,0,0,0,0,0
test_23_3_3.png,0,0,0,0,0,0,0,0,0,0,0,0,0,0,0
test_24_0_0.png,0,0,493,62,11,431,438,49,55,407,24,86,255,16,238
test_24_0_1.png,0,0,0,0,0,0,0,0,0,0,0,0,0,0,0
test_24_0_2.png,2598,407,119,2602,266,115,1983,231,734,2557,173,160,2571,286,146
test_24_0_3.png,629,19,51,629,25,51,561,17,119,527,15,153,588,17,92
test_24_1_0.png,2082,104,150,2081,100,151,2084,108,148,2104,135,128,2091,106,141
test_24_1_1.png,2825,570,54,2818,506,61,2790,504,89,2812,476,67,2817,494,62
test_24_1_2.png,1933,169,121,1944,148,110,1915,102,139,1921,82,133,1932,110,122
test_24_1_3.png,3117,286,338,3110,309,345,3126,294,329,3136,326,319,3121,296,334
test_24_2_0.png,6572,471,525,6706,777,391,6616,562,481,6648,646,449,6666,556,431
test_24_2_1.png,3966,572,172,3921,509,217,3829,467,309,3857,380,281,3930,445,208
test_24_2_2.png,3021,420,90,3036,399,75,2935,355,176,3046,536,65,3023,416,88
test_24_2_3.png,6195,558,358,6164,535,389,6108,332,445,6165,429,388,6186,476,367
test_24_3_0.png,322,79,255,335,75,242,0,0,577,354,71,223,322,65,255
test_24_3_1.png,9000,643,375,9011,616,364,9022,555,353,8943,513,432,9030,556,345
test_24_3_2.png,9358,1348,737,9355,1441,740,9425,1273,670,9305,1371,790,9338,1313,757
test_24_3_3.png,2986,366,228,2949,316,265,2704,133,510,2740,304,474,2746,272,468
test_25_0_0.png,923,879,123,864,592,182,823,990,223,794,310,252,863,606,183
test_25_0_1.png,0,0,470,0,0,470,0,0,470,0,0,470,0,0,470
test_25_0_2.png,0,0,0,0,0,0,0,0,0,0,0,0,0,0,0
test_25_0_3.png,13,0,1562,529,83,1046,708,13,867,489,15,1086,500,14,1075
test_25_1_0.png,4995,402,542,5012,439,525,5022,386,515,5182,449,355,5039,409,498
test_25_1_1.png,1683,132,161,1705,143,139,1677,87,167,1689,122,155,1688,117,156
test_25_1_2.png,431,51,563,408,38,586,408,13,586,404,30,590,405,30,589
test_25_1_3.png,539,69,440,532,66,447,526,50,453,562,56,417,530,62,449
test_25_2_0.png,5344,263,932,5476,412,800,5338,334,938,5426,384,850,5373,319,903
test_25_2_1.png,3879,286,171,3889,312,161,3843,297,207,3855,272,195,3877,281,173
test_25_2_2.png,4580,666,422,4613,634,389,4531,446,471,4619,494,383,4595,540,407
test_25_2_3.png,3286,609,286,3212,570,360,3154,554,418,3234,586,338,3230,558,342
test_25_3_0.png,2592,469,55,2534,436,113,2553,206,94,2550,444,97,2566,416,81
test_25_3_1.png,5729,572,396,5868,736,257,5811,546,314,5798,621,327,5806,545,319
test_25_3_2.png,3541,251,358,3526,203,373,3546,205,353,3515,209,384,3547,218,352
test_25_3_3.png,0,0,0,0,0,0,0,0,0,0,39,0,0,0,0
test_26_0_0.png,1452,43,144,1521,86,75,1444,43,152,1479,89,117,1481,56,115
test_26_0_1.png,1027,177,38,1038,200,27,1018,146,47,1026,413,39,1024,179,41
test_26_0_2.png,2013,189,76,2024,275,65,2023,118,66,2005,163,84,2017,138,72
test_26_0_3.png,3303,162,340,3258,134,385,3320,173,323,3302,171,341,3301,160,342
test_26_1_0.png,1379,282,125,1391,392,113,801,55,703,1360,195,144,1364,226,140
test_26_1_1.png,0,0,0,0,0,0,0,0,0,0,0,0,0,0,0
test_26_1_2.png,0,0,0,0,0,0,0,0,0,0,0,0,0,0,0
test_26_1_3.png,3740,249,161,3730,306,171,3757,341,144,3756,215,145,3754,270,147
test_26_2_0.png,609,5,130,638,18,101,553,3,186,593,1,146,608,3,131
test_26_2_1.png,0,0,0,0,0,0,0,0,0,0,0,0,0,0,0
test_26_2_2.png,37,920,212,90,983,159,94,765,155,107,955,142,91,937,158
test_26_2_3.png,4797,593,369,4677,625,489,4633,443,533,4578,459,588,4718,522,448
test_26_3_0.png,998,129,529,1113,122,414,1089,123,438,910,41,617,1068,117,459
test_26_3_1.png,0,0,0,0,0,0,0,0,0,0,0,0,0,0,0
test_26_3_2.png,2915,288,107,2915,234,107,2858,163,164,2914,217,108,2915,226,107
test_26_3_3.png,6811,582,1364,7152,549,1023,6776,429,1399,6625,410,1550,6861,447,1314
test_27_0_0.png,1761,62,71,1791,77,41,1766,60,66,1756,260,76,1766,60,66
test_27_0_1.png,2894,521,627,3110,460,411,3023,297,498,3030,307,491,3044,340,477
test_27_0_2.png,0,0,150,0,0,150,33,0,117,0,0,150,0,0,150
test_27_0_3.png,3556,99,798,3482,84,872,3277,66,1077,3072,54,1282,3451,63,903
test_27_1_0.png,4834,91,133,4844,99,123,4829,441,138,4822,179,145,4836,109,131
test_27_1_1.png,1007,51,42,1010,53,39,996,42,53,1000,284,49,1006,48,43
test_27_1_2.png,0,0,0,0,0,0,0,0,0,0,0,0,0,0,0
test_27_1_3.png,0,231,0,0,255,0,0,229,0,0,229,0,0,235,0
test_27_2_0.png,12892,695,1024,12959,633,957,12710,649,1206,12824,740,1092,12829,647,1087
test_27_2_1.png,5426,555,1188,5366,658,1248,5326,507,1288,5378,509,1236,5385,528,1229
test_27_2_2.png,2294,135,246,2276,216,264,2275,134,265,2224,124,316,2269,131,271
test_27_2_3.png,0,0,0,0,0,0,0,0,0,0,0,0,0,0,0
test_27_3_0.png,17679,1654,2254,17914,1649,2019,17739,1659,2194,17845,1724,2088,17817,1628,2116
test_27_3_1.png,8117,1350,626,8059,1483,684,8009,682,734,8016,1401,727,8093,1327,650
test_27_3_2.png,0,0,0,0,0,0,0,0,0,0,0,0,0,0,0
test_27_3_3.png,0,0,0,0,6,0,0,0,0,0,0,0,0,0,0
test_28_0_0.png,0,0,0,0,0,0,0,0,0,0,0,0,0,0,0
test_28_0_1.png,0,0,0,0,0,0,0,0,0,0,0,0,0,0,0
test_28_0_2.png,0,0,0,0,0,0,0,0,0,0,0,0,0,0,0
test_28_0_3.png,3706,218,299,3749,203,256,3652,130,353,3731,153,274,3735,140,270
test_28_1_0.png,3475,167,350,3550,182,275,2943,73,882,3462,139,363,3485,141,340
test_28_1_1.png,0,0,0,0,0,0,0,0,0,0,0,0,0,0,0
test_28_1_2.png,0,0,0,0,0,0,0,0,0,0,0,0,0,0,0
test_28_1_3.png,0,0,0,0,0,0,0,0,0,0,0,0,0,0,0
test_28_2_0.png,14547,1040,1231,14573,924,1205,14664,1152,1114,14649,1115,1129,14638,1006,1140
test_28_2_1.png,10598,997,905,10735,1082,768,10669,1210,834,10548,1071,955,10652,1078,851
test_28_2_2.png,4942,343,839,4906,247,875,4915,1307,866,5339,694,442,4930,267,851
test_28_2_3.png,0,0,0,0,0,0,0,0,0,0,0,0,0,0,0
test_28_3_0.png,14294,903,1352,14373,947,1273,14198,948,1448,14305,939,1341,14323,900,1323
test_28_3_1.png,17277,1776,758,17220,1663,815,17426,1832,609,17420,2048,615,17375,1779,660
test_28_3_2.png,13981,1016,2004,14189,1055,1796,13819,1030,2166,13546,898,2439,14045,961,1940
test_28_3_3.png,11108,1086,1135,11290,1176,953,11010,969,1233,11153,1075,1090,11171,1053,1072
test_29_0_0.png,0,0,0,0,0,0,0,0,0,0,0,0,0,0,0
test_29_0_1.png,0,0,0,0,0,0,0,0,0,0,0,0,0,0,0
test_29_0_2.png,2232,65,465,2515,107,182,2087,63,610,2107,60,590,2155,60,542
test_29_0_3.png,2960,185,322,2903,204,379,2945,200,337,2903,211,379,2928,190,354
test_29_1_0.png,1257,61,70,1256,51,71,1234,31,93,1221,46,106,1248,43,79
test_29_1_1.png,20111,1149,802,20056,1030,857,20021,1098,892,19871,1003,1042,20053,1022,860
test_29_1_2.png,17866,808,996,17746,845,1116,17867,907,995,17715,884,1147,17844,778,1018
test_29_1_3.png,8094,352,538,8090,344,542,7987,271,645,7981,286,651,8068,295,564
test_29_2_0.png,16118,760,483,16175,802,426,16102,765,499,16140,863,461,16151,762,450
test_29_2_1.png,15368,751,938,15525,918,781,15333,799,973,15403,760,903,15465,775,841
test_29_2_2.png,12622,844,651,12695,813,578,12619,757,654,12587,739,686,12646,745,627
test_29_2_3.png,6528,122,907,6538,128,897,6322,122,1113,6392,103,1043,6497,111,938
test_29_3_0.png,10146,867,625,10142,817,629,10128,761,643,10116,818,655,10162,799,609
test_29_3_1.png,14921,1240,1113,14803,966,1231,14553,881,1481,14776,956,1258,14836,995,1198
test_29_3_2.png,3653,305,178,3629,208,202,3678,332,153,3670,279,161,3666,262,165
test_29_3_3.png,2681,102,425,2710,82,396,2486,80,620,2445,65,661,2648,77,458
test_2_0_0.png,15553,1405,949,15517,1515,985,15506,1449,996,15540,1542,962,15537,1446,965
test_2_0_1.png,16540,1262,966,16561,1273,945,16441,1243,1065,16534,1232,972,16516,1256,990
test_2_0_2.png,11359,994,643,11384,893,618,11293,907,709,11286,903,716,11324,915,678
test_2_0_3.png,2398,165,155,2404,168,149,2380,147,173,2397,160,156,2395,155,158
test_2_1_0.png,0,0,0,0,0,0,0,0,0,0,0,0,0,0,0
test_2_1_1.png,0,0,0,0,0,0,0,0,0,0,0,0,0,0,0
test_2_1_2.png,0,0,0,0,0,0,0,0,0,0,0,0,0,0,0
test_2_1_3.png,0,0,0,0,0,0,0,0,0,0,0,0,0,0,0
test_2_2_0.png,0,0,0,0,0,0,0,0,0,0,0,0,0,0,0
test_2_2_1.png,0,0,0,0,0,0,0,0,0,0,0,0,0,0,0
test_2_2_2.png,0,0,0,0,0,0,0,0,0,0,0,0,0,0,0
test_2_2_3.png,0,0,0,0,0,0,0,9,0,0,0,0,0,0,0
test_2_3_0.png,0,0,0,0,0,0,0,0,0,0,0,0,0,0,0
test_2_3_1.png,0,0,0,0,0,0,0,0,0,0,0,0,0,0,0
test_2_3_2.png,0,28,0,0,0,0,0,326,0,0,32,0,0,13,0
test_2_3_3.png,1701,114,57,1695,99,63,1666,104,92,1689,95,69,1694,101,64
test_30_0_0.png,0,0,0,0,0,0,0,0,0,0,0,0,0,0,0
test_30_0_1.png,348,39,3,342,43,9,345,40,6,346,39,5,346,37,5
test_30_0_2.png,0,0,0,0,0,0,0,0,0,0,0,0,0,0,0
test_30_0_3.png,0,0,0,0,0,0,0,0,0,0,0,0,0,0,0
test_30_1_0.png,3416,182,682,3394,114,704,3324,115,774,3416,148,682,3379,115,719
test_30_1_1.png,758,15,119,764,336,113,765,18,112,791,572,86,768,20,109
test_30_1_2.png,0,0,0,0,0,0,0,0,0,0,0,0,0,0,0
test_30_1_3.png,0,0,0,0,0,0,0,0,0,0,0,0,0,0,0
test_30_2_0.png,1398,536,220,1422,510,196,1448,593,170,1452,392,166,1430,493,188
test_30_2_1.png,3420,268,453,3559,258,314,3457,299,416,3444,237,429,3445,252,428
test_30_2_2.png,4957,402,552,4940,402,569,4751,259,758,4694,397,815,4878,353,631
test_30_2_3.png,4032,592,420,4046,630,406,3961,602,491,4029,474,423,4016,563,436
test_30_3_0.png,3679,218,623,3573,148,729,3455,236,847,3351,120,951,3547,177,755
test_30_3_1.png,10203,518,1111,10422,789,892,10204,562,1110,10150,427,1164,10293,545,1021
test_30_3_2.png,11946,1009,891,11968,1110,869,11768,879,1069,11791,858,1046,11888,924,949
test_30_3_3.png,12913,792,1044,12993,825,964,12721,828,1236,12926,742,1031,12970,768,987
test_31_0_0.png,6519,426,719,6483,407,755,6420,453,818,6412,476,826,6476,417,762
test_31_0_1.png,5435,663,467,5428,569,474,5359,342,543,5406,555,496,5420,507,482
test_31_0_2.png,0,0,0,0,0,0,0,0,0,0,0,0,0,0,0
test_31_0_3.png,8150,397,891,8348,408,693,8005,348,1036,8006,368,1035,8145,346,896
test_31_1_0.png,13582,882,4568,13299,991,4851,13351,763,4799,12821,688,5329,13284,721,4866
test_31_1_1.png,2855,51,588,2766,56,677,2894,51,549,2725,52,718,2789,50,654
test_31_1_2.png,609,18,31,609,29,31,609,9,31,595,6,45,605,13,35
test_31_1_3.png,3580,1746,214,3585,1683,209,3512,132,282,3613,1704,181,3582,1668,212
test_31_2_0.png,43,632,1026,42,612,1027,41,642,1028,43,644,1026,43,629,1026
test_31_2_1.png,4573,233,291,4491,180,373,4520,206,344,4582,218,282,4546,206,318
test_31_2_2.png,4153,842,95,4175,909,73,4163,878,85,4160,947,88,4167,902,81
test_31_2_3.png,383,10,14,380,9,17,383,11,14,387,13,10,384,9,13
test_31_3_0.png,9344,437,1262,9489,712,1117,9200,403,1406,9414,557,1192,9402,452,1204
test_31_3_1.png,2921,93,1653,2871,71,1703,2816,69,1758,2877,80,1697,2865,70,1709
test_31_3_2.png,2381,70,159,2367,64,173,2382,78,158,2378,65,162,2380,66,160
test_31_3_3.png,3318,96,728,3406,85,640,3283,67,763,3243,78,803,3293,73,753
test_32_0_0.png,0,0,0,0,0,0,0,0,0,0,0,0,0,0,0
test_32_0_1.png,0,0,0,0,0,0,0,0,0,0,0,0,0,0,0
test_32_0_2.png,442,32,23,411,1,54,429,3,36,446,16,19,443,4,22
test_32_0_3.png,1386,27,39,1368,26,57,1366,26,59,1350,15,75,1368,22,57
test_32_1_0.png,0,0,1498,0,0,1498,0,0,1498,0,0,1498,0,0,1498
test_32_1_1.png,0,0,0,0,0,0,0,0,0,0,0,0,0,0,0
test_32_1_2.png,0,0,0,0,0,0,0,0,0,0,0,0,0,0,0
test_32_1_3.png,0,0,0,0,0,0,0,0,0,0,0,0,0,0,0
test_32_2_0.png,0,0,667,0,0,667,0,0,667,0,0,667,0,0,667
test_32_2_1.png,1505,55,68,1534,71,39,1346,19,227,1464,52,109,1487,44,86
test_32_2_2.png,60,0,180,5,0,235,98,4,142,0,0,240,33,0,207
test_32_2_3.png,3231,349,159,3220,302,170,3179,233,211,3192,267,198,3219,275,171
test_32_3_0.png,0,0,0,0,0,0,0,0,0,0,0,0,0,0,0
test_32_3_1.png,0,0,0,0,0,0,0,0,0,0,0,0,0,0,0
test_32_3_2.png,350,59,6,353,65,3,344,43,12,342,24,14,347,47,9
test_32_3_3.png,5987,296,318,5997,285,308,6011,327,294,5980,329,325,6004,291,301
test_33_0_0.png,2180,67,428,2191,105,417,1763,19,845,1904,24,704,2080,38,528
test_33_0_1.png,0,234,0,0,11,0,0,0,0,0,0,0,0,0,0
test_33_0_2.png,0,0,0,0,0,0,0,0,0,0,78,0,0,0,0
test_33_0_3.png,0,0,0,0,292,0,0,0,0,0,0,0,0,0,0
test_33_1_0.png,0,285,0,0,81,0,0,517,0,0,0,0,0,173,0
test_33_1_1.png,0,0,0,0,0,0,0,0,0,0,0,0,0,0,0
test_33_1_2.png,9729,612,999,9610,467,1118,9188,457,1540,9259,415,1469,9525,445,1203
test_33_1_3.png,6103,859,1152,6144,807,1111,5769,719,1486,5656,775,1599,5958,787,1297
test_33_2_0.png,0,1,0,0,0,0,0,0,0,0,0,0,0,0,0
test_33_2_1.png,1200,100,237,1173,63,264,1187,95,250,1159,52,278,1184,75,253
test_33_2_2.png,11991,866,560,11908,798,643,11696,708,855,11833,781,718,11901,754,650
test_33_2_3.png,17330,1153,1145,17298,1051,1177,17038,914,1437,17098,944,1377,17235,962,1240
test_33_3_0.png,3515,390,870,3389,410,996,3513,413,872,3282,446,1103,3403,384,982
test_33_3_1.png,9323,396,1496,9337,479,1482,9697,662,1122,9625,820,1194,9556,477,1263
test_33_3_2.png,0,0,0,0,0,0,0,0,0,0,0,0,0,0,0
test_33_3_3.png,3103,119,607,2969,65,741,3118,234,592,2970,104,740,3048,112,662
test_34_0_0.png,14636,1091,2227,14083,705,2780,13868,665,2995,14090,698,2773,14182,723,2681
test_34_0_1.png,10833,551,1876,11763,604,946,10751,557,1958,10744,561,1965,10787,526,1922
test_34_0_2.png,777,30,458,307,3,928,18,0,1217,0,0,1235,45,0,1190
test_34_0_3.png,0,0,0,0,0,0,0,0,0,0,0,0,0,0,0
test_34_1_0.png,5780,206,1978,5692,196,2066,5685,225,2073,5653,197,2105,5716,195,2042
test_34_1_1.png,10551,481,891,10518,443,924,10227,507,1215,10498,590,944,10573,484,869
test_34_1_2.png,450,97,64,397,39,117,414,43,100,433,21,81,443,37,71
test_34_1_3.png,4825,199,209,4821,185,213,4814,173,220,4793,156,241,4813,176,221
test_34_2_0.png,5323,694,726,5328,1155,721,5246,350,803,5089,361,960,5284,396,765
test_34_2_1.png,15753,961,1900,16091,968,1562,14796,764,2857,15535,882,2118,15752,869,1901
test_34_2_2.png,11675,654,921,11739,676,857,11515,694,1081,11674,679,922,11692,655,904
test_34_2_3.png,7896,568,826,8244,602,478,8371,686,351,8300,768,422,8369,625,353
test_34_3_0.png,3516,243,108,3462,154,162,3451,99,173,3485,137,139,3480,144,144
test_34_3_1.png,7343,1294,346,7084,1136,605,7235,1173,454,7130,1188,559,7205,1132,484
test_34_3_2.png,10031,593,353,9999,767,385,9988,303,396,10037,427,347,10028,497,356
test_34_3_3.png,16863,784,822,17154,771,531,16818,822,867,16865,697,820,16895,727,790
test_35_0_0.png,0,0,0,0,0,0,0,0,0,0,0,0,0,0,0
test_35_0_1.png,0,0,0,0,0,0,0,0,0,0,0,0,0,0,0
test_35_0_2.png,0,0,0,0,0,0,0,0,0,0,0,0,0,0,0
test_35_0_3.png,10817,614,577,10938,630,456,10866,602,528,10804,624,590,10859,611,535
test_35_1_0.png,0,0,0,0,0,0,0,0,0,0,0,0,0,0,0
test_35_1_1.png,0,0,0,0,0,0,0,0,0,0,0,0,0,0,0
test_35_1_2.png,4807,481,150,4853,469,104,4766,408,191,4763,451,194,4820,455,137
test_35_1_3.png,16488,1590,368,16399,1532,457,16474,1519,382,16349,1569,507,16456,1515,400
test_35_2_0.png,0,0,0,0,0,0,0,0,0,0,0,0,0,0,0
test_35_2_1.png,6808,379,439,6847,438,400,6789,394,458,6705,325,542,6807,373,440
test_35_2_2.png,16629,1190,914,16718,1250,825,16697,1244,846,16607,1328,936,16693,1215,850
test_35_2_3.png,10637,920,384,10615,847,406,10667,903,354,10645,895,376,10655,872,366
test_35_3_0.png,0,0,0,0,0,0,0,0,0,0,0,0,0,0,0
test_35_3_1.png,8529,700,510,8591,628,448,8589,666,450,8506,578,533,8573,614,466
test_35_3_2.png,14266,1319,628,14208,1223,686,14215,1187,679,14202,1204,692,14228,1209,666
test_35_3_3.png,8349,783,641,8309,750,681,8238,710,752,8109,638,881,8265,693,725
test_36_0_0.png,0,0,0,0,0,0,0,0,0,0,0,0,0,0,0
test_36_0_1.png,0,0,0,0,0,0,0,0,0,0,0,0,0,0,0
test_36_0_2.png,0,0,0,0,0,0,0,0,0,0,0,0,0,0,0
test_36_0_3.png,0,0,0,0,0,0,0,0,0,0,0,0,0,0,0
test_36_1_0.png,0,0,0,0,0,0,0,0,0,0,0,0,0,0,0
test_36_1_1.png,0,0,0,0,0,0,0,0,0,0,0,0,0,0,0
test_36_1_2.png,0,0,0,0,0,0,0,0,0,0,0,0,0,0,0
test_36_1_3.png,0,0,0,0,0,0,0,0,0,0,0,0,0,0,0
test_36_2_0.png,0,0,0,0,0,0,0,0,0,0,0,0,0,0,0
test_36_2_1.png,0,0,0,0,0,0,0,0,0,0,0,0,0,0,0
test_36_2_2.png,0,0,0,0,0,0,0,0,0,0,0,0,0,0,0
test_36_2_3.png,251,24,1,252,32,0,250,13,2,250,12,2,251,15,1
test_36_3_0.png,0,0,0,0,0,0,0,0,0,0,0,0,0,0,0
test_36_3_1.png,0,288,0,0,284,0,0,12,0,0,84,0,0,204,0
test_36_3_2.png,3477,283,270,3509,323,238,3434,219,313,3449,228,298,3486,255,261
test_36_3_3.png,12037,1040,529,12010,1006,556,11992,931,574,11991,1025,575,12015,972,551
test_37_0_0.png,15991,2614,663,15902,2518,752,15849,2379,805,15850,2710,804,15951,2457,703
test_37_0_1.png,5970,886,408,6021,818,357,5958,807,420,5758,662,620,5960,769,418
test_37_0_2.png,3979,962,955,3911,811,1023,3906,724,1028,3952,839,982,3935,799,999
test_37_0_3.png,0,0,0,0,0,0,0,0,0,0,0,0,0,0,0
test_37_1_0.png,15535,2257,1120,15323,2226,1332,15239,2271,1416,15322,2167,1333,15346,2184,1309
test_37_1_1.png,11863,1762,1497,11565,1652,1795,11692,1619,1668,11789,1712,1571,11772,1658,1588
test_37_1_2.png,4520,608,872,4357,503,1035,4252,455,1140,4232,440,1160,4337,464,1055
test_37_1_3.png,0,0,0,0,0,0,0,0,0,0,0,0,0,0,0
test_37_2_0.png,4138,626,263,4137,545,264,4075,538,326,4112,576,289,4124,545,277
test_37_2_1.png,0,0,0,0,0,0,0,0,0,0,0,0,0,0,0
test_37_2_2.png,0,0,312,0,0,312,0,0,312,0,0,312,0,0,312
test_37_2_3.png,0,0,0,0,0,0,0,0,0,0,0,0,0,0,0
test_37_3_0.png,0,0,0,0,0,0,0,0,0,0,0,0,0,0,0
test_37_3_1.png,0,0,0,0,0,0,0,0,0,0,0,0,0,0,0
test_37_3_2.png,0,0,0,0,0,0,0,0,0,0,0,0,0,0,0
test_37_3_3.png,0,0,0,0,0,0,0,0,0,0,0,0,0,0,0
test_38_0_0.png,4029,259,238,4029,253,238,3992,194,275,3947,210,320,4005,214,262
test_38_0_1.png,8193,785,212,8183,855,222,8079,707,326,8053,743,352,8162,761,243
test_38_0_2.png,9022,646,603,9025,633,600,8967,588,658,8920,528,705,9004,585,621
test_38_0_3.png,14983,1128,820,14933,1035,870,14861,1013,942,15009,1173,794,14970,1041,833
test_38_1_0.png,13146,962,656,13081,890,721,13111,986,691,13116,947,686,13131,905,671
test_38_1_1.png,10492,982,897,10415,879,974,10371,875,1018,10107,875,1282,10400,896,989
test_38_1_2.png,10378,859,462,10303,746,537,10288,776,552,10350,776,490,10365,747,475
test_38_1_3.png,6959,574,375,7000,568,334,6928,561,406,6970,583,364,6966,569,368
test_38_2_0.png,975,76,70,1002,78,43,972,68,73,991,81,54,988,74,57
test_38_2_1.png,2028,124,162,2005,91,185,2002,100,188,1976,93,214,2011,89,179
test_38_2_2.png,12214,1042,512,12156,997,570,12066,874,660,12165,1010,561,12176,970,550
test_38_2_3.png,14672,990,646,14581,809,737,14658,934,660,14678,936,640,14663,890,655
test_38_3_0.png,0,17,0,0,3,0,0,12,0,0,18,0,0,14,0
test_38_3_1.png,0,0,0,0,0,0,0,0,0,0,0,0,0,0,0
test_38_3_2.png,9244,863,744,9159,828,829,9161,688,827,9171,768,817,9196,798,792
test_38_3_3.png,14604,1220,676,14417,1117,863,14299,1018,981,14457,1189,823,14489,1131,791
test_39_0_0.png,0,0,0,0,0,0,0,0,0,0,0,0,0,0,0
test_39_0_1.png,0,0,0,0,0,0,0,0,0,0,0,0,0,0,0
test_39_0_2.png,0,0,0,0,0,0,0,0,0,0,0,0,0,0,0
test_39_0_3.png,0,0,308,0,0,308,0,0,308,0,0,308,0,0,308
test_39_1_0.png,0,0,0,0,0,0,0,0,0,0,0,0,0,0,0
test_39_1_1.png,0,0,0,0,0,0,0,0,0,0,0,0,0,0,0
test_39_1_2.png,0,0,0,0,0,0,0,0,0,0,0,0,0,0,0
test_39_1_3.png,0,0,0,0,0,0,0,0,0,0,0,0,0,0,0
test_39_2_0.png,0,0,0,0,0,0,0,0,0,0,0,0,0,0,0
test_39_2_1.png,4074,283,206,4127,376,153,3921,245,359,4063,306,217,4074,280,206
test_39_2_2.png,1254,39,143,1289,68,108,1262,29,135,1089,23,308,1266,27,131
test_39_2_3.png,0,0,0,0,0,0,0,0,0,0,0,0,0,0,0
test_39_3_0.png,12740,1475,831,12532,1393,1039,12530,1468,1041,12528,1480,1043,12631,1407,940
test_39_3_1.png,18646,1823,1245,18378,3054,1513,18210,2436,1681,18269,3485,1622,18403,2571,1488
test_39_3_2.png,11995,1120,972,11715,811,1252,11830,938,1137,11645,857,1322,11831,900,1136
test_39_3_3.png,0,0,0,0,0,0,0,0,0,0,0,0,0,0,0
test_3_0_0.png,95,0,287,281,3,101,344,1,38,340,3,42,321,2,61
test_3_0_1.png,0,0,0,0,0,0,0,0,0,0,0,0,0,0,0
test_3_0_2.png,0,0,0,0,0,0,0,0,0,0,0,0,0,0,0
test_3_0_3.png,0,0,0,0,0,0,0,0,0,0,0,0,0,0,0
test_3_1_0.png,374,2,86,68,0,392,0,0,460,327,0,133,150,0,310
test_3_1_1.png,0,0,0,0,0,0,0,0,0,0,0,0,0,0,0
test_3_1_2.png,0,0,0,0,0,0,0,0,0,0,0,0,0,0,0
test_3_1_3.png,0,0,0,0,0,0,0,0,0,0,0,0,0,0,0
test_3_2_0.png,0,191,0,0,184,0,0,178,0,0,185,0,0,185,0
test_3_2_1.png,0,0,0,0,0,0,0,0,0,0,0,0,0,0,0
test_3_2_2.png,0,0,0,0,0,0,0,0,0,0,0,0,0,0,0
test_3_2_3.png,416,52,32,414,54,34,405,34,43,412,27,36,414,49,34
test_3_3_0.png,612,21,29,610,22,31,608,17,33,603,16,38,611,18,30
test_3_3_1.png,1614,76,119,1600,79,133,1589,76,144,1588,61,145,1601,74,132
test_3_3_2.png,1997,105,43,1995,108,45,1994,112,46,1992,104,48,2001,106,39
test_3_3_3.png,1315,185,277,352,97,1240,1184,150,408,1543,226,49,1271,162,321
test_40_0_0.png,0,329,130,0,322,130,0,320,130,0,328,130,0,323,130
test_40_0_1.png,13732,891,690,13738,822,684,13720,894,702,13663,896,759,13729,840,693
test_40_0_2.png,9351,581,433,9285,546,499,9276,510,508,9220,462,564,9286,505,498
test_40_0_3.png,0,0,64,0,0,64,0,0,64,0,0,64,0,0,64
test_40_1_0.png,0,182,569,65,174,504,500,175,69,0,0,569,1,169,568
test_40_1_1.png,0,0,0,0,0,0,0,0,0,0,0,0,0,0,0
test_40_1_2.png,0,0,0,0,0,0,0,0,0,0,0,0,0,0,0
test_40_1_3.png,0,0,0,0,0,0,0,0,0,0,0,0,0,0,0
test_40_2_0.png,0,0,0,0,0,0,0,0,0,0,0,0,0,0,0
test_40_2_1.png,0,0,0,0,0,0,0,0,0,0,0,0,0,0,0
test_40_2_2.png,0,0,0,0,0,0,0,0,0,0,0,0,0,0,0
test_40_2_3.png,0,0,0,0,0,0,0,0,0,0,0,0,0,0,0
test_40_3_0.png,0,0,0,0,0,0,0,0,0,0,0,0,0,0,0
test_40_3_1.png,0,0,0,0,0,0,0,0,0,0,0,0,0,0,0
test_40_3_2.png,0,0,0,0,0,0,0,0,0,0,0,0,0,0,0
test_40_3_3.png,0,0,0,0,0,0,0,0,0,0,0,0,0,0,0
test_41_0_0.png,0,0,0,0,0,0,0,0,0,0,0,0,0,0,0
test_41_0_1.png,0,0,0,0,0,0,0,0,0,0,0,0,0,0,0
test_41_0_2.png,6175,166,532,6070,98,637,6077,142,630,6181,168,526,6126,125,581
test_41_0_3.png,5655,317,245,5631,396,269,5605,343,295,5590,343,310,5628,332,272
test_41_1_0.png,0,0,0,0,0,0,0,0,0,0,0,0,0,0,0
test_41_1_1.png,0,0,0,0,0,0,0,0,0,0,0,0,0,0,0
test_41_1_2.png,1699,153,104,1687,225,116,1708,252,95,1654,233,149,1699,226,104
test_41_1_3.png,13349,756,548,13237,724,660,13246,836,651,13311,721,586,13301,732,596
test_41_2_0.png,0,0,0,0,0,0,0,0,0,0,0,0,0,0,0
test_41_2_1.png,3101,113,478,3151,163,428,3079,154,500,3136,157,443,3126,146,453
test_41_2_2.png,16573,950,991,16673,1040,891,16605,1073,959,16525,1049,1039,16611,997,953
test_41_2_3.png,20092,1303,956,20026,1210,1022,20084,1227,964,19997,1249,1051,20054,1208,994
test_41_3_0.png,7686,470,399,7628,435,457,7481,396,604,7436,371,649,7591,408,494
test_41_3_1.png,15219,1426,597,15069,1271,747,15065,1288,751,14979,1198,837,15106,1287,710
test_41_3_2.png,20782,1453,695,20768,1244,709,20658,1203,819,20727,1188,750,20769,1216,708
test_41_3_3.png,19942,1041,973,19917,981,998,19829,949,1086,19925,1058,990,19929,962,986
test_42_0_0.png,549,41,430,553,41,426,551,36,428,537,32,442,546,36,433
test_42_0_1.png,0,0,0,0,0,0,0,0,0,0,0,0,0,0,0
test_42_0_2.png,0,0,0,0,0,0,0,0,0,0,0,0,0,0,0
test_42_0_3.png,0,424,0,0,371,0,0,0,0,0,0,0,0,0,0
test_42_1_0.png,2647,157,154,2666,173,135,2621,160,180,2649,150,152,2650,160,151
test_42_1_1.png,1422,116,45,1405,100,62,1365,70,102,1424,79,43,1411,85,56
test_42_1_2.png,0,0,0,0,52,0,0,0,0,0,0,0,0,0,0
test_42_1_3.png,6672,578,306,6661,569,317,6649,574,329,6669,506,309,6665,541,313
test_42_2_0.png,7668,858,337,7665,842,340,7620,799,385,7624,861,381,7662,832,343
test_42_2_1.png,4130,228,300,4115,172,315,4090,185,340,4087,158,343,4123,174,307
test_42_2_2.png,10686,1021,392,10724,954,354,10526,1115,552,10538,815,540,10634,883,444
test_42_2_3.png,15724,1546,639,15603,1409,760,15618,1491,745,15510,1374,853,15638,1422,725
test_42_3_0.png,0,0,0,0,0,0,0,0,0,0,0,0,0,0,0
test_42_3_1.png,0,0,0,0,0,0,0,0,0,0,0,0,0,0,0
test_42_3_2.png,622,28,73,622,22,73,621,30,74,626,29,69,623,30,72
test_42_3_3.png,1600,56,188,1590,44,198,1606,67,182,1593,54,195,1599,56,189
test_43_0_0.png,2226,125,129,2168,101,187,2146,112,209,2126,124,229,2173,112,182
test_43_0_1.png,2145,109,262,2066,102,341,2044,81,363,2098,100,309,2086,96,321
test_43_0_2.png,1882,103,211,1914,113,179,1783,70,310,1721,33,372,1826,74,267
test_43_0_3.png,2289,329,107,2264,285,132,2066,162,330,2139,152,257,2214,214,182
test_43_1_0.png,0,0,0,0,0,0,0,0,0,0,0,0,0,0,0
test_43_1_1.png,0,0,0,0,0,0,0,0,0,0,0,0,0,0,0
test_43_1_2.png,0,0,0,0,0,0,0,0,0,0,0,0,0,0,0
test_43_1_3.png,1848,97,25,1854,107,19,1854,84,19,1853,81,20,1854,87,19
test_43_2_0.png,0,0,0,0,0,0,0,0,0,0,0,0,0,0,0
test_43_2_1.png,0,0,0,0,0,0,0,0,0,0,0,0,0,0,0
test_43_2_2.png,0,0,0,0,0,0,0,0,0,0,0,0,0,0,0
test_43_2_3.png,572,66,15,558,69,29,506,31,81,562,78,25,563,62,24
test_43_3_0.png,0,0,0,0,0,0,0,0,0,0,0,0,0,0,0
test_43_3_1.png,4934,600,344,4897,624,381,4858,637,420,4643,543,635,4888,577,390
test_43_3_2.png,9761,1197,458,9474,1004,745,9520,1041,699,9638,1148,581,9633,1071,586
test_43_3_3.png,5736,717,481,5759,649,458,5774,680,443,5492,630,725,5727,654,490
test_44_0_0.png,0,0,0,0,0,0,0,0,0,0,0,0,0,0,0
test_44_0_1.png,0,0,0,0,0,0,0,0,0,0,0,0,0,0,0
test_44_0_2.png,0,0,0,0,0,0,0,0,0,0,0,0,0,0,0
test_44_0_3.png,558,22,34,569,46,23,563,30,29,569,30,23,565,30,27
test_44_1_0.png,0,0,0,0,0,0,0,0,0,0,0,0,0,0,0
test_44_1_1.png,0,0,0,0,0,0,0,0,0,0,0,0,0,0,0
test_44_1_2.png,0,0,0,0,0,0,0,0,0,0,0,0,0,0,0
test_44_1_3.png,1987,124,95,1981,108,101,1950,72,132,1988,108,94,1980,93,102
test_44_2_0.png,0,0,0,0,0,0,0,0,0,0,0,0,0,0,0
test_44_2_1.png,0,0,0,0,0,0,0,0,0,0,0,0,0,0,0
test_44_2_2.png,2438,265,223,2452,365,209,2443,301,218,2444,292,217,2447,299,214
test_44_2_3.png,14834,1095,941,14853,1215,922,14792,1118,983,14858,1067,917,14864,1084,911
test_44_3_0.png,0,0,0,0,0,0,0,0,0,0,0,0,0,0,0
test_44_3_1.png,0,0,0,0,0,0,0,0,0,0,0,0,0,0,0
test_44_3_2.png,0,0,0,0,0,0,0,0,0,0,0,0,0,0,0
test_44_3_3.png,9101,670,474,9124,732,451,9014,621,561,9096,757,479,9091,655,484
test_45_0_0.png,15232,1161,1089,15167,1378,1154,15156,1370,1165,15046,1326,1275,15178,1263,1143
test_45_0_1.png,18407,2228,999,18376,2031,1030,18319,1997,1087,18390,2167,1016,18385,2042,1021
test_45_0_2.png,16829,1788,955,16688,1665,1096,16721,1743,1063,16718,1722,1066,16744,1700,1040
test_45_0_3.png,19277,2337,1302,19185,2233,1394,19140,2188,1439,19194,2187,1385,19224,2202,1355
test_45_1_0.png,17456,1709,1108,17361,1617,1203,17235,1496,1329,17379,1464,1185,17400,1532,1164
test_45_1_1.png,19328,1750,1092,19165,1600,1255,19022,1382,1398,19214,1646,1206,19205,1549,1215
test_45_1_2.png,20158,2330,797,20080,2179,875,20054,2228,901,20056,2191,899,20111,2199,844
test_45_1_3.png,17242,2177,896,17125,1900,1013,17194,1858,944,17213,2042,925,17210,1942,928
test_45_2_0.png,5675,586,389,5541,651,523,5497,572,567,5604,580,460,5573,571,491
test_45_2_1.png,9682,661,735,9666,660,751,9612,541,805,9731,656,686,9686,595,731
test_45_2_2.png,18388,1782,868,18247,1620,1009,18420,1789,836,18359,1777,897,18378,1689,878
test_45_2_3.png,19687,1742,982,19532,1677,1137,19563,1789,1106,19663,1892,1006,19649,1732,1020
test_45_3_0.png,7907,682,577,7963,663,521,7909,579,575,7959,740,525,7939,654,545
test_45_3_1.png,10495,1023,663,10404,837,754,10423,915,735,10457,938,701,10449,888,709
test_45_3_2.png,13736,1368,825,13684,1328,877,13569,1155,992,13489,1203,1072,13654,1229,907
test_45_3_3.png,19668,2110,1079,19349,1895,1398,19134,1712,1613,19391,1862,1356,19419,1832,1328
test_46_0_0.png,18826,1736,757,18805,1715,778,18807,1677,776,18715,1596,868,18799,1654,784
test_46_0_1.png,19338,1788,1357,19340,1808,1355,19313,1841,1382,19278,1701,1417,19343,1761,1352
test_46_0_2.png,8694,692,368,8634,634,428,8624,643,438,8584,603,478,8644,616,418
test_46_0_3.png,0,0,0,0,0,0,0,0,0,0,0,0,0,0,0
test_46_1_0.png,20238,1176,1102,20275,1251,1065,20230,1204,1110,20392,1354,948,20294,1212,1046
test_46_1_1.png,18082,1644,1077,18020,1373,1139,18010,1504,1149,17991,1589,1168,18059,1487,1100
test_46_1_2.png,9398,668,550,9238,562,710,9298,620,650,9295,648,653,9321,609,627
test_46_1_3.png,0,0,0,0,0,0,0,0,0,0,0,0,0,0,0
test_46_2_0.png,6009,426,463,5976,367,496,5910,415,562,5999,373,473,5986,393,486
test_46_2_1.png,7473,599,433,7423,510,483,7382,496,524,7438,669,468,7430,551,476
test_46_2_2.png,1299,220,124,1274,231,149,1281,251,142,1294,220,129,1289,224,134
test_46_2_3.png,0,0,0,0,0,0,0,0,0,0,0,0,0,0,0
test_46_3_0.png,3319,155,139,3300,147,158,3316,160,142,3323,200,135,3315,155,143
test_46_3_1.png,907,63,54,872,61,89,805,33,156,805,72,156,841,49,120
test_46_3_2.png,0,0,0,0,0,0,0,0,0,0,0,0,0,0,0
test_46_3_3.png,0,0,0,0,0,0,0,0,0,0,0,0,0,0,0
test_47_0_0.png,0,0,0,0,0,0,0,0,0,0,0,0,0,0,0
test_47_0_1.png,5188,300,230,5143,261,275,5159,256,259,5174,291,244,5177,271,241
test_47_0_2.png,0,0,0,0,0,0,0,0,0,0,0,0,0,0,0
test_47_0_3.png,5398,508,147,5414,489,131,5404,486,141,5412,497,133,5416,483,129
test_47_1_0.png,0,0,0,0,0,0,0,0,0,0,0,0,0,0,0
test_47_1_1.png,4841,290,290,4756,271,375,4777,272,354,4776,280,355,4793,271,338
test_47_1_2.png,14866,1031,758,14901,1025,723,14846,1061,778,14838,1098,786,14875,1037,749
test_47_1_3.png,15689,1560,518,15758,1527,449,15729,1596,478,15803,1590,404,15798,1564,409
test_47_2_0.png,425,18,87,479,29,33,435,13,77,475,19,37,463,18,49
test_47_2_1.png,0,0,0,0,0,0,0,0,0,0,0,0,0,0,0
test_47_2_2.png,7921,600,969,7914,635,976,7916,589,974,7915,646,975,7917,606,973
test_47_2_3.png,14662,1276,645,14509,1133,798,14503,1151,804,14466,1213,841,14543,1176,764
test_47_3_0.png,0,0,0,0,0,0,0,0,0,0,0,0,0,0,0
test_47_3_1.png,0,0,0,0,0,0,0,0,0,0,0,0,0,0,0
test_47_3_2.png,318,44,38,318,39,38,304,31,52,309,30,47,314,32,42
test_47_3_3.png,4145,377,1165,4120,309,1190,4128,285,1182,4146,339,1164,4144,302,1166
test_48_0_0.png,0,0,0,0,0,0,0,0,0,0,0,0,0,0,0
test_48_0_1.png,2234,58,119,2205,54,148,2199,57,154,2213,41,140,2213,50,140
test_48_0_2.png,405,1,181,494,1,92,416,1,170,444,0,142,428,1,158
test_48_0_3.png,4229,663,321,4255,662,295,4246,655,304,4231,579,319,4240,619,310
test_48_1_0.png,0,0,0,0,0,0,0,0,0,0,0,0,0,0,0
test_48_1_1.png,0,0,0,0,0,0,0,0,0,0,0,0,0,0,0
test_48_1_2.png,0,0,0,0,0,0,0,0,0,0,0,0,0,0,0
test_48_1_3.png,0,0,0,0,0,0,0,0,0,0,0,0,0,0,0
test_48_2_0.png,0,0,0,0,0,0,0,0,0,0,0,0,0,0,0
test_48_2_1.png,0,0,0,0,0,0,0,0,0,0,0,0,0,0,0
test_48_2_2.png,0,0,0,0,0,0,0,0,0,0,0,0,0,0,0
test_48_2_3.png,0,0,0,0,0,0,0,0,0,0,0,0,0,0,0
test_48_3_0.png,0,0,0,0,0,0,0,0,0,0,0,0,0,0,0
test_48_3_1.png,0,0,0,0,0,0,0,0,0,0,0,0,0,0,0
test_48_3_2.png,0,0,0,0,0,0,0,0,0,0,0,0,0,0,0
test_48_3_3.png,882,84,11,885,94,8,886,74,7,883,68,10,884,79,9
test_49_0_0.png,0,0,0,0,0,0,0,0,0,0,0,0,0,0,0
test_49_0_1.png,6677,662,463,6733,641,407,6665,666,475,6694,617,446,6690,616,450
test_49_0_2.png,11444,902,899,11249,616,1094,11244,557,1099,11051,489,1292,11276,616,1067
test_49_0_3.png,12693,956,1276,12520,778,1449,12469,805,1500,12321,686,1648,12523,757,1446
test_49_1_0.png,194,0,57,205,1,46,171,0,80,180,0,71,187,0,64
test_49_1_1.png,9340,494,426,9327,546,439,9315,584,451,9370,547,396,9342,527,424
test_49_1_2.png,14372,910,848,14272,877,948,14204,782,1016,14153,779,1067,14258,818,962
test_49_1_3.png,11972,1224,561,11870,980,663,11867,1002,666,11863,938,670,11913,1015,620
test_49_2_0.png,1622,12,149,1530,3,241,1617,16,154,1608,10,163,1611,12,160
test_49_2_1.png,6191,445,229,6154,385,266,6138,390,282,6160,370,260,6171,385,249
test_49_2_2.png,7880,443,529,7758,436,651,7796,367,613,7717,357,692,7791,387,618
test_49_2_3.png,8105,395,313,8126,421,292,8083,377,335,8135,435,283,8131,395,287
test_49_3_0.png,0,0,0,0,0,0,0,0,0,0,0,0,0,0,0
test_49_3_1.png,0,0,0,0,0,0,0,0,0,0,0,0,0,0,0
test_49_3_2.png,10983,264,976,10920,222,1039,10839,219,1120,11020,246,939,10967,222,992
test_49_3_3.png,17443,1396,924,17366,1449,1001,17476,1503,891,17458,1474,909,17447,1445,920
test_4_0_0.png,324,32,18,324,25,18,330,11,12,322,25,20,324,20,18
test_4_0_1.png,209,35,261,207,33,263,207,40,263,209,40,261,209,37,261
test_4_0_2.png,364,45,53,364,44,53,347,46,70,353,40,64,359,45,58
test_4_0_3.png,0,0,0,0,0,0,0,0,0,0,0,0,0,0,0
test_4_1_0.png,0,0,0,0,0,0,0,0,0,0,0,0,0,0,0
test_4_1_1.png,0,0,0,0,0,0,0,0,0,0,0,0,0,0,0
test_4_1_2.png,0,0,0,0,0,0,0,0,0,0,0,0,0,0,0
test_4_1_3.png,0,0,0,0,0,0,0,0,0,0,0,0,0,0,0
test_4_2_0.png,0,0,0,0,0,0,0,0,0,0,0,0,0,0,0
test_4_2_1.png,0,0,0,0,0,0,0,0,0,0,0,0,0,0,0
test_4_2_2.png,0,0,0,0,0,0,0,0,0,0,0,0,0,0,0
test_4_2_3.png,0,0,0,0,0,0,0,0,0,0,0,0,0,0,0
test_4_3_0.png,0,0,0,0,0,0,0,0,0,0,0,0,0,0,0
test_4_3_1.png,1432,49,162,1442,37,152,1421,699,173,1436,50,158,1432,47,162
test_4_3_2.png,3402,250,249,3421,228,230,3391,206,260,3388,203,263,3400,213,251
test_4_3_3.png,5177,234,546,5207,232,516,5088,223,635,5175,228,548,5167,220,556
test_50_0_0.png,0,0,0,0,0,0,0,0,0,0,0,0,0,0,0
test_50_0_1.png,0,0,0,0,0,0,0,0,0,0,0,0,0,0,0
test_50_0_2.png,0,0,0,0,0,0,0,0,0,0,0,0,0,0,0
test_50_0_3.png,0,0,0,0,0,0,0,0,0,0,0,0,0,0,0
test_50_1_0.png,0,0,0,0,0,0,0,0,0,0,0,0,0,0,0
test_50_1_1.png,0,0,0,0,0,0,0,0,0,0,0,0,0,0,0
test_50_1_2.png,0,0,0,0,0,0,0,0,0,0,0,0,0,0,0
test_50_1_3.png,95,18,71,127,12,39,91,9,75,95,13,71,93,13,73
test_50_2_0.png,4372,592,101,4362,628,111,4262,388,211,4293,437,180,4365,488,108
test_50_2_1.png,1076,124,94,1071,124,99,1065,125,105,1055,129,115,1063,125,107
test_50_2_2.png,1059,54,40,1054,57,45,1056,40,43,1055,42,44,1059,50,40
test_50_2_3.png,3851,813,435,3809,790,477,3708,668,578,3738,689,548,3770,727,516
test_50_3_0.png,13819,705,886,13753,713,952,13796,763,909,13723,695,982,13774,700,931
test_50_3_1.png,17455,1405,1235,17460,1490,1230,17327,1373,1363,17255,1423,1435,17401,1414,1289
test_50_3_2.png,14318,1127,975,14315,1058,978,14256,993,1037,14346,1130,947,14321,1052,972
test_50_3_3.png,3712,256,139,3686,270,165,3668,263,183,3688,286,163,3681,264,170
test_51_0_0.png,6496,1458,396,6447,1465,445,6420,1389,472,6488,1328,404,6479,1417,413
test_51_0_1.png,0,0,0,0,0,0,0,0,0,0,0,0,0,0,0
test_51_0_2.png,0,0,0,0,0,0,0,0,0,0,0,0,0,0,0
test_51_0_3.png,0,0,0,0,0,0,0,0,0,0,0,0,0,0,0
test_51_1_0.png,0,0,47,0,0,47,0,0,47,0,0,47,0,0,47
test_51_1_1.png,0,0,0,0,0,0,0,0,0,0,0,0,0,0,0
test_51_1_2.png,0,0,0,0,0,0,0,0,0,0,0,0,0,0,0
test_51_1_3.png,0,0,0,0,0,0,0,0,0,0,0,0,0,0,0
test_51_2_0.png,0,0,0,0,0,0,0,0,0,0,0,0,0,0,0
test_51_2_1.png,0,0,0,0,0,0,0,0,0,0,0,0,0,0,0
test_51_2_2.png,0,0,0,0,0,0,0,0,0,0,0,0,0,0,0
test_51_2_3.png,0,0,0,0,0,0,0,0,0,0,0,0,0,0,0
test_51_3_0.png,0,0,0,0,0,0,0,0,0,0,0,0,0,0,0
test_51_3_1.png,0,0,0,0,0,0,0,0,0,0,0,0,0,0,0
test_51_3_2.png,0,0,0,0,0,0,0,0,0,0,0,0,0,0,0
test_51_3_3.png,0,0,0,0,0,0,0,0,0,0,0,0,0,0,0
test_52_0_0.png,0,0,0,0,0,0,0,0,0,0,0,0,0,0,0
test_52_0_1.png,0,0,0,0,0,0,0,0,0,0,0,0,0,0,0
test_52_0_2.png,0,0,0,0,0,0,0,0,0,0,0,0,0,0,0
test_52_0_3.png,0,0,0,0,0,0,0,0,0,0,0,0,0,0,0
test_52_1_0.png,0,0,0,0,0,0,0,0,0,0,0,0,0,0,0
test_52_1_1.png,0,0,0,0,0,0,0,0,0,0,0,0,0,0,0
test_52_1_2.png,0,0,0,0,0,0,0,0,0,0,0,0,0,0,0
test_52_1_3.png,0,0,0,0,0,0,0,0,0,0,0,0,0,0,0
test_52_2_0.png,9079,609,1234,9021,599,1292,8847,537,1466,8818,516,1495,8968,558,1345
test_52_2_1.png,2343,64,218,2310,49,251,2303,48,258,2297,64,264,2317,51,244
test_52_2_2.png,0,0,0,0,0,0,0,0,0,0,0,0,0,0,0
test_52_2_3.png,0,0,0,0,0,0,0,0,0,0,0,0,0,0,0
test_52_3_0.png,19710,940,1427,19692,770,1445,19728,926,1409,19803,988,1334,19748,867,1389
test_52_3_1.png,7550,219,570,7505,195,615,7488,188,632,7169,193,951,7509,185,611
test_52_3_2.png,2,0,80,2,0,80,0,0,82,0,0,82,0,0,82
test_52_3_3.png,0,0,0,0,0,0,0,0,0,0,0,0,0,0,0
test_53_0_0.png,0,0,0,0,0,0,0,0,0,0,0,0,0,0,0
test_53_0_1.png,0,0,0,0,0,0,0,0,0,0,0,0,0,0,0
test_53_0_2.png,0,0,0,0,0,0,0,0,0,0,0,0,0,0,0
test_53_0_3.png,0,0,46,0,0,46,0,0,46,0,0,46,0,0,46
test_53_1_0.png,0,0,0,0,0,0,0,0,0,0,0,0,0,0,0
test_53_1_1.png,0,0,0,0,0,0,0,0,0,0,0,0,0,0,0
test_53_1_2.png,0,0,0,0,0,0,0,0,0,0,0,0,0,0,0
test_53_1_3.png,0,0,142,0,0,142,0,0,142,0,0,142,0,0,142
test_53_2_0.png,0,0,0,0,0,0,0,0,0,0,0,0,0,0,0
test_53_2_1.png,1624,68,73,1635,86,62,1444,33,253,115,0,1582,1511,43,186
test_53_2_2.png,0,0,0,0,0,0,0,0,0,0,0,0,0,0,0
test_53_2_3.png,0,0,0,0,0,0,0,0,0,0,0,0,0,0,0
test_53_3_0.png,944,4,96,928,4,112,936,3,104,947,2,93,935,4,105
test_53_3_1.png,4109,137,253,4100,166,262,4091,158,271,4115,165,247,4107,151,255
test_53_3_2.png,4042,105,338,4029,89,351,4033,119,347,4076,149,304,4051,112,329
test_53_3_3.png,0,0,0,0,0,0,0,0,0,0,0,0,0,0,0
test_54_0_0.png,6102,338,222,6106,277,218,6089,277,235,6098,204,226,6101,258,223
test_54_0_1.png,6739,542,677,6728,218,688,6694,232,722,6570,189,846,6723,225,693
test_54_0_2.png,1001,3,324,1012,4,313,1006,4,319,1026,8,299,1007,4,318
test_54_0_3.png,0,0,0,0,0,0,0,0,0,0,0,0,0,0,0
test_54_1_0.png,3601,352,125,3570,346,156,3539,264,187,3555,268,171,3595,286,131
test_54_1_1.png,6482,147,687,6488,150,681,6261,112,908,6355,140,814,6377,131,792
test_54_1_2.png,0,0,0,0,0,0,0,0,0,0,0,0,0,0,0
test_54_1_3.png,0,0,0,0,0,0,0,0,0,0,0,0,0,0,0
test_54_2_0.png,2280,545,45,2262,590,63,2218,356,107,2224,438,101,2256,497,69
test_54_2_1.png,0,0,0,0,0,0,0,0,0,0,0,0,0,0,0
test_54_2_2.png,0,0,0,0,0,0,0,0,0,0,0,0,0,0,0
test_54_2_3.png,0,0,0,0,0,0,0,0,0,0,0,0,0,0,0
test_54_3_0.png,2692,287,133,2331,266,494,2284,134,541,2293,133,532,2319,170,506
test_54_3_1.png,0,0,0,0,0,0,0,0,0,0,0,0,0,0,0
test_54_3_2.png,0,0,0,0,0,0,0,0,0,0,0,0,0,0,0
test_54_3_3.png,0,0,0,0,0,0,0,0,0,0,0,0,0,0,0
test_55_0_0.png,0,0,0,0,0,0,0,0,0,0,0,0,0,0,0
test_55_0_1.png,0,0,0,0,0,0,0,0,0,0,0,0,0,0,0
test_55_0_2.png,0,0,0,0,0,0,0,0,0,0,0,0,0,0,0
test_55_0_3.png,0,0,0,0,0,0,0,0,0,0,0,0,0,0,0
test_55_1_0.png,8372,500,273,8396,442,249,8345,395,300,8305,364,340,8377,406,268
test_55_1_1.png,3300,160,194,3321,227,173,3353,224,141,3314,216,180,3323,197,171
test_55_1_2.png,0,0,0,0,0,0,0,0,0,0,0,0,0,0,0
test_55_1_3.png,0,0,0,0,0,0,0,0,0,0,0,0,0,0,0
test_55_2_0.png,19987,1600,847,19815,1554,1019,19824,1622,1010,19857,1641,977,19884,1564,950
test_55_2_1.png,13247,1175,740,13183,989,804,12836,1008,1151,12805,965,1182,13136,1007,851
test_55_2_2.png,3189,182,239,3180,181,248,3186,171,242,3200,186,228,3194,177,234
test_55_2_3.png,0,0,0,0,38,0,0,0,0,0,0,0,0,0,0
test_55_3_0.png,11531,887,857,11406,743,982,11530,834,858,11097,602,1291,11499,752,889
test_55_3_1.png,19828,1724,1194,19846,1672,1176,19812,1615,1210,19750,1525,1272,19828,1609,1194
test_55_3_2.png,16453,1448,986,16317,1463,1122,16415,1508,1024,16261,1520,1178,16384,1452,1055
test_55_3_3.png,13281,649,1098,13294,582,1085,13252,601,1127,13227,546,1152,13274,575,1105
test_56_0_0.png,0,0,0,0,0,0,0,0,0,0,0,0,0,0,0
test_56_0_1.png,0,0,0,0,0,0,0,0,0,0,0,0,0,0,0
test_56_0_2.png,0,0,0,0,0,0,0,0,0,0,0,0,0,0,0
test_56_0_3.png,953,192,47,956,240,44,944,142,56,954,134,46,955,167,45
test_56_1_0.png,0,0,0,0,0,0,0,0,0,0,0,0,0,0,0
test_56_1_1.png,0,0,0,0,0,0,0,0,0,0,0,0,0,0,0
test_56_1_2.png,0,0,0,0,0,0,0,0,0,0,0,0,0,0,0
test_56_1_3.png,0,0,0,0,0,0,0,0,0,0,0,0,0,0,0
test_56_2_0.png,0,0,0,0,0,0,0,126,0,0,158,0,0,29,0
test_56_2_1.png,1313,0,133,1315,0,131,1314,0,132,381,0,1065,1304,0,142
test_56_2_2.png,3588,115,353,3585,102,356,3608,116,333,3564,123,377,3591,110,350
test_56_2_3.png,0,0,0,0,0,0,0,0,0,0,0,0,0,0,0
test_56_3_0.png,0,0,0,0,0,0,0,0,0,0,0,0,0,0,0
test_56_3_1.png,1213,50,277,1314,1,176,1094,0,396,11,0,1479,1114,0,376
test_56_3_2.png,0,0,8,0,0,8,0,0,8,0,0,8,0,0,8
test_56_3_3.png,0,0,0,0,0,0,0,0,0,0,0,0,0,0,0
test_57_0_0.png,510,3,303,394,1,419,453,2,360,350,0,463,420,0,393
test_57_0_1.png,7569,747,726,7698,813,597,7525,696,770,7532,778,763,7578,744,717
test_57_0_2.png,8133,710,590,8180,875,543,8168,768,555,8221,799,502,8174,745,549
test_57_0_3.png,0,0,0,0,0,0,0,0,0,0,0,0,0,0,0
test_57_1_0.png,0,0,0,0,0,0,0,0,0,0,0,0,0,0,0
test_57_1_1.png,0,0,0,0,0,0,0,0,0,0,0,0,0,0,0
test_57_1_2.png,0,0,0,0,0,0,0,0,0,0,0,0,0,0,0
test_57_1_3.png,0,0,0,0,0,0,0,0,0,0,0,0,0,0,0
test_57_2_0.png,0,0,119,0,0,119,0,0,119,0,0,119,0,0,119
test_57_2_1.png,0,0,0,0,0,0,0,0,0,0,0,0,0,0,0
test_57_2_2.png,0,0,0,0,0,0,0,0,0,0,0,0,0,0,0
test_57_2_3.png,0,0,0,0,0,0,0,0,0,0,0,0,0,0,0
test_57_3_0.png,92,7,884,35,8,941,159,6,817,262,52,714,147,7,829
test_57_3_1.png,236,153,0,227,66,9,191,121,45,188,34,48,232,100,4
test_57_3_2.png,0,0,0,0,0,0,0,0,0,0,0,0,0,0,0
test_57_3_3.png,0,0,0,0,0,0,0,0,0,0,0,0,0,0,0
test_58_0_0.png,425,761,114,513,797,26,502,797,37,522,817,17,515,793,24
test_58_0_1.png,0,0,0,0,0,0,0,0,0,0,0,0,0,0,0
test_58_0_2.png,0,0,0,0,0,0,0,0,0,0,0,0,0,0,0
test_58_0_3.png,0,0,0,0,0,0,0,0,0,0,0,0,0,0,0
test_58_1_0.png,0,0,0,0,0,0,0,0,0,0,0,0,0,0,0
test_58_1_1.png,0,0,0,0,0,0,0,0,0,0,0,0,0,0,0
test_58_1_2.png,0,0,0,0,0,0,0,0,0,0,0,0,0,0,0
test_58_1_3.png,0,0,0,0,0,0,0,0,0,0,0,0,0,0,0
test_58_2_0.png,0,0,0,0,0,0,0,0,0,0,0,0,0,0,0
test_58_2_1.png,0,0,0,0,0,0,0,0,0,0,0,0,0,0,0
test_58_2_2.png,0,0,0,0,0,0,0,0,0,0,0,0,0,0,0
test_58_2_3.png,0,0,0,0,0,0,0,0,0,0,0,0,0,0,0
test_58_3_0.png,0,0,0,0,0,0,0,0,0,0,0,0,0,0,0
test_58_3_1.png,0,0,0,0,0,0,0,0,0,0,0,0,0,0,0
test_58_3_2.png,0,0,0,0,0,0,0,0,0,0,0,0,0,0,0
test_58_3_3.png,0,0,0,0,0,0,0,0,0,0,0,0,0,0,0
test_59_0_0.png,0,0,0,0,0,0,0,0,0,0,0,0,0,0,0
test_59_0_1.png,0,0,0,0,0,0,0,0,0,0,0,0,0,0,0
test_59_0_2.png,0,0,0,0,0,0,0,0,0,0,0,0,0,0,0
test_59_0_3.png,0,0,0,0,0,0,0,0,0,0,0,0,0,0,0
test_59_1_0.png,0,0,0,0,0,0,0,0,0,0,0,0,0,0,0
test_59_1_1.png,0,0,0,0,0,0,0,0,0,0,0,0,0,0,0
test_59_1_2.png,0,0,0,0,0,0,0,0,0,0,0,0,0,0,0
test_59_1_3.png,0,0,0,0,0,0,0,0,0,0,0,0,0,0,0
test_59_2_0.png,0,0,0,0,0,0,0,0,0,0,0,0,0,0,0
test_59_2_1.png,0,0,0,0,0,0,0,0,0,0,0,0,0,0,0
test_59_2_2.png,0,0,0,0,0,0,0,0,0,0,0,0,0,0,0
test_59_2_3.png,0,0,0,0,0,0,0,0,0,0,0,0,0,0,0
test_59_3_0.png,0,0,0,0,0,0,0,0,0,0,0,0,0,0,0
test_59_3_1.png,0,0,0,0,0,0,0,0,0,0,0,0,0,0,0
test_59_3_2.png,0,0,230,0,0,230,0,0,230,0,0,230,0,0,230
test_59_3_3.png,0,0,0,0,0,0,0,0,0,0,0,0,0,0,0
test_5_0_0.png,0,0,0,0,0,0,0,0,0,0,0,0,0,0,0
test_5_0_1.png,0,0,0,0,0,0,0,0,0,0,0,0,0,0,0
test_5_0_2.png,0,0,0,0,0,0,0,0,0,0,0,0,0,0,0
test_5_0_3.png,0,0,0,0,0,0,0,0,0,0,0,0,0,0,0
test_5_1_0.png,0,0,0,0,0,0,0,0,0,0,0,0,0,0,0
test_5_1_1.png,0,0,0,0,0,0,0,0,0,0,0,0,0,0,0
test_5_1_2.png,0,0,0,0,0,0,0,0,0,0,0,0,0,0,0
test_5_1_3.png,0,0,0,0,0,0,0,0,0,0,0,0,0,0,0
test_5_2_0.png,0,0,0,0,0,0,0,0,0,0,0,0,0,0,0
test_5_2_1.png,0,0,0,0,0,0,0,0,0,0,0,0,0,0,0
test_5_2_2.png,101,62,21,90,5,32,97,8,25,100,14,22,98,12,24
test_5_2_3.png,4993,278,436,5018,284,411,5014,303,415,4998,289,431,5015,286,414
test_5_3_0.png,0,0,0,0,0,0,0,0,0,0,0,0,0,0,0
test_5_3_1.png,0,0,0,0,0,0,0,0,0,0,0,0,0,0,0
test_5_3_2.png,2043,105,50,2021,98,72,2028,118,65,2029,107,64,2032,101,61
test_5_3_3.png,4712,334,216,4707,319,221,4653,294,275,4660,280,268,4685,307,243
test_60_0_0.png,0,0,0,0,0,0,0,0,0,0,0,0,0,0,0
test_60_0_1.png,0,0,0,0,0,0,0,0,0,0,0,0,0,0,0
test_60_0_2.png,0,0,0,0,0,0,0,0,0,0,0,0,0,0,0
test_60_0_3.png,0,0,0,0,0,0,0,0,0,0,0,0,0,0,0
test_60_1_0.png,0,0,0,0,0,0,0,0,0,0,0,0,0,0,0
test_60_1_1.png,0,0,0,0,0,0,0,0,0,0,0,0,0,0,0
test_60_1_2.png,0,0,0,0,0,0,0,0,0,0,0,0,0,0,0
test_60_1_3.png,0,0,0,0,0,0,0,0,0,0,0,0,0,0,0
test_60_2_0.png,0,0,0,0,0,0,0,0,0,0,0,0,0,0,0
test_60_2_1.png,0,0,0,0,0,0,0,0,0,0,0,0,0,0,0
test_60_2_2.png,0,0,0,0,0,0,0,0,0,0,0,0,0,0,0
test_60_2_3.png,0,0,0,0,0,0,0,0,0,0,0,0,0,0,0
test_60_3_0.png,0,0,0,0,0,0,0,0,0,0,0,0,0,0,0
test_60_3_1.png,0,0,0,0,0,0,0,0,0,0,0,0,0,0,0
test_60_3_2.png,0,0,0,0,0,0,0,0,0,0,0,0,0,0,0
test_60_3_3.png,0,0,0,0,0,0,0,0,0,0,0,0,0,0,0
test_61_0_0.png,0,0,0,0,0,0,0,0,0,0,0,0,0,0,0
test_61_0_1.png,0,0,0,0,0,0,0,0,0,0,0,0,0,0,0
test_61_0_2.png,0,0,0,0,0,0,0,0,0,0,0,0,0,0,0
test_61_0_3.png,0,0,0,0,0,0,0,0,0,0,0,0,0,0,0
test_61_1_0.png,0,0,0,0,0,0,0,0,0,0,0,0,0,0,0
test_61_1_1.png,0,0,0,0,0,0,0,0,0,0,0,0,0,0,0
test_61_1_2.png,0,0,0,0,0,0,0,0,0,0,0,0,0,0,0
test_61_1_3.png,0,0,185,0,0,185,0,0,185,0,0,185,0,0,185
test_61_2_0.png,0,0,0,0,0,0,0,0,0,0,0,0,0,0,0
test_61_2_1.png,0,0,0,0,0,0,0,0,0,0,0,0,0,0,0
test_61_2_2.png,0,0,0,0,0,0,0,0,0,0,0,0,0,0,0
test_61_2_3.png,0,0,0,0,0,0,0,0,0,0,0,0,0,0,0
test_61_3_0.png,0,0,0,0,0,0,0,0,0,0,0,0,0,0,0
test_61_3_1.png,0,0,0,0,0,0,0,0,0,0,0,0,0,0,0
test_61_3_2.png,0,0,0,0,0,0,0,0,0,0,0,0,0,0,0
test_61_3_3.png,0,0,0,0,0,0,0,0,0,0,0,0,0,0,0
test_62_0_0.png,0,0,0,0,0,0,0,0,0,0,0,0,0,0,0
test_62_0_1.png,0,0,0,0,0,0,0,0,0,0,0,0,0,0,0
test_62_0_2.png,0,0,0,0,0,0,0,0,0,0,0,0,0,0,0
test_62_0_3.png,0,0,0,0,0,0,0,0,0,0,0,0,0,0,0
test_62_1_0.png,0,0,0,0,0,0,0,0,0,0,0,0,0,0,0
test_62_1_1.png,0,0,0,0,0,0,0,0,0,0,0,0,0,0,0
test_62_1_2.png,0,0,0,0,0,0,0,0,0,0,0,0,0,0,0
test_62_1_3.png,0,0,0,0,0,0,0,0,0,0,0,0,0,0,0
test_62_2_0.png,0,0,0,0,0,0,0,0,0,0,0,0,0,0,0
test_62_2_1.png,0,0,0,0,0,0,0,0,0,0,0,0,0,0,0
test_62_2_2.png,0,0,0,0,0,0,0,0,0,0,0,0,0,0,0
test_62_2_3.png,0,0,0,0,0,0,0,0,0,0,0,0,0,0,0
test_62_3_0.png,0,0,0,0,0,0,0,0,0,0,0,0,0,0,0
test_62_3_1.png,0,0,0,0,0,0,0,0,0,0,0,0,0,0,0
test_62_3_2.png,0,0,0,0,0,0,0,0,0,0,0,0,0,0,0
test_62_3_3.png,0,0,0,0,0,0,0,0,0,0,0,0,0,0,0
test_63_0_0.png,0,0,0,0,0,0,0,0,0,0,0,0,0,0,0
test_63_0_1.png,0,0,0,0,0,0,0,0,0,0,0,0,0,0,0
test_63_0_2.png,0,0,0,0,0,0,0,0,0,0,0,0,0,0,0
test_63_0_3.png,0,0,0,0,0,0,0,0,0,0,0,0,0,0,0
test_63_1_0.png,0,0,262,0,0,262,0,0,262,0,0,262,0,0,262
test_63_1_1.png,0,0,0,0,0,0,0,0,0,0,0,0,0,0,0
test_63_1_2.png,0,0,0,0,0,0,0,0,0,0,0,0,0,0,0
test_63_1_3.png,0,0,0,0,0,0,0,0,0,0,0,0,0,0,0
test_63_2_0.png,0,0,0,0,0,0,0,0,0,0,0,0,0,0,0
test_63_2_1.png,0,0,0,0,0,0,0,0,0,0,0,0,0,0,0
test_63_2_2.png,0,0,0,0,0,0,0,0,0,0,0,0,0,0,0
test_63_2_3.png,0,0,0,0,0,0,0,0,0,0,0,0,0,0,0
test_63_3_0.png,0,0,0,0,0,0,0,0,0,0,0,0,0,0,0
test_63_3_1.png,0,0,0,0,0,0,0,0,0,0,0,0,0,0,0
test_63_3_2.png,0,0,0,0,0,0,0,0,0,0,0,0,0,0,0
test_63_3_3.png,0,0,0,0,0,0,0,0,0,0,0,0,0,0,0
test_64_0_0.png,0,0,0,0,0,0,0,0,0,0,0,0,0,0,0
test_64_0_1.png,0,0,0,0,0,0,0,0,0,0,0,0,0,0,0
test_64_0_2.png,0,0,0,0,0,0,0,0,0,0,0,0,0,0,0
test_64_0_3.png,0,0,0,0,0,0,0,0,0,0,0,0,0,0,0
test_64_1_0.png,0,0,0,0,0,0,0,0,0,0,0,0,0,0,0
test_64_1_1.png,0,0,0,0,0,0,0,0,0,0,0,0,0,0,0
test_64_1_2.png,0,0,0,0,0,0,0,0,0,0,0,0,0,0,0
test_64_1_3.png,0,0,0,0,0,0,0,0,0,0,0,0,0,0,0
test_64_2_0.png,0,0,0,0,0,0,0,0,0,0,0,0,0,0,0
test_64_2_1.png,0,0,0,0,0,0,0,0,0,0,0,0,0,0,0
test_64_2_2.png,0,0,0,0,0,0,0,0,0,0,0,0,0,0,0
test_64_2_3.png,0,0,0,0,0,0,0,0,0,0,0,0,0,0,0
test_64_3_0.png,0,0,0,0,0,0,0,0,0,0,0,0,0,0,0
test_64_3_1.png,0,0,0,0,0,0,0,0,0,0,0,0,0,0,0
test_64_3_2.png,0,0,0,0,0,0,0,0,0,0,0,0,0,0,0
test_64_3_3.png,0,0,0,0,0,0,0,0,0,0,0,0,0,0,0
test_65_0_0.png,0,0,0,0,0,0,0,0,0,0,0,0,0,0,0
test_65_0_1.png,0,0,0,0,0,0,0,0,0,0,0,0,0,0,0
test_65_0_2.png,0,0,0,0,0,0,0,0,0,0,0,0,0,0,0
test_65_0_3.png,0,0,0,0,0,0,0,0,0,0,0,0,0,0,0
test_65_1_0.png,0,0,0,0,0,0,0,0,0,0,0,0,0,0,0
test_65_1_1.png,0,0,0,0,0,0,0,0,0,0,0,0,0,0,0
test_65_1_2.png,0,0,0,0,0,0,0,0,0,0,0,0,0,0,0
test_65_1_3.png,0,0,0,0,0,0,0,0,0,0,0,0,0,0,0
test_65_2_0.png,0,0,0,0,0,0,0,0,0,0,0,0,0,0,0
test_65_2_1.png,0,0,0,0,0,0,0,0,0,0,0,0,0,0,0
test_65_2_2.png,0,0,0,0,0,0,0,0,0,0,0,0,0,0,0
test_65_2_3.png,0,0,0,0,0,0,0,0,0,0,0,0,0,0,0
test_65_3_0.png,0,0,0,0,0,0,0,0,0,0,0,0,0,0,0
test_65_3_1.png,0,0,0,0,0,0,0,0,0,0,0,0,0,0,0
test_65_3_2.png,0,0,0,0,0,0,0,0,0,0,0,0,0,0,0
test_65_3_3.png,0,0,0,0,0,0,0,0,0,0,0,0,0,0,0
test_66_0_0.png,0,0,0,0,0,0,0,0,0,0,0,0,0,0,0
test_66_0_1.png,0,0,0,0,0,0,0,0,0,0,0,0,0,0,0
test_66_0_2.png,0,0,0,0,0,0,0,0,0,0,0,0,0,0,0
test_66_0_3.png,0,0,0,0,0,0,0,0,0,0,0,0,0,0,0
test_66_1_0.png,0,0,0,0,0,0,0,0,0,0,0,0,0,0,0
test_66_1_1.png,0,0,0,0,0,0,0,0,0,0,0,0,0,0,0
test_66_1_2.png,0,0,0,0,0,0,0,0,0,0,0,0,0,0,0
test_66_1_3.png,0,0,0,0,0,0,0,0,0,0,0,0,0,0,0
test_66_2_0.png,0,0,0,0,0,0,0,0,0,0,0,0,0,0,0
test_66_2_1.png,0,0,0,0,0,0,0,0,0,0,0,0,0,0,0
test_66_2_2.png,0,0,0,0,0,0,0,0,0,0,0,0,0,0,0
test_66_2_3.png,0,0,0,0,0,0,0,0,0,0,0,0,0,0,0
test_66_3_0.png,0,0,0,0,0,0,0,0,0,0,0,0,0,0,0
test_66_3_1.png,0,0,0,0,0,0,0,0,0,0,0,0,0,0,0
test_66_3_2.png,0,0,0,0,0,0,0,0,0,0,0,0,0,0,0
test_66_3_3.png,0,0,0,0,0,0,0,0,0,0,0,0,0,0,0
test_67_0_0.png,0,0,0,0,0,0,0,0,0,0,0,0,0,0,0
test_67_0_1.png,0,0,0,0,0,0,0,0,0,0,0,0,0,0,0
test_67_0_2.png,3322,480,121,3336,462,107,3251,418,192,3271,472,172,3316,453,127
test_67_0_3.png,16422,1491,697,16383,1227,736,16364,1382,755,16442,1446,677,16446,1344,673
test_67_1_0.png,1,0,802,481,5,322,679,11,124,519,15,284,499,5,304
test_67_1_1.png,0,0,0,0,0,0,0,0,0,0,0,0,0,0,0
test_67_1_2.png,3103,218,181,2945,188,339,3028,186,256,3059,183,225,3031,186,253
test_67_1_3.png,5926,745,242,5878,670,290,5558,557,610,5745,407,423,5849,642,319
test_67_2_0.png,453,106,179,582,276,50,367,5,265,579,328,53,563,266,69
test_67_2_1.png,0,0,0,0,0,0,0,0,0,0,0,0,0,0,0
test_67_2_2.png,6166,541,126,6109,487,183,6038,396,254,6061,433,231,6127,454,165
test_67_2_3.png,13372,1573,296,13382,1610,286,13365,1482,303,13391,1579,277,13390,1535,278
test_67_3_0.png,920,59,21,924,51,17,924,53,17,929,61,12,923,56,18
test_67_3_1.png,0,0,0,0,0,0,0,0,0,0,0,0,0,0,0
test_67_3_2.png,0,0,0,0,0,0,0,0,0,0,0,0,0,0,0
test_67_3_3.png,189,17,25,197,2,17,193,7,21,192,8,22,196,4,18
test_68_0_0.png,12416,888,548,12465,840,499,12352,882,612,12455,842,509,12425,842,539
test_68_0_1.png,1743,195,19,1742,177,20,1746,203,16,1747,216,15,1744,194,18
test_68_0_2.png,0,0,0,0,0,0,0,0,0,0,0,0,0,0,0
test_68_0_3.png,0,0,465,0,0,465,0,0,465,0,0,465,0,0,465
test_68_1_0.png,18644,1662,366,18695,1449,315,18665,1503,345,18708,1544,302,18706,1481,304
test_68_1_1.png,12473,1048,419,12470,986,422,12406,919,486,12439,1051,453,12469,975,423
test_68_1_2.png,5188,463,346,5151,452,383,5114,427,420,5078,407,456,5133,425,401
test_68_1_3.png,368,8,41,366,6,43,362,1,47,319,0,90,363,3,46
test_68_2_0.png,21225,1392,609,21410,1427,424,21263,1505,571,21222,1378,612,21296,1364,538
test_68_2_1.png,9366,723,221,9334,570,253,9270,559,317,9315,582,272,9333,584,254
test_68_2_2.png,0,2,172,128,275,44,0,0,172,0,28,172,0,7,172
test_68_2_3.png,0,0,457,0,8,457,0,4,457,0,0,457,0,0,457
test_68_3_0.png,8148,796,255,8089,729,314,8069,742,334,8049,799,354,8096,746,307
test_68_3_1.png,0,0,0,0,0,0,0,0,0,0,0,0,0,0,0
test_68_3_2.png,0,0,0,0,0,0,0,0,0,0,0,0,0,0,0
test_68_3_3.png,0,0,0,0,0,0,0,0,0,0,0,0,0,0,0
test_69_0_0.png,0,0,0,0,0,0,0,0,0,0,0,0,0,0,0
test_69_0_1.png,0,0,0,0,0,0,0,0,0,0,0,0,0,0,0
test_69_0_2.png,0,0,0,0,0,0,0,0,0,0,0,0,0,0,0
test_69_0_3.png,8398,606,331,8435,642,294,8455,695,274,8397,643,332,8418,643,311
test_69_1_0.png,2542,227,40,2531,201,51,2489,192,93,2551,240,31,2540,205,42
test_69_1_1.png,864,62,240,865,60,239,864,51,240,857,66,247,864,54,240
test_69_1_2.png,52,3,15,58,2,9,48,1,19,57,2,10,53,1,14
test_69_1_3.png,10886,567,508,10876,524,518,10877,548,517,10861,583,533,10875,526,519
test_69_2_0.png,17778,1178,340,17703,958,415,17668,929,450,17803,1232,315,17750,1012,368
test_69_2_1.png,15191,996,779,15183,908,787,15154,831,816,15265,893,705,15217,873,753
test_69_2_2.png,9209,674,158,9192,650,175,9104,553,263,9070,616,297,9178,593,189
test_69_2_3.png,1012,89,15,1011,85,16,1014,90,13,1015,92,12,1014,87,13
test_69_3_0.png,18870,1264,440,18893,1157,417,18904,1305,406,18962,1462,348,18928,1248,382
test_69_3_1.png,16305,1091,418,16251,1062,472,16256,1028,467,16324,1139,399,16300,1040,423
test_69_3_2.png,19148,1246,308,19100,1231,356,19124,1163,332,19169,1395,287,19155,1223,301
test_69_3_3.png,11339,922,328,11298,834,369,11262,777,405,11059,675,608,11305,736,362
test_6_0_0.png,0,0,0,0,0,0,0,0,0,0,0,0,0,0,0
test_6_0_1.png,201,0,267,334,5,134,366,12,102,366,9,102,350,7,118
test_6_0_2.png,0,0,0,0,0,0,0,0,0,0,0,0,0,0,0
test_6_0_3.png,0,0,0,0,0,0,0,0,0,0,0,0,0,0,0
test_6_1_0.png,292,15,9,274,10,27,282,20,19,292,16,9,287,16,14
test_6_1_1.png,0,0,0,0,0,0,0,0,0,0,0,0,0,0,0
test_6_1_2.png,0,0,0,0,0,0,0,0,0,0,0,0,0,0,0
test_6_1_3.png,0,0,367,0,0,367,0,0,367,0,0,367,0,0,367
test_6_2_0.png,0,0,0,0,0,0,0,0,0,0,0,0,0,0,0
test_6_2_1.png,0,0,0,0,0,0,0,0,0,0,0,0,0,0,0
test_6_2_2.png,470,36,47,475,30,42,474,36,43,477,31,40,474,33,43
test_6_2_3.png,0,0,254,0,0,254,0,0,254,0,0,254,0,0,254
test_6_3_0.png,0,0,0,0,0,0,0,0,0,0,0,0,0,0,0
test_6_3_1.png,0,0,0,0,0,0,0,0,0,0,0,0,0,0,0
test_6_3_2.png,0,0,0,0,0,0,0,0,0,0,0,0,0,0,0
test_6_3_3.png,403,28,129,398,19,134,384,10,148,370,7,162,393,10,139
test_70_0_0.png,11692,874,385,11733,857,344,11675,767,402,11003,777,1074,11701,808,376
test_70_0_1.png,4641,443,178,4657,425,162,4594,369,225,4591,342,228,4636,394,183
test_70_0_2.png,11143,1264,397,11065,1018,475,11011,1047,529,11074,1037,466,11095,1028,445
test_70_0_3.png,16430,1115,828,16352,1035,906,16316,1001,942,16265,1030,993,16379,1014,879
test_70_1_0.png,16968,1294,449,16998,1205,419,16957,1209,460,17041,1337,376,17012,1208,405
test_70_1_1.png,19571,1377,566,19504,1288,633,19468,1225,669,19623,1400,514,19576,1282,561
test_70_1_2.png,17697,1114,554,17695,904,556,17704,966,547,17680,1036,571,17714,964,537
test_70_1_3.png,13424,881,513,13420,763,517,13408,801,529,13364,796,573,13422,799,515
test_70_2_0.png,686,12,630,670,12,646,669,18,647,668,16,648,678,14,638
test_70_2_1.png,6056,357,297,6040,272,313,5951,279,402,6044,295,309,6034,288,319
test_70_2_2.png,11491,666,341,11529,578,303,11458,578,374,11481,632,351,11517,599,315
test_70_2_3.png,12364,794,600,12361,726,603,12386,800,578,12382,815,582,12382,753,582
test_70_3_0.png,16053,340,93,16065,349,81,16066,309,80,16058,323,88,16063,321,83
test_70_3_1.png,4230,416,242,4254,349,218,4203,377,269,4208,362,264,4228,370,244
test_70_3_2.png,8950,440,330,8911,452,369,8863,389,417,8789,374,491,8905,399,375
test_70_3_3.png,8332,600,534,8299,533,567,8282,523,584,8306,589,560,8319,526,547
test_71_0_0.png,4770,268,224,4751,249,243,4709,158,285,4700,169,294,4740,193,254
test_71_0_1.png,6350,479,330,6325,448,355,6218,322,462,6168,350,512,6284,398,396
test_71_0_2.png,1938,207,42,1957,218,23,1955,216,25,1953,213,27,1956,212,24
test_71_0_3.png,0,0,0,0,0,0,0,0,0,0,0,0,0,0,0
test_71_1_0.png,0,0,0,0,0,0,0,0,0,0,0,0,0,0,0
test_71_1_1.png,0,0,4929,587,0,4342,0,0,4929,0,0,4929,0,0,4929
test_71_1_2.png,3787,202,416,3807,365,396,4166,513,37,3807,594,396,3805,365,398
test_71_1_3.png,0,0,0,0,0,0,0,0,0,0,0,0,0,0,0
test_71_2_0.png,0,0,0,0,0,0,0,0,0,0,0,0,0,0,0
test_71_2_1.png,0,342,0,0,356,0,0,0,0,0,0,0,0,0,0
test_71_2_2.png,1612,125,301,1617,143,296,679,18,1234,1866,131,47,1828,106,85
test_71_2_3.png,1196,380,2239,1289,322,2146,0,0,3435,1261,324,2174,997,301,2438
test_71_3_0.png,0,0,0,0,0,0,0,0,0,0,0,0,0,0,0
test_71_3_1.png,0,0,0,0,0,0,0,0,0,0,0,0,0,0,0
test_71_3_2.png,1,541,779,443,824,337,324,702,456,376,822,404,353,754,427
test_71_3_3.png,43773,2921,1115,44616,2099,272,44206,2216,682,44030,1696,858,44121,1818,767
test_72_0_0.png,15690,990,598,15625,890,663,15606,835,682,15528,748,760,15641,819,647
test_72_0_1.png,8092,516,314,7967,398,439,8011,449,395,8073,461,333,8044,430,362
test_72_0_2.png,13613,1142,322,13587,1005,348,13507,958,428,13582,1050,353,13592,996,343
test_72_0_3.png,16208,821,511,16205,810,514,16129,786,590,16156,793,563,16196,764,523
test_72_1_0.png,7009,344,430,6956,309,483,6992,335,447,7002,317,437,6995,312,444
test_72_1_1.png,2157,487,107,2151,445,113,2142,88,122,2162,106,102,2150,382,114
test_72_1_2.png,7550,1041,354,7605,637,299,7535,511,369,7580,745,324,7578,507,326
test_72_1_3.png,15397,800,496,15365,821,528,15284,721,609,15322,742,571,15364,728,529
test_72_2_0.png,0,0,0,0,0,0,0,0,0,0,0,0,0,0,0
test_72_2_1.png,0,0,0,0,0,0,0,0,0,0,0,0,0,0,0
test_72_2_2.png,1723,558,203,1582,333,344,1709,54,217,1694,612,232,1700,456,226
test_72_2_3.png,6453,413,526,5550,680,1429,5708,739,1271,4321,826,2658,5898,696,1081
test_72_3_0.png,0,0,0,0,0,0,0,0,0,0,0,0,0,0,0
test_72_3_1.png,0,0,0,0,0,0,0,0,0,0,0,0,0,0,0
test_72_3_2.png,0,0,0,0,0,0,0,0,0,0,0,0,0,0,0
test_72_3_3.png,0,0,0,0,0,0,0,0,0,0,0,0,0,0,0
test_73_0_0.png,19371,940,772,19265,853,878,19222,815,921,19307,886,836,19310,839,833
test_73_0_1.png,2553,131,168,2524,125,197,2518,132,203,2514,114,207,2535,115,186
test_73_0_2.png,0,0,0,0,0,0,0,0,0,0,0,0,0,0,0
test_73_0_3.png,0,0,0,0,0,0,0,0,0,0,0,0,0,0,0
test_73_1_0.png,15813,773,695,15659,644,849,15496,662,1012,15543,635,965,15674,649,834
test_73_1_1.png,0,0,0,0,0,0,0,0,0,0,0,0,0,0,0
test_73_1_2.png,0,0,0,0,0,0,0,0,0,0,0,0,0,0,0
test_73_1_3.png,0,0,0,0,0,0,0,0,0,0,0,0,0,0,0
test_73_2_0.png,2948,164,114,2895,112,167,2907,122,155,2904,105,158,2930,114,132
test_73_2_1.png,0,0,0,0,0,0,0,0,0,0,0,0,0,0,0
test_73_2_2.png,0,0,0,0,0,0,0,0,0,0,0,0,0,0,0
test_73_2_3.png,315,15,32,329,31,18,312,12,35,314,17,33,317,15,30
test_73_3_0.png,0,0,0,0,0,0,0,0,0,0,0,0,0,0,0
test_73_3_1.png,0,0,0,0,0,0,0,0,0,0,0,0,0,0,0
test_73_3_2.png,0,0,0,0,0,0,0,0,0,0,0,0,0,0,0
test_73_3_3.png,0,0,0,0,0,0,0,0,0,0,0,0,0,0,0
test_74_0_0.png,4810,276,220,4816,277,214,4778,256,252,4790,233,240,4806,237,224
test_74_0_1.png,20939,895,776,20916,939,799,20995,955,720,20901,984,814,20970,903,745
test_74_0_2.png,17969,913,685,17935,863,719,17992,907,662,17880,849,774,17973,844,681
test_74_0_3.png,5484,409,287,5470,376,301,5431,338,340,5534,396,237,5482,371,289
test_74_1_0.png,928,153,42,914,60,56,934,65,36,823,10,147,931,58,39
test_74_1_1.png,3340,173,172,3299,157,213,3345,163,167,3325,177,187,3331,149,181
test_74_1_2.png,11488,596,382,11551,632,319,11529,656,341,11569,692,301,11541,612,329
test_74_1_3.png,544,30,120,600,25,64,544,30,120,522,6,142,550,23,114
test_74_2_0.png,2709,388,79,2711,377,77,2722,357,66,2710,361,78,2719,361,69
test_74_2_1.png,8807,669,320,8804,616,323,8791,653,336,8794,676,333,8824,641,303
test_74_2_2.png,6940,589,328,6962,558,306,6962,581,306,6996,546,272,6972,566,296
test_74_2_3.png,0,0,0,0,0,0,0,0,0,0,0,0,0,0,0
test_74_3_0.png,0,0,0,0,0,0,0,0,0,0,0,0,0,0,0
test_74_3_1.png,2189,163,147,2206,167,130,2169,142,167,2198,169,138,2196,157,140
test_74_3_2.png,6306,664,166,6224,626,248,6276,613,196,6102,432,370,6255,595,217
test_74_3_3.png,0,0,0,0,0,0,0,0,0,0,0,0,0,0,0
test_75_0_0.png,0,0,0,0,0,0,0,0,0,0,0,0,0,0,0
test_75_0_1.png,0,0,0,0,0,0,0,0,0,0,0,0,0,0,0
test_75_0_2.png,0,0,0,0,0,0,0,0,0,0,0,0,0,0,0
test_75_0_3.png,0,0,0,0,0,0,0,0,0,0,0,0,0,0,0
test_75_1_0.png,0,0,0,0,0,0,0,0,0,0,0,0,0,0,0
test_75_1_1.png,0,0,0,0,0,0,0,0,0,0,0,0,0,0,0
test_75_1_2.png,0,0,0,0,0,0,0,0,0,0,0,0,0,0,0
test_75_1_3.png,0,0,0,0,0,0,0,0,0,0,0,0,0,0,0
test_75_2_0.png,0,0,0,0,0,0,0,0,0,0,0,0,0,0,0
test_75_2_1.png,6474,577,566,6470,504,570,6448,558,592,6299,460,741,6428,507,612
test_75_2_2.png,11434,701,826,11373,650,887,11265,497,995,11068,325,1192,11329,466,931
test_75_2_3.png,5589,261,658,5614,210,633,5560,210,687,5497,186,750,5576,201,671
test_75_3_0.png,1464,88,199,1440,77,223,1427,96,236,1392,51,271,1418,64,245
test_75_3_1.png,15034,1012,1327,14985,974,1376,14857,957,1504,14759,857,1602,14948,900,1413
test_75_3_2.png,17592,1476,1571,17704,1444,1459,17563,1428,1600,17388,1283,1775,17591,1356,1572
test_75_3_3.png,11981,1116,1431,12025,1122,1387,12070,1098,1342,11796,1027,1616,12010,1061,1402
test_76_0_0.png,0,0,0,0,0,0,0,0,0,0,0,0,0,0,0
test_76_0_1.png,26,0,156,146,0,36,147,0,35,105,0,77,122,0,60
test_76_0_2.png,0,0,166,0,0,166,0,0,166,0,0,166,0,0,166
test_76_0_3.png,5145,1056,1363,5136,902,1372,5551,905,957,5127,915,1381,5127,935,1381
test_76_1_0.png,0,0,0,0,0,0,0,0,0,0,0,0,0,0,0
test_76_1_1.png,0,0,148,0,0,148,0,0,148,0,0,148,0,0,148
test_76_1_2.png,0,0,0,0,0,0,0,0,0,0,0,0,0,0,0
test_76_1_3.png,0,0,928,0,0,928,0,0,928,0,0,928,0,0,928
test_76_2_0.png,0,0,0,0,0,0,0,0,0,0,0,0,0,0,0
test_76_2_1.png,0,0,0,0,0,0,0,0,0,0,0,0,0,0,0
test_76_2_2.png,0,0,0,0,0,0,0,0,0,0,0,0,0,0,0
test_76_2_3.png,4508,308,208,4518,234,198,4524,181,192,4430,153,286,4483,156,233
test_76_3_0.png,0,0,0,0,0,0,0,0,0,0,0,0,0,0,0
test_76_3_1.png,604,26,304,560,18,348,318,12,590,0,0,908,390,11,518
test_76_3_2.png,0,0,0,0,0,0,0,0,0,0,0,0,0,0,0
test_76_3_3.png,0,0,0,0,0,0,0,0,0,0,0,0,0,0,0
test_77_0_0.png,10360,228,6299,9409,75,7250,6955,22,9704,9857,74,6802,9091,47,7568
test_77_0_1.png,0,0,233,138,0,95,141,0,92,154,0,79,132,0,101
test_77_0_2.png,3314,6,2730,4342,20,1702,2804,20,3240,3052,13,2992,3245,9,2799
test_77_0_3.png,0,0,463,0,0,463,0,0,463,0,0,463,0,0,463
test_77_1_0.png,21797,3933,991,21828,3876,960,21558,1111,1230,21766,2424,1022,21738,2649,1050
test_77_1_1.png,0,0,600,0,0,600,0,0,600,0,0,600,0,0,600
test_77_1_2.png,2565,81,563,2724,590,404,1979,481,1149,2198,526,930,2629,516,499
test_77_1_3.png,0,0,0,0,24,0,0,0,0,0,0,0,0,0,0
test_77_2_0.png,7141,166,4266,7214,167,4193,6898,133,4509,6453,158,4954,6923,160,4484
test_77_2_1.png,9203,967,2297,9165,675,2335,8516,743,2984,8540,530,2960,8709,626,2791
test_77_2_2.png,4619,646,615,4663,623,571,4563,275,671,4339,34,895,4620,504,614
test_77_2_3.png,827,54,28,823,61,32,802,29,53,815,43,40,820,46,35
test_77_3_0.png,14992,1553,3835,13955,1442,4872,14560,1497,4267,14555,1436,4272,14633,1509,4194
test_77_3_1.png,17108,1108,2308,17344,1538,2072,15126,839,4290,14662,773,4754,16065,982,3351
test_77_3_2.png,19787,195,3400,19795,925,3392,19251,162,3936,19341,273,3846,19586,179,3601
test_77_3_3.png,9159,14,7924,7378,20,9705,6925,9,10158,8432,9,8651,8134,13,8949
test_78_0_0.png,0,0,0,0,0,0,0,0,0,0,0,0,0,0,0
test_78_0_1.png,0,0,0,0,0,0,0,0,0,0,0,0,0,0,0
test_78_0_2.png,0,0,0,0,0,0,0,0,0,0,0,0,0,0,0
test_78_0_3.png,946,199,11,931,143,26,924,162,33,924,158,33,938,166,19
test_78_1_0.png,0,0,0,0,0,0,0,0,0,0,0,0,0,0,0
test_78_1_1.png,0,0,0,0,0,0,0,0,0,0,0,0,0,0,0
test_78_1_2.png,0,0,0,0,0,0,0,0,0,0,0,0,0,0,0
test_78_1_3.png,0,0,0,0,0,0,0,0,0,0,0,0,0,0,0
test_78_2_0.png,5414,238,172,5382,558,204,5373,167,213,5361,158,225,5384,192,202
test_78_2_1.png,5368,304,111,5363,284,116,5295,181,184,5311,145,168,5331,226,148
test_78_2_2.png,0,0,0,0,0,0,0,0,0,0,0,0,0,0,0
test_78_2_3.png,0,0,0,0,0,0,0,0,0,0,0,0,0,0,0
test_78_3_0.png,11633,315,303,11546,165,390,11528,254,408,11397,161,539,11557,184,379
test_78_3_1.png,4404,87,223,4415,83,212,4378,62,249,4406,70,221,4399,72,228
test_78_3_2.png,0,0,0,0,0,0,0,0,0,0,0,0,0,0,0
test_78_3_3.png,0,0,0,0,0,0,0,0,0,0,0,0,0,0,0
test_79_0_0.png,53,0,1140,0,0,1193,0,0,1193,0,0,1193,0,0,1193
test_79_0_1.png,905,5,1114,751,3,1268,827,3,1192,702,11,1317,828,3,1191
test_79_0_2.png,2863,135,609,2949,145,523,2654,116,818,2788,119,684,2836,129,636
test_79_0_3.png,1919,14,546,2005,45,460,1987,39,478,2001,34,464,1989,28,476
test_79_1_0.png,0,0,292,0,0,292,0,0,292,0,0,292,0,0,292
test_79_1_1.png,0,0,0,0,0,0,0,0,0,0,0,0,0,0,0
test_79_1_2.png,0,0,173,0,0,173,0,0,173,0,0,173,0,0,173
test_79_1_3.png,0,0,620,28,0,592,0,0,620,42,0,578,0,0,620
test_79_2_0.png,0,0,0,0,0,0,0,0,0,0,0,0,0,0,0
test_79_2_1.png,2701,109,800,2891,205,610,2860,129,641,2992,214,509,2862,155,639
test_79_2_2.png,1477,273,109,1470,252,116,1476,204,110,1483,188,103,1478,226,108
test_79_2_3.png,2519,138,791,2813,164,497,2837,151,473,2855,162,455,2804,150,506
test_79_3_0.png,627,0,2139,0,0,2766,0,41,2766,0,0,2766,0,0,2766
test_79_3_1.png,0,0,0,0,0,0,0,0,0,0,0,0,0,0,0
test_79_3_2.png,1866,43,187,1852,31,201,1845,33,208,1847,33,206,1853,35,200
test_79_3_3.png,4795,302,717,4853,340,659,4813,306,699,4811,283,701,4853,314,659
test_7_0_0.png,0,0,0,0,0,0,0,0,0,0,0,0,0,0,0
test_7_0_1.png,0,0,0,0,0,0,0,0,0,0,0,0,0,0,0
test_7_0_2.png,8200,778,383,8146,738,437,8008,711,575,8038,665,545,8088,701,495
test_7_0_3.png,0,0,0,0,0,0,0,0,0,0,0,0,0,0,0
test_7_1_0.png,8722,697,658,8773,716,607,8694,651,686,8623,661,757,8726,659,654
test_7_1_1.png,5176,595,241,5210,490,207,5192,551,225,5181,573,236,5193,546,224
test_7_1_2.png,8624,842,337,8654,781,307,8609,750,352,8577,780,384,8626,789,335
test_7_1_3.png,12284,1138,733,12283,1126,734,12144,1021,873,12274,1104,743,12264,1071,753
test_7_2_0.png,14600,1414,631,14563,1351,668,14507,1435,724,14475,1323,756,14541,1366,690
test_7_2_1.png,16055,1626,1782,16217,1543,1620,16188,1626,1649,16150,1511,1687,16149,1563,1688
test_7_2_2.png,4396,346,126,4389,356,133,4382,379,140,4391,390,131,4399,361,123
test_7_2_3.png,6088,514,384,6106,555,366,5971,470,501,5937,473,535,6013,489,459
test_7_3_0.png,4284,445,212,4305,484,191,4241,405,255,4292,448,204,4286,444,210
test_7_3_1.png,8297,1239,315,8347,1245,265,8263,1194,349,8320,1227,292,8319,1226,293
test_7_3_2.png,585,47,13,584,36,14,579,22,19,546,20,52,583,31,15
test_7_3_3.png,9724,929,995,9677,874,1042,9726,855,993,9789,883,930,9771,845,948
test_80_0_0.png,12132,1379,1711,12054,1434,1789,11898,1128,1945,11956,1108,1887,12056,1231,1787
test_80_0_1.png,19658,1604,1379,19737,1685,1300,19516,1477,1521,19637,1692,1400,19662,1574,1375
test_80_0_2.png,20796,2311,1013,20642,1953,1167,20251,1865,1558,20354,2195,1455,20528,1907,1281
test_80_0_3.png,21233,2575,1224,21271,2589,1186,20782,1882,1675,21146,2289,1311,21144,2335,1313
test_80_1_0.png,7771,811,748,7733,709,786,7590,562,929,7561,495,958,7688,641,831
test_80_1_1.png,17378,2761,1084,17144,2844,1318,17187,2524,1275,17163,2372,1299,17276,2661,1186
test_80_1_2.png,13261,2254,1647,13400,2063,1508,12909,1517,1999,13295,1878,1613,13283,1964,1625
test_80_1_3.png,9480,1032,3288,9305,985,3463,9303,929,3465,9275,1108,3493,9326,967,3442
test_80_2_0.png,3518,410,347,3614,377,251,3382,277,483,3389,265,476,3493,343,372
test_80_2_1.png,12756,899,2674,13041,847,2389,12545,787,2885,12635,796,2795,12666,817,2764
test_80_2_2.png,2842,218,1538,2947,272,1433,3261,296,1119,3275,290,1105,3186,276,1194
test_80_2_3.png,12304,866,4637,3237,0,13704,698,0,16243,810,0,16131,2032,0,14909
test_80_3_0.png,7482,572,1108,7185,511,1405,7075,381,1515,7132,402,1458,7265,420,1325
test_80_3_1.png,10537,597,929,10543,526,923,10444,628,1022,10592,532,874,10533,545,933
test_80_3_2.png,0,0,200,0,0,200,0,0,200,0,0,200,0,0,200
test_80_3_3.png,11277,1125,3468,11091,1248,3654,10765,936,3980,10448,1156,4297,10921,1168,3824
test_81_0_0.png,1398,46,350,1482,41,266,1383,32,365,1411,41,337,1401,39,347
test_81_0_1.png,1720,9,148,1731,8,137,1736,14,132,1757,13,111,1729,12,139
test_81_0_2.png,0,0,0,0,0,0,0,0,0,0,0,0,0,0,0
test_81_0_3.png,0,0,0,0,0,0,0,0,0,0,0,0,0,0,0
test_81_1_0.png,0,0,0,0,0,0,0,0,0,0,0,0,0,0,0
test_81_1_1.png,0,0,0,0,0,0,0,0,0,0,0,0,0,0,0
test_81_1_2.png,0,0,0,0,0,0,0,0,0,0,0,0,0,0,0
test_81_1_3.png,1803,206,1358,1835,198,1326,1839,151,1322,1805,128,1356,1822,156,1339
test_81_2_0.png,0,0,0,0,0,0,0,0,0,0,0,0,0,0,0
test_81_2_1.png,0,0,0,0,0,0,0,0,0,0,0,0,0,0,0
test_81_2_2.png,0,0,0,0,0,0,0,0,0,0,0,0,0,0,0
test_81_2_3.png,1753,917,22,1751,919,24,1680,795,95,1720,329,55,1744,846,31
test_81_3_0.png,0,0,0,0,0,0,0,0,0,0,0,0,0,0,0
test_81_3_1.png,295,5,347,268,1,374,0,0,642,0,0,642,117,0,525
test_81_3_2.png,0,0,0,0,0,0,0,0,0,0,0,0,0,0,0
test_81_3_3.png,0,0,0,0,0,0,0,0,0,0,0,0,0,0,0
test_82_0_0.png,0,0,0,0,0,0,0,0,0,0,0,0,0,0,0
test_82_0_1.png,0,0,0,0,0,0,0,0,0,0,0,0,0,0,0
test_82_0_2.png,0,0,0,0,0,0,0,0,0,0,0,0,0,0,0
test_82_0_3.png,0,0,0,0,0,0,0,0,0,0,0,0,0,0,0
test_82_1_0.png,0,0,0,0,0,0,0,0,0,0,0,0,0,0,0
test_82_1_1.png,0,0,6094,0,0,6094,0,0,6094,0,0,6094,0,0,6094
test_82_1_2.png,0,0,11259,0,0,11259,0,0,11259,0,0,11259,0,0,11259
test_82_1_3.png,0,0,0,0,0,0,0,0,0,0,0,0,0,0,0
test_82_2_0.png,0,0,783,0,0,783,0,0,783,0,0,783,0,0,783
test_82_2_1.png,3,0,3379,0,0,3382,0,0,3382,0,0,3382,0,0,3382
test_82_2_2.png,15016,754,7185,16365,1847,5836,15261,2426,6940,15331,2859,6870,15718,1769,6483
test_82_2_3.png,0,0,576,0,0,576,0,0,576,0,0,576,0,0,576
test_82_3_0.png,0,0,0,0,0,0,0,0,0,0,0,0,0,0,0
test_82_3_1.png,0,0,1357,68,0,1289,0,0,1357,17,0,1340,0,0,1357
test_82_3_2.png,2224,225,165,2149,105,240,1312,140,1077,1718,94,671,1934,98,455
test_82_3_3.png,5131,1358,389,5162,1433,358,5068,1181,452,5114,1165,406,5121,1265,399
test_83_0_0.png,0,0,0,0,0,0,0,0,0,0,0,0,0,0,0
test_83_0_1.png,0,0,0,0,0,0,0,0,0,0,0,0,0,0,0
test_83_0_2.png,0,0,0,0,0,0,0,0,0,0,0,0,0,0,0
test_83_0_3.png,0,0,0,0,0,0,0,0,0,0,0,0,0,0,0
test_83_1_0.png,0,0,0,0,0,0,0,0,0,0,0,0,0,0,0
test_83_1_1.png,0,0,0,0,0,0,0,0,0,0,0,0,0,0,0
test_83_1_2.png,0,0,0,0,0,0,0,0,0,0,0,0,0,0,0
test_83_1_3.png,0,0,0,0,0,0,0,0,0,0,0,0,0,0,0
test_83_2_0.png,0,0,0,0,0,0,0,0,0,0,0,0,0,0,0
test_83_2_1.png,9654,440,1302,9607,437,1349,9663,532,1293,9687,506,1269,9664,445,1292
test_83_2_2.png,1249,21,315,1236,14,328,1088,5,476,1116,4,448,1192,8,372
test_83_2_3.png,0,0,0,0,0,0,0,0,0,0,0,0,0,0,0
test_83_3_0.png,6135,514,1055,6197,522,993,5800,369,1390,6061,416,1129,6067,407,1123
test_83_3_1.png,19838,1307,3783,20040,1578,3581,19906,1680,3715,19722,1178,3899,19906,1253,3715
test_83_3_2.png,5879,166,861,5882,209,858,5099,77,1641,5501,126,1239,5757,123,983
test_83_3_3.png,0,104,0,0,27,0,0,0,0,0,12,0,0,19,0
test_84_0_0.png,0,0,0,0,0,0,0,0,0,0,0,0,0,0,0
test_84_0_1.png,68,9,40,63,8,45,62,3,46,67,2,41,64,4,44
test_84_0_2.png,1254,726,153,1249,371,158,1220,193,187,1228,341,179,1236,364,171
test_84_0_3.png,1827,125,1098,2285,242,640,2029,155,896,2035,207,890,2007,192,918
test_84_1_0.png,0,0,0,0,0,0,0,0,0,0,0,0,0,0,0
test_84_1_1.png,4541,254,838,4614,307,765,4582,232,797,4682,320,697,4616,233,763
test_84_1_2.png,10934,894,1846,10741,743,2039,10726,1122,2054,10557,942,2223,10721,892,2059
test_84_1_3.png,5328,754,863,5353,734,838,5381,795,810,5311,773,880,5340,744,851
test_84_2_0.png,0,0,0,0,0,0,0,0,0,0,0,0,0,0,0
test_84_2_1.png,3727,251,904,3696,341,935,3862,334,769,3706,270,925,3749,274,882
test_84_2_2.png,8420,354,1797,8549,312,1668,8354,253,1863,8316,226,1901,8383,254,1834
test_84_2_3.png,2189,164,826,2190,200,825,2202,160,813,2302,163,713,2178,162,837
test_84_3_0.png,0,0,0,0,0,0,0,0,0,0,0,0,0,0,0
test_84_3_1.png,1338,244,307,1308,215,337,1231,195,414,1303,218,342,1304,215,341
test_84_3_2.png,2045,110,273,2088,109,230,1959,50,359,1953,41,365,2018,52,300
test_84_3_3.png,0,0,0,0,0,0,0,0,0,0,0,0,0,0,0
test_85_0_0.png,0,0,0,0,0,0,0,0,0,0,0,0,0,0,0
test_85_0_1.png,0,0,308,0,0,308,0,0,308,0,0,308,0,0,308
test_85_0_2.png,0,0,0,0,0,0,0,0,0,0,0,0,0,0,0
test_85_0_3.png,0,0,0,0,0,0,0,0,0,0,0,0,0,0,0
test_85_1_0.png,8786,365,970,8649,266,1107,8671,322,1085,8625,290,1131,8694,303,1062
test_85_1_1.png,1775,25,227,1741,16,261,1766,26,236,1765,17,237,1765,21,237
test_85_1_2.png,0,0,0,0,0,0,0,0,0,0,0,0,0,0,0
test_85_1_3.png,0,0,0,0,0,0,0,0,0,0,0,0,0,0,0
test_85_2_0.png,13549,1143,1484,13479,1007,1554,13379,989,1654,13507,987,1526,13502,958,1531
test_85_2_1.png,9184,710,1248,9258,738,1174,9123,626,1309,9165,588,1267,9185,620,1247
test_85_2_2.png,0,0,0,0,0,0,0,0,0,0,0,0,0,0,0
test_85_2_3.png,0,0,0,0,0,0,0,0,0,0,0,0,0,0,0
test_85_3_0.png,6044,482,550,6051,538,543,6082,372,512,6058,477,536,6053,469,541
test_85_3_1.png,2629,172,582,2644,168,567,2614,195,597,2641,184,570,2634,166,577
test_85_3_2.png,0,0,0,0,0,0,0,0,0,0,0,0,0,0,0
test_85_3_3.png,896,198,639,921,198,614,713,175,822,679,147,856,732,164,803
test_86_0_0.png,0,0,0,0,0,0,0,0,0,0,0,0,0,0,0
test_86_0_1.png,545,2,198,0,0,743,549,2,194,63,0,680,294,0,449
test_86_0_2.png,0,0,0,0,0,0,0,0,0,0,0,0,0,0,0
test_86_0_3.png,0,0,0,0,0,0,0,0,0,0,0,0,0,0,0
test_86_1_0.png,370,88,50,366,16,54,362,335,58,371,1290,49,369,14,51
test_86_1_1.png,0,0,0,0,0,0,0,0,0,0,0,0,0,0,0
test_86_1_2.png,0,0,0,0,0,0,0,0,0,0,0,0,0,0,0
test_86_1_3.png,0,0,0,0,0,0,0,0,0,0,0,0,0,0,0
test_86_2_0.png,0,65,53,0,495,53,0,19,53,0,90,53,0,87,53
test_86_2_1.png,682,12,69,690,9,61,686,10,65,689,8,62,686,10,65
test_86_2_2.png,0,0,0,0,0,0,0,0,0,0,0,0,0,0,0
test_86_2_3.png,0,0,0,0,0,0,0,0,0,0,0,0,0,0,0
test_86_3_0.png,0,0,227,0,0,227,0,0,227,0,0,227,0,0,227
test_86_3_1.png,0,0,0,0,0,0,0,0,0,0,0,0,0,0,0
test_86_3_2.png,0,815,0,0,787,0,0,797,0,0,782,0,0,787,0
test_86_3_3.png,0,0,0,0,0,0,0,0,0,0,0,0,0,0,0
test_87_0_0.png,4038,486,729,3900,526,867,3744,356,1023,3545,535,1222,3814,393,953
test_87_0_1.png,14153,621,2685,14184,493,2654,13950,413,2888,13958,428,2880,14073,446,2765
test_87_0_2.png,10806,658,1507,10569,475,1744,10589,463,1724,10466,447,1847,10574,470,1739
test_87_0_3.png,0,0,0,0,0,0,0,0,0,0,0,0,0,0,0
test_87_1_0.png,14933,598,2836,14956,587,2813,14715,554,3054,14735,525,3034,14832,549,2937
test_87_1_1.png,22990,685,3840,22648,616,4182,22760,551,4070,22795,567,4035,22797,574,4033
test_87_1_2.png,11990,651,2166,11773,641,2383,11753,610,2403,11805,642,2351,11868,654,2288
test_87_1_3.png,405,2,91,400,2,96,403,2,93,413,0,83,404,2,92
test_87_2_0.png,5707,518,519,5682,485,544,5655,576,571,5741,730,485,5699,387,527
test_87_2_1.png,7131,295,1105,7003,311,1233,6981,267,1255,7020,244,1216,7036,262,1200
test_87_2_2.png,2675,186,889,2560,130,1004,2522,143,1042,2474,119,1090,2542,128,1022
test_87_2_3.png,0,0,0,0,0,0,0,0,0,0,0,0,0,0,0
test_87_3_0.png,0,0,0,0,0,0,0,0,0,0,0,0,0,0,0
test_87_3_1.png,0,0,0,0,0,0,0,0,0,0,0,0,0,0,0
test_87_3_2.png,0,0,0,0,0,0,0,0,0,0,0,0,0,0,0
test_87_3_3.png,0,0,0,0,0,0,0,0,0,0,0,0,0,0,0
test_88_0_0.png,0,0,573,0,0,573,0,0,573,0,0,573,0,0,573
test_88_0_1.png,0,0,0,0,0,0,0,0,0,0,0,0,0,0,0
test_88_0_2.png,0,0,0,0,0,0,0,0,0,0,0,0,0,0,0
test_88_0_3.png,0,0,0,0,0,0,0,0,0,0,0,0,0,0,0
test_88_1_0.png,0,0,0,0,0,0,0,0,0,0,0,0,0,0,0
test_88_1_1.png,0,0,0,0,0,0,0,0,0,0,0,0,0,0,0
test_88_1_2.png,0,0,0,0,0,0,0,0,0,0,0,0,0,0,0
test_88_1_3.png,0,0,0,0,0,0,0,0,0,0,0,0,0,0,0
test_88_2_0.png,0,0,0,0,0,0,0,0,0,0,0,0,0,0,0
test_88_2_1.png,0,0,0,0,0,0,0,0,0,0,0,0,0,0,0
test_88_2_2.png,0,0,0,0,0,0,0,0,0,0,0,0,0,0,0
test_88_2_3.png,0,0,0,0,0,0,0,0,0,0,0,0,0,0,0
test_88_3_0.png,0,0,0,0,0,0,0,0,0,0,0,0,0,0,0
test_88_3_1.png,0,0,0,0,0,0,0,0,0,0,0,0,0,0,0
test_88_3_2.png,0,0,0,0,0,0,0,0,0,0,0,0,0,0,0
test_88_3_3.png,0,0,0,0,0,0,0,0,0,0,0,0,0,0,0
test_89_0_0.png,0,0,0,0,0,0,0,0,0,0,0,0,0,0,0
test_89_0_1.png,0,0,0,0,0,0,0,0,0,0,0,0,0,0,0
test_89_0_2.png,0,0,0,0,0,0,0,0,0,0,0,0,0,0,0
test_89_0_3.png,0,1070,0,0,1335,0,0,1523,0,0,0,0,0,1180,0
test_89_1_0.png,0,0,0,0,0,0,0,0,0,0,0,0,0,0,0
test_89_1_1.png,0,0,0,0,0,0,0,0,0,0,0,0,0,0,0
test_89_1_2.png,0,0,0,0,0,0,0,0,0,0,0,0,0,0,0
test_89_1_3.png,0,0,0,0,0,0,0,0,0,0,0,0,0,0,0
test_89_2_0.png,0,0,0,0,0,0,0,0,0,0,0,0,0,0,0
test_89_2_1.png,21440,114,984,21409,146,1015,21384,121,1040,21479,99,945,21437,104,987
test_89_2_2.png,29201,269,1917,27541,138,3577,26615,147,4503,26068,164,5050,26861,142,4257
test_89_2_3.png,0,0,0,0,0,0,0,0,0,0,0,0,0,0,0
test_89_3_0.png,0,0,0,0,0,0,0,0,0,0,0,0,0,0,0
test_89_3_1.png,0,0,168,0,0,168,0,0,168,0,0,168,0,0,168
test_89_3_2.png,2583,19,74,2574,24,83,2581,25,76,2572,24,85,2577,21,80
test_89_3_3.png,1181,57,176,1229,73,128,1208,50,149,1209,49,148,1215,54,142
test_8_0_0.png,2936,270,52,2944,266,44,2943,253,45,2930,245,58,2937,254,51
test_8_0_1.png,0,0,0,0,0,0,0,0,0,0,0,0,0,0,0
test_8_0_2.png,1249,57,133,1225,55,157,1194,50,188,1173,43,209,1210,52,172
test_8_0_3.png,2879,270,145,2882,261,142,2886,275,138,2877,250,147,2884,262,140
test_8_1_0.png,0,0,0,0,0,0,0,0,0,0,0,0,0,0,0
test_8_1_1.png,0,0,0,0,0,0,0,0,0,0,0,0,0,0,0
test_8_1_2.png,0,0,0,0,0,0,0,0,0,0,0,0,0,0,0
test_8_1_3.png,0,0,0,0,0,0,0,0,0,0,0,0,0,0,0
test_8_2_0.png,4941,479,237,4923,461,255,4858,373,320,4881,395,297,4909,426,269
test_8_2_1.png,7685,492,415,7659,478,441,7584,381,516,7463,380,637,7606,428,494
test_8_2_2.png,9152,554,514,9289,655,377,9081,573,585,9044,520,622,9167,568,499
test_8_2_3.png,640,203,1,638,195,3,640,194,1,637,195,4,640,196,1
test_8_3_0.png,9636,446,654,9668,536,622,9496,415,794,9543,453,747,9591,456,699
test_8_3_1.png,16821,1164,1036,17033,1347,824,16796,1237,1061,16853,1285,1004,16875,1229,982
test_8_3_2.png,16811,1122,923,16788,1236,946,16769,1117,965,16651,1048,1083,16762,1121,972
test_8_3_3.png,8087,457,352,8111,476,328,8067,485,372,8029,474,410,8083,467,356
test_90_0_0.png,0,0,0,0,0,0,0,0,0,0,0,0,0,0,0
test_90_0_1.png,0,0,0,0,0,0,0,0,0,0,0,0,0,0,0
test_90_0_2.png,0,0,0,0,0,0,0,0,0,0,0,0,0,0,0
test_90_0_3.png,0,0,0,0,0,0,0,0,0,0,0,0,0,0,0
test_90_1_0.png,0,0,0,0,0,0,0,0,0,0,0,0,0,0,0
test_90_1_1.png,0,0,0,0,0,0,0,0,0,0,0,0,0,0,0
test_90_1_2.png,0,0,0,0,0,0,0,0,0,0,0,0,0,0,0
test_90_1_3.png,0,0,0,0,0,0,0,0,0,0,0,0,0,0,0
test_90_2_0.png,0,0,0,0,0,0,0,0,0,0,0,0,0,0,0
test_90_2_1.png,0,0,0,0,0,0,0,0,0,0,0,0,0,0,0
test_90_2_2.png,0,0,0,0,0,0,0,0,0,0,0,0,0,0,0
test_90_2_3.png,0,0,0,0,0,0,0,0,0,0,0,0,0,0,0
test_90_3_0.png,0,0,0,0,0,0,0,0,0,0,0,0,0,0,0
test_90_3_1.png,0,0,0,0,0,0,0,0,0,0,0,0,0,0,0
test_90_3_2.png,0,0,0,0,0,0,0,0,0,0,0,0,0,0,0
test_90_3_3.png,0,0,0,0,0,0,0,0,0,0,0,0,0,0,0
test_91_0_0.png,3467,257,252,3466,219,253,3468,265,251,3455,194,264,3467,229,252
test_91_0_1.png,0,0,0,0,0,0,0,0,0,0,0,0,0,0,0
test_91_0_2.png,93,9,245,173,1,165,231,9,107,0,0,338,139,0,199
test_91_0_3.png,0,0,754,0,0,754,0,0,754,0,0,754,0,0,754
test_91_1_0.png,2306,62,683,2531,80,458,2546,90,443,2300,48,689,2460,60,529
test_91_1_1.png,0,0,0,0,0,0,0,0,0,0,0,0,0,0,0
test_91_1_2.png,0,0,0,0,0,0,0,0,0,0,0,0,0,0,0
test_91_1_3.png,1645,60,158,1661,37,142,1643,37,160,1598,39,205,1638,42,165
test_91_2_0.png,0,0,0,0,0,0,0,0,0,0,0,0,0,0,0
test_91_2_1.png,0,0,0,0,0,0,0,0,0,0,0,0,0,0,0
test_91_2_2.png,0,0,0,0,0,0,0,0,0,0,0,0,0,0,0
test_91_2_3.png,0,0,0,0,0,0,0,0,0,0,0,0,0,0,0
test_91_3_0.png,0,0,0,0,0,0,0,0,0,0,0,0,0,0,0
test_91_3_1.png,0,0,0,0,0,0,0,0,0,0,0,0,0,0,0
test_91_3_2.png,0,0,0,0,0,0,0,0,0,0,0,0,0,0,0
test_91_3_3.png,0,0,0,0,0,0,0,0,0,0,0,0,0,0,0
test_92_0_0.png,0,0,0,0,0,0,0,0,0,0,0,0,0,0,0
test_92_0_1.png,0,0,0,0,0,0,0,0,0,0,0,0,0,0,0
test_92_0_2.png,0,0,0,0,0,0,0,0,0,0,0,0,0,0,0
test_92_0_3.png,0,0,0,0,0,0,0,0,0,0,0,0,0,0,0
test_92_1_0.png,8536,345,775,8455,295,856,8438,280,873,8299,281,1012,8465,286,846
test_92_1_1.png,3850,256,178,3853,259,175,3832,240,196,3766,172,262,3829,219,199
test_92_1_2.png,0,0,0,0,0,0,0,0,0,0,0,0,0,0,0
test_92_1_3.png,0,0,0,0,0,0,0,0,0,0,0,0,0,0,0
test_92_2_0.png,25886,1727,1807,24451,1198,3242,25114,1148,2579,25041,1309,2652,25519,1296,2174
test_92_2_1.png,3966,235,346,3889,209,423,3922,194,390,3829,135,483,3909,184,403
test_92_2_2.png,0,0,0,0,0,0,0,0,0,0,0,0,0,0,0
test_92_2_3.png,8102,265,1096,8021,272,1177,7923,218,1275,7848,197,1350,7978,230,1220
test_92_3_0.png,11824,383,1119,11620,339,1323,11594,313,1349,11647,269,1296,11683,293,1260
test_92_3_1.png,0,0,0,0,0,0,0,0,0,0,0,0,0,0,0
test_92_3_2.png,7314,187,599,7246,139,667,7225,172,688,7167,146,746,7232,134,681
test_92_3_3.png,21240,1228,1967,20980,951,2227,20961,978,2246,20860,898,2347,21017,962,2190
test_93_0_0.png,0,0,0,0,0,0,0,0,0,0,0,0,0,0,0
test_93_0_1.png,0,0,0,0,0,0,0,0,0,0,0,0,0,0,0
test_93_0_2.png,0,0,0,0,0,0,0,0,0,0,0,0,0,0,0
test_93_0_3.png,0,0,0,0,0,0,0,0,0,0,0,0,0,0,0
test_93_1_0.png,0,0,0,0,0,0,0,0,0,0,0,0,0,0,0
test_93_1_1.png,0,0,0,0,0,0,0,0,0,0,0,0,0,0,0
test_93_1_2.png,0,0,0,0,0,0,0,0,0,0,0,0,0,0,0
test_93_1_3.png,0,0,0,0,0,0,0,0,0,0,0,0,0,0,0
test_93_2_0.png,452,0,193,451,0,194,441,0,204,430,0,215,443,0,202
test_93_2_1.png,0,0,0,0,0,0,0,0,0,0,0,0,0,0,0
test_93_2_2.png,0,0,0,0,0,0,0,0,0,0,0,0,0,0,0
test_93_2_3.png,0,0,0,0,0,0,0,0,0,0,0,0,0,0,0
test_93_3_0.png,3628,328,396,3671,380,353,3406,201,618,2827,90,1197,3566,239,458
test_93_3_1.png,0,0,0,0,0,0,0,0,0,0,0,0,0,0,0
test_93_3_2.png,0,0,0,0,0,0,0,0,0,0,0,0,0,0,0
test_93_3_3.png,0,0,0,0,0,0,0,0,0,0,0,0,0,0,0
test_94_0_0.png,0,0,0,0,0,0,0,0,0,0,0,0,0,0,0
test_94_0_1.png,0,0,0,0,0,0,0,0,0,0,0,0,0,0,0
test_94_0_2.png,0,0,0,0,0,0,0,0,0,0,0,0,0,0,0
test_94_0_3.png,0,0,0,0,0,0,0,0,0,0,0,0,0,0,0
test_94_1_0.png,0,0,0,0,0,0,0,0,0,0,0,0,0,0,0
test_94_1_1.png,0,0,0,0,0,0,0,0,0,0,0,0,0,0,0
test_94_1_2.png,0,0,0,0,0,0,0,0,0,0,0,0,0,0,0
test_94_1_3.png,0,0,0,0,0,0,0,0,0,0,0,0,0,0,0
test_94_2_0.png,0,0,0,0,0,0,0,0,0,0,0,0,0,0,0
test_94_2_1.png,0,0,0,0,0,0,0,0,0,0,0,0,0,0,0
test_94_2_2.png,0,0,0,0,0,0,0,0,0,0,0,0,0,0,0
test_94_2_3.png,0,0,561,0,0,561,0,0,561,0,0,561,0,0,561
test_94_3_0.png,0,0,0,0,0,0,0,0,0,0,0,0,0,0,0
test_94_3_1.png,0,0,0,0,0,0,0,0,0,0,0,0,0,0,0
test_94_3_2.png,0,0,0,0,0,0,0,0,0,0,0,0,0,0,0
test_94_3_3.png,0,0,0,0,0,0,0,0,0,0,0,0,0,0,0
test_95_0_0.png,0,0,0,0,0,0,0,0,0,0,0,0,0,0,0
test_95_0_1.png,0,0,0,0,0,0,0,0,0,0,0,0,0,0,0
test_95_0_2.png,0,0,0,0,0,0,0,0,0,0,0,0,0,0,0
test_95_0_3.png,0,0,0,0,0,0,0,0,0,0,0,0,0,0,0
test_95_1_0.png,0,0,0,0,0,0,0,0,0,0,0,0,0,0,0
test_95_1_1.png,0,0,0,0,0,0,0,0,0,0,0,0,0,0,0
test_95_1_2.png,0,0,0,0,0,0,0,0,0,0,0,0,0,0,0
test_95_1_3.png,0,0,0,0,0,0,0,0,0,0,0,0,0,0,0
test_95_2_0.png,0,0,0,0,0,0,0,0,0,0,0,0,0,0,0
test_95_2_1.png,0,0,0,0,0,0,0,0,0,0,0,0,0,0,0
test_95_2_2.png,0,0,0,0,0,0,0,0,0,0,0,0,0,0,0
test_95_2_3.png,0,0,0,0,0,0,0,0,0,0,0,0,0,0,0
test_95_3_0.png,0,0,125,82,0,43,103,0,22,58,0,67,77,0,48
test_95_3_1.png,0,0,0,0,0,0,0,0,0,0,0,0,0,0,0
test_95_3_2.png,0,0,0,0,0,0,0,0,0,0,0,0,0,0,0
test_95_3_3.png,0,0,0,0,0,0,0,0,0,0,0,0,0,0,0
test_96_0_0.png,1476,122,17,1467,128,26,1462,138,31,1466,113,27,1473,120,20
test_96_0_1.png,0,0,0,0,0,0,0,0,0,0,0,0,0,0,0
test_96_0_2.png,0,0,0,0,0,0,0,0,0,0,0,0,0,0,0
test_96_0_3.png,0,0,19,0,0,19,0,0,19,0,0,19,0,0,19
test_96_1_0.png,0,0,0,0,0,0,0,0,0,0,0,0,0,0,0
test_96_1_1.png,0,0,0,0,0,0,0,0,0,0,0,0,0,0,0
test_96_1_2.png,0,0,0,0,0,0,0,0,0,0,0,0,0,0,0
test_96_1_3.png,0,0,0,0,0,0,0,0,0,0,0,0,0,0,0
test_96_2_0.png,0,0,0,0,0,0,0,0,0,0,0,0,0,0,0
test_96_2_1.png,0,0,0,0,0,0,0,0,0,0,0,0,0,0,0
test_96_2_2.png,0,0,0,0,0,0,0,0,0,0,0,0,0,0,0
test_96_2_3.png,0,0,0,0,0,0,0,0,0,0,0,0,0,0,0
test_96_3_0.png,0,0,0,0,0,0,0,0,0,0,0,0,0,0,0
test_96_3_1.png,0,0,0,0,0,0,0,0,0,0,0,0,0,0,0
test_96_3_2.png,0,0,0,0,0,0,0,0,0,0,0,0,0,0,0
test_96_3_3.png,0,0,0,0,0,0,0,0,0,0,0,0,0,0,0
test_97_0_0.png,0,0,41,0,0,41,0,0,41,0,0,41,0,0,41
test_97_0_1.png,0,0,0,0,0,0,0,0,0,0,0,0,0,0,0
test_97_0_2.png,0,0,0,0,0,0,0,0,0,0,0,0,0,0,0
test_97_0_3.png,0,0,0,0,0,0,0,0,0,0,0,0,0,0,0
test_97_1_0.png,0,0,0,0,0,0,0,0,0,0,0,0,0,0,0
test_97_1_1.png,0,0,0,0,0,0,0,0,0,0,0,0,0,0,0
test_97_1_2.png,0,0,0,0,0,0,0,0,0,0,0,0,0,0,0
test_97_1_3.png,0,0,0,0,0,0,0,0,0,0,0,0,0,0,0
test_97_2_0.png,429,6,39,427,1,41,432,3,36,421,2,47,427,1,41
test_97_2_1.png,117,21,54,115,67,56,150,85,21,136,86,35,129,65,42
test_97_2_2.png,0,0,0,0,0,0,0,0,0,0,0,0,0,0,0
test_97_2_3.png,0,0,0,0,0,0,0,0,0,0,0,0,0,0,0
test_97_3_0.png,318,93,5,319,103,4,316,87,7,316,86,7,318,92,5
test_97_3_1.png,281,31,7,282,45,6,286,20,2,287,25,1,284,29,4
test_97_3_2.png,0,0,0,0,0,0,0,0,0,0,0,0,0,0,0
test_97_3_3.png,0,0,0,0,0,0,0,0,0,0,0,0,0,0,0
test_98_0_0.png,0,0,0,0,0,0,0,0,0,0,0,0,0,0,0
test_98_0_1.png,0,0,0,0,0,0,0,0,0,0,0,0,0,0,0
test_98_0_2.png,0,0,0,0,0,0,0,0,0,0,0,0,0,0,0
test_98_0_3.png,0,0,0,0,0,0,0,0,0,0,0,0,0,0,0
test_98_1_0.png,0,0,0,0,0,0,0,0,0,0,0,0,0,0,0
test_98_1_1.png,0,0,0,0,0,0,0,0,0,0,0,0,0,0,0
test_98_1_2.png,0,0,0,0,0,0,0,0,0,0,0,0,0,0,0
test_98_1_3.png,0,0,0,0,0,0,0,0,0,0,0,0,0,0,0
test_98_2_0.png,0,0,0,0,0,0,0,0,0,0,0,0,0,0,0
test_98_2_1.png,0,0,0,0,0,0,0,0,0,0,0,0,0,0,0
test_98_2_2.png,0,0,0,0,0,0,0,0,0,0,0,0,0,0,0
test_98_2_3.png,0,0,0,0,0,0,0,0,0,0,0,0,0,0,0
test_98_3_0.png,0,0,0,0,0,0,0,0,0,0,0,0,0,0,0
test_98_3_1.png,470,2,46,467,1,49,458,0,58,452,6,64,461,1,55
test_98_3_2.png,0,0,0,0,0,0,0,0,0,0,0,0,0,0,0
test_98_3_3.png,0,0,0,0,0,0,0,0,0,0,0,0,0,0,0
test_99_0_0.png,0,0,0,0,0,0,0,0,0,0,0,0,0,0,0
test_99_0_1.png,0,0,0,0,0,0,0,0,0,0,0,0,0,0,0
test_99_0_2.png,0,0,0,0,0,0,0,0,0,0,0,0,0,0,0
test_99_0_3.png,0,0,0,0,0,0,0,0,0,0,0,0,0,0,0
test_99_1_0.png,0,0,0,0,0,0,0,0,0,0,0,0,0,0,0
test_99_1_1.png,0,0,0,0,0,0,0,0,0,0,0,0,0,0,0
test_99_1_2.png,0,0,0,0,0,0,0,0,0,0,0,0,0,0,0
test_99_1_3.png,0,0,0,0,0,0,0,0,0,0,0,0,0,0,0
test_99_2_0.png,0,0,0,0,0,0,0,0,0,0,0,0,0,0,0
test_99_2_1.png,0,0,0,0,0,0,0,0,0,0,0,0,0,0,0
test_99_2_2.png,0,0,0,0,0,0,0,0,0,0,0,0,0,0,0
test_99_2_3.png,0,0,0,0,0,0,0,0,0,0,0,0,0,0,0
test_99_3_0.png,0,0,97,0,0,97,0,0,97,0,0,97,0,0,97
test_99_3_1.png,0,0,143,0,0,143,0,0,143,0,0,143,0,0,143
test_99_3_2.png,0,0,0,0,0,0,0,0,0,0,0,0,0,0,0
test_99_3_3.png,0,0,0,0,0,0,0,0,0,0,0,0,0,0,0
test_9_0_0.png,2399,156,150,2397,161,152,2397,203,152,2402,175,147,2398,169,151
test_9_0_1.png,0,0,0,0,0,0,0,0,0,0,0,0,0,0,0
test_9_0_2.png,0,0,0,0,0,0,0,0,0,0,0,0,0,0,0
test_9_0_3.png,0,0,0,0,0,0,0,0,0,0,0,0,0,0,0
test_9_1_0.png,2724,210,134,2736,205,122,2680,151,178,2679,106,179,2706,173,152
test_9_1_1.png,0,0,0,0,0,0,0,0,0,0,0,0,0,0,0
test_9_1_2.png,0,0,0,0,0,0,0,0,0,0,0,0,0,0,0
test_9_1_3.png,0,0,0,0,0,0,0,0,0,0,0,0,0,0,0
test_9_2_0.png,1050,203,213,1113,236,150,1108,233,155,1092,219,171,1097,227,166
test_9_2_1.png,0,0,0,0,0,0,0,0,0,0,0,0,0,0,0
test_9_2_2.png,0,0,0,0,0,0,0,0,0,0,0,0,0,0,0
test_9_2_3.png,0,0,0,0,0,0,0,0,0,0,0,0,0,0,0
test_9_3_0.png,1277,100,822,1292,121,807,1259,94,840,1203,104,896,1268,103,831
test_9_3_1.png,0,0,0,0,0,0,0,0,0,0,0,0,0,0,0
test_9_3_2.png,0,0,0,0,0,0,0,0,0,0,0,0,0,0,0
test_9_3_3.png,0,0,0,0,0,0,0,0,0,0,0,0,0,0,0
