image,original_tp,original_fp,original_fn,flip_w_tp,flip_w_fp,flip_w_fn,flip_h_tp,flip_h_fp,flip_h_fn,flip_hw_tp,flip_hw_fp,flip_hw_fn,tta_tp,tta_fp,tta_fn
test_100_0_0.png,0,0,0,0,0,0,0,0,0,0,0,0,0,0,0
test_100_0_1.png,9,9,1122,0,0,1131,0,0,1131,0,0,1131,0,0,1131
test_100_0_2.png,0,0,219,0,0,219,0,0,219,0,0,219,0,0,219
test_100_0_3.png,6724,331,495,6687,337,532,6695,240,524,6748,251,471,6720,297,499
test_100_1_0.png,374,0,73,352,0,95,369,1,78,215,0,232,354,0,93
test_100_1_1.png,0,0,0,0,0,0,0,0,0,0,0,0,0,0,0
test_100_1_2.png,5614,345,556,5617,306,553,5600,322,570,5647,395,523,5611,326,559
test_100_1_3.png,17115,630,1771,17086,584,1800,17005,612,1881,16950,646,1936,17055,588,1831
test_100_2_0.png,0,0,0,0,0,0,0,0,0,0,0,0,0,0,0
test_100_2_1.png,1859,71,275,1849,60,285,1836,39,298,1863,58,271,1850,56,284
test_100_2_2.png,14980,531,1109,14954,518,1135,14932,556,1157,14939,516,1150,14972,515,1117
test_100_2_3.png,17563,679,1280,17599,726,1244,17588,614,1255,17495,627,1348,17579,636,1264
test_100_3_0.png,0,0,0,0,0,0,0,0,0,0,0,0,0,0,0
test_100_3_1.png,10929,505,837,10978,446,788,10742,346,1024,10922,393,844,10908,406,858
test_100_3_2.png,19321,772,1095,19298,845,1118,19138,666,1278,19158,608,1258,19240,673,1176
test_100_3_3.png,14417,464,1106,14383,396,1140,14211,370,1312,14113,281,1410,14314,356,1209
test_101_0_0.png,0,0,0,0,0,0,0,0,0,0,0,0,0,0,0
test_101_0_1.png,11477,817,209,11518,1198,168,11499,786,187,11446,176,240,11503,776,183
test_101_0_2.png,0,0,0,0,0,0,0,60,0,0,0,0,0,0,0
test_101_0_3.png,0,0,0,0,0,0,0,0,0,0,0,0,0,0,0
test_101_1_0.png,0,0,211,0,0,211,0,0,211,0,0,211,0,0,211
test_101_1_1.png,0,0,0,0,0,0,0,0,0,0,0,0,0,0,0
test_101_1_2.png,0,0,0,0,0,0,0,0,0,0,0,0,0,0,0
test_101_1_3.png,0,0,486,0,0,486,0,0,486,0,0,486,0,0,486
test_101_2_0.png,1197,23,489,947,19,739,916,14,770,929,13,757,938,16,748
test_101_2_1.png,7217,55,678,7238,50,657,7232,55,663,7250,53,645,7242,52,653
test_101_2_2.png,1016,33,138,1052,30,102,1073,44,81,1044,24,110,1045,29,109
test_101_2_3.png,6514,123,561,6584,162,491,6756,567,319,6753,357,322,6668,218,407
test_101_3_0.png,377,19,1345,101,27,1621,0,0,1722,4,0,1718,15,0,1707
test_101_3_1.png,7719,772,645,7621,834,743,7462,742,902,7689,798,675,7631,768,733
test_101_3_2.png,5120,142,490,5113,113,497,5120,154,490,5156,188,454,5133,133,477
test_101_3_3.png,3240,131,247,3234,156,253,3274,193,213,3202,143,285,3239,131,248
test_102_0_0.png,0,198,0,0,0,0,0,211,0,0,0,0,0,126,0
test_102_0_1.png,2357,9,86,2339,12,104,2329,7,114,2344,2,99,2346,6,97
test_102_0_2.png,20496,115,330,20444,112,382,20386,116,440,20494,131,332,20461,116,365
test_102_0_3.png,15718,297,448,15693,238,473,15568,149,598,15600,196,566,15650,195,516
test_102_1_0.png,2155,88,209,2179,102,185,2201,108,163,2187,87,177,2183,96,181
test_102_1_1.png,18510,296,69,18499,401,80,18484,373,95,18491,341,88,18495,347,84
test_102_1_2.png,14354,162,247,14361,145,240,14274,88,327,14388,145,213,14351,123,250
test_102_1_3.png,2677,0,175,2669,0,183,2701,1,151,2689,1,163,2685,1,167
test_102_2_0.png,13335,88,218,13379,85,174,13337,57,216,13317,40,236,13351,54,202
test_102_2_1.png,2079,13,44,407,0,1716,2087,229,36,2082,47,41,2076,27,47
test_102_2_2.png,0,0,0,0,0,0,0,0,0,0,0,0,0,0,0
test_102_2_3.png,0,0,0,0,0,0,0,0,0,0,0,0,0,0,0
test_102_3_0.png,11204,390,779,11231,417,752,11349,792,634,11258,621,725,11261,469,722
test_102_3_1.png,0,0,0,0,0,0,0,0,0,0,0,0,0,0,0
test_102_3_2.png,0,0,0,0,0,0,0,0,0,0,0,0,0,0,0
test_102_3_3.png,0,0,0,0,0,0,0,0,0,0,0,0,0,0,0
test_103_0_0.png,1726,110,1586,2124,100,1188,2525,93,787,2401,92,911,2222,79,1090
test_103_0_1.png,73,0,3639,781,119,2931,0,0,3712,206,0,3506,28,0,3684
test_103_0_2.png,0,0,0,0,0,0,0,0,0,0,0,0,0,0,0
test_103_0_3.png,4541,443,328,4526,207,343,4723,1467,146,4742,469,127,4632,402,237
test_103_1_0.png,1719,238,3378,1472,150,3625,1233,203,3864,1447,190,3650,1429,162,3668
test_103_1_1.png,0,0,1218,0,0,1218,0,0,1218,0,0,1218,0,0,1218
test_103_1_2.png,0,0,0,0,0,0,0,0,0,0,0,0,0,0,0
test_103_1_3.png,0,0,0,0,0,0,0,0,0,0,574,0,0,0,0
test_103_2_0.png,0,325,0,0,0,0,0,0,0,0,0,0,0,0,0
test_103_2_1.png,0,0,0,0,0,0,0,0,0,0,0,0,0,0,0
test_103_2_2.png,0,0,0,0,0,0,0,0,0,0,0,0,0,0,0
test_103_2_3.png,0,39,0,0,93,0,0,0,0,0,0,0,0,11,0
test_103_3_0.png,0,0,0,0,0,0,0,0,0,0,0,0,0,0,0
test_103_3_1.png,0,1331,0,0,907,0,0,331,0,0,0,0,0,588,0
test_103_3_2.png,0,0,0,0,0,0,0,0,0,0,0,0,0,0,0
test_103_3_3.png,0,311,0,0,308,0,0,288,0,0,295,0,0,304,0
test_104_0_0.png,0,0,0,0,0,0,0,0,0,0,0,0,0,0,0
test_104_0_1.png,0,0,0,0,0,0,0,0,0,0,0,0,0,0,0
test_104_0_2.png,0,0,0,0,0,0,0,0,0,0,0,0,0,0,0
test_104_0_3.png,0,0,0,0,0,0,0,0,0,0,0,0,0,0,0
test_104_1_0.png,0,0,0,0,0,0,0,0,0,0,0,0,0,0,0
test_104_1_1.png,0,0,0,0,0,0,0,0,0,0,0,0,0,0,0
test_104_1_2.png,0,0,0,0,0,0,0,0,0,0,0,0,0,0,0
test_104_1_3.png,0,0,0,0,0,0,0,0,0,0,0,0,0,0,0
test_104_2_0.png,17640,2292,503,16689,1067,1454,17775,1293,368,17739,2262,404,17682,1780,461
test_104_2_1.png,0,0,0,0,0,0,0,0,0,0,156,0,0,0,0
test_104_2_2.png,0,0,0,0,0,0,0,0,0,0,0,0,0,0,0
test_104_2_3.png,0,0,0,0,0,0,0,0,0,0,0,0,0,0,0
test_104_3_0.png,53,887,853,61,880,845,161,849,745,134,886,772,97,899,809
test_104_3_1.png,0,0,0,0,0,0,0,0,0,0,0,0,0,0,0
test_104_3_2.png,0,0,0,0,0,0,0,0,0,0,0,0,0,0,0
test_104_3_3.png,0,781,0,0,672,0,0,706,0,0,506,0,0,696,0
test_105_0_0.png,0,0,0,0,0,0,0,0,0,0,0,0,0,0,0
test_105_0_1.png,0,0,0,0,0,0,0,0,0,0,0,0,0,0,0
test_105_0_2.png,0,0,0,0,0,0,0,0,0,0,0,0,0,0,0
test_105_0_3.png,0,0,0,0,0,0,0,0,0,0,0,0,0,0,0
test_105_1_0.png,2306,107,209,2310,85,205,2321,83,194,2271,76,244,2305,74,210
test_105_1_1.png,0,0,0,0,0,0,0,0,0,0,0,0,0,0,0
test_105_1_2.png,0,0,35,0,0,35,0,0,35,0,0,35,0,0,35
test_105_1_3.png,11780,706,1227,11616,551,1391,11652,547,1355,11781,702,1226,11749,589,1258
test_105_2_0.png,8008,486,823,8076,496,755,7982,534,849,8080,511,751,8033,495,798
test_105_2_1.png,0,0,0,0,0,0,0,0,0,0,0,0,0,0,0
test_105_2_2.png,1350,87,194,1326,140,218,1330,255,214,1325,216,219,1341,111,203
test_105_2_3.png,1949,944,152,1890,967,211,1949,955,152,1964,927,137,1958,939,143
test_105_3_0.png,12708,940,952,12787,974,873,12700,973,960,12627,893,1033,12719,905,941
test_105_3_1.png,2941,79,209,2955,120,195,2924,115,226,2965,110,185,2970,91,180
test_105_3_2.png,1094,71,74,1101,142,67,1084,47,84,1130,73,38,1107,57,61
test_105_3_3.png,6308,461,566,6232,367,642,6307,411,567,6282,445,592,6300,416,574
test_106_0_0.png,406,45,301,341,26,366,30,0,677,351,23,356,347,22,360
test_106_0_1.png,0,0,0,0,0,0,0,0,0,0,0,0,0,0,0
test_106_0_2.png,3282,314,290,3264,287,308,3206,241,366,3251,303,321,3252,285,320
test_106_0_3.png,16248,1002,1280,16333,1023,1195,16466,1119,1062,16371,1040,1157,16382,1007,1146
test_106_1_0.png,0,0,0,0,0,0,0,0,0,0,0,0,0,0,0
test_106_1_1.png,0,0,0,0,0,0,0,0,0,0,0,0,0,0,0
test_106_1_2.png,0,0,0,0,0,0,0,0,0,0,0,0,0,0,0
test_106_1_3.png,0,0,0,0,0,0,0,0,0,0,0,0,0,0,0
test_106_2_0.png,0,0,0,0,0,0,0,0,0,0,0,0,0,0,0
test_106_2_1.png,0,0,0,0,0,0,0,0,0,0,0,0,0,0,0
test_106_2_2.png,0,0,0,0,0,0,0,0,0,0,0,0,0,0,0
test_106_2_3.png,0,0,787,0,0,787,0,0,787,0,0,787,0,0,787
test_106_3_0.png,0,0,0,0,0,0,0,0,0,0,21,0,0,0,0
test_106_3_1.png,0,0,0,0,0,0,0,0,0,0,0,0,0,0,0
test_106_3_2.png,0,3,0,0,0,0,0,0,0,0,0,0,0,0,0
test_106_3_3.png,1244,4,342,1299,11,287,1009,3,577,1085,2,501,1216,4,370
test_107_0_0.png,258,2,57,0,0,315,288,9,27,0,0,315,40,0,275
test_107_0_1.png,0,0,0,0,0,0,0,0,0,0,0,0,0,0,0
test_107_0_2.png,0,0,0,0,0,0,0,0,0,0,0,0,0,0,0
test_107_0_3.png,279,6,52,266,3,65,237,0,94,0,0,331,257,0,74
test_107_1_0.png,0,238,0,0,230,0,0,205,0,0,15,0,0,231,0
test_107_1_1.png,0,0,0,0,0,0,0,0,0,0,0,0,0,0,0
test_107_1_2.png,0,133,0,0,122,0,0,126,0,0,60,0,0,121,0
test_107_1_3.png,0,0,0,0,0,0,0,0,0,0,0,0,0,0,0
test_107_2_0.png,0,0,0,0,0,0,0,0,0,0,0,0,0,0,0
test_107_2_1.png,0,0,0,0,0,0,0,0,0,0,0,0,0,0,0
test_107_2_2.png,753,29,19,763,18,9,761,26,11,765,29,7,764,29,8
test_107_2_3.png,0,0,0,0,0,0,0,0,0,0,0,0,0,0,0
test_107_3_0.png,0,0,0,0,0,0,0,0,0,0,0,0,0,0,0
test_107_3_1.png,0,197,0,0,27,0,0,0,0,0,0,0,0,0,0
test_107_3_2.png,651,5,229,590,28,290,0,0,880,0,0,880,94,0,786
test_107_3_3.png,0,0,0,0,0,0,0,0,0,0,0,0,0,0,0
test_108_0_0.png,0,0,0,0,0,0,0,0,0,0,0,0,0,0,0
test_108_0_1.png,0,0,0,0,0,0,0,0,0,0,0,0,0,0,0
test_108_0_2.png,0,0,0,0,0,0,0,0,0,0,0,0,0,0,0
test_108_0_3.png,0,0,0,0,0,0,0,0,0,0,0,0,0,0,0
test_108_1_0.png,0,0,0,0,0,0,0,0,0,0,0,0,0,0,0
test_108_1_1.png,0,0,0,0,0,0,0,0,0,0,0,0,0,0,0
test_108_1_2.png,0,0,0,0,0,0,0,0,0,0,0,0,0,0,0
test_108_1_3.png,0,0,0,0,0,0,0,0,0,0,0,0,0,0,0
test_108_2_0.png,0,0,0,0,0,0,0,0,0,0,0,0,0,0,0
test_108_2_1.png,0,0,0,0,0,0,0,0,0,0,0,0,0,0,0
test_108_2_2.png,0,0,0,0,0,0,0,0,0,0,0,0,0,0,0
test_108_2_3.png,0,0,0,0,0,0,0,0,0,0,0,0,0,0,0
test_108_3_0.png,0,0,0,0,0,0,0,0,0,0,0,0,0,0,0
test_108_3_1.png,0,0,0,0,0,0,0,0,0,0,0,0,0,0,0
test_108_3_2.png,0,0,0,0,0,0,0,0,0,0,0,0,0,0,0
test_108_3_3.png,0,0,0,0,0,0,0,0,0,0,0,0,0,0,0
test_109_0_0.png,0,0,0,0,0,0,0,0,0,0,0,0,0,0,0
test_109_0_1.png,0,0,0,0,0,0,0,0,0,0,0,0,0,0,0
test_109_0_2.png,0,0,0,0,0,0,0,0,0,0,0,0,0,0,0
test_109_0_3.png,0,0,0,0,0,0,0,0,0,0,0,0,0,0,0
test_109_1_0.png,0,0,0,0,0,0,0,0,0,0,0,0,0,0,0
test_109_1_1.png,0,0,0,0,0,0,0,0,0,0,0,0,0,0,0
test_109_1_2.png,0,0,0,0,0,0,0,0,0,0,0,0,0,0,0
test_109_1_3.png,0,0,0,0,0,0,0,0,0,0,0,0,0,0,0
test_109_2_0.png,0,0,0,0,0,0,0,0,0,0,0,0,0,0,0
test_109_2_1.png,0,0,0,0,0,0,0,0,0,0,0,0,0,0,0
test_109_2_2.png,3851,188,71,3859,186,63,3890,245,32,3874,246,48,3868,221,54
test_109_2_3.png,0,0,0,0,0,0,0,0,0,0,0,0,0,0,0
test_109_3_0.png,485,18,284,0,0,769,188,0,581,0,0,769,0,0,769
test_109_3_1.png,0,0,0,0,0,0,0,0,0,0,0,0,0,0,0
test_109_3_2.png,0,0,0,0,0,0,0,0,0,0,0,0,0,0,0
test_109_3_3.png,0,0,0,0,0,0,0,0,0,0,0,0,0,0,0
test_10_0_0.png,0,0,0,0,0,0,0,0,0,0,0,0,0,0,0
test_10_0_1.png,0,0,0,0,0,0,0,0,0,0,0,0,0,0,0
test_10_0_2.png,0,0,0,0,0,0,0,0,0,0,0,0,0,0,0
test_10_0_3.png,0,0,0,0,0,0,0,0,0,0,0,0,0,0,0
test_10_1_0.png,1146,44,56,1125,32,77,1126,38,76,1131,37,71,1131,39,71
test_10_1_1.png,2853,120,153,2882,118,124,2879,148,127,2895,180,111,2887,126,119
test_10_1_2.png,0,0,0,0,0,0,0,0,0,0,0,0,0,0,0
test_10_1_3.png,0,0,0,0,0,0,0,0,0,0,0,0,0,0,0
test_10_2_0.png,6928,756,470,6913,705,485,6798,745,600,6904,612,494,6914,696,484
test_10_2_1.png,13939,1500,804,13939,1516,804,13874,1371,869,13870,1325,873,13926,1365,817
test_10_2_2.png,11401,1484,478,11434,1486,445,11330,1588,549,11365,1441,514,11401,1460,478
test_10_2_3.png,7001,670,260,6994,669,267,7009,762,252,6969,716,292,7005,698,256
test_10_3_0.png,16329,1806,580,16309,1790,600,16208,1768,701,16214,1760,695,16278,1759,631
test_10_3_1.png,9326,1346,508,9342,1371,492,9291,1177,543,9247,1133,587,9322,1262,512
test_10_3_2.png,9304,970,486,9287,1048,503,9253,922,537,9312,987,478,9302,961,488
test_10_3_3.png,18679,2109,1029,18615,2039,1093,18508,2238,1200,18505,2125,1203,18579,2083,1129
test_110_0_0.png,0,0,0,0,0,0,0,0,0,0,0,0,0,0,0
test_110_0_1.png,0,0,0,0,0,0,0,0,0,0,0,0,0,0,0
test_110_0_2.png,0,0,0,0,0,0,0,0,0,0,0,0,0,0,0
test_110_0_3.png,0,0,0,0,0,0,0,0,0,0,0,0,0,0,0
test_110_1_0.png,0,0,0,0,0,0,0,0,0,0,0,0,0,0,0
test_110_1_1.png,0,0,0,0,0,0,0,0,0,0,0,0,0,0,0
test_110_1_2.png,0,0,0,0,0,0,0,0,0,0,0,0,0,0,0
test_110_1_3.png,2566,191,167,2549,198,184,2569,264,164,2490,163,243,2558,194,175
test_110_2_0.png,4461,81,1372,4372,124,1461,4489,103,1344,4504,89,1329,4422,86,1411
test_110_2_1.png,0,0,0,0,0,0,0,0,0,0,0,0,0,0,0
test_110_2_2.png,0,0,0,0,0,0,0,0,0,0,0,0,0,0,0
test_110_2_3.png,0,0,62,0,0,62,0,0,62,0,0,62,0,0,62
test_110_3_0.png,0,0,0,0,0,0,0,0,0,0,0,0,0,0,0
test_110_3_1.png,0,0,0,0,0,0,0,0,0,0,0,0,0,0,0
test_110_3_2.png,0,0,0,0,0,0,0,0,0,0,0,0,0,0,0
test_110_3_3.png,50,2,109,45,1,114,72,3,87,66,2,93,61,1,98
test_111_0_0.png,0,0,0,0,0,0,0,0,0,0,0,0,0,0,0
test_111_0_1.png,0,0,0,0,0,0,0,0,0,0,0,0,0,0,0
test_111_0_2.png,4528,344,331,4505,169,354,4516,142,343,4514,343,345,4525,263,334
test_111_0_3.png,0,0,12,0,0,12,0,9,12,0,13,12,0,0,12
test_111_1_0.png,0,0,0,0,0,0,0,0,0,0,0,0,0,0,0
test_111_1_1.png,0,0,625,0,0,625,0,0,625,0,0,625,0,0,625
test_111_1_2.png,2377,148,276,2396,157,257,2393,191,260,2385,150,268,2395,161,258
test_111_1_3.png,983,92,799,1612,119,170,1202,138,580,1598,134,184,1477,126,305
test_111_2_0.png,0,0,0,0,0,0,0,0,0,0,0,0,0,0,0
test_111_2_1.png,0,0,0,0,0,0,0,0,0,0,0,0,0,0,0
test_111_2_2.png,0,0,0,0,0,0,0,0,0,0,0,0,0,0,0
test_111_2_3.png,847,72,2339,908,58,2278,811,73,2375,835,83,2351,843,64,2343
test_111_3_0.png,14079,1090,1350,14096,1125,1333,14167,1155,1262,14170,1141,1259,14147,1078,1282
test_111_3_1.png,2253,304,287,2262,271,278,2276,297,264,2260,271,280,2271,281,269
test_111_3_2.png,0,0,0,0,0,0,0,0,0,0,0,0,0,0,0
test_111_3_3.png,0,0,0,0,0,0,0,0,0,0,0,0,0,0,0
test_112_0_0.png,0,0,0,0,0,0,0,0,0,0,0,0,0,0,0
test_112_0_1.png,0,0,0,0,0,0,0,0,0,0,0,0,0,0,0
test_112_0_2.png,0,296,0,0,0,0,0,339,0,0,3,0,0,98,0
test_112_0_3.png,0,0,0,0,0,0,0,0,0,0,0,0,0,0,0
test_112_1_0.png,928,103,649,925,84,652,927,247,650,930,108,647,929,88,648
test_112_1_1.png,0,0,0,0,0,0,0,0,0,0,0,0,0,0,0
test_112_1_2.png,0,0,0,0,0,0,0,0,0,0,0,0,0,0,0
test_112_1_3.png,0,0,0,0,0,0,0,0,0,0,0,0,0,0,0
test_112_2_0.png,0,0,0,0,0,0,0,0,0,0,0,0,0,0,0
test_112_2_1.png,317,55,33,326,43,24,284,4,66,303,7,47,316,24,34
test_112_2_2.png,3741,167,259,3812,167,188,3680,151,320,3726,174,274,3755,159,245
test_112_2_3.png,2663,20,355,2502,20,516,922,1,2096,2489,17,529,2497,10,521
test_112_3_0.png,0,0,0,0,0,0,0,0,0,0,0,0,0,0,0
test_112_3_1.png,0,0,0,0,0,0,0,0,0,0,0,0,0,0,0
test_112_3_2.png,0,206,0,0,246,0,0,230,0,0,240,0,0,231,0
test_112_3_3.png,0,0,0,0,0,0,0,0,0,0,0,0,0,0,0
test_113_0_0.png,0,0,0,0,0,0,0,0,0,0,0,0,0,0,0
test_113_0_1.png,0,0,80,0,0,80,0,0,80,0,0,80,0,0,80
test_113_0_2.png,2277,85,220,2309,88,188,2263,101,234,2256,83,241,2276,87,221
test_113_0_3.png,0,0,0,0,0,0,0,0,0,0,0,0,0,0,0
test_113_1_0.png,0,0,0,0,0,0,0,0,0,0,0,0,0,0,0
test_113_1_1.png,873,8,598,1354,31,117,0,0,1471,366,0,1105,607,0,864
test_113_1_2.png,1190,0,183,1200,6,173,1205,5,168,1200,2,173,1201,2,172
test_113_1_3.png,9398,568,733,9413,664,718,9412,586,719,9263,499,868,9416,572,715
test_113_2_0.png,0,0,0,0,0,0,0,0,0,0,0,0,0,0,0
test_113_2_1.png,0,0,0,0,0,0,0,0,0,0,0,0,0,0,0
test_113_2_2.png,0,0,0,0,0,0,0,0,0,0,0,0,0,0,0
test_113_2_3.png,16223,1159,2127,16217,1179,2133,15332,1220,3018,15085,1181,3265,15193,1189,3157
test_113_3_0.png,0,0,272,0,0,272,0,0,272,0,0,272,0,0,272
test_113_3_1.png,0,0,0,0,0,0,0,0,0,0,0,0,0,0,0
test_113_3_2.png,0,0,0,0,0,0,0,0,0,0,0,0,0,0,0
test_113_3_3.png,19392,394,2454,19081,429,2765,19606,431,2240,20222,500,1624,19519,400,2327
test_114_0_0.png,0,0,0,0,0,0,0,0,0,0,0,0,0,0,0
test_114_0_1.png,0,0,185,0,0,185,0,0,185,0,0,185,0,0,185
test_114_0_2.png,543,148,405,914,171,34,533,142,415,610,119,338,556,147,392
test_114_0_3.png,204,37,954,744,437,414,92,262,1066,1132,410,26,618,247,540
test_114_1_0.png,2714,1267,344,2856,1429,202,2713,1066,345,2695,1127,363,2742,1185,316
test_114_1_1.png,15957,1377,1026,16047,1682,936,15967,1433,1016,16085,2340,898,16051,1451,932
test_114_1_2.png,3704,1314,42,3719,1075,27,3733,1346,13,3678,721,68,3720,1215,26
test_114_1_3.png,534,456,34,541,470,27,537,450,31,533,431,35,538,457,30
test_114_2_0.png,153,6,19,144,5,28,149,4,23,155,9,17,150,5,22
test_114_2_1.png,1433,79,50,1429,78,54,1453,60,30,1455,72,28,1434,77,49
test_114_2_2.png,0,0,0,0,0,0,0,0,0,0,0,0,0,0,0
test_114_2_3.png,1051,76,25,1054,80,22,1033,73,43,1051,76,25,1055,78,21
test_114_3_0.png,0,0,0,0,0,0,0,0,0,0,0,0,0,0,0
test_114_3_1.png,1913,907,200,1935,909,178,1936,1007,177,1916,843,197,1935,951,178
test_114_3_2.png,1766,31,189,1765,26,190,1762,22,193,1780,23,175,1765,26,190
test_114_3_3.png,641,52,704,851,49,494,651,67,694,645,55,700,645,47,700
test_115_0_0.png,9308,312,700,9278,312,730,9274,311,734,9305,354,703,9300,312,708
test_115_0_1.png,22011,1211,1337,21933,1116,1415,21842,1044,1506,21811,963,1537,21934,1055,1414
test_115_0_2.png,22808,595,2479,22974,637,2313,22823,625,2464,22687,633,2600,22856,583,2431
test_115_0_3.png,22211,656,1910,22147,683,1974,21936,571,2185,22149,656,1972,22133,614,1988
test_115_1_0.png,0,0,0,0,0,0,0,0,0,0,0,0,0,0,0
test_115_1_1.png,13343,534,824,13319,551,848,13360,600,807,13359,688,808,13346,572,821
test_115_1_2.png,25259,844,2363,25147,837,2475,25176,811,2446,25355,949,2267,25267,834,2355
test_115_1_3.png,20522,667,2467,20899,773,2090,20658,717,2331,20656,756,2333,20681,705,2308
test_115_2_0.png,4276,332,158,4265,283,169,4262,362,172,4282,312,152,4270,308,164
test_115_2_1.png,466,3,160,457,9,169,448,11,178,457,5,169,458,6,168
test_115_2_2.png,5656,168,569,5673,188,552,5644,154,581,5622,190,603,5644,170,581
test_115_2_3.png,9607,332,778,9672,398,713,9619,320,766,9586,293,799,9629,322,756
test_115_3_0.png,7956,354,442,7943,337,455,7971,337,427,8011,382,387,7979,348,419
test_115_3_1.png,1489,114,38,1502,134,25,1494,127,33,1499,152,28,1497,134,30
test_115_3_2.png,0,0,0,0,0,0,0,0,0,0,0,0,0,0,0
test_115_3_3.png,1537,95,145,1539,87,143,1530,109,152,1523,107,159,1535,91,147
test_116_0_0.png,0,0,0,0,0,0,0,0,0,0,0,0,0,0,0
test_116_0_1.png,0,0,0,0,0,0,0,0,0,0,0,0,0,0,0
test_116_0_2.png,0,0,0,0,0,0,0,0,0,0,0,0,0,0,0
test_116_0_3.png,0,0,325,0,0,325,0,0,325,0,0,325,0,0,325
test_116_1_0.png,9911,131,194,9933,120,172,9883,155,222,9903,160,202,9903,145,202
test_116_1_1.png,0,0,0,0,0,0,0,0,0,0,0,0,0,0,0
test_116_1_2.png,0,0,0,0,0,0,0,0,0,0,0,0,0,0,0
test_116_1_3.png,0,0,0,0,0,0,0,0,0,0,0,0,0,0,0
test_116_2_0.png,1245,41,994,1330,50,909,1032,20,1207,1205,18,1034,1209,24,1030
test_116_2_1.png,0,37,67,0,0,67,0,268,67,0,0,67,0,0,67
test_116_2_2.png,0,0,0,0,0,0,0,0,0,0,0,0,0,0,0
test_116_2_3.png,0,0,0,0,0,0,0,0,0,0,0,0,0,0,0
test_116_3_0.png,0,0,0,0,0,0,0,0,0,0,0,0,0,0,0
test_116_3_1.png,0,0,0,0,0,0,0,0,0,0,0,0,0,0,0
test_116_3_2.png,0,0,0,0,0,0,0,0,0,0,0,0,0,0,0
test_116_3_3.png,0,0,0,0,0,0,0,0,0,0,0,0,0,0,0
test_117_0_0.png,0,0,0,0,0,0,0,0,0,0,0,0,0,0,0
test_117_0_1.png,0,0,0,0,0,0,0,0,0,0,0,0,0,0,0
test_117_0_2.png,0,0,0,0,0,0,0,0,0,0,0,0,0,0,0
test_117_0_3.png,0,0,0,0,0,0,0,0,0,0,0,0,0,0,0
test_117_1_0.png,0,0,0,0,0,0,0,0,0,0,0,0,0,0,0
test_117_1_1.png,0,0,0,0,0,0,0,0,0,0,0,0,0,0,0
test_117_1_2.png,0,0,0,0,0,0,0,0,0,0,0,0,0,0,0
test_117_1_3.png,0,0,0,0,0,0,0,0,0,0,0,0,0,0,0
test_117_2_0.png,0,0,0,0,0,0,0,0,0,0,0,0,0,0,0
test_117_2_1.png,0,0,0,0,0,0,0,0,0,0,0,0,0,0,0
test_117_2_2.png,0,0,0,0,0,0,0,0,0,0,0,0,0,0,0
test_117_2_3.png,0,0,0,0,0,0,0,0,0,0,0,0,0,0,0
test_117_3_0.png,0,0,0,0,0,0,0,0,0,0,0,0,0,0,0
test_117_3_1.png,0,0,0,0,0,0,0,0,0,0,0,0,0,0,0
test_117_3_2.png,0,0,0,0,0,0,0,0,0,0,0,0,0,0,0
test_117_3_3.png,0,0,0,0,0,0,0,0,0,0,0,0,0,0,0
test_118_0_0.png,6839,238,769,6881,266,727,6920,283,688,6844,261,764,6871,250,737
test_118_0_1.png,17309,762,1260,17227,687,1342,17410,791,1159,17352,739,1217,17346,705,1223
test_118_0_2.png,11682,607,1148,11668,588,1162,11807,577,1023,11756,514,1074,11783,526,1047
test_118_0_3.png,0,0,122,0,0,122,0,0,122,0,0,122,0,0,122
test_118_1_0.png,8879,343,694,8856,346,717,8870,329,703,8816,331,757,8864,328,709
test_118_1_1.png,14426,640,1253,14327,621,1352,14368,676,1311,14258,582,1421,14370,598,1309
test_118_1_2.png,1393,11,232,1403,10,222,1419,24,206,1376,11,249,1403,9,222
test_118_1_3.png,0,0,265,0,0,265,0,0,265,0,0,265,0,0,265
test_118_2_0.png,11963,549,961,11915,523,1009,11829,484,1095,11988,548,936,11932,514,992
test_118_2_1.png,16328,843,862,16170,697,1020,16323,873,867,16310,918,880,16301,800,889
test_118_2_2.png,10945,398,885,11002,428,828,10992,464,838,10973,439,857,10968,427,862
test_118_2_3.png,660,240,14,648,273,26,572,690,102,633,536,41,656,296,18
test_118_3_0.png,4241,830,187,4240,143,188,4247,1054,181,4247,959,181,4245,913,183
test_118_3_1.png,6517,900,180,6524,905,173,6497,767,200,6513,757,184,6520,804,177
test_118_3_2.png,13923,680,824,13919,737,828,13891,713,856,13907,682,840,13919,684,828
test_118_3_3.png,13746,429,978,13887,462,837,13819,476,905,13810,465,914,13836,434,888
test_119_0_0.png,0,0,0,0,0,0,0,0,0,0,0,0,0,0,0
test_119_0_1.png,576,16,186,595,26,167,585,21,177,593,27,169,586,21,176
test_119_0_2.png,0,0,0,0,0,0,0,0,0,0,0,0,0,0,0
test_119_0_3.png,0,0,0,0,0,0,0,0,0,0,0,0,0,0,0
test_119_1_0.png,365,0,448,620,77,193,714,61,99,551,15,262,619,37,194
test_119_1_1.png,2739,61,523,2730,47,532,2775,59,487,2765,64,497,2756,55,506
test_119_1_2.png,10512,321,796,10422,317,886,10472,367,836,10458,378,850,10474,332,834
test_119_1_3.png,6847,205,579,6881,299,545,6942,253,484,6857,211,569,6894,205,532
test_119_2_0.png,3473,156,2489,2852,208,3110,2638,139,3324,2607,72,3355,2713,112,3249
test_119_2_1.png,2288,72,255,2319,90,224,2206,119,337,2349,148,194,2308,96,235
test_119_2_2.png,9055,306,1126,8955,331,1226,9080,382,1101,8978,399,1203,8999,353,1182
test_119_2_3.png,9151,365,855,9245,346,761,9306,404,700,9228,310,778,9219,318,787
test_119_3_0.png,14353,1245,585,14318,1164,620,14371,1281,567,14356,1269,582,14367,1193,571
test_119_3_1.png,9500,831,674,9489,791,685,9495,788,679,9440,821,734,9502,792,672
test_119_3_2.png,50,0,471,0,0,521,0,0,521,35,0,486,0,0,521
test_119_3_3.png,639,90,2,635,194,6,637,97,4,640,93,1,639,86,2
test_11_0_0.png,0,0,0,0,0,0,0,0,0,0,0,0,0,0,0
test_11_0_1.png,0,0,0,0,0,0,0,0,0,0,0,0,0,0,0
test_11_0_2.png,0,0,0,0,0,0,0,0,0,0,0,0,0,0,0
test_11_0_3.png,0,0,0,0,0,0,0,0,0,0,0,0,0,0,0
test_11_1_0.png,0,0,0,0,0,0,0,0,0,0,0,0,0,0,0
test_11_1_1.png,0,0,0,0,0,0,0,0,0,0,0,0,0,0,0
test_11_1_2.png,0,0,0,0,0,0,0,0,0,0,0,0,0,0,0
test_11_1_3.png,0,0,0,0,0,0,0,0,0,0,0,0,0,0,0
test_11_2_0.png,0,0,0,0,0,0,0,0,0,0,0,0,0,0,0
test_11_2_1.png,0,0,0,0,0,0,0,0,0,0,0,0,0,0,0
test_11_2_2.png,1906,205,73,1901,215,78,1899,127,80,1891,187,88,1900,184,79
test_11_2_3.png,1091,140,23,1092,135,22,1093,140,21,1087,112,27,1093,120,21
test_11_3_0.png,0,0,0,0,0,0,0,0,0,0,0,0,0,0,0
test_11_3_1.png,4842,462,318,4884,434,276,4876,473,284,4888,408,272,4875,434,285
test_11_3_2.png,666,41,23,658,41,31,655,38,34,666,44,23,661,41,28
test_11_3_3.png,2183,214,110,2200,252,93,2192,199,101,2168,194,125,2187,191,106
test_120_0_0.png,0,0,0,0,0,0,0,0,0,0,0,0,0,0,0
test_120_0_1.png,0,0,0,0,0,0,0,0,0,0,0,0,0,0,0
test_120_0_2.png,18368,829,875,18380,888,863,18367,891,876,18292,806,951,18374,837,869
test_120_0_3.png,7110,269,643,7138,297,615,7068,305,685,7167,279,586,7155,282,598
test_120_1_0.png,0,0,0,0,0,0,0,0,0,0,0,0,0,0,0
test_120_1_1.png,0,0,0,0,0,0,0,0,0,0,0,0,0,0,0
test_120_1_2.png,12251,554,807,12349,575,709,12349,581,709,12260,539,798,12311,536,747
test_120_1_3.png,16638,1056,661,16642,1073,657,16544,874,755,16464,817,835,16592,925,707
test_120_2_0.png,0,0,0,0,0,0,0,0,0,0,0,0,0,0,0
test_120_2_1.png,2968,169,137,2957,182,148,2974,155,131,2967,157,138,2964,170,141
test_120_2_2.png,16337,985,980,16424,1143,893,16357,998,960,16260,1058,1057,16342,1008,975
test_120_2_3.png,17745,957,828,17736,976,837,17718,938,855,17780,981,793,17752,947,821
test_120_3_0.png,0,0,0,0,0,0,0,0,0,0,0,0,0,0,0
test_120_3_1.png,11886,772,457,11921,794,422,11924,827,419,11853,705,490,11898,768,445
test_120_3_2.png,11950,797,684,11990,906,644,11975,685,659,11837,689,797,11967,747,667
test_120_3_3.png,5451,1153,281,5471,1257,261,5508,1257,224,5499,1232,233,5484,1202,248
test_121_0_0.png,0,0,0,0,0,0,0,0,0,0,0,0,0,0,0
test_121_0_1.png,0,0,0,0,0,0,0,0,0,0,0,0,0,0,0
test_121_0_2.png,0,0,0,0,0,0,0,0,0,0,0,0,0,0,0
test_121_0_3.png,0,0,0,0,0,0,0,0,0,0,0,0,0,0,0
test_121_1_0.png,0,0,0,0,0,0,0,0,0,0,0,0,0,0,0
test_121_1_1.png,0,0,0,0,0,0,0,0,0,0,0,0,0,0,0
test_121_1_2.png,0,0,0,0,0,0,0,0,0,0,0,0,0,0,0
test_121_1_3.png,0,0,0,0,0,0,0,0,0,0,0,0,0,0,0
test_121_2_0.png,0,0,0,0,0,0,0,0,0,0,0,0,0,0,0
test_121_2_1.png,0,0,0,0,0,0,0,0,0,0,0,0,0,0,0
test_121_2_2.png,0,0,0,0,0,0,0,0,0,0,0,0,0,0,0
test_121_2_3.png,0,0,0,0,0,0,0,0,0,0,0,0,0,0,0
test_121_3_0.png,11149,896,2026,11460,882,1715,9607,519,3568,10208,882,2967,10980,813,2195
test_121_3_1.png,11428,1301,1401,11400,1191,1429,11185,1126,1644,10974,1028,1855,11361,1164,1468
test_121_3_2.png,0,0,29,0,0,29,0,0,29,0,0,29,0,0,29
test_121_3_3.png,0,0,0,0,0,0,0,0,0,0,0,0,0,0,0
test_122_0_0.png,0,0,0,0,0,0,0,0,0,0,0,0,0,0,0
test_122_0_1.png,0,0,0,0,0,0,0,0,0,0,0,0,0,0,0
test_122_0_2.png,0,0,0,0,0,0,0,0,0,0,0,0,0,0,0
test_122_0_3.png,0,0,0,0,0,0,0,0,0,0,0,0,0,0,0
test_122_1_0.png,0,0,0,0,0,0,0,0,0,0,0,0,0,0,0
test_122_1_1.png,0,0,0,0,0,0,0,0,0,0,0,0,0,0,0
test_122_1_2.png,0,0,0,0,0,0,0,0,0,0,0,0,0,0,0
test_122_1_3.png,0,0,0,0,0,0,0,0,0,0,0,0,0,0,0
test_122_2_0.png,0,0,0,0,0,0,0,0,0,0,0,0,0,0,0
test_122_2_1.png,0,0,0,0,0,0,0,0,0,0,0,0,0,0,0
test_122_2_2.png,0,0,0,0,0,0,0,0,0,0,0,0,0,0,0
test_122_2_3.png,0,0,0,0,0,0,0,0,0,0,0,0,0,0,0
test_122_3_0.png,0,0,0,0,0,0,0,0,0,0,0,0,0,0,0
test_122_3_1.png,0,0,0,0,0,0,0,0,0,0,0,0,0,0,0
test_122_3_2.png,0,0,0,0,0,0,0,0,0,0,0,0,0,0,0
test_122_3_3.png,0,0,0,0,0,0,0,0,0,0,0,0,0,0,0
test_123_0_0.png,0,0,0,0,0,0,0,0,0,0,0,0,0,0,0
test_123_0_1.png,0,0,0,0,0,0,0,0,0,0,0,0,0,0,0
test_123_0_2.png,0,0,0,0,0,0,0,0,0,0,0,0,0,0,0
test_123_0_3.png,8,0,45,1,0,52,0,0,53,0,0,53,0,0,53
test_123_1_0.png,0,0,0,0,0,0,0,0,0,0,0,0,0,0,0
test_123_1_1.png,0,0,0,0,0,0,0,0,0,0,0,0,0,0,0
test_123_1_2.png,0,0,0,0,0,0,0,0,0,0,0,0,0,0,0
test_123_1_3.png,3574,195,258,3615,188,217,3565,194,267,3569,188,263,3586,188,246
test_123_2_0.png,0,0,0,0,0,0,0,0,0,0,0,0,0,0,0
test_123_2_1.png,0,0,0,0,0,0,0,0,0,0,0,0,0,0,0
test_123_2_2.png,0,0,0,0,0,0,0,0,0,0,0,0,0,0,0
test_123_2_3.png,0,0,0,0,0,0,0,0,0,0,0,0,0,0,0
test_123_3_0.png,0,0,0,0,0,0,0,0,0,0,0,0,0,0,0
test_123_3_1.png,0,0,0,0,0,0,0,0,0,0,0,0,0,0,0
test_123_3_2.png,0,0,0,0,0,0,0,0,0,0,0,0,0,0,0
test_123_3_3.png,0,0,0,0,0,0,0,0,0,0,0,0,0,0,0
test_124_0_0.png,11207,691,742,11165,678,784,11263,677,686,11216,675,733,11227,662,722
test_124_0_1.png,8484,413,595,8477,436,602,8467,421,612,8502,428,577,8476,412,603
test_124_0_2.png,49,0,29,45,0,33,44,0,34,48,0,30,45,0,33
test_124_0_3.png,0,0,0,0,0,0,0,0,0,0,0,0,0,0,0
test_124_1_0.png,524,40,12,518,31,18,520,48,16,519,36,17,519,39,17
test_124_1_1.png,0,0,0,0,0,0,0,0,0,0,0,0,0,0,0
test_124_1_2.png,0,0,0,0,0,0,0,0,0,0,0,0,0,0,0
test_124_1_3.png,0,0,0,0,0,0,0,0,0,0,0,0,0,0,0
test_124_2_0.png,0,0,0,0,0,0,0,0,0,0,0,0,0,0,0
test_124_2_1.png,0,0,0,0,0,0,0,0,0,0,0,0,0,0,0
test_124_2_2.png,0,0,0,0,0,0,0,0,0,0,0,0,0,0,0
test_124_2_3.png,0,0,0,0,0,0,0,0,0,0,0,0,0,0,0
test_124_3_0.png,0,0,0,0,0,0,0,0,0,0,0,0,0,0,0
test_124_3_1.png,0,0,0,0,0,0,0,0,0,0,0,0,0,0,0
test_124_3_2.png,0,6,0,0,119,0,0,0,0,0,0,0,0,0,0
test_124_3_3.png,0,0,0,0,0,0,0,0,0,0,0,0,0,0,0
test_125_0_0.png,0,0,0,0,0,0,0,0,0,0,0,0,0,0,0
test_125_0_1.png,0,0,0,0,0,0,0,0,0,0,0,0,0,0,0
test_125_0_2.png,0,0,0,0,0,0,0,0,0,0,0,0,0,0,0
test_125_0_3.png,0,0,0,0,0,0,0,0,0,0,0,0,0,0,0
test_125_1_0.png,0,0,0,0,0,0,0,0,0,0,0,0,0,0,0
test_125_1_1.png,0,0,0,0,0,0,0,0,0,0,0,0,0,0,0
test_125_1_2.png,0,0,0,0,0,0,0,0,0,0,0,0,0,0,0
test_125_1_3.png,0,0,0,0,0,0,0,0,0,0,0,0,0,0,0
test_125_2_0.png,0,0,0,0,0,0,0,0,0,0,0,0,0,0,0
test_125_2_1.png,0,0,0,0,0,0,0,0,0,0,0,0,0,0,0
test_125_2_2.png,0,0,0,0,0,0,0,0,0,0,0,0,0,0,0
test_125_2_3.png,0,0,0,0,0,0,0,0,0,0,0,0,0,0,0
test_125_3_0.png,0,0,0,0,0,0,0,0,0,0,0,0,0,0,0
test_125_3_1.png,0,0,0,0,0,0,0,0,0,0,0,0,0,0,0
test_125_3_2.png,0,0,0,0,0,0,0,0,0,0,0,0,0,0,0
test_125_3_3.png,0,0,0,0,0,0,0,0,0,0,0,0,0,0,0
test_126_0_0.png,0,0,0,0,0,0,0,0,0,0,0,0,0,0,0
test_126_0_1.png,3882,242,433,3851,231,464,3812,192,503,3810,200,505,3828,207,487
test_126_0_2.png,8103,317,845,8183,320,765,7969,270,979,8031,322,917,8105,292,843
test_126_0_3.png,9178,451,1687,9269,488,1596,9185,443,1680,9047,412,1818,9187,429,1678
test_126_1_0.png,767,14,99,760,9,106,777,12,89,766,9,100,762,10,104
test_126_1_1.png,0,0,0,0,0,0,0,0,0,0,0,0,0,0,0
test_126_1_2.png,990,15,68,997,24,61,994,21,64,999,22,59,994,18,64
test_126_1_3.png,14221,877,1828,14379,937,1670,14082,749,1967,14160,733,1889,14245,793,1804
test_126_2_0.png,642,66,37,644,66,35,646,58,33,646,67,33,644,62,35
test_126_2_1.png,0,0,0,0,0,0,0,0,0,0,0,0,0,0,0
test_126_2_2.png,0,0,0,0,0,0,0,0,0,0,0,0,0,0,0
test_126_2_3.png,2232,272,615,2221,293,626,1323,105,1524,1628,241,1219,2097,257,750
test_126_3_0.png,0,0,0,0,0,0,0,0,0,0,0,0,0,0,0
test_126_3_1.png,934,23,82,925,23,91,912,25,104,934,16,82,926,20,90
test_126_3_2.png,0,0,0,0,0,0,0,0,0,0,0,0,0,0,0
test_126_3_3.png,0,0,0,0,0,0,0,0,0,0,0,0,0,0,0
test_127_0_0.png,0,0,0,0,0,0,0,0,0,0,0,0,0,0,0
test_127_0_1.png,5530,245,435,5548,236,417,5479,216,486,5490,198,475,5527,219,438
test_127_0_2.png,9504,635,859,9489,610,874,9548,615,815,9419,592,944,9497,612,866
test_127_0_3.png,6693,246,1120,6715,214,1098,6701,215,1112,6639,231,1174,6683,217,1130
test_127_1_0.png,0,0,0,0,0,0,0,0,0,0,0,0,0,0,0
test_127_1_1.png,0,0,0,0,0,0,0,0,0,0,0,0,0,0,0
test_127_1_2.png,557,149,32,556,29,33,544,154,45,549,26,40,552,64,37
test_127_1_3.png,2,115,0,0,0,2,1,89,1,0,0,2,0,34,2
test_127_2_0.png,0,0,0,0,0,0,0,0,0,0,0,0,0,0,0
test_127_2_1.png,0,0,0,0,0,0,0,0,0,0,0,0,0,0,0
test_127_2_2.png,0,0,0,0,0,0,0,0,0,0,0,0,0,0,0
test_127_2_3.png,0,0,0,0,0,0,0,0,0,0,0,0,0,0,0
test_127_3_0.png,0,0,0,0,0,0,0,0,0,0,0,0,0,0,0
test_127_3_1.png,0,0,0,0,0,0,0,0,0,0,0,0,0,0,0
test_127_3_2.png,0,0,0,0,0,0,0,0,0,0,0,0,0,0,0
test_127_3_3.png,0,0,0,0,0,0,0,0,0,0,0,0,0,0,0
test_128_0_0.png,0,0,0,0,0,0,0,0,0,0,0,0,0,0,0
test_128_0_1.png,0,0,0,0,0,0,0,0,0,0,0,0,0,0,0
test_128_0_2.png,0,0,0,0,0,0,0,0,0,0,0,0,0,0,0
test_128_0_3.png,0,0,0,0,0,0,0,0,0,0,0,0,0,0,0
test_128_1_0.png,0,0,0,0,0,0,0,0,0,0,0,0,0,0,0
test_128_1_1.png,0,0,0,0,0,0,0,0,0,0,0,0,0,0,0
test_128_1_2.png,0,0,0,0,0,0,0,0,0,0,0,0,0,0,0
test_128_1_3.png,0,0,0,0,0,0,0,0,0,0,0,0,0,0,0
test_128_2_0.png,0,0,301,0,0,301,0,0,301,0,0,301,0,0,301
test_128_2_1.png,0,0,0,0,20,0,0,0,0,0,0,0,0,0,0
test_128_2_2.png,0,0,0,0,0,0,0,0,0,0,0,0,0,0,0
test_128_2_3.png,0,0,0,0,0,0,0,0,0,0,0,0,0,0,0
test_128_3_0.png,0,0,0,0,0,0,0,0,0,0,0,0,0,0,0
test_128_3_1.png,0,0,0,0,0,0,0,0,0,0,0,0,0,0,0
test_128_3_2.png,0,0,230,0,0,230,0,0,230,0,0,230,0,0,230
test_128_3_3.png,0,0,0,0,0,0,0,0,0,0,0,0,0,0,0
test_12_0_0.png,0,0,0,0,0,0,0,0,0,0,0,0,0,0,0
test_12_0_1.png,0,0,0,0,0,0,0,0,0,0,0,0,0,0,0
test_12_0_2.png,0,0,0,0,0,0,0,0,0,0,0,0,0,0,0
test_12_0_3.png,0,0,0,0,0,0,0,0,0,0,0,0,0,0,0
test_12_1_0.png,9187,1287,738,9161,1381,764,9149,1199,776,9057,1039,868,9150,1159,775
test_12_1_1.png,3051,291,118,3052,292,117,3041,276,128,3024,237,145,3045,260,124
test_12_1_2.png,0,0,0,0,0,0,0,0,0,0,0,0,0,0,0
test_12_1_3.png,0,0,0,0,0,0,0,0,0,0,0,0,0,0,0
test_12_2_0.png,6640,624,708,6624,567,724,6588,527,760,6618,533,730,6620,528,728
test_12_2_1.png,9773,1400,957,9717,1310,1013,9699,1452,1031,9685,1292,1045,9729,1324,1001
test_12_2_2.png,11629,1071,836,11580,1059,885,11541,1059,924,11389,960,1076,11589,1013,876
test_12_2_3.png,13922,1419,1022,13940,1463,1004,13797,1293,1147,13690,1124,1254,13845,1285,1099
test_12_3_0.png,7899,613,593,7826,658,666,7844,686,648,7815,714,677,7859,650,633
test_12_3_1.png,12251,1014,970,12197,1053,1024,12402,1445,819,12127,1109,1094,12262,1089,959
test_12_3_2.png,13368,1728,871,13453,1722,786,13378,1837,861,13332,1546,907,13425,1703,814
test_12_3_3.png,9932,1802,587,9916,1954,603,9851,1884,668,9798,1750,721,9889,1828,630
test_13_0_0.png,2796,290,224,2750,246,270,2887,254,133,2778,221,242,2823,237,197
test_13_0_1.png,13123,876,862,12999,907,986,13045,1302,940,12924,837,1061,13035,878,950
test_13_0_2.png,11173,1082,536,11107,1096,602,11124,1103,585,11068,999,641,11148,1046,561
test_13_0_3.png,4789,717,180,4728,575,241,4755,578,214,4741,605,228,4765,569,204
test_13_1_0.png,0,0,0,0,0,0,0,0,0,0,0,0,0,0,0
test_13_1_1.png,9374,963,559,9415,1073,518,9281,963,652,9356,928,577,9374,989,559
test_13_1_2.png,14605,827,1610,14755,835,1460,14619,873,1596,14590,869,1625,14666,823,1549
test_13_1_3.png,13716,1505,852,13847,1416,721,13756,1556,812,13701,1407,867,13769,1446,799
test_13_2_0.png,233,19,29,236,24,26,220,18,42,229,15,33,230,18,32
test_13_2_1.png,0,0,29,0,0,29,0,0,29,2,0,27,0,0,29
test_13_2_2.png,14436,1047,1307,14480,1144,1263,14268,1027,1475,14291,1061,1452,14421,1058,1322
test_13_2_3.png,7500,711,614,7499,763,615,7510,770,604,7498,773,616,7510,746,604
test_13_3_0.png,676,29,10,678,31,8,686,82,0,685,82,1,682,48,4
test_13_3_1.png,0,0,0,0,0,0,0,0,0,0,0,0,0,0,0
test_13_3_2.png,1303,71,298,1473,68,128,1439,95,162,1471,85,130,1451,80,150
test_13_3_3.png,1799,140,125,1797,104,127,1823,145,101,1606,120,318,1793,124,131
test_14_0_0.png,13805,828,1240,13760,761,1285,13569,773,1476,13637,756,1408,13706,750,1339
test_14_0_1.png,8482,876,478,8436,883,524,8340,805,620,8316,844,644,8418,815,542
test_14_0_2.png,1736,266,53,1730,180,59,1721,204,68,1716,191,73,1729,206,60
test_14_0_3.png,0,0,0,0,0,0,0,0,0,0,0,0,0,0,0
test_14_1_0.png,16690,1481,999,16611,1437,1078,16445,1406,1244,16586,1500,1103,16615,1422,1074
test_14_1_1.png,17997,2233,996,17909,2011,1084,17904,2016,1089,17950,2030,1043,17948,2038,1045
test_14_1_2.png,7488,692,428,7498,766,418,7407,570,509,7420,600,496,7484,611,432
test_14_1_3.png,0,0,0,0,0,0,0,0,0,0,0,0,0,0,0
test_14_2_0.png,15215,1167,1216,15145,1112,1286,15051,1033,1380,15135,1265,1296,15135,1111,1296
test_14_2_1.png,10928,827,639,10913,920,654,10805,719,762,10809,738,758,10857,786,710
test_14_2_2.png,413,56,42,421,72,34,420,56,35,421,59,34,420,58,35
test_14_2_3.png,0,229,0,0,230,0,0,229,0,0,234,0,0,231,0
test_14_3_0.png,10435,900,384,10354,864,465,10390,945,429,10473,1044,346,10409,906,410
test_14_3_1.png,3351,247,477,3313,231,515,3355,247,473,3320,245,508,3336,229,492
test_14_3_2.png,0,0,0,0,0,0,0,0,0,0,0,0,0,0,0
test_14_3_3.png,0,0,0,0,0,0,0,0,0,0,0,0,0,0,0
test_15_0_0.png,0,0,0,0,0,0,0,0,0,0,0,0,0,0,0
test_15_0_1.png,0,0,141,0,0,141,0,0,141,0,0,141,0,0,141
test_15_0_2.png,0,0,0,0,0,0,0,0,0,0,0,0,0,0,0
test_15_0_3.png,5513,248,499,5469,269,543,5374,257,638,5362,248,650,5421,242,591
test_15_1_0.png,0,0,0,0,0,0,0,0,0,0,0,0,0,0,0
test_15_1_1.png,0,0,0,0,0,0,0,0,0,0,0,0,0,0,0
test_15_1_2.png,0,0,0,0,0,0,0,0,0,0,0,0,0,0,0
test_15_1_3.png,0,0,0,0,0,0,0,0,0,0,0,0,0,0,0
test_15_2_0.png,0,0,0,0,0,0,0,0,0,0,0,0,0,0,0
test_15_2_1.png,0,0,0,0,0,0,0,0,0,0,0,0,0,0,0
test_15_2_2.png,0,0,0,0,0,0,0,0,0,0,0,0,0,0,0
test_15_2_3.png,3786,175,359,3788,198,357,3648,185,497,3684,195,461,3748,179,397
test_15_3_0.png,1191,3,534,1273,18,452,1227,11,498,1264,16,461,1248,11,477
test_15_3_1.png,0,0,0,0,0,0,0,0,0,0,0,0,0,0,0
test_15_3_2.png,645,19,97,675,15,67,424,6,318,461,10,281,576,10,166
test_15_3_3.png,40,0,74,0,0,114,0,0,114,0,0,114,0,0,114
test_16_0_0.png,5258,13,147,5245,7,160,5257,11,148,5250,9,155,5252,12,153
test_16_0_1.png,43772,624,476,43750,579,498,43711,491,537,44194,631,54,43762,557,486
test_16_0_2.png,1063,124,0,1063,134,0,1063,116,0,1063,132,0,1063,127,0
test_16_0_3.png,0,0,0,0,0,0,0,0,0,0,0,0,0,0,0
test_16_1_0.png,3346,63,391,3403,79,334,3438,113,299,3433,64,304,3417,76,320
test_16_1_1.png,1318,152,117,1319,162,116,1112,96,323,1311,131,124,1317,144,118
test_16_1_2.png,0,0,0,0,0,0,0,0,0,0,0,0,0,0,0
test_16_1_3.png,0,237,0,0,0,0,0,8,0,0,0,0,0,0,0
test_16_2_0.png,352,17,197,122,14,427,417,45,132,117,14,432,223,16,326
test_16_2_1.png,1454,115,24,1462,135,16,1445,111,33,1451,120,27,1457,120,21
test_16_2_2.png,0,0,0,0,0,0,0,0,0,0,0,0,0,0,0
test_16_2_3.png,0,0,0,0,0,0,0,0,0,0,0,0,0,0,0
test_16_3_0.png,1758,132,78,1260,95,576,1250,95,586,1235,84,601,1256,88,580
test_16_3_1.png,0,0,0,0,0,0,0,0,0,0,0,0,0,0,0
test_16_3_2.png,0,0,0,0,0,0,0,0,0,0,0,0,0,0,0
test_16_3_3.png,0,0,0,0,0,0,0,0,0,0,0,0,0,0,0
test_17_0_0.png,0,0,0,0,0,0,0,0,0,0,0,0,0,0,0
test_17_0_1.png,0,0,0,0,0,0,0,0,0,0,0,0,0,0,0
test_17_0_2.png,0,0,0,0,0,0,0,0,0,0,0,0,0,0,0
test_17_0_3.png,0,0,0,0,0,0,0,0,0,0,0,0,0,0,0
test_17_1_0.png,0,0,0,0,0,0,0,0,0,0,0,0,0,0,0
test_17_1_1.png,0,0,0,0,0,0,0,0,0,0,0,0,0,0,0
test_17_1_2.png,0,0,0,0,0,0,0,0,0,0,0,0,0,0,0
test_17_1_3.png,0,0,0,0,0,0,0,0,0,0,0,0,0,0,0
test_17_2_0.png,5755,436,651,5731,344,675,5734,346,672,5836,546,570,5779,360,627
test_17_2_1.png,3801,331,381,3835,368,347,3813,242,369,3799,283,383,3817,300,365
test_17_2_2.png,4704,203,287,4711,211,280,4703,196,288,4674,197,317,4705,195,286
test_17_2_3.png,0,0,0,0,0,0,0,0,0,0,0,0,0,0,0
test_17_3_0.png,4498,371,479,4463,304,514,4490,306,487,4464,264,513,4470,301,507
test_17_3_1.png,4897,316,466,5007,300,356,4938,305,425,4970,286,393,4972,295,391
test_17_3_2.png,8080,602,518,8053,648,545,8081,623,517,7999,621,599,8065,618,533
test_17_3_3.png,1479,103,117,1511,139,85,1500,104,96,1481,185,115,1494,122,102
test_18_0_0.png,0,0,0,0,148,0,0,502,0,0,68,0,0,0,0
test_18_0_1.png,0,0,0,0,0,0,0,0,0,0,0,0,0,0,0
test_18_0_2.png,11965,2393,652,12036,2238,581,12022,2402,595,11987,2333,630,12005,2306,612
test_18_0_3.png,13055,2087,234,13090,1984,199,13101,2113,188,13087,1972,202,13107,1971,182
test_18_1_0.png,0,0,0,0,0,0,0,0,0,0,0,0,0,0,0
test_18_1_1.png,0,0,0,0,0,0,0,0,0,0,0,0,0,0,0
test_18_1_2.png,2343,264,325,2435,241,233,2322,250,346,2347,246,321,2339,233,329
test_18_1_3.png,16009,2412,312,16070,2493,251,16062,2698,259,16111,2548,210,16067,2541,254
test_18_2_0.png,0,0,98,0,0,98,0,0,98,0,0,98,0,0,98
test_18_2_1.png,1094,106,2237,389,38,2942,385,32,2946,391,35,2940,389,32,2942
test_18_2_2.png,0,0,0,0,0,0,0,0,0,0,0,0,0,0,0
test_18_2_3.png,9084,1880,591,9264,1874,411,9036,1957,639,8854,1902,821,9071,1876,604
test_18_3_0.png,3691,311,2036,3799,422,1928,3690,192,2037,3672,198,2055,3707,263,2020
test_18_3_1.png,0,0,640,0,0,640,0,0,640,0,0,640,0,0,640
test_18_3_2.png,3052,382,998,3497,749,553,3009,316,1041,3011,199,1039,3044,320,1006
test_18_3_3.png,584,121,439,584,114,439,584,119,439,584,132,439,584,120,439
test_19_0_0.png,0,0,1478,0,0,1478,0,0,1478,0,0,1478,0,0,1478
test_19_0_1.png,0,0,0,0,0,0,0,0,0,0,0,0,0,0,0
test_19_0_2.png,0,0,0,0,10,0,0,389,0,0,2,0,0,7,0
test_19_0_3.png,0,0,0,0,0,0,0,0,0,0,0,0,0,0,0
test_19_1_0.png,0,130,1364,0,0,1364,79,503,1285,0,0,1364,0,0,1364
test_19_1_1.png,0,0,0,0,204,0,0,0,0,0,0,0,0,0,0
test_19_1_2.png,0,0,0,0,0,0,0,7,0,0,0,0,0,0,0
test_19_1_3.png,0,0,66,0,0,66,0,0,66,0,0,66,0,0,66
test_19_2_0.png,2671,349,1298,2792,379,1177,2712,409,1257,2681,279,1288,2721,372,1248
test_19_2_1.png,6617,608,559,6613,458,563,6702,598,474,6203,432,973,6640,484,536
test_19_2_2.png,0,0,29,0,0,29,0,0,29,0,0,29,0,0,29
test_19_2_3.png,1232,252,236,1101,44,367,1285,231,183,1273,223,195,1271,208,197
test_19_3_0.png,4615,173,284,4624,235,275,4637,338,262,4629,211,270,4646,219,253
test_19_3_1.png,13058,908,1114,13031,918,1141,13170,917,1002,12998,756,1174,13094,870,1078
test_19_3_2.png,14607,1103,1016,14410,877,1213,14551,1116,1072,14492,964,1131,14544,976,1079
test_19_3_3.png,4788,588,132,4794,710,126,4786,684,134,4770,649,150,4801,615,119
test_1_0_0.png,0,0,0,0,0,0,0,0,0,0,0,0,0,0,0
test_1_0_1.png,0,0,0,0,0,0,0,0,0,0,0,0,0,0,0
test_1_0_2.png,0,0,0,0,0,0,0,0,0,0,0,0,0,0,0
test_1_0_3.png,11927,718,1262,11971,708,1218,11897,764,1292,11838,641,1351,11903,708,1286
test_1_1_0.png,0,0,0,0,0,0,0,0,0,0,0,0,0,0,0
test_1_1_1.png,0,0,0,0,0,0,0,0,0,0,0,0,0,0,0
test_1_1_2.png,0,0,0,0,0,0,0,0,0,0,0,0,0,0,0
test_1_1_3.png,0,0,0,0,0,0,0,0,0,0,0,0,0,0,0
test_1_2_0.png,0,0,0,0,0,0,0,0,0,0,0,0,0,0,0
test_1_2_1.png,0,0,0,0,0,0,0,0,0,0,0,0,0,0,0
test_1_2_2.png,0,0,0,0,0,0,0,0,0,0,0,0,0,0,0
test_1_2_3.png,0,0,0,0,0,0,0,0,0,0,0,0,0,0,0
test_1_3_0.png,0,0,0,0,0,0,0,0,0,0,0,0,0,0,0
test_1_3_1.png,0,0,0,0,0,0,0,0,0,0,0,0,0,0,0
test_1_3_2.png,0,0,0,0,0,0,0,0,0,0,0,0,0,0,0
test_1_3_3.png,0,0,0,0,0,0,0,0,0,0,0,0,0,0,0
test_20_0_0.png,7181,797,401,7175,911,407,7128,644,454,7223,867,359,7190,726,392
test_20_0_1.png,19710,1629,1209,19559,1355,1360,19761,1594,1158,19747,1523,1172,19730,1489,1189
test_20_0_2.png,14895,1084,1091,15122,1241,864,14955,1068,1031,15034,1160,952,14985,1092,1001
test_20_0_3.png,21113,1743,1218,21590,1905,741,21573,2516,758,21402,3260,929,21501,2048,830
test_20_1_0.png,19312,936,1107,19354,894,1065,19538,1192,881,19448,1012,971,19423,996,996
test_20_1_1.png,19473,1288,908,19478,1231,903,19463,1312,918,19505,1314,876,19493,1251,888
test_20_1_2.png,10043,769,592,10035,739,600,9983,748,652,10013,800,622,10027,742,608
test_20_1_3.png,4616,514,154,4604,518,166,4615,591,155,4627,535,143,4627,545,143
test_20_2_0.png,21706,1592,849,21832,1671,723,21715,1731,840,21610,1501,945,21759,1576,796
test_20_2_1.png,18822,1505,1145,19292,1555,675,19153,1590,814,18728,1611,1239,19084,1535,883
test_20_2_2.png,0,0,0,0,0,0,0,0,0,0,0,0,0,0,0
test_20_2_3.png,0,0,0,0,0,0,0,0,0,0,0,0,0,0,0
test_20_3_0.png,23233,1619,937,23307,1604,863,23165,1472,1005,23197,1639,973,23275,1528,895
test_20_3_1.png,19878,976,1245,19856,909,1267,19801,826,1322,19867,921,1256,19884,870,1239
test_20_3_2.png,4672,433,359,4779,522,252,4727,447,304,4747,389,284,4735,433,296
test_20_3_3.png,0,0,0,0,0,0,0,0,0,0,0,0,0,0,0
test_21_0_0.png,5324,298,1351,5709,466,966,5864,530,811,5932,482,743,5824,415,851
test_21_0_1.png,9135,834,620,9195,1072,560,9190,1239,565,9111,1223,644,9136,1031,619
test_21_0_2.png,13384,1501,829,13366,1349,847,13493,1477,720,13410,1137,803,13444,1323,769
test_21_0_3.png,10188,317,864,10270,342,782,10217,338,835,10298,336,754,10251,322,801
test_21_1_0.png,7338,684,1416,7344,624,1410,7643,947,1111,7630,859,1124,7527,757,1227
test_21_1_1.png,9847,716,939,9870,809,916,9777,752,1009,9639,703,1147,9830,720,956
test_21_1_2.png,16601,785,1099,16799,859,901,16694,745,1006,16690,686,1010,16753,744,947
test_21_1_3.png,16999,1200,1469,17122,1229,1346,17111,1112,1357,17063,1153,1405,17089,1137,1379
test_21_2_0.png,1905,87,335,2174,131,66,1943,195,297,1915,140,325,1956,113,284
test_21_2_1.png,17417,702,1240,17859,529,798,17736,709,921,17523,597,1134,17678,591,979
test_21_2_2.png,16470,1121,942,16306,483,1106,16399,1163,1013,16486,1040,926,16436,1034,976
test_21_2_3.png,596,32,110,627,32,79,586,17,120,616,35,90,612,26,94
test_21_3_0.png,1806,55,681,1810,52,677,1362,52,1125,1237,13,1250,1701,44,786
test_21_3_1.png,4085,250,2234,4139,250,2180,4242,668,2077,4345,604,1974,4140,383,2179
test_21_3_2.png,6473,176,1357,6346,208,1484,6088,216,1742,6400,195,1430,6373,188,1457
test_21_3_3.png,4472,346,110,4501,528,81,4494,457,88,4499,306,83,4485,387,97
test_22_0_0.png,0,0,0,0,0,0,0,0,0,0,0,0,0,0,0
test_22_0_1.png,0,0,0,0,0,0,0,0,0,0,0,0,0,0,0
test_22_0_2.png,0,0,0,0,0,0,0,0,0,0,0,0,0,0,0
test_22_0_3.png,0,0,0,0,0,0,0,0,0,0,0,0,0,0,0
test_22_1_0.png,0,0,0,0,0,0,0,0,0,0,0,0,0,0,0
test_22_1_1.png,0,0,0,0,0,0,0,0,0,0,0,0,0,0,0
test_22_1_2.png,0,0,0,0,0,0,0,0,0,0,0,0,0,0,0
test_22_1_3.png,0,0,6,0,0,6,0,0,6,0,0,6,0,0,6
test_22_2_0.png,2888,311,88,2907,302,69,2909,819,67,2889,334,87,2907,305,69
test_22_2_1.png,0,0,0,0,0,0,0,0,0,0,0,0,0,0,0
test_22_2_2.png,1235,116,232,1283,126,184,1177,98,290,1208,61,259,1239,104,228
test_22_2_3.png,8107,545,1301,8000,344,1408,8197,507,1211,8003,365,1405,8157,402,1251
test_22_3_0.png,6338,1061,907,6397,1011,848,6005,1001,1240,6162,991,1083,6306,998,939
test_22_3_1.png,10808,889,1737,11083,909,1462,11377,1050,1168,11317,950,1228,11132,906,1413
test_22_3_2.png,7886,535,1571,7813,655,1644,7805,776,1652,7722,589,1735,7849,565,1608
test_22_3_3.png,7060,1012,575,7122,871,513,7345,986,290,7077,783,558,7128,835,507
test_23_0_0.png,4230,422,114,4210,376,134,4214,431,130,4242,504,102,4230,411,114
test_23_0_1.png,5795,309,808,5937,282,666,5930,373,673,5652,420,951,5843,306,760
test_23_0_2.png,0,0,0,0,0,0,0,0,0,0,0,0,0,0,0
test_23_0_3.png,0,0,0,0,0,0,0,0,0,0,0,0,0,0,0
test_23_1_0.png,7652,527,703,7806,613,549,7708,756,647,7714,425,641,7771,436,584
test_23_1_1.png,9832,721,896,9832,655,896,9891,620,837,9781,605,947,9858,626,870
test_23_1_2.png,483,44,71,392,6,162,520,119,34,526,160,28,503,64,51
test_23_1_3.png,0,171,0,0,204,0,0,207,0,0,151,0,0,193,0
test_23_2_0.png,8991,1184,1195,8045,1099,2141,9096,1120,1090,8754,1104,1432,8922,1112,1264
test_23_2_1.png,8413,498,1522,8187,465,1748,8855,629,1080,8948,630,987,8639,518,1296
test_23_2_2.png,3457,175,98,3445,151,110,3434,184,121,3458,218,97,3451,175,104
test_23_2_3.png,0,0,0,0,0,0,0,0,0,0,0,0,0,0,0
test_23_3_0.png,6663,853,443,6554,613,552,6609,553,497,6542,350,564,6646,483,460
test_23_3_1.png,2552,176,768,2905,139,415,2956,137,364,2726,131,594,2832,123,488
test_23_3_2.png,0,0,0,0,0,0,0,0,0,0,0,0,0,0,0
test_23_3_3.png,0,0,0,0,0,0,0,0,0,0,0,0,0,0,0
test_24_0_0.png,11,6,482,122,14,371,379,41,114,141,17,352,136,16,357
test_24_0_1.png,0,0,0,0,0,0,0,0,0,0,0,0,0,0,0
test_24_0_2.png,2581,379,136,2637,299,80,2575,434,142,2602,283,115,2609,319,108
test_24_0_3.png,618,31,62,640,35,40,656,44,24,580,23,100,638,27,42
test_24_1_0.png,2096,114,136,2086,88,146,2089,119,143,2105,139,127,2097,112,135
test_24_1_1.png,2824,575,55,2819,585,60,2810,576,69,2811,563,68,2817,578,62
test_24_1_2.png,1952,164,102,1944,115,110,1916,141,138,1929,105,125,1936,122,118
test_24_1_3.png,3118,290,337,3146,325,309,3170,360,285,3163,342,292,3152,320,303
test_24_2_0.png,6710,515,387,6741,1014,356,6774,765,323,6790,631,307,6776,620,321
test_24_2_1.png,3984,534,154,3976,571,162,3984,617,154,3925,520,213,3971,549,167
test_24_2_2.png,2964,414,147,3030,495,81,3004,518,107,2993,592,118,2985,480,126
test_24_2_3.png,6240,548,313,6270,610,283,6239,534,314,6257,615,296,6256,557,297
test_24_3_0.png,324,105,253,481,115,96,260,67,317,461,201,116,337,101,240
test_24_3_1.png,8932,550,443,8941,593,434,9025,583,350,8942,561,433,8983,560,392
test_24_3_2.png,9491,1444,604,9366,1474,729,9431,1491,664,9347,1536,748,9394,1483,701
test_24_3_3.png,3078,318,136,3032,420,182,2962,356,252,2964,400,250,3005,384,209
test_25_0_0.png,916,1236,130,909,1549,137,942,1317,104,926,1075,120,927,1253,119
test_25_0_1.png,0,0,470,0,0,470,0,0,470,0,3,470,0,0,470
test_25_0_2.png,0,0,0,0,0,0,0,0,0,0,0,0,0,0,0
test_25_0_3.png,373,12,1202,222,8,1353,444,12,1131,0,0,1575,301,3,1274
test_25_1_0.png,5046,418,491,5031,499,506,5089,436,448,5243,750,294,5087,463,450
test_25_1_1.png,1697,124,147,1708,174,136,1692,126,152,1700,160,144,1705,136,139
test_25_1_2.png,472,87,522,436,54,558,630,118,364,556,80,438,549,71,445
test_25_1_3.png,541,63,438,537,65,442,536,69,443,539,56,440,538,64,441
test_25_2_0.png,5328,388,948,5474,488,802,5572,524,704,5540,500,736,5465,465,811
test_25_2_1.png,3871,366,179,3922,301,128,3890,355,160,3922,339,128,3898,307,152
test_25_2_2.png,4626,702,376,4673,661,329,4645,732,357,4748,776,254,4674,714,328
test_25_2_3.png,3273,590,299,3184,560,388,3295,609,277,3248,577,324,3270,576,302
test_25_3_0.png,2556,417,91,2574,517,73,2578,349,69,2598,530,49,2587,475,60
test_25_3_1.png,5785,600,340,5883,699,242,5877,747,248,5787,568,338,5864,615,261
test_25_3_2.png,3556,268,343,3534,201,365,3580,292,319,3560,276,339,3560,250,339
test_25_3_3.png,0,0,0,0,0,0,0,0,0,0,33,0,0,0,0
test_26_0_0.png,1451,82,145,1451,93,145,1489,68,107,1482,92,114,1468,71,128
test_26_0_1.png,1028,251,37,1037,441,28,1023,411,42,1031,488,34,1030,431,35
test_26_0_2.png,2021,237,68,2019,231,70,2046,288,43,2028,376,61,2033,294,56
test_26_0_3.png,3289,165,354,3274,139,369,3306,171,337,3258,179,385,3284,168,359
test_26_1_0.png,1366,315,138,1344,176,160,1320,226,184,1308,201,196,1346,189,158
test_26_1_1.png,0,0,0,0,0,0,0,0,0,0,0,0,0,0,0
test_26_1_2.png,0,0,0,0,0,0,0,0,0,0,0,0,0,0,0
test_26_1_3.png,3749,290,152,3746,353,155,3770,364,131,3786,267,115,3763,330,138
test_26_2_0.png,606,4,133,640,24,99,616,4,123,621,5,118,625,6,114
test_26_2_1.png,0,0,0,0,0,0,0,0,0,0,0,0,0,0,0
test_26_2_2.png,12,901,237,118,1017,131,105,782,144,114,949,135,110,918,139
test_26_2_3.png,4780,594,386,4851,745,315,4750,634,416,4709,573,457,4779,636,387
test_26_3_0.png,801,22,726,837,32,690,1105,32,422,834,20,693,848,25,679
test_26_3_1.png,0,0,0,0,0,0,0,0,0,0,0,0,0,0,0
test_26_3_2.png,2911,202,111,2929,196,93,2929,199,93,2906,293,116,2923,216,99
test_26_3_3.png,6991,658,1184,7280,596,895,7037,517,1138,6753,448,1422,7042,527,1133
test_27_0_0.png,1769,54,63,1774,56,58,1763,49,69,1763,63,69,1769,52,63
test_27_0_1.png,2792,454,729,2838,322,683,2947,516,574,2775,297,746,2849,268,672
test_27_0_2.png,0,0,150,0,0,150,0,0,150,0,0,150,0,0,150
test_27_0_3.png,3386,74,968,3622,110,732,3551,98,803,3156,57,1198,3483,73,871
test_27_1_0.png,4829,81,138,4850,103,117,4825,88,142,4841,105,126,4840,94,127
test_27_1_1.png,1013,55,36,1009,54,40,1004,43,45,1013,54,36,1015,51,34
test_27_1_2.png,0,0,0,0,0,0,0,0,0,0,0,0,0,0,0
test_27_1_3.png,0,253,0,0,258,0,0,249,0,0,255,0,0,257,0
test_27_2_0.png,12939,937,977,12945,795,971,12836,772,1080,12941,914,975,12930,844,986
test_27_2_1.png,5822,685,792,5758,619,856,5831,573,783,5448,438,1166,5769,559,845
test_27_2_2.png,2239,191,301,2261,168,279,2293,225,247,2236,139,304,2265,173,275
test_27_2_3.png,0,0,0,0,0,0,0,0,0,0,0,0,0,0,0
test_27_3_0.png,17861,1896,2072,18098,1889,1835,17830,1794,2103,17977,1920,1956,17961,1853,1972
test_27_3_1.png,8080,1510,663,8104,1571,639,8129,1597,614,8115,1599,628,8114,1547,629
test_27_3_2.png,0,0,0,0,0,0,0,0,0,0,0,0,0,0,0
test_27_3_3.png,0,0,0,0,61,0,0,10,0,0,70,0,0,14,0
test_28_0_0.png,0,0,0,0,0,0,0,0,0,0,0,0,0,0,0
test_28_0_1.png,0,0,0,0,0,0,0,0,0,0,0,0,0,0,0
test_28_0_2.png,0,0,0,0,0,0,0,0,0,0,0,0,0,0,0
test_28_0_3.png,3783,303,222,3788,279,217,3752,249,253,3715,165,290,3766,241,239
test_28_1_0.png,3493,142,332,3545,149,280,3520,146,305,3512,159,313,3525,147,300
test_28_1_1.png,0,0,0,0,0,0,0,0,0,0,0,0,0,0,0
test_28_1_2.png,0,0,0,0,0,0,0,0,0,0,0,0,0,0,0
test_28_1_3.png,0,0,0,0,0,0,0,0,0,0,0,0,0,0,0
test_28_2_0.png,14656,1042,1122,14572,994,1206,14696,1189,1082,14673,1034,1105,14663,1030,1115
test_28_2_1.png,10632,988,871,10738,1097,765,10744,1166,759,10679,1066,824,10710,1064,793
test_28_2_2.png,5500,393,281,5499,309,282,5557,2141,224,5515,1389,266,5530,389,251
test_28_2_3.png,0,0,0,0,0,0,0,0,0,0,0,0,0,0,0
test_28_3_0.png,14303,922,1343,14465,1025,1181,14255,918,1391,14407,1094,1239,14378,950,1268
test_28_3_1.png,17288,2008,747,17229,1624,806,17359,1908,676,17341,1901,694,17333,1847,702
test_28_3_2.png,14117,991,1868,14293,1101,1692,13757,930,2228,13626,856,2359,14082,920,1903
test_28_3_3.png,11092,1069,1151,11172,1034,1071,10963,1010,1280,11134,1032,1109,11114,1039,1129
test_29_0_0.png,0,0,0,0,0,0,0,0,0,0,0,0,0,0,0
test_29_0_1.png,0,0,0,0,0,0,0,0,0,0,0,0,0,0,0
test_29_0_2.png,2392,87,305,2564,203,133,2470,81,227,2510,131,187,2512,101,185
test_29_0_3.png,2870,234,412,3010,254,272,2958,278,324,3041,279,241,3005,243,277
test_29_1_0.png,1254,82,73,1248,50,79,1252,56,75,1246,76,81,1255,64,72
test_29_1_1.png,20146,1269,767,20198,1289,715,20187,1187,726,20156,1349,757,20199,1236,714
test_29_1_2.png,17836,764,1026,17923,867,939,17844,915,1018,17731,852,1131,17856,790,1006
test_29_1_3.png,8143,355,489,8177,416,455,8091,415,541,8101,337,531,8152,365,480
test_29_2_0.png,16151,772,450,16140,782,461,16061,780,540,16069,807,532,16137,747,464
test_29_2_1.png,15434,877,872,15505,957,801,15512,896,794,15339,873,967,15499,870,807
test_29_2_2.png,12562,760,711,12655,743,618,12726,901,547,12609,837,664,12651,785,622
test_29_2_3.png,6588,141,847,6509,106,926,6645,169,790,6632,146,803,6601,125,834
test_29_3_0.png,10193,933,578,10140,816,631,10144,806,627,10174,849,597,10195,837,576
test_29_3_1.png,14824,1189,1210,14762,1054,1272,14750,1117,1284,14686,1042,1348,14799,1064,1235
test_29_3_2.png,3653,288,178,3641,239,190,3680,298,151,3668,285,163,3666,259,165
test_29_3_3.png,2750,132,356,2768,104,338,2689,107,417,2652,102,454,2707,103,399
test_2_0_0.png,15508,1482,994,15470,1406,1032,15465,1400,1037,15523,1351,979,15497,1387,1005
test_2_0_1.png,16423,1159,1083,16453,1124,1053,16322,1076,1184,16382,1041,1124,16399,1087,1107
test_2_0_2.png,11346,978,656,11335,870,667,11239,849,763,11271,886,731,11306,876,696
test_2_0_3.png,2402,162,151,2407,168,146,2388,158,165,2398,174,155,2399,163,154
test_2_1_0.png,0,0,0,0,0,0,0,0,0,0,0,0,0,0,0
test_2_1_1.png,0,0,0,0,0,0,0,0,0,0,0,0,0,0,0
test_2_1_2.png,0,0,0,0,0,0,0,0,0,0,0,0,0,0,0
test_2_1_3.png,0,0,0,0,0,0,0,239,0,0,0,0,0,0,0
test_2_2_0.png,0,0,0,0,0,0,0,0,0,0,0,0,0,0,0
test_2_2_1.png,0,0,0,0,0,0,0,0,0,0,0,0,0,0,0
test_2_2_2.png,0,0,0,0,0,0,0,0,0,0,0,0,0,0,0
test_2_2_3.png,0,221,0,0,1,0,0,88,0,0,187,0,0,173,0
test_2_3_0.png,0,0,0,0,0,0,0,0,0,0,0,0,0,0,0
test_2_3_1.png,0,0,0,0,0,0,0,0,0,0,0,0,0,0,0
test_2_3_2.png,0,63,0,0,0,0,0,76,0,0,0,0,0,0,0
test_2_3_3.png,1685,112,73,1687,94,71,1685,100,73,1688,97,70,1687,98,71
test_30_0_0.png,0,0,0,0,0,0,0,0,0,0,0,0,0,0,0
test_30_0_1.png,348,42,3,338,36,13,344,36,7,349,37,2,346,37,5
test_30_0_2.png,0,0,0,0,0,0,0,0,0,0,0,0,0,0,0
test_30_0_3.png,0,0,0,0,0,0,0,0,0,0,0,0,0,0,0
test_30_1_0.png,3465,211,633,3470,150,628,3446,210,652,3482,291,616,3470,192,628
test_30_1_1.png,774,402,103,777,569,100,800,31,77,791,199,86,787,248,90
test_30_1_2.png,0,0,0,0,0,0,0,0,0,0,0,0,0,0,0
test_30_1_3.png,0,0,0,0,0,0,0,0,0,0,0,0,0,0,0
test_30_2_0.png,1421,553,197,1451,511,167,1482,712,136,1467,413,151,1477,543,141
test_30_2_1.png,3386,256,487,3600,306,273,3484,334,389,3560,305,313,3520,280,353
test_30_2_2.png,5004,477,505,5008,560,501,4971,535,538,4870,624,639,4969,541,540
test_30_2_3.png,4024,592,428,4044,581,408,4018,684,434,4042,460,410,4022,565,430
test_30_3_0.png,3554,196,748,3680,258,622,3637,669,665,3523,201,779,3619,247,683
test_30_3_1.png,10230,606,1084,10454,788,860,10338,657,976,10369,638,945,10409,630,905
test_30_3_2.png,11871,1015,966,11951,1099,886,11812,924,1025,11799,899,1038,11894,934,943
test_30_3_3.png,12715,758,1242,12932,741,1025,12778,838,1179,12805,681,1152,12864,730,1093
test_31_0_0.png,6496,390,742,6514,353,724,6495,591,743,6466,483,772,6502,413,736
test_31_0_1.png,5497,811,405,5414,603,488,5404,670,498,5433,849,469,5469,681,433
test_31_0_2.png,0,0,0,0,0,0,0,0,0,0,0,0,0,0,0
test_31_0_3.png,8242,409,799,8311,462,730,8261,507,780,8060,436,981,8242,441,799
test_31_1_0.png,13585,756,4565,13514,782,4636,13330,675,4820,13166,562,4984,13496,641,4654
test_31_1_1.png,3048,74,395,3044,40,399,3087,55,356,3066,66,377,3076,56,367
test_31_1_2.png,608,17,32,617,23,23,617,17,23,617,13,23,617,16,23
test_31_1_3.png,3642,1753,152,3601,1789,193,3586,159,208,3632,1753,162,3625,1723,169
test_31_2_0.png,42,623,1027,131,620,938,46,634,1023,65,618,1004,59,621,1010
test_31_2_1.png,4550,170,314,4532,177,332,4539,199,325,4564,222,300,4550,182,314
test_31_2_2.png,4172,889,76,4170,942,78,4162,949,86,4168,1044,80,4169,972,79
test_31_2_3.png,388,437,9,382,423,15,384,9,13,387,478,10,386,423,11
test_31_3_0.png,9376,455,1230,9426,617,1180,9392,460,1214,9346,461,1260,9404,461,1202
test_31_3_1.png,3253,88,1321,2915,91,1659,2993,75,1581,2892,75,1682,2916,75,1658
test_31_3_2.png,2351,61,189,2396,79,144,2382,104,158,2381,79,159,2378,75,162
test_31_3_3.png,3277,67,769,3493,86,553,3356,100,690,3332,83,714,3330,83,716
test_32_0_0.png,0,0,0,0,0,0,0,0,0,0,0,0,0,0,0
test_32_0_1.png,0,0,0,0,0,0,0,0,0,0,0,0,0,0,0
test_32_0_2.png,432,3,33,429,1,36,441,29,24,454,26,11,448,4,17
test_32_0_3.png,1367,21,58,1388,44,37,1391,45,34,1356,21,69,1382,28,43
test_32_1_0.png,0,0,1498,0,0,1498,0,0,1498,0,0,1498,0,0,1498
test_32_1_1.png,0,0,0,0,0,0,0,0,0,0,0,0,0,0,0
test_32_1_2.png,0,0,0,0,0,0,0,0,0,0,0,0,0,0,0
test_32_1_3.png,0,0,0,0,0,0,0,239,0,0,302,0,0,82,0
test_32_2_0.png,0,0,667,0,0,667,0,0,667,0,0,667,0,0,667
test_32_2_1.png,1509,89,64,1527,52,46,1496,57,77,1516,88,57,1519,71,54
test_32_2_2.png,134,18,106,157,12,83,230,45,10,0,0,240,151,13,89
test_32_2_3.png,3014,340,376,3158,701,232,3258,727,132,3211,278,179,3205,492,185
test_32_3_0.png,0,0,0,0,0,0,0,0,0,0,0,0,0,0,0
test_32_3_1.png,0,0,0,0,0,0,0,0,0,0,0,0,0,0,0
test_32_3_2.png,350,55,6,355,53,1,346,49,10,349,40,7,352,48,4
test_32_3_3.png,5971,410,334,6011,647,294,6047,915,258,5978,764,327,6021,712,284
test_33_0_0.png,2207,111,401,2242,101,366,2172,53,436,2053,35,555,2177,51,431
test_33_0_1.png,0,171,0,0,388,0,0,1536,0,0,469,0,0,156,0
test_33_0_2.png,0,0,0,0,0,0,0,0,0,0,0,0,0,0,0
test_33_0_3.png,0,7,0,0,0,0,0,0,0,0,0,0,0,0,0
test_33_1_0.png,0,274,0,0,189,0,0,227,0,0,0,0,0,193,0
test_33_1_1.png,0,0,0,0,0,0,0,0,0,0,0,0,0,0,0
test_33_1_2.png,9629,422,1099,9761,348,967,9512,460,1216,9621,481,1107,9673,364,1055
test_33_1_3.png,5980,910,1275,6184,855,1071,5290,836,1965,5662,823,1593,5809,841,1446
test_33_2_0.png,0,1,0,0,0,0,0,0,0,0,0,0,0,0,0
test_33_2_1.png,1207,393,230,1183,546,254,1203,88,234,1181,94,256,1198,104,239
test_33_2_2.png,11986,908,565,12015,895,536,11755,691,796,11986,819,565,11991,806,560
test_33_2_3.png,17247,971,1228,17199,878,1276,17098,1022,1377,17202,920,1273,17252,856,1223
test_33_3_0.png,3407,277,978,3409,511,976,3528,580,857,3486,643,899,3438,474,947
test_33_3_1.png,9384,393,1435,9360,359,1459,9694,604,1125,9621,787,1198,9471,452,1348
test_33_3_2.png,0,0,0,0,0,0,0,0,0,0,0,0,0,0,0
test_33_3_3.png,3269,116,441,3273,98,437,3180,229,530,3161,160,549,3268,130,442
test_34_0_0.png,14881,1247,1982,14745,1030,2118,14390,1046,2473,14350,1045,2513,14693,1060,2170
test_34_0_1.png,10785,580,1924,11654,709,1055,10822,714,1887,10800,674,1909,10805,622,1904
test_34_0_2.png,866,101,369,791,72,444,435,67,800,771,39,464,799,64,436
test_34_0_3.png,0,0,0,0,0,0,0,0,0,0,0,0,0,0,0
test_34_1_0.png,5826,215,1932,5946,287,1812,5852,244,1906,5750,209,2008,5833,214,1925
test_34_1_1.png,10692,522,750,10612,474,830,10942,685,500,10700,576,742,10749,554,693
test_34_1_2.png,443,67,71,456,43,58,473,172,41,454,47,60,455,53,59
test_34_1_3.png,4833,210,201,4834,213,200,4840,194,194,4847,197,187,4840,188,194
test_34_2_0.png,5270,1213,779,5183,1834,866,5262,1496,787,5255,554,794,5246,1215,803
test_34_2_1.png,16365,1049,1288,16324,968,1329,16333,1025,1320,15829,936,1824,16333,945,1320
test_34_2_2.png,11778,696,818,11757,736,839,11713,748,883,11877,829,719,11796,726,800
test_34_2_3.png,7839,568,883,8381,630,341,8374,680,348,8404,772,318,8380,643,342
test_34_3_0.png,3508,184,116,3410,106,214,3459,163,165,3432,108,192,3461,126,163
test_34_3_1.png,7253,593,436,6989,413,700,7271,460,418,7236,452,453,7247,442,442
test_34_3_2.png,10013,709,371,10030,846,354,10028,717,356,10012,514,372,10035,739,349
test_34_3_3.png,16893,765,792,16946,884,739,16973,1070,712,16977,864,708,16983,851,702
test_35_0_0.png,0,0,0,0,0,0,0,0,0,0,0,0,0,0,0
test_35_0_1.png,0,0,0,0,0,0,0,0,0,0,0,0,0,0,0
test_35_0_2.png,0,0,0,0,0,0,0,0,0,0,0,0,0,0,0
test_35_0_3.png,10733,529,661,10800,526,594,10783,512,611,10806,524,588,10784,507,610
test_35_1_0.png,0,0,0,0,0,0,0,0,0,0,0,0,0,0,0
test_35_1_1.png,0,0,0,0,0,0,0,0,0,0,0,0,0,0,0
test_35_1_2.png,4805,419,152,4765,402,192,4739,369,218,4804,407,153,4788,393,169
test_35_1_3.png,16361,1348,495,16339,1309,517,16375,1402,481,16343,1324,513,16366,1283,490
test_35_2_0.png,0,0,0,0,0,0,0,0,0,0,0,0,0,0,0
test_35_2_1.png,6804,343,443,6856,479,391,6832,407,415,6838,479,409,6830,397,417
test_35_2_2.png,16665,1075,878,16591,1070,952,16653,1096,890,16729,1231,814,16695,1073,848
test_35_2_3.png,10590,770,431,10570,770,451,10589,804,432,10596,771,425,10603,768,418
test_35_3_0.png,0,0,0,0,0,0,0,0,0,0,0,0,0,0,0
test_35_3_1.png,8492,605,547,8519,548,520,8602,648,437,8586,662,453,8549,601,490
test_35_3_2.png,14231,1207,663,14204,1121,690,14175,1101,719,14196,1129,698,14207,1126,687
test_35_3_3.png,8332,803,658,8322,769,668,8188,694,802,8262,685,728,8302,704,688
test_36_0_0.png,0,0,0,0,0,0,0,0,0,0,0,0,0,0,0
test_36_0_1.png,0,0,0,0,0,0,0,0,0,0,0,0,0,0,0
test_36_0_2.png,0,0,0,0,0,0,0,0,0,0,0,0,0,0,0
test_36_0_3.png,0,0,0,0,0,0,0,0,0,0,0,0,0,0,0
test_36_1_0.png,0,0,0,0,0,0,0,0,0,0,0,0,0,0,0
test_36_1_1.png,0,0,0,0,0,0,0,0,0,0,0,0,0,0,0
test_36_1_2.png,0,0,0,0,0,0,0,0,0,0,0,0,0,0,0
test_36_1_3.png,0,0,0,0,0,0,0,0,0,0,0,0,0,0,0
test_36_2_0.png,0,0,0,0,0,0,0,0,0,0,0,0,0,0,0
test_36_2_1.png,0,0,0,0,0,0,0,0,0,0,0,0,0,0,0
test_36_2_2.png,0,0,0,0,0,0,0,0,0,0,0,0,0,0,0
test_36_2_3.png,248,24,4,250,37,2,251,26,1,249,33,3,249,27,3
test_36_3_0.png,0,0,0,0,0,0,0,0,0,0,0,0,0,0,0
test_36_3_1.png,0,285,0,0,260,0,0,267,0,0,273,0,0,268,0
test_36_3_2.png,3511,314,236,3537,359,210,3508,382,239,3531,372,216,3537,350,210
test_36_3_3.png,12050,1100,516,12100,1124,466,12075,1047,491,12055,1102,511,12086,1069,480
test_37_0_0.png,15874,2281,780,15898,2489,756,15873,2434,781,15813,2477,841,15891,2362,763
test_37_0_1.png,5845,713,533,5934,767,444,5763,775,615,5791,665,587,5838,646,540
test_37_0_2.png,3928,770,1006,3919,738,1015,3885,666,1049,3961,788,973,3946,716,988
test_37_0_3.png,0,0,0,0,0,0,0,0,0,0,0,0,0,0,0
test_37_1_0.png,15518,2131,1137,15521,2114,1134,15462,2109,1193,15541,2079,1114,15558,2063,1097
test_37_1_1.png,11754,1454,1606,11623,1634,1737,11579,1449,1781,11671,1452,1689,11699,1445,1661
test_37_1_2.png,4488,466,904,4246,341,1146,4223,317,1169,4309,372,1083,4310,365,1082
test_37_1_3.png,0,0,0,0,0,0,0,0,0,0,0,0,0,0,0
test_37_2_0.png,4114,534,287,4024,430,377,4012,448,389,4085,551,316,4071,473,330
test_37_2_1.png,0,0,0,0,0,0,0,0,0,0,0,0,0,0,0
test_37_2_2.png,0,0,312,0,0,312,0,0,312,0,0,312,0,0,312
test_37_2_3.png,0,0,0,0,0,0,0,0,0,0,0,0,0,0,0
test_37_3_0.png,0,0,0,0,0,0,0,0,0,0,0,0,0,0,0
test_37_3_1.png,0,0,0,0,0,0,0,0,0,0,0,0,0,0,0
test_37_3_2.png,0,0,0,0,0,0,0,0,0,0,0,0,0,0,0
test_37_3_3.png,0,0,0,0,0,0,0,0,0,0,0,0,0,0,0
test_38_0_0.png,4018,239,249,4048,223,219,4018,196,249,4005,210,262,4030,209,237
test_38_0_1.png,8089,630,316,8089,807,316,8182,822,223,8066,711,339,8132,737,273
test_38_0_2.png,9032,625,593,9005,674,620,8999,645,626,9064,680,561,9037,634,588
test_38_0_3.png,15005,1159,798,14986,1139,817,14993,1155,810,15038,1163,765,15023,1123,780
test_38_1_0.png,13168,999,634,13199,991,603,13201,1007,601,13113,876,689,13190,940,612
test_38_1_1.png,10614,1035,775,10480,892,909,10456,918,933,10349,847,1040,10505,895,884
test_38_1_2.png,10349,760,491,10429,908,411,10416,1040,424,10421,900,419,10441,859,399
test_38_1_3.png,6984,554,350,7006,613,328,7003,641,331,6990,579,344,7012,594,322
test_38_2_0.png,1014,99,31,1008,95,37,1004,104,41,1007,90,38,1011,95,34
test_38_2_1.png,1980,99,210,1969,81,221,1974,104,216,1962,89,228,1971,89,219
test_38_2_2.png,12124,913,602,12145,953,581,12131,915,595,12180,900,546,12169,917,557
test_38_2_3.png,14678,908,640,14690,889,628,14732,984,586,14762,979,556,14731,921,587
test_38_3_0.png,0,19,0,0,4,0,0,2,0,0,19,0,0,13,0
test_38_3_1.png,0,0,0,0,0,0,0,0,0,0,0,0,0,0,0
test_38_3_2.png,9292,910,696,9235,815,753,9262,808,726,9316,803,672,9283,827,705
test_38_3_3.png,14611,1168,669,14587,1167,693,14420,1065,860,14561,1203,719,14568,1125,712
test_39_0_0.png,0,0,0,0,0,0,0,0,0,0,0,0,0,0,0
test_39_0_1.png,0,0,0,0,0,0,0,0,0,0,0,0,0,0,0
test_39_0_2.png,0,0,0,0,0,0,0,0,0,0,0,0,0,0,0
test_39_0_3.png,0,0,308,0,0,308,0,0,308,0,0,308,0,0,308
test_39_1_0.png,0,0,0,0,0,0,0,0,0,0,0,0,0,0,0
test_39_1_1.png,0,0,0,0,0,0,0,0,0,0,0,0,0,0,0
test_39_1_2.png,0,4,0,0,0,0,0,0,0,0,0,0,0,0,0
test_39_1_3.png,0,0,0,0,0,0,0,0,0,0,0,0,0,0,0
test_39_2_0.png,0,0,0,0,0,0,0,0,0,0,0,0,0,0,0
test_39_2_1.png,4078,245,202,4102,309,178,4004,237,276,4002,267,278,4043,251,237
test_39_2_2.png,1160,26,237,1276,40,121,1180,22,217,1113,22,284,1190,21,207
test_39_2_3.png,0,0,0,0,0,0,0,0,0,0,0,0,0,0,0
test_39_3_0.png,12326,1183,1245,12236,1143,1335,12274,1126,1297,12133,1203,1438,12310,1124,1261
test_39_3_1.png,18230,1431,1661,18121,2748,1770,17941,2685,1950,18009,3082,1882,18088,2690,1803
test_39_3_2.png,11699,776,1268,11608,655,1359,11766,840,1201,11615,725,1352,11685,716,1282
test_39_3_3.png,0,0,0,0,0,0,0,0,0,0,0,0,0,0,0
test_3_0_0.png,319,0,63,272,2,110,0,0,382,154,0,228,235,0,147
test_3_0_1.png,0,0,0,0,0,0,0,0,0,0,0,0,0,0,0
test_3_0_2.png,0,0,0,0,0,0,0,0,0,0,0,0,0,0,0
test_3_0_3.png,0,0,0,0,0,0,0,0,0,0,0,0,0,0,0
test_3_1_0.png,0,0,460,0,0,460,0,0,460,0,0,460,0,0,460
test_3_1_1.png,0,0,0,0,0,0,0,0,0,0,0,0,0,0,0
test_3_1_2.png,0,0,0,0,0,0,0,0,0,0,0,0,0,0,0
test_3_1_3.png,0,0,0,0,0,0,0,0,0,0,0,0,0,0,0
test_3_2_0.png,0,194,0,0,189,0,0,197,0,0,189,0,0,193,0
test_3_2_1.png,0,0,0,0,0,0,0,0,0,0,0,0,0,0,0
test_3_2_2.png,0,0,0,0,0,0,0,0,0,0,0,0,0,0,0
test_3_2_3.png,428,69,20,418,52,30,416,53,32,417,44,31,420,57,28
test_3_3_0.png,614,21,27,609,25,32,610,20,31,605,16,36,608,21,33
test_3_3_1.png,1628,76,105,1624,83,109,1606,84,127,1592,72,141,1614,78,119
test_3_3_2.png,1993,107,47,2001,117,39,2001,102,39,1999,92,41,2003,100,37
test_3_3_3.png,1567,319,25,1565,315,27,352,103,1240,1515,255,77,1551,275,41
test_40_0_0.png,7,340,123,43,342,87,0,334,130,0,334,130,0,339,130
test_40_0_1.png,13588,689,834,13677,749,745,13692,1389,730,13496,706,926,13645,723,777
test_40_0_2.png,9269,524,515,9317,531,467,9231,484,553,9243,513,541,9266,493,518
test_40_0_3.png,0,4,64,0,0,64,21,16,43,34,31,30,0,7,64
test_40_1_0.png,0,179,569,0,163,569,533,184,36,530,170,39,25,169,544
test_40_1_1.png,0,0,0,0,0,0,0,0,0,0,0,0,0,0,0
test_40_1_2.png,0,0,0,0,0,0,0,0,0,0,0,0,0,0,0
test_40_1_3.png,0,0,0,0,0,0,0,0,0,0,0,0,0,0,0
test_40_2_0.png,0,0,0,0,0,0,0,0,0,0,0,0,0,0,0
test_40_2_1.png,0,0,0,0,0,0,0,0,0,0,0,0,0,0,0
test_40_2_2.png,0,0,0,0,0,0,0,0,0,0,0,0,0,0,0
test_40_2_3.png,0,0,0,0,0,0,0,0,0,0,0,0,0,0,0
test_40_3_0.png,0,0,0,0,0,0,0,0,0,0,0,0,0,0,0
test_40_3_1.png,0,0,0,0,0,0,0,0,0,0,0,0,0,0,0
test_40_3_2.png,0,0,0,0,0,0,0,0,0,0,0,0,0,0,0
test_40_3_3.png,0,0,0,0,0,0,0,0,0,0,0,0,0,0,0
test_41_0_0.png,0,0,0,0,0,0,0,0,0,0,0,0,0,0,0
test_41_0_1.png,0,0,0,0,0,0,0,0,0,0,0,0,0,0,0
test_41_0_2.png,6306,186,401,6181,161,526,6235,139,472,6332,162,375,6288,147,419
test_41_0_3.png,5580,281,320,5620,374,280,5598,279,302,5594,279,306,5605,282,295
test_41_1_0.png,0,0,0,0,0,0,0,0,0,0,0,0,0,0,0
test_41_1_1.png,0,0,0,0,0,0,0,0,0,0,0,0,0,0,0
test_41_1_2.png,1728,237,75,1730,291,73,1734,270,69,1739,324,64,1736,283,67
test_41_1_3.png,13260,772,637,13269,747,628,13239,791,658,13360,765,537,13302,729,595
test_41_2_0.png,0,0,0,0,0,0,0,0,0,0,0,0,0,0,0
test_41_2_1.png,3110,142,469,3139,162,440,3114,154,465,3132,155,447,3124,152,455
test_41_2_2.png,16601,869,963,16643,923,921,16502,895,1062,16394,818,1170,16571,866,993
test_41_2_3.png,19793,1094,1255,19888,1015,1160,20017,1159,1031,19876,1050,1172,19946,1067,1102
test_41_3_0.png,7520,414,565,7538,431,547,7488,399,597,7448,404,637,7506,390,579
test_41_3_1.png,15200,1402,616,15103,1215,713,15012,1249,804,15092,1264,724,15111,1250,705
test_41_3_2.png,20694,1293,783,20678,1187,799,20661,1085,816,20548,1072,929,20665,1114,812
test_41_3_3.png,19817,963,1098,19857,919,1058,19883,961,1032,19740,854,1175,19898,904,1017
test_42_0_0.png,553,43,426,572,36,407,580,39,399,559,327,420,566,37,413
test_42_0_1.png,0,0,0,0,0,0,0,118,0,0,0,0,0,0,0
test_42_0_2.png,0,0,0,0,0,0,0,0,0,0,0,0,0,0,0
test_42_0_3.png,0,0,0,0,3,0,0,0,0,0,0,0,0,0,0
test_42_1_0.png,2633,157,168,2646,150,155,2657,163,144,2666,167,135,2653,154,148
test_42_1_1.png,1417,105,50,1409,114,58,1398,132,69,1434,177,33,1419,109,48
test_42_1_2.png,0,0,0,0,7,0,0,0,0,0,0,0,0,0,0
test_42_1_3.png,6669,531,309,6670,536,308,6654,525,324,6580,426,398,6668,495,310
test_42_2_0.png,7653,849,352,7682,852,323,7649,867,356,7581,816,424,7654,825,351
test_42_2_1.png,4133,219,297,4138,225,292,4147,255,283,4119,188,311,4140,222,290
test_42_2_2.png,10612,987,466,10691,973,387,10546,843,532,10565,795,513,10612,861,466
test_42_2_3.png,15682,1467,681,15571,1365,792,15715,1515,648,15582,1351,781,15652,1399,711
test_42_3_0.png,0,0,0,0,0,0,0,0,0,0,0,0,0,0,0
test_42_3_1.png,0,0,0,0,0,0,0,0,0,0,0,0,0,0,0
test_42_3_2.png,628,27,67,618,29,77,616,25,79,623,35,72,620,29,75
test_42_3_3.png,1589,60,199,1596,35,192,1607,57,181,1596,67,192,1602,56,186
test_43_0_0.png,2219,108,136,2181,107,174,2180,120,175,2166,104,189,2189,105,166
test_43_0_1.png,2131,102,276,2015,85,392,2027,82,380,2027,87,380,2054,82,353
test_43_0_2.png,1842,90,251,1847,94,246,1821,69,272,1784,66,309,1825,75,268
test_43_0_3.png,2236,269,160,2235,245,161,2211,211,185,2235,195,161,2225,219,171
test_43_1_0.png,0,0,0,0,0,0,0,0,0,0,0,0,0,0,0
test_43_1_1.png,0,0,0,0,0,0,0,0,0,0,0,0,0,0,0
test_43_1_2.png,0,0,0,0,0,0,0,0,0,0,0,0,0,0,0
test_43_1_3.png,1852,97,21,1850,67,23,1855,74,18,1853,69,20,1855,72,18
test_43_2_0.png,0,0,0,0,0,0,0,0,0,0,0,0,0,0,0
test_43_2_1.png,0,0,0,0,0,0,0,0,0,0,0,0,0,0,0
test_43_2_2.png,0,0,0,0,0,0,0,0,0,0,0,0,0,0,0
test_43_2_3.png,572,75,15,580,96,7,568,78,19,574,97,13,573,84,14
test_43_3_0.png,0,0,0,0,0,0,0,0,0,0,0,0,0,0,0
test_43_3_1.png,5064,702,214,4853,601,425,4912,695,366,4942,659,336,4917,643,361
test_43_3_2.png,9705,1151,514,9636,1063,583,9646,1107,573,9764,1251,455,9715,1096,504
test_43_3_3.png,5704,707,513,5758,683,459,5784,677,433,5613,618,604,5729,651,488
test_44_0_0.png,0,0,0,0,0,0,0,0,0,0,0,0,0,0,0
test_44_0_1.png,0,0,0,0,0,0,0,0,0,0,0,0,0,0,0
test_44_0_2.png,0,0,0,0,0,0,0,0,0,0,0,0,0,0,0
test_44_0_3.png,550,30,42,559,33,33,555,21,37,564,32,28,554,27,38
test_44_1_0.png,0,0,0,0,0,0,0,0,0,0,0,0,0,0,0
test_44_1_1.png,0,0,0,0,0,0,0,0,0,0,0,0,0,0,0
test_44_1_2.png,0,0,0,0,0,0,0,0,0,0,0,0,0,0,0
test_44_1_3.png,1981,97,101,1971,94,111,1949,80,133,1972,90,110,1977,81,105
test_44_2_0.png,0,0,0,0,0,0,0,0,0,0,0,0,0,0,0
test_44_2_1.png,0,0,0,0,0,0,0,0,0,0,0,0,0,0,0
test_44_2_2.png,2443,253,218,2416,270,245,2449,279,212,2457,305,204,2448,265,213
test_44_2_3.png,14983,1315,792,14923,1262,852,14859,1107,916,14930,1178,845,14940,1173,835
test_44_3_0.png,0,0,0,0,0,0,0,0,0,0,0,0,0,0,0
test_44_3_1.png,0,0,0,0,0,0,0,0,0,0,0,0,0,0,0
test_44_3_2.png,0,0,0,0,0,0,0,0,0,0,0,0,0,0,0
test_44_3_3.png,9108,712,467,9196,1770,379,9096,663,479,9112,784,463,9151,697,424
test_45_0_0.png,15320,1287,1001,15159,1126,1162,15225,1252,1096,15301,1260,1020,15279,1191,1042
test_45_0_1.png,18449,2332,957,18295,2027,1111,18326,2030,1080,18339,2164,1067,18360,2073,1046
test_45_0_2.png,16771,1754,1013,16714,1653,1070,16686,1611,1098,16784,1795,1000,16761,1676,1023
test_45_0_3.png,19128,2037,1451,19070,1947,1509,19088,1989,1491,19105,2108,1474,19143,1969,1436
test_45_1_0.png,17505,1781,1059,17349,1558,1215,17372,1431,1192,17392,1419,1172,17431,1529,1133
test_45_1_1.png,19101,1619,1319,18919,1370,1501,18994,1312,1426,18987,1472,1433,19032,1385,1388
test_45_1_2.png,20012,2116,943,20075,2073,880,20111,2218,844,20098,2218,857,20101,2104,854
test_45_1_3.png,17104,1815,1034,17064,1640,1074,17078,1671,1060,17087,1841,1051,17101,1710,1037
test_45_2_0.png,5678,568,386,5656,718,408,5672,588,392,5634,574,430,5674,577,390
test_45_2_1.png,9661,614,756,9680,622,737,9628,593,789,9620,692,797,9662,590,755
test_45_2_2.png,18234,1702,1022,18128,1607,1128,18215,1589,1041,18169,1810,1087,18214,1630,1042
test_45_2_3.png,19459,1530,1210,19485,1586,1184,19515,1587,1154,19518,1657,1151,19531,1548,1138
test_45_3_0.png,8012,787,472,7951,728,533,7937,594,547,7966,769,518,7980,696,504
test_45_3_1.png,10565,1071,593,10451,859,707,10441,855,717,10471,901,687,10490,893,668
test_45_3_2.png,13627,1204,934,13713,1248,848,13635,1199,926,13521,1097,1040,13654,1174,907
test_45_3_3.png,19240,1703,1507,19446,1811,1301,19287,1861,1460,19373,1839,1374,19379,1763,1368
test_46_0_0.png,18774,1654,809,18851,1737,732,18775,1572,808,18690,1459,893,18782,1554,801
test_46_0_1.png,19243,1658,1452,19268,1654,1427,19298,1685,1397,19230,1676,1465,19267,1634,1428
test_46_0_2.png,8657,646,405,8685,682,377,8627,675,435,8612,652,450,8654,642,408
test_46_0_3.png,0,0,0,0,0,0,0,0,0,0,0,0,0,0,0
test_46_1_0.png,20231,1196,1109,20299,1195,1041,20248,1209,1092,20300,1234,1040,20290,1187,1050
test_46_1_1.png,18196,1752,963,18159,1546,1000,18162,1474,997,18188,1658,971,18212,1559,947
test_46_1_2.png,9349,667,599,9264,573,684,9266,620,682,9292,666,656,9316,611,632
test_46_1_3.png,0,0,0,0,0,0,0,0,0,0,0,0,0,0,0
test_46_2_0.png,6047,461,425,6014,392,458,5959,420,513,6014,480,458,6008,434,464
test_46_2_1.png,7475,611,431,7466,564,440,7431,518,475,7422,638,484,7445,578,461
test_46_2_2.png,1301,213,122,1263,227,160,1278,250,145,1290,201,133,1279,206,144
test_46_2_3.png,0,0,0,0,0,0,0,0,0,0,0,0,0,0,0
test_46_3_0.png,3291,139,167,3322,426,136,3324,960,134,3298,668,160,3310,351,148
test_46_3_1.png,867,55,94,823,73,138,904,67,57,888,67,73,886,60,75
test_46_3_2.png,0,0,0,0,0,0,0,0,0,0,0,0,0,0,0
test_46_3_3.png,0,0,0,0,0,0,0,0,0,0,0,0,0,0,0
test_47_0_0.png,0,0,0,0,0,0,0,0,0,0,0,0,0,0,0
test_47_0_1.png,5186,286,232,5200,279,218,5206,301,212,5193,282,225,5200,282,218
test_47_0_2.png,0,0,0,0,0,0,0,0,0,0,0,0,0,0,0
test_47_0_3.png,5442,599,103,5439,582,106,5433,557,112,5433,584,112,5438,572,107
test_47_1_0.png,0,0,0,0,0,0,0,0,0,0,0,0,0,0,0
test_47_1_1.png,4830,299,301,4790,274,341,4772,264,359,4738,248,393,4795,266,336
test_47_1_2.png,14896,1061,728,14917,1103,707,14872,1081,752,14874,1130,750,14908,1066,716
test_47_1_3.png,15722,1477,485,15810,1595,397,15748,1488,459,15739,1457,468,15772,1489,435
test_47_2_0.png,422,17,90,433,17,79,449,24,63,473,19,39,445,18,67
test_47_2_1.png,0,0,0,0,0,0,0,0,0,0,0,0,0,0,0
test_47_2_2.png,7949,654,941,7979,619,911,7936,638,954,7929,621,961,7942,611,948
test_47_2_3.png,14617,1267,690,14572,1157,735,14501,1126,806,14393,1102,914,14556,1137,751
test_47_3_0.png,0,0,0,0,0,0,0,0,0,0,0,0,0,0,0
test_47_3_1.png,0,0,0,0,0,0,0,0,0,0,0,0,0,0,0
test_47_3_2.png,307,26,49,315,44,41,293,28,63,303,31,53,308,33,48
test_47_3_3.png,4214,323,1096,4837,3233,473,4127,1810,1183,4177,1110,1133,4167,1230,1143
test_48_0_0.png,0,0,0,0,0,0,0,0,0,0,0,0,0,0,0
test_48_0_1.png,2209,68,144,2211,49,142,2179,46,174,2188,100,165,2197,47,156
test_48_0_2.png,508,5,78,511,5,75,508,4,78,492,9,94,502,4,84
test_48_0_3.png,4280,644,270,4249,647,301,4175,617,375,4243,634,307,4235,631,315
test_48_1_0.png,0,0,0,0,0,0,0,0,0,0,0,0,0,0,0
test_48_1_1.png,0,0,0,0,0,0,0,0,0,0,0,0,0,0,0
test_48_1_2.png,0,0,0,0,0,0,0,0,0,0,0,0,0,0,0
test_48_1_3.png,0,0,0,0,0,0,0,0,0,0,0,0,0,0,0
test_48_2_0.png,0,0,0,0,0,0,0,0,0,0,0,0,0,0,0
test_48_2_1.png,0,0,0,0,0,0,0,0,0,0,0,0,0,0,0
test_48_2_2.png,0,0,0,0,0,0,0,0,0,0,0,0,0,0,0
test_48_2_3.png,0,0,0,0,0,0,0,0,0,0,0,0,0,0,0
test_48_3_0.png,0,0,0,0,0,0,0,0,0,0,0,0,0,0,0
test_48_3_1.png,0,0,0,0,0,0,0,0,0,0,0,0,0,0,0
test_48_3_2.png,0,0,0,0,0,0,0,0,0,0,0,0,0,0,0
test_48_3_3.png,885,62,8,884,71,9,882,49,11,881,60,12,883,58,10
test_49_0_0.png,0,0,0,0,0,0,0,0,0,0,0,0,0,0,0
test_49_0_1.png,6734,720,406,6718,606,422,6628,633,512,6683,599,457,6683,618,457
test_49_0_2.png,11425,744,918,11226,548,1117,11158,607,1185,11226,614,1117,11312,611,1031
test_49_0_3.png,12710,907,1259,12610,808,1359,12475,854,1494,12520,840,1449,12610,823,1359
test_49_1_0.png,199,0,52,196,0,55,202,4,49,203,0,48,200,0,51
test_49_1_1.png,9373,554,393,9330,582,436,9347,643,419,9381,554,385,9350,570,416
test_49_1_2.png,14346,870,874,14280,887,940,14269,827,951,14267,822,953,14309,833,911
test_49_1_3.png,11955,1213,578,11931,1125,602,11971,1207,562,11937,1192,596,11958,1167,575
test_49_2_0.png,1630,17,141,1643,16,128,1612,17,159,1617,12,154,1622,16,149
test_49_2_1.png,6149,376,271,6142,399,278,6112,336,308,6130,401,290,6140,348,280
test_49_2_2.png,7917,513,492,7841,465,568,7881,462,528,7840,414,569,7879,451,530
test_49_2_3.png,8141,452,277,8146,475,272,8112,434,306,8145,492,273,8136,453,282
test_49_3_0.png,0,0,0,0,0,0,0,0,0,0,0,0,0,0,0
test_49_3_1.png,0,0,0,0,0,0,0,0,0,0,0,0,0,0,0
test_49_3_2.png,10981,290,978,10953,237,1006,10907,246,1052,10990,251,969,10979,240,980
test_49_3_3.png,17457,1470,910,17392,1456,975,17411,1578,956,17459,1556,908,17433,1465,934
test_4_0_0.png,329,30,13,328,39,14,331,17,11,326,20,16,329,25,13
test_4_0_1.png,206,41,264,206,37,264,209,114,261,207,41,263,207,40,263
test_4_0_2.png,362,40,55,365,46,52,351,51,66,374,39,43,361,43,56
test_4_0_3.png,0,0,0,0,0,0,0,0,0,0,0,0,0,0,0
test_4_1_0.png,0,0,0,0,0,0,0,0,0,0,0,0,0,0,0
test_4_1_1.png,0,0,0,0,0,0,0,0,0,0,0,0,0,0,0
test_4_1_2.png,0,0,0,0,0,0,0,0,0,0,0,0,0,0,0
test_4_1_3.png,0,0,0,0,0,0,0,0,0,0,0,0,0,0,0
test_4_2_0.png,0,0,0,0,0,0,0,0,0,0,0,0,0,0,0
test_4_2_1.png,0,0,0,0,0,0,0,0,0,0,0,0,0,0,0
test_4_2_2.png,0,0,0,0,0,0,0,0,0,0,0,0,0,0,0
test_4_2_3.png,0,0,0,0,0,0,0,0,0,0,0,0,0,0,0
test_4_3_0.png,0,0,0,0,0,0,0,0,0,0,0,0,0,0,0
test_4_3_1.png,1430,56,164,1448,49,146,1424,55,170,1431,61,163,1438,59,156
test_4_3_2.png,3417,254,234,3435,270,216,3397,218,254,3408,221,243,3414,233,237
test_4_3_3.png,5244,280,479,5231,236,492,5114,245,609,5213,256,510,5223,245,500
test_50_0_0.png,0,0,0,0,0,0,0,0,0,0,0,0,0,0,0
test_50_0_1.png,0,0,0,0,0,0,0,0,0,0,0,0,0,0,0
test_50_0_2.png,0,0,0,0,0,0,0,0,0,0,0,0,0,0,0
test_50_0_3.png,0,0,0,0,0,0,0,0,0,0,0,0,0,0,0
test_50_1_0.png,0,0,0,0,0,0,0,0,0,0,0,0,0,0,0
test_50_1_1.png,0,0,0,0,0,0,0,0,0,0,0,0,0,0,0
test_50_1_2.png,0,0,0,0,0,0,0,0,0,0,0,0,0,0,0
test_50_1_3.png,117,29,49,151,36,15,125,23,41,148,42,18,138,33,28
test_50_2_0.png,4373,659,100,4340,602,133,4274,495,199,4364,585,109,4363,580,110
test_50_2_1.png,1072,144,98,1081,135,89,1075,128,95,1071,138,99,1076,136,94
test_50_2_2.png,1068,72,31,1053,61,46,1059,54,40,1070,58,29,1064,64,35
test_50_2_3.png,3799,702,487,3827,679,459,3711,687,575,3754,686,532,3791,684,495
test_50_3_0.png,13773,746,932,13825,793,880,13942,832,763,13900,849,805,13886,781,819
test_50_3_1.png,17496,1466,1194,17373,1548,1317,17423,1438,1267,17360,1466,1330,17426,1458,1264
test_50_3_2.png,14425,1273,868,14338,1213,955,14335,1219,958,14399,1271,894,14390,1224,903
test_50_3_3.png,3737,273,114,3738,345,113,3684,287,167,3725,306,126,3725,307,126
test_51_0_0.png,6435,1487,457,6429,1470,463,6472,1448,420,6519,1529,373,6472,1475,420
test_51_0_1.png,0,0,0,0,0,0,0,0,0,0,0,0,0,0,0
test_51_0_2.png,0,0,0,0,0,0,0,0,0,0,0,0,0,0,0
test_51_0_3.png,0,0,0,0,0,0,0,0,0,0,0,0,0,0,0
test_51_1_0.png,0,0,47,0,0,47,0,0,47,0,0,47,0,0,47
test_51_1_1.png,0,0,0,0,0,0,0,0,0,0,0,0,0,0,0
test_51_1_2.png,0,0,0,0,0,0,0,0,0,0,0,0,0,0,0
test_51_1_3.png,0,0,0,0,0,0,0,0,0,0,0,0,0,0,0
test_51_2_0.png,0,0,0,0,0,0,0,0,0,0,0,0,0,0,0
test_51_2_1.png,0,0,0,0,0,0,0,0,0,0,0,0,0,0,0
test_51_2_2.png,0,0,0,0,0,0,0,0,0,0,0,0,0,0,0
test_51_2_3.png,0,0,0,0,0,0,0,0,0,0,0,0,0,0,0
test_51_3_0.png,0,0,0,0,0,0,0,0,0,0,0,0,0,0,0
test_51_3_1.png,0,0,0,0,0,0,0,0,0,0,0,0,0,0,0
test_51_3_2.png,0,0,0,0,0,0,0,0,0,0,0,0,0,0,0
test_51_3_3.png,0,0,0,0,0,0,0,0,0,0,0,0,0,0,0
test_52_0_0.png,0,0,0,0,0,0,0,0,0,0,0,0,0,0,0
test_52_0_1.png,0,0,0,0,0,0,0,0,0,0,0,0,0,0,0
test_52_0_2.png,0,0,0,0,0,0,0,0,0,0,0,0,0,0,0
test_52_0_3.png,0,0,0,0,0,0,0,0,0,0,0,0,0,0,0
test_52_1_0.png,0,0,0,0,0,0,0,0,0,0,0,0,0,0,0
test_52_1_1.png,0,0,0,0,0,0,0,0,0,0,0,0,0,0,0
test_52_1_2.png,0,0,0,0,0,0,0,0,0,0,0,0,0,0,0
test_52_1_3.png,0,0,0,0,0,0,0,0,0,0,0,0,0,0,0
test_52_2_0.png,9127,614,1186,8985,592,1328,9046,614,1267,9085,626,1228,9067,604,1246
test_52_2_1.png,2355,60,206,2331,70,230,2332,49,229,2313,49,248,2336,54,225
test_52_2_2.png,0,0,0,0,0,0,0,0,0,0,0,0,0,0,0
test_52_2_3.png,0,0,0,0,0,0,0,0,0,0,0,0,0,0,0
test_52_3_0.png,19821,1043,1316,19759,920,1378,19753,941,1384,19912,1028,1225,19833,952,1304
test_52_3_1.png,7595,228,525,7585,203,535,7664,262,456,7613,229,507,7625,214,495
test_52_3_2.png,7,0,75,31,2,51,22,19,60,18,45,64,16,0,66
test_52_3_3.png,0,0,0,0,0,0,0,0,0,0,0,0,0,0,0
test_53_0_0.png,0,0,0,0,0,0,0,0,0,0,0,0,0,0,0
test_53_0_1.png,0,0,0,0,0,0,0,0,0,0,0,0,0,0,0
test_53_0_2.png,0,0,0,0,0,0,0,0,0,0,0,0,0,0,0
test_53_0_3.png,0,0,46,0,0,46,0,0,46,0,0,46,0,0,46
test_53_1_0.png,0,0,0,0,0,0,0,0,0,0,0,0,0,0,0
test_53_1_1.png,0,0,0,0,0,0,0,0,0,0,0,0,0,0,0
test_53_1_2.png,0,0,0,0,0,0,0,0,0,0,0,0,0,0,0
test_53_1_3.png,0,0,142,0,0,142,0,0,142,0,0,142,0,0,142
test_53_2_0.png,0,0,0,0,0,0,0,0,0,0,0,0,0,0,0
test_53_2_1.png,1631,66,66,1635,75,62,1596,50,101,1615,86,82,1623,66,74
test_53_2_2.png,0,0,0,0,0,0,0,0,0,0,0,0,0,0,0
test_53_2_3.png,0,0,0,0,0,0,0,0,0,0,0,0,0,0,0
test_53_3_0.png,947,10,93,936,9,104,928,4,112,939,4,101,939,4,101
test_53_3_1.png,4074,172,288,4071,171,291,4056,138,306,4070,151,292,4066,155,296
test_53_3_2.png,4034,102,346,4033,101,347,4034,108,346,4099,124,281,4053,104,327
test_53_3_3.png,0,0,0,0,0,0,0,0,0,0,0,0,0,0,0
test_54_0_0.png,6178,426,146,6144,336,180,6160,423,164,6124,333,200,6148,358,176
test_54_0_1.png,7136,699,280,6771,295,645,6760,499,656,6640,221,776,6760,319,656
test_54_0_2.png,1061,17,264,1082,3,243,1093,493,232,1081,454,244,1077,295,248
test_54_0_3.png,0,0,0,0,0,0,0,0,0,0,0,0,0,0,0
test_54_1_0.png,3580,300,146,3593,344,133,3555,261,171,3612,311,114,3600,303,126
test_54_1_1.png,6436,158,733,6336,146,833,6427,134,742,6413,162,756,6411,145,758
test_54_1_2.png,0,0,0,0,0,0,0,0,0,0,0,0,0,0,0
test_54_1_3.png,0,0,0,0,0,0,0,0,0,0,0,0,0,0,0
test_54_2_0.png,2287,561,38,2283,568,42,2266,282,59,2291,375,34,2289,482,36
test_54_2_1.png,0,0,0,0,0,0,0,0,0,0,0,0,0,0,0
test_54_2_2.png,0,0,0,0,0,0,0,0,0,0,0,0,0,0,0
test_54_2_3.png,0,0,0,0,0,0,0,0,0,0,0,0,0,0,0
test_54_3_0.png,2784,429,41,2632,277,193,2327,208,498,2332,156,493,2344,196,481
test_54_3_1.png,0,0,0,0,0,0,0,0,0,0,0,0,0,0,0
test_54_3_2.png,0,0,0,0,0,0,0,0,0,0,0,0,0,0,0
test_54_3_3.png,0,0,0,0,0,0,0,0,0,0,0,0,0,0,0
test_55_0_0.png,0,0,0,0,0,0,0,0,0,0,0,0,0,0,0
test_55_0_1.png,0,0,0,0,0,0,0,0,0,0,0,0,0,0,0
test_55_0_2.png,0,0,0,0,0,0,0,0,0,0,0,0,0,0,0
test_55_0_3.png,0,0,0,0,0,0,0,0,0,0,0,0,0,0,0
test_55_1_0.png,8361,442,284,8360,412,285,8342,388,303,8358,413,287,8375,403,270
test_55_1_1.png,3337,196,157,3342,237,152,3332,178,162,3352,246,142,3345,204,149
test_55_1_2.png,0,0,0,0,0,0,0,0,0,0,0,0,0,0,0
test_55_1_3.png,0,0,0,0,0,0,0,0,0,0,0,0,0,0,0
test_55_2_0.png,19873,1585,961,19793,1446,1041,19787,1623,1047,19824,1682,1010,19824,1532,1010
test_55_2_1.png,13215,1153,772,13162,980,825,12581,1016,1406,12661,1113,1326,13111,1035,876
test_55_2_2.png,3197,187,231,3168,163,260,3179,159,249,3201,191,227,3194,173,234
test_55_2_3.png,0,0,0,0,1,0,0,0,0,0,0,0,0,0,0
test_55_3_0.png,11552,824,836,11613,722,775,11448,683,940,11507,838,881,11552,735,836
test_55_3_1.png,20011,1611,1011,19941,1605,1081,19849,1552,1173,19909,1658,1113,19941,1591,1081
test_55_3_2.png,16508,1530,931,16345,1308,1094,16459,1445,980,16495,1750,944,16456,1473,983
test_55_3_3.png,13351,663,1028,13240,526,1139,13233,604,1146,13322,611,1057,13295,562,1084
test_56_0_0.png,0,0,0,0,0,0,0,0,0,0,0,0,0,0,0
test_56_0_1.png,0,0,0,0,0,0,0,0,0,0,0,0,0,0,0
test_56_0_2.png,0,0,0,0,0,0,0,0,0,0,0,0,0,0,0
test_56_0_3.png,964,207,36,946,244,54,953,257,47,982,202,18,962,213,38
test_56_1_0.png,0,0,0,0,0,0,0,0,0,0,0,0,0,0,0
test_56_1_1.png,0,0,0,0,0,0,0,0,0,0,0,0,0,0,0
test_56_1_2.png,0,0,0,0,0,0,0,0,0,0,0,0,0,0,0
test_56_1_3.png,0,0,0,0,0,0,0,0,0,0,0,0,0,0,0
test_56_2_0.png,0,0,0,0,0,0,0,0,0,0,0,0,0,0,0
test_56_2_1.png,1293,0,153,1271,0,175,1262,0,184,864,0,582,1269,0,177
test_56_2_2.png,3608,125,333,3628,201,313,3621,101,320,3595,159,346,3612,147,329
test_56_2_3.png,0,0,0,0,0,0,0,0,0,0,0,0,0,0,0
test_56_3_0.png,0,0,0,0,0,0,0,0,0,0,0,0,0,0,0
test_56_3_1.png,366,75,1124,0,0,1490,815,0,675,0,1,1490,10,0,1480
test_56_3_2.png,0,0,8,0,0,8,0,0,8,0,0,8,0,0,8
test_56_3_3.png,0,0,0,0,0,0,0,0,0,0,0,0,0,0,0
test_57_0_0.png,632,23,181,521,29,292,374,2,439,472,0,341,505,7,308
test_57_0_1.png,7568,761,727,7664,798,631,7636,742,659,7634,790,661,7620,745,675
test_57_0_2.png,8196,751,527,8203,861,520,8158,762,565,8229,808,494,8196,783,527
test_57_0_3.png,0,0,0,0,0,0,0,0,0,0,0,0,0,0,0
test_57_1_0.png,0,0,0,0,0,0,0,0,0,0,0,0,0,0,0
test_57_1_1.png,0,0,0,0,0,0,0,0,0,0,0,0,0,0,0
test_57_1_2.png,0,0,0,0,0,0,0,0,0,0,0,0,0,0,0
test_57_1_3.png,0,0,0,0,0,0,0,0,0,0,0,0,0,0,0
test_57_2_0.png,0,0,119,0,0,119,0,0,119,0,0,119,0,0,119
test_57_2_1.png,0,0,0,0,0,0,0,0,0,0,0,0,0,0,0
test_57_2_2.png,0,0,0,0,0,0,0,0,0,0,0,0,0,0,0
test_57_2_3.png,0,0,0,0,0,0,0,0,0,0,0,0,0,0,0
test_57_3_0.png,1,0,975,0,0,976,0,0,976,0,0,976,0,0,976
test_57_3_1.png,0,0,236,0,0,236,0,0,236,0,0,236,0,0,236
test_57_3_2.png,0,0,0,0,0,0,0,0,0,0,0,0,0,0,0
test_57_3_3.png,0,0,0,0,0,0,0,0,0,0,0,0,0,0,0
test_58_0_0.png,520,863,19,517,824,22,525,831,14,526,835,13,525,842,14
test_58_0_1.png,0,0,0,0,0,0,0,0,0,0,0,0,0,0,0
test_58_0_2.png,0,0,0,0,0,0,0,0,0,0,0,0,0,0,0
test_58_0_3.png,0,0,0,0,0,0,0,0,0,0,0,0,0,0,0
test_58_1_0.png,0,0,0,0,0,0,0,0,0,0,0,0,0,0,0
test_58_1_1.png,0,0,0,0,0,0,0,0,0,0,0,0,0,0,0
test_58_1_2.png,0,0,0,0,0,0,0,0,0,0,0,0,0,0,0
test_58_1_3.png,0,0,0,0,0,0,0,0,0,0,0,0,0,0,0
test_58_2_0.png,0,0,0,0,0,0,0,0,0,0,0,0,0,0,0
test_58_2_1.png,0,0,0,0,0,0,0,0,0,0,0,0,0,0,0
test_58_2_2.png,0,0,0,0,0,0,0,0,0,0,0,0,0,0,0
test_58_2_3.png,0,0,0,0,0,0,0,0,0,0,0,0,0,0,0
test_58_3_0.png,0,0,0,0,0,0,0,0,0,0,0,0,0,0,0
test_58_3_1.png,0,0,0,0,0,0,0,0,0,0,0,0,0,0,0
test_58_3_2.png,0,0,0,0,0,0,0,0,0,0,0,0,0,0,0
test_58_3_3.png,0,0,0,0,0,0,0,0,0,0,0,0,0,0,0
test_59_0_0.png,0,0,0,0,0,0,0,0,0,0,0,0,0,0,0
test_59_0_1.png,0,0,0,0,0,0,0,0,0,0,0,0,0,0,0
test_59_0_2.png,0,0,0,0,0,0,0,0,0,0,0,0,0,0,0
test_59_0_3.png,0,0,0,0,0,0,0,0,0,0,0,0,0,0,0
test_59_1_0.png,0,0,0,0,0,0,0,0,0,0,0,0,0,0,0
test_59_1_1.png,0,0,0,0,0,0,0,0,0,0,0,0,0,0,0
test_59_1_2.png,0,0,0,0,0,0,0,0,0,0,0,0,0,0,0
test_59_1_3.png,0,0,0,0,0,0,0,0,0,0,0,0,0,0,0
test_59_2_0.png,0,0,0,0,0,0,0,0,0,0,0,0,0,0,0
test_59_2_1.png,0,0,0,0,0,0,0,0,0,0,0,0,0,0,0
test_59_2_2.png,0,0,0,0,0,0,0,0,0,0,0,0,0,0,0
test_59_2_3.png,0,0,0,0,0,0,0,0,0,0,0,0,0,0,0
test_59_3_0.png,0,0,0,0,0,0,0,0,0,0,0,0,0,0,0
test_59_3_1.png,0,0,0,0,0,0,0,0,0,0,0,0,0,0,0
test_59_3_2.png,0,0,230,0,0,230,0,0,230,0,0,230,0,0,230
test_59_3_3.png,0,0,0,0,0,0,0,0,0,0,0,0,0,0,0
test_5_0_0.png,0,0,0,0,0,0,0,0,0,0,0,0,0,0,0
test_5_0_1.png,0,0,0,0,0,0,0,0,0,0,0,0,0,0,0
test_5_0_2.png,0,0,0,0,0,0,0,0,0,0,0,0,0,0,0
test_5_0_3.png,0,0,0,0,0,0,0,0,0,0,0,0,0,0,0
test_5_1_0.png,0,0,0,0,0,0,0,0,0,0,0,0,0,0,0
test_5_1_1.png,0,0,0,0,0,0,0,0,0,0,0,0,0,0,0
test_5_1_2.png,0,0,0,0,0,0,0,0,0,0,0,0,0,0,0
test_5_1_3.png,0,0,0,0,0,0,0,0,0,0,0,0,0,0,0
test_5_2_0.png,0,0,0,0,0,0,0,0,0,0,0,0,0,0,0
test_5_2_1.png,0,0,0,0,0,0,0,0,0,0,0,0,0,0,0
test_5_2_2.png,99,25,23,93,17,29,101,12,21,98,9,24,99,14,23
test_5_2_3.png,5019,258,410,5012,277,417,4981,300,448,5008,259,421,5012,266,417
test_5_3_0.png,0,0,0,0,0,0,0,0,0,0,0,0,0,0,0
test_5_3_1.png,0,0,0,0,0,0,0,0,0,0,0,0,0,0,0
test_5_3_2.png,2028,106,65,2038,101,55,2025,110,68,2029,97,64,2032,103,61
test_5_3_3.png,4679,279,249,4681,296,247,4629,276,299,4643,259,285,4658,276,270
test_60_0_0.png,0,0,0,0,0,0,0,0,0,0,0,0,0,0,0
test_60_0_1.png,0,0,0,0,0,0,0,0,0,0,0,0,0,0,0
test_60_0_2.png,0,0,0,0,0,0,0,0,0,0,0,0,0,0,0
test_60_0_3.png,0,0,0,0,0,0,0,0,0,0,0,0,0,0,0
test_60_1_0.png,0,0,0,0,0,0,0,0,0,0,0,0,0,0,0
test_60_1_1.png,0,0,0,0,0,0,0,0,0,0,0,0,0,0,0
test_60_1_2.png,0,0,0,0,0,0,0,0,0,0,0,0,0,0,0
test_60_1_3.png,0,0,0,0,0,0,0,0,0,0,0,0,0,0,0
test_60_2_0.png,0,0,0,0,0,0,0,0,0,0,0,0,0,0,0
test_60_2_1.png,0,0,0,0,0,0,0,0,0,0,0,0,0,0,0
test_60_2_2.png,0,0,0,0,0,0,0,0,0,0,0,0,0,0,0
test_60_2_3.png,0,0,0,0,0,0,0,0,0,0,0,0,0,0,0
test_60_3_0.png,0,0,0,0,0,0,0,0,0,0,0,0,0,0,0
test_60_3_1.png,0,0,0,0,0,0,0,0,0,0,0,0,0,0,0
test_60_3_2.png,0,0,0,0,0,0,0,0,0,0,0,0,0,0,0
test_60_3_3.png,0,0,0,0,0,0,0,0,0,0,0,0,0,0,0
test_61_0_0.png,0,0,0,0,0,0,0,0,0,0,0,0,0,0,0
test_61_0_1.png,0,0,0,0,0,0,0,0,0,0,0,0,0,0,0
test_61_0_2.png,0,0,0,0,0,0,0,0,0,0,0,0,0,0,0
test_61_0_3.png,0,0,0,0,0,0,0,0,0,0,0,0,0,0,0
test_61_1_0.png,0,0,0,0,0,0,0,0,0,0,0,0,0,0,0
test_61_1_1.png,0,0,0,0,0,0,0,0,0,0,0,0,0,0,0
test_61_1_2.png,0,0,0,0,0,0,0,0,0,0,0,0,0,0,0
test_61_1_3.png,0,0,185,0,0,185,0,0,185,0,0,185,0,0,185
test_61_2_0.png,0,0,0,0,0,0,0,0,0,0,0,0,0,0,0
test_61_2_1.png,0,0,0,0,0,0,0,0,0,0,0,0,0,0,0
test_61_2_2.png,0,0,0,0,0,0,0,0,0,0,0,0,0,0,0
test_61_2_3.png,0,0,0,0,0,0,0,0,0,0,0,0,0,0,0
test_61_3_0.png,0,0,0,0,0,0,0,0,0,0,0,0,0,0,0
test_61_3_1.png,0,0,0,0,0,0,0,0,0,0,0,0,0,0,0
test_61_3_2.png,0,0,0,0,0,0,0,0,0,0,0,0,0,0,0
test_61_3_3.png,0,0,0,0,0,0,0,0,0,0,0,0,0,0,0
test_62_0_0.png,0,0,0,0,0,0,0,0,0,0,0,0,0,0,0
test_62_0_1.png,0,0,0,0,0,0,0,0,0,0,0,0,0,0,0
test_62_0_2.png,0,0,0,0,0,0,0,0,0,0,0,0,0,0,0
test_62_0_3.png,0,0,0,0,0,0,0,0,0,0,0,0,0,0,0
test_62_1_0.png,0,0,0,0,0,0,0,0,0,0,0,0,0,0,0
test_62_1_1.png,0,0,0,0,0,0,0,0,0,0,0,0,0,0,0
test_62_1_2.png,0,0,0,0,0,0,0,0,0,0,0,0,0,0,0
test_62_1_3.png,0,0,0,0,0,0,0,0,0,0,0,0,0,0,0
test_62_2_0.png,0,0,0,0,0,0,0,0,0,0,0,0,0,0,0
test_62_2_1.png,0,0,0,0,0,0,0,0,0,0,0,0,0,0,0
test_62_2_2.png,0,0,0,0,0,0,0,0,0,0,0,0,0,0,0
test_62_2_3.png,0,0,0,0,0,0,0,0,0,0,0,0,0,0,0
test_62_3_0.png,0,0,0,0,0,0,0,0,0,0,0,0,0,0,0
test_62_3_1.png,0,0,0,0,0,0,0,0,0,0,0,0,0,0,0
test_62_3_2.png,0,0,0,0,0,0,0,0,0,0,0,0,0,0,0
test_62_3_3.png,0,0,0,0,0,0,0,0,0,0,0,0,0,0,0
test_63_0_0.png,0,0,0,0,0,0,0,0,0,0,0,0,0,0,0
test_63_0_1.png,0,0,0,0,0,0,0,0,0,0,0,0,0,0,0
test_63_0_2.png,0,0,0,0,0,0,0,0,0,0,0,0,0,0,0
test_63_0_3.png,0,0,0,0,0,0,0,0,0,0,0,0,0,0,0
test_63_1_0.png,0,0,262,0,0,262,0,0,262,0,0,262,0,0,262
test_63_1_1.png,0,0,0,0,0,0,0,0,0,0,0,0,0,0,0
test_63_1_2.png,0,0,0,0,0,0,0,0,0,0,0,0,0,0,0
test_63_1_3.png,0,0,0,0,0,0,0,0,0,0,0,0,0,0,0
test_63_2_0.png,0,0,0,0,0,0,0,0,0,0,0,0,0,0,0
test_63_2_1.png,0,0,0,0,0,0,0,0,0,0,0,0,0,0,0
test_63_2_2.png,0,0,0,0,0,0,0,0,0,0,0,0,0,0,0
test_63_2_3.png,0,0,0,0,0,0,0,0,0,0,0,0,0,0,0
test_63_3_0.png,0,0,0,0,0,0,0,0,0,0,0,0,0,0,0
test_63_3_1.png,0,0,0,0,0,0,0,0,0,0,0,0,0,0,0
test_63_3_2.png,0,0,0,0,0,0,0,0,0,0,0,0,0,0,0
test_63_3_3.png,0,0,0,0,0,0,0,0,0,0,0,0,0,0,0
test_64_0_0.png,0,0,0,0,0,0,0,0,0,0,0,0,0,0,0
test_64_0_1.png,0,0,0,0,0,0,0,0,0,0,0,0,0,0,0
test_64_0_2.png,0,0,0,0,0,0,0,0,0,0,0,0,0,0,0
test_64_0_3.png,0,0,0,0,0,0,0,0,0,0,0,0,0,0,0
test_64_1_0.png,0,0,0,0,0,0,0,0,0,0,0,0,0,0,0
test_64_1_1.png,0,0,0,0,0,0,0,0,0,0,0,0,0,0,0
test_64_1_2.png,0,0,0,0,0,0,0,0,0,0,0,0,0,0,0
test_64_1_3.png,0,0,0,0,0,0,0,0,0,0,0,0,0,0,0
test_64_2_0.png,0,0,0,0,0,0,0,0,0,0,0,0,0,0,0
test_64_2_1.png,0,0,0,0,0,0,0,0,0,0,0,0,0,0,0
test_64_2_2.png,0,0,0,0,0,0,0,0,0,0,0,0,0,0,0
test_64_2_3.png,0,0,0,0,0,0,0,0,0,0,0,0,0,0,0
test_64_3_0.png,0,0,0,0,0,0,0,0,0,0,0,0,0,0,0
test_64_3_1.png,0,0,0,0,0,0,0,0,0,0,0,0,0,0,0
test_64_3_2.png,0,0,0,0,0,0,0,0,0,0,0,0,0,0,0
test_64_3_3.png,0,0,0,0,0,0,0,0,0,0,0,0,0,0,0
test_65_0_0.png,0,0,0,0,0,0,0,0,0,0,0,0,0,0,0
test_65_0_1.png,0,0,0,0,0,0,0,0,0,0,0,0,0,0,0
test_65_0_2.png,0,0,0,0,0,0,0,0,0,0,0,0,0,0,0
test_65_0_3.png,0,0,0,0,0,0,0,0,0,0,0,0,0,0,0
test_65_1_0.png,0,0,0,0,0,0,0,0,0,0,0,0,0,0,0
test_65_1_1.png,0,0,0,0,0,0,0,0,0,0,0,0,0,0,0
test_65_1_2.png,0,0,0,0,0,0,0,0,0,0,0,0,0,0,0
test_65_1_3.png,0,0,0,0,0,0,0,0,0,0,0,0,0,0,0
test_65_2_0.png,0,0,0,0,0,0,0,0,0,0,0,0,0,0,0
test_65_2_1.png,0,0,0,0,0,0,0,0,0,0,0,0,0,0,0
test_65_2_2.png,0,0,0,0,0,0,0,0,0,0,0,0,0,0,0
test_65_2_3.png,0,0,0,0,0,0,0,0,0,0,0,0,0,0,0
test_65_3_0.png,0,0,0,0,0,0,0,0,0,0,0,0,0,0,0
test_65_3_1.png,0,0,0,0,0,0,0,0,0,0,0,0,0,0,0
test_65_3_2.png,0,0,0,0,0,0,0,0,0,0,0,0,0,0,0
test_65_3_3.png,0,0,0,0,0,0,0,0,0,0,0,0,0,0,0
test_66_0_0.png,0,0,0,0,0,0,0,0,0,0,0,0,0,0,0
test_66_0_1.png,0,0,0,0,0,0,0,0,0,0,0,0,0,0,0
test_66_0_2.png,0,0,0,0,0,0,0,0,0,0,0,0,0,0,0
test_66_0_3.png,0,0,0,0,0,0,0,0,0,0,0,0,0,0,0
test_66_1_0.png,0,0,0,0,0,0,0,0,0,0,0,0,0,0,0
test_66_1_1.png,0,0,0,0,0,0,0,0,0,0,0,0,0,0,0
test_66_1_2.png,0,0,0,0,0,0,0,0,0,0,0,0,0,0,0
test_66_1_3.png,0,0,0,0,0,0,0,0,0,0,0,0,0,0,0
test_66_2_0.png,0,0,0,0,0,0,0,0,0,0,0,0,0,0,0
test_66_2_1.png,0,0,0,0,0,0,0,0,0,0,0,0,0,0,0
test_66_2_2.png,0,0,0,0,0,0,0,0,0,0,0,0,0,0,0
test_66_2_3.png,0,0,0,0,0,0,0,0,0,0,0,0,0,0,0
test_66_3_0.png,0,0,0,0,0,0,0,0,0,0,0,0,0,0,0
test_66_3_1.png,0,0,0,0,0,0,0,0,0,0,0,0,0,0,0
test_66_3_2.png,0,0,0,0,0,0,0,0,0,0,0,0,0,0,0
test_66_3_3.png,0,0,0,0,0,0,0,0,0,0,0,0,0,0,0
test_67_0_0.png,0,0,0,0,0,0,0,0,0,0,0,0,0,0,0
test_67_0_1.png,0,0,0,0,0,0,0,0,0,0,0,0,0,0,0
test_67_0_2.png,3379,523,64,3375,535,68,3339,465,104,3369,495,74,3377,504,66
test_67_0_3.png,16440,1695,679,16455,1634,664,16402,1430,717,16431,1928,688,16454,1651,665
test_67_1_0.png,88,0,715,374,7,429,16,0,787,408,4,395,262,0,541
test_67_1_1.png,0,0,0,0,0,0,0,0,0,0,0,0,0,0,0
test_67_1_2.png,3118,222,166,2958,201,326,3122,227,162,2979,233,305,3075,211,209
test_67_1_3.png,5966,826,202,5926,782,242,5620,731,548,5874,722,294,5910,755,258
test_67_2_0.png,382,21,250,359,8,273,388,15,244,485,232,147,374,13,258
test_67_2_1.png,0,0,0,0,0,0,0,0,0,0,0,0,0,0,0
test_67_2_2.png,6158,617,134,6155,536,137,6158,538,134,6118,531,174,6158,537,134
test_67_2_3.png,13416,1774,252,13450,1757,218,13427,1796,241,13460,1856,208,13460,1774,208
test_67_3_0.png,922,56,19,924,58,17,925,56,16,928,64,13,925,56,16
test_67_3_1.png,0,0,0,0,0,0,0,0,0,0,0,0,0,0,0
test_67_3_2.png,0,0,0,0,0,0,0,0,0,0,0,0,0,0,0
test_67_3_3.png,201,24,13,203,17,11,206,23,8,208,32,6,206,20,8
test_68_0_0.png,12414,832,550,12505,943,459,12453,918,511,12459,842,505,12462,865,502
test_68_0_1.png,1744,188,18,1742,231,20,1744,216,18,1746,223,16,1745,210,17
test_68_0_2.png,0,0,0,0,0,0,0,0,0,0,0,0,0,0,0
test_68_0_3.png,0,0,465,0,0,465,317,10,148,444,16,21,0,0,465
test_68_1_0.png,18678,1540,332,18738,1712,272,18756,1692,254,18671,1629,339,18728,1591,282
test_68_1_1.png,12486,1055,406,12449,1016,443,12556,1181,336,12512,1082,380,12524,1065,368
test_68_1_2.png,5181,510,353,5172,461,362,5206,537,328,5150,495,384,5185,489,349
test_68_1_3.png,361,7,48,384,14,25,336,0,73,20,0,389,352,0,57
test_68_2_0.png,21288,1397,546,21389,1636,445,21388,1661,446,21205,1529,629,21334,1525,500
test_68_2_1.png,9392,778,195,9401,830,186,9346,742,241,9321,707,266,9385,742,202
test_68_2_2.png,0,0,172,104,168,68,0,0,172,0,0,172,0,0,172
test_68_2_3.png,0,0,457,0,0,457,0,0,457,0,0,457,0,0,457
test_68_3_0.png,8176,847,227,8164,916,239,8128,874,275,8098,884,305,8159,851,244
test_68_3_1.png,0,0,0,0,0,0,0,0,0,0,0,0,0,0,0
test_68_3_2.png,0,0,0,0,0,0,0,0,0,0,0,0,0,0,0
test_68_3_3.png,0,0,0,0,0,0,0,0,0,0,0,0,0,0,0
test_69_0_0.png,0,0,0,0,0,0,0,0,0,0,0,0,0,0,0
test_69_0_1.png,0,0,0,0,0,0,0,0,0,0,0,0,0,0,0
test_69_0_2.png,0,0,0,0,0,0,0,0,0,0,0,0,0,0,0
test_69_0_3.png,8421,637,308,8422,661,307,8447,622,282,8363,602,366,8417,610,312
test_69_1_0.png,2543,226,39,2536,203,46,2523,203,59,2552,208,30,2543,207,39
test_69_1_1.png,862,60,242,864,69,240,868,73,236,863,69,241,865,67,239
test_69_1_2.png,56,4,11,63,4,4,55,2,12,58,0,9,58,1,9
test_69_1_3.png,10969,598,425,10907,600,487,10971,581,423,10945,578,449,10960,572,434
test_69_2_0.png,17766,1038,352,17747,1067,371,17780,1084,338,17814,1234,304,17794,1084,324
test_69_2_1.png,15283,1027,687,15222,940,748,15243,928,727,15323,994,647,15287,941,683
test_69_2_2.png,9213,672,154,9228,647,139,9125,577,242,9193,641,174,9209,620,158
test_69_2_3.png,1015,96,12,1017,86,10,1016,102,11,1017,106,10,1016,97,11
test_69_3_0.png,18981,1413,329,18924,1369,386,18986,1393,324,18990,1439,320,19002,1359,308
test_69_3_1.png,16357,1188,366,16331,1188,392,16330,1120,393,16406,1268,317,16373,1147,350
test_69_3_2.png,19175,1392,281,19130,1143,326,19077,1154,379,19183,1374,273,19160,1227,296
test_69_3_3.png,11387,1004,280,11363,817,304,11329,762,338,11372,892,295,11370,803,297
test_6_0_0.png,0,0,0,0,0,0,0,0,0,0,0,0,0,0,0
test_6_0_1.png,0,0,468,0,0,468,392,13,76,392,16,76,319,5,149
test_6_0_2.png,0,0,0,0,0,0,0,0,0,0,0,0,0,0,0
test_6_0_3.png,0,0,0,0,0,0,0,0,0,0,0,0,0,0,0
test_6_1_0.png,288,18,13,291,19,10,287,12,14,290,20,11,290,16,11
test_6_1_1.png,0,0,0,0,0,0,0,0,0,0,0,0,0,0,0
test_6_1_2.png,0,0,0,0,0,0,0,0,0,0,0,0,0,0,0
test_6_1_3.png,0,0,367,0,0,367,0,0,367,0,0,367,0,0,367
test_6_2_0.png,0,0,0,0,0,0,0,0,0,0,0,0,0,0,0
test_6_2_1.png,0,0,0,0,0,0,0,0,0,0,0,0,0,0,0
test_6_2_2.png,467,32,50,469,28,48,473,30,44,464,34,53,469,30,48
test_6_2_3.png,0,62,254,0,0,254,0,0,254,0,26,254,0,5,254
test_6_3_0.png,0,0,0,0,0,0,0,0,0,0,0,0,0,0,0
test_6_3_1.png,0,0,0,0,0,0,0,0,0,0,0,0,0,0,0
test_6_3_2.png,0,0,0,0,0,0,0,0,0,0,0,0,0,0,0
test_6_3_3.png,399,24,133,402,18,130,392,19,140,392,9,140,396,17,136
test_70_0_0.png,11715,870,362,11770,918,307,11789,1062,288,11790,980,287,11767,919,310
test_70_0_1.png,4686,503,133,4645,470,174,4660,475,159,4676,453,143,4675,475,144
test_70_0_2.png,11169,1327,371,11153,1195,387,11119,1127,421,11179,1310,361,11179,1195,361
test_70_0_3.png,16516,1132,742,16449,1108,809,16450,1064,808,16553,1148,705,16508,1088,750
test_70_1_0.png,17018,1269,399,17009,1234,408,16984,1296,433,17088,1394,329,17049,1254,368
test_70_1_1.png,19691,1401,446,19628,1352,509,19653,1296,484,19668,1445,469,19688,1344,449
test_70_1_2.png,17855,1282,396,17738,1158,513,17755,1109,496,17821,1184,430,17810,1166,441
test_70_1_3.png,13491,861,446,13483,824,454,13408,777,529,13444,809,493,13480,798,457
test_70_2_0.png,725,32,591,720,21,596,714,21,602,690,19,626,719,22,597
test_70_2_1.png,6103,359,250,6063,370,290,6050,351,303,6109,390,244,6096,357,257
test_70_2_2.png,11550,592,282,11564,744,268,11532,628,300,11504,571,328,11551,586,281
test_70_2_3.png,12559,1026,405,12454,836,510,12451,897,513,12473,986,491,12514,901,450
test_70_3_0.png,16097,884,49,16122,691,24,16102,580,44,16130,926,16,16116,712,30
test_70_3_1.png,4254,361,218,4252,419,220,4264,412,208,4270,410,202,4263,398,209
test_70_3_2.png,8919,447,361,8943,459,337,8933,394,347,8933,460,347,8955,433,325
test_70_3_3.png,8341,608,525,8356,581,510,8357,681,509,8369,643,497,8375,604,491
test_71_0_0.png,4770,317,224,4753,352,241,4723,253,271,4724,235,270,4752,261,242
test_71_0_1.png,6328,401,352,6353,459,327,6220,349,460,6168,375,512,6283,391,397
test_71_0_2.png,1957,227,23,1959,233,21,1965,218,15,1951,219,29,1961,216,19
test_71_0_3.png,0,0,0,0,0,0,0,0,0,0,0,0,0,0,0
test_71_1_0.png,0,0,0,0,0,0,0,0,0,0,0,0,0,0,0
test_71_1_1.png,0,0,4929,0,0,4929,0,0,4929,0,0,4929,0,0,4929
test_71_1_2.png,3777,268,426,3808,763,395,4168,664,35,3828,970,375,3816,689,387
test_71_1_3.png,0,0,0,0,0,0,0,0,0,0,0,0,0,0,0
test_71_2_0.png,0,0,0,0,0,0,0,0,0,0,0,0,0,0,0
test_71_2_1.png,0,405,0,0,333,0,0,0,0,0,0,0,0,124,0
test_71_2_2.png,1619,164,294,1624,100,289,1459,89,454,1713,225,200,1678,128,235
test_71_2_3.png,0,0,3435,0,0,3435,0,0,3435,528,26,2907,0,0,3435
test_71_3_0.png,0,0,0,0,0,0,0,0,0,0,0,0,0,0,0
test_71_3_1.png,0,0,0,0,0,0,0,0,0,0,0,0,0,0,0
test_71_3_2.png,0,341,780,0,204,780,1,416,779,0,293,780,0,291,780
test_71_3_3.png,43967,1464,921,43542,1321,1346,43687,1280,1201,43481,1057,1407,43686,1242,1202
test_72_0_0.png,15718,922,570,15684,872,604,15731,852,557,15671,826,617,15726,828,562
test_72_0_1.png,8052,448,354,7992,433,414,8027,412,379,8065,463,341,8043,418,363
test_72_0_2.png,13699,1159,236,13575,1034,360,13546,1041,389,13639,1173,296,13640,1082,295
test_72_0_3.png,16319,973,400,16189,856,530,16196,815,523,16286,925,433,16270,877,449
test_72_1_0.png,7077,348,362,7053,350,386,7009,342,430,7000,304,439,7038,318,401
test_72_1_1.png,2185,77,79,2165,76,99,2167,92,97,2155,281,109,2168,78,96
test_72_1_2.png,7678,563,226,7717,622,187,7606,515,298,7699,567,205,7694,554,210
test_72_1_3.png,15442,872,451,15446,867,447,15444,794,449,15479,882,414,15474,805,419
test_72_2_0.png,0,0,0,0,0,0,0,0,0,0,0,0,0,0,0
test_72_2_1.png,0,0,0,0,0,0,0,0,0,0,0,0,0,0,0
test_72_2_2.png,1812,101,114,1792,99,134,1735,50,191,1756,91,170,1791,79,135
test_72_2_3.png,5694,334,1285,5121,194,1858,4540,188,2439,3702,157,3277,4771,191,2208
test_72_3_0.png,0,0,0,0,0,0,0,0,0,0,0,0,0,0,0
test_72_3_1.png,0,0,0,0,0,0,0,0,0,0,0,0,0,0,0
test_72_3_2.png,0,0,0,0,0,0,0,0,0,0,0,0,0,0,0
test_72_3_3.png,0,0,0,0,0,0,0,0,0,0,0,0,0,0,0
test_73_0_0.png,19481,1049,662,19424,990,719,19416,981,727,19515,1068,628,19487,981,656
test_73_0_1.png,2552,186,169,2546,156,175,2544,166,177,2564,165,157,2552,153,169
test_73_0_2.png,0,0,0,0,0,0,0,0,0,0,0,0,0,0,0
test_73_0_3.png,0,0,0,0,0,0,0,0,0,0,0,0,0,0,0
test_73_1_0.png,15847,764,661,15772,617,736,15668,771,840,15838,738,670,15824,705,684
test_73_1_1.png,0,0,0,0,0,0,0,0,0,0,0,0,0,0,0
test_73_1_2.png,0,0,0,0,0,0,0,0,0,0,0,0,0,0,0
test_73_1_3.png,0,0,0,0,0,0,0,0,0,0,0,0,0,0,0
test_73_2_0.png,2972,162,90,2957,129,105,2963,128,99,2886,106,176,2957,123,105
test_73_2_1.png,0,0,0,0,0,0,0,0,0,0,0,0,0,0,0
test_73_2_2.png,0,0,0,0,0,0,0,0,0,0,0,0,0,0,0
test_73_2_3.png,326,23,21,324,25,23,326,20,21,306,10,41,324,22,23
test_73_3_0.png,0,0,0,0,0,0,0,0,0,0,0,0,0,0,0
test_73_3_1.png,0,0,0,0,0,0,0,0,0,0,0,0,0,0,0
test_73_3_2.png,0,0,0,0,0,0,0,0,0,0,0,0,0,0,0
test_73_3_3.png,0,0,0,0,0,0,0,0,0,0,0,0,0,0,0
test_74_0_0.png,4860,303,170,4864,328,166,4805,242,225,4857,329,173,4857,296,173
test_74_0_1.png,21147,1065,568,21063,983,652,21074,952,641,21232,1282,483,21145,1040,570
test_74_0_2.png,18165,1134,489,18060,1007,594,18064,940,590,18213,1275,441,18161,1036,493
test_74_0_3.png,5527,385,244,5473,429,298,5496,393,275,5586,513,185,5510,425,261
test_74_1_0.png,930,101,40,914,48,56,890,38,80,909,63,61,915,56,55
test_74_1_1.png,3375,175,137,3318,140,194,3352,165,160,3388,181,124,3358,161,154
test_74_1_2.png,11530,619,340,11498,566,372,11534,708,336,11527,732,343,11529,621,341
test_74_1_3.png,568,41,96,550,30,114,536,9,128,497,8,167,552,24,112
test_74_2_0.png,2721,342,67,2714,336,74,2730,371,58,2737,385,51,2727,359,61
test_74_2_1.png,8851,704,276,8852,690,275,8803,708,324,8882,873,245,8877,713,250
test_74_2_2.png,7013,579,255,6973,584,295,6995,678,273,7066,688,202,7022,620,246
test_74_2_3.png,0,0,0,0,0,0,0,0,0,0,0,0,0,0,0
test_74_3_0.png,0,0,0,0,0,0,0,0,0,0,0,0,0,0,0
test_74_3_1.png,2189,147,147,2199,169,137,2192,146,144,2201,183,135,2201,156,135
test_74_3_2.png,6272,613,200,6226,650,246,6276,603,196,6061,524,411,6260,591,212
test_74_3_3.png,0,0,0,0,0,0,0,0,0,0,0,0,0,0,0
test_75_0_0.png,0,0,0,0,0,0,0,0,0,0,0,0,0,0,0
test_75_0_1.png,0,0,0,0,0,0,0,0,0,0,0,0,0,0,0
test_75_0_2.png,0,0,0,0,0,0,0,0,0,0,0,0,0,0,0
test_75_0_3.png,0,0,0,0,0,0,0,0,0,0,0,0,0,0,0
test_75_1_0.png,0,0,0,0,0,0,0,0,0,0,0,0,0,0,0
test_75_1_1.png,0,0,0,0,0,0,0,0,0,0,0,0,0,0,0
test_75_1_2.png,0,0,0,0,0,0,0,0,0,0,0,0,0,0,0
test_75_1_3.png,0,0,0,0,0,0,0,0,0,0,0,0,0,0,0
test_75_2_0.png,0,0,0,0,0,0,0,0,0,0,0,0,0,0,0
test_75_2_1.png,6473,548,567,6442,568,598,6410,591,630,6207,485,833,6412,532,628
test_75_2_2.png,11572,794,688,11510,961,750,11474,845,786,11543,979,717,11562,874,698
test_75_2_3.png,5657,280,590,5666,274,581,5646,342,601,5599,216,648,5650,244,597
test_75_3_0.png,1456,80,207,1400,72,263,1427,81,236,1409,141,254,1423,71,240
test_75_3_1.png,15089,1004,1272,14985,985,1376,15088,1080,1273,14999,1052,1362,15051,987,1310
test_75_3_2.png,17594,1328,1569,17727,1517,1436,17438,1253,1725,17646,1442,1517,17614,1339,1549
test_75_3_3.png,12125,1201,1287,12068,1246,1344,12145,1350,1267,12204,1483,1208,12160,1280,1252
test_76_0_0.png,0,0,0,0,0,0,0,0,0,0,0,0,0,0,0
test_76_0_1.png,180,13,2,107,0,75,0,0,182,0,0,182,0,0,182
test_76_0_2.png,0,0,166,0,0,166,0,0,166,0,0,166,0,0,166
test_76_0_3.png,5091,742,1417,5110,843,1398,5405,1186,1103,5044,807,1464,5101,830,1407
test_76_1_0.png,0,0,0,0,0,0,0,0,0,0,0,0,0,0,0
test_76_1_1.png,0,0,148,0,0,148,0,0,148,0,0,148,0,0,148
test_76_1_2.png,0,0,0,0,0,0,0,0,0,0,0,0,0,0,0
test_76_1_3.png,0,0,928,0,0,928,0,0,928,0,0,928,0,0,928
test_76_2_0.png,0,0,0,0,0,0,0,0,0,0,0,0,0,0,0
test_76_2_1.png,0,0,0,0,0,0,0,0,0,0,0,0,0,0,0
test_76_2_2.png,0,0,0,0,0,0,0,0,0,0,0,0,0,0,0
test_76_2_3.png,4363,378,353,4496,29,220,4481,22,235,4442,26,274,4469,23,247
test_76_3_0.png,0,0,0,0,0,0,0,0,0,0,0,0,0,0,0
test_76_3_1.png,609,32,299,17,0,891,0,0,908,0,0,908,0,0,908
test_76_3_2.png,0,0,0,0,0,0,0,0,0,0,0,0,0,0,0
test_76_3_3.png,0,0,0,0,0,0,0,0,0,0,0,0,0,0,0
test_77_0_0.png,10818,247,5841,14862,1695,1797,7965,41,8694,10618,296,6041,10267,136,6392
test_77_0_1.png,209,2612,24,201,2684,32,172,1976,61,215,2715,18,204,2601,29
test_77_0_2.png,3462,26,2582,4013,27,2031,4287,44,1757,4390,64,1654,4109,24,1935
test_77_0_3.png,0,0,463,0,0,463,0,0,463,0,0,463,0,0,463
test_77_1_0.png,21898,7081,890,21821,7637,967,21822,3916,966,21723,3612,1065,21813,5934,975
test_77_1_1.png,0,838,600,0,5,600,0,46,600,0,0,600,0,17,600
test_77_1_2.png,2720,113,408,2749,101,379,2726,106,402,2697,84,431,2736,100,392
test_77_1_3.png,0,0,0,0,0,0,0,0,0,0,0,0,0,0,0
test_77_2_0.png,8942,311,2465,10168,476,1239,8365,189,3042,8880,4704,2527,8743,182,2664
test_77_2_1.png,10308,1009,1192,10536,1519,964,8497,1729,3003,8772,5958,2728,9033,1283,2467
test_77_2_2.png,4749,713,485,4878,700,356,4786,611,448,4528,327,706,4834,668,400
test_77_2_3.png,792,31,63,805,35,50,748,15,107,792,38,63,789,33,66
test_77_3_0.png,14997,1640,3830,13627,1236,5200,15089,1593,3738,13133,1344,5694,14828,1481,3999
test_77_3_1.png,18632,3980,784,18777,4152,639,18491,3978,925,18738,4621,678,18694,4169,722
test_77_3_2.png,20653,229,2534,21008,726,2179,19731,129,3456,21000,531,2187,20751,227,2436
test_77_3_3.png,14917,21,2166,14807,16,2276,11552,11,5531,14053,13,3030,14422,15,2661
test_78_0_0.png,0,0,0,0,0,0,0,0,0,0,0,0,0,0,0
test_78_0_1.png,0,0,0,0,0,0,0,0,0,0,0,0,0,0,0
test_78_0_2.png,0,0,0,0,0,0,0,0,0,0,0,0,0,0,0
test_78_0_3.png,947,143,10,874,128,83,945,193,12,926,154,31,944,150,13
test_78_1_0.png,0,0,0,0,0,0,0,0,0,0,0,0,0,0,0
test_78_1_1.png,0,0,0,0,0,0,0,0,0,0,0,0,0,0,0
test_78_1_2.png,0,0,0,0,0,0,0,0,0,0,0,0,0,0,0
test_78_1_3.png,0,0,0,0,0,0,0,0,0,0,0,0,0,0,0
test_78_2_0.png,5404,659,182,5432,722,154,5373,162,213,5412,196,174,5411,197,175
test_78_2_1.png,5325,212,154,5337,266,142,5310,171,169,5297,172,182,5322,183,157
test_78_2_2.png,0,0,0,0,0,0,0,0,0,0,0,0,0,0,0
test_78_2_3.png,0,0,0,0,0,0,0,0,0,0,0,0,0,0,0
test_78_3_0.png,11394,240,542,11559,210,377,11336,242,600,11454,179,482,11454,204,482
test_78_3_1.png,4423,82,204,4429,86,198,4249,70,378,4230,63,397,4417,75,210
test_78_3_2.png,0,293,0,0,0,0,0,529,0,0,860,0,0,463,0
test_78_3_3.png,0,0,0,0,0,0,0,0,0,0,0,0,0,0,0
test_79_0_0.png,1122,38,71,952,25,241,1092,39,101,693,10,500,1063,22,130
test_79_0_1.png,1191,25,828,1156,25,863,1267,35,752,1172,12,847,1176,16,843
test_79_0_2.png,2741,112,731,2826,139,646,2610,96,862,2840,127,632,2785,118,687
test_79_0_3.png,2023,38,442,1967,33,498,2023,46,442,2049,30,416,2024,30,441
test_79_1_0.png,0,0,292,0,0,292,0,0,292,0,0,292,0,0,292
test_79_1_1.png,0,0,0,0,0,0,0,0,0,0,0,0,0,0,0
test_79_1_2.png,0,515,173,0,0,173,0,789,173,0,649,173,0,626,173
test_79_1_3.png,619,201,1,601,132,19,596,37,24,552,38,68,603,63,17
test_79_2_0.png,0,0,0,0,0,0,0,0,0,0,0,0,0,0,0
test_79_2_1.png,3010,247,491,2781,175,720,2970,194,531,2990,248,511,2986,227,515
test_79_2_2.png,1490,260,96,1469,206,117,1516,284,70,1489,282,97,1484,262,102
test_79_2_3.png,2866,149,444,2836,153,474,2844,150,466,2774,105,536,2844,138,466
test_79_3_0.png,0,0,2766,0,0,2766,0,0,2766,0,0,2766,0,0,2766
test_79_3_1.png,0,0,0,0,0,0,0,0,0,0,0,0,0,0,0
test_79_3_2.png,1862,45,191,1866,38,187,1846,29,207,1864,37,189,1863,40,190
test_79_3_3.png,4795,288,717,4796,319,716,4733,311,779,4840,289,672,4794,297,718
test_7_0_0.png,0,0,0,0,0,0,0,0,0,0,0,0,0,0,0
test_7_0_1.png,0,0,0,0,0,0,0,0,0,0,0,0,0,0,0
test_7_0_2.png,8209,770,374,8163,677,420,7992,682,591,8159,704,424,8169,697,414
test_7_0_3.png,0,0,0,0,0,0,0,0,0,0,0,0,0,0,0
test_7_1_0.png,8706,674,674,8626,635,754,8703,675,677,8634,683,746,8686,666,694
test_7_1_1.png,5160,471,257,5147,442,270,5153,517,264,5176,565,241,5158,493,259
test_7_1_2.png,8612,815,349,8573,722,388,8593,769,368,8602,808,359,8601,774,360
test_7_1_3.png,12291,1095,726,12291,999,726,12100,1006,917,12203,1016,814,12235,1014,782
test_7_2_0.png,14627,1419,604,14570,1333,661,14577,1409,654,14521,1296,710,14587,1337,644
test_7_2_1.png,16122,1589,1715,16194,1658,1643,16096,1602,1741,16168,1592,1669,16155,1603,1682
test_7_2_2.png,4389,393,133,4393,373,129,4420,425,102,4398,368,124,4405,384,117
test_7_2_3.png,6079,512,393,6073,487,399,6007,454,465,6034,467,438,6038,467,434
test_7_3_0.png,4275,415,221,4252,389,244,4260,422,236,4241,410,255,4254,405,242
test_7_3_1.png,8310,1286,302,8333,1239,279,8300,1268,312,8328,1281,284,8320,1286,292
test_7_3_2.png,584,37,14,578,28,20,586,32,12,584,31,14,585,31,13
test_7_3_3.png,9865,898,854,9738,926,981,9825,902,894,9924,983,795,9888,899,831
test_80_0_0.png,12096,1308,1747,12196,1485,1647,11814,913,2029,11872,583,1971,12047,1207,1796
test_80_0_1.png,19623,1906,1414,19826,2112,1211,19474,1801,1563,19178,1685,1859,19601,1835,1436
test_80_0_2.png,20859,2199,950,20852,2138,957,20188,1792,1621,19648,2265,2161,20671,2068,1138
test_80_0_3.png,21348,2903,1109,21319,2886,1138,21069,2301,1388,20922,2630,1535,21189,2614,1268
test_80_1_0.png,7789,745,730,7776,708,743,7645,525,874,7643,590,876,7724,637,795
test_80_1_1.png,17511,2779,951,17527,2847,935,17097,2581,1365,17033,2044,1429,17389,2652,1073
test_80_1_2.png,13424,2114,1484,13172,1821,1736,13238,1662,1670,13252,1813,1656,13297,1794,1611
test_80_1_3.png,9518,1115,3250,9229,970,3539,9593,1117,3175,9558,1160,3210,9457,1059,3311
test_80_2_0.png,3480,416,385,3591,482,274,3341,240,524,3416,314,449,3459,371,406
test_80_2_1.png,13808,841,1622,14269,992,1161,13838,813,1592,14041,1002,1389,14074,863,1356
test_80_2_2.png,3651,308,729,3756,330,624,3746,321,634,3749,417,631,3732,327,648
test_80_2_3.png,15978,1398,963,14807,1609,2134,14086,563,2855,13734,1509,3207,14600,1462,2341
test_80_3_0.png,7347,453,1243,7156,336,1434,7160,442,1430,7327,445,1263,7206,411,1384
test_80_3_1.png,10370,486,1096,10553,578,913,10558,693,908,10519,599,947,10451,540,1015
test_80_3_2.png,0,0,200,0,0,200,0,0,200,0,0,200,0,0,200
test_80_3_3.png,12210,1568,2535,11326,1527,3419,11329,1414,3416,11041,1490,3704,11283,1507,3462
test_81_0_0.png,1608,199,140,1589,173,159,1610,145,138,1613,182,135,1610,171,138
test_81_0_1.png,1732,8,136,1730,3,138,1732,12,136,1740,9,128,1735,5,133
test_81_0_2.png,0,0,0,0,0,0,0,0,0,0,0,0,0,0,0
test_81_0_3.png,0,0,0,0,0,0,0,0,0,0,0,0,0,0,0
test_81_1_0.png,0,0,0,0,0,0,0,0,0,0,0,0,0,0,0
test_81_1_1.png,0,0,0,0,0,0,0,0,0,0,0,0,0,0,0
test_81_1_2.png,0,0,0,0,0,0,0,0,0,0,0,0,0,0,0
test_81_1_3.png,2220,263,941,1660,124,1501,1885,216,1276,1850,206,1311,1828,199,1333
test_81_2_0.png,0,0,0,0,0,0,0,0,0,0,0,0,0,0,0
test_81_2_1.png,0,0,0,0,0,0,0,0,0,0,0,0,0,0,0
test_81_2_2.png,0,0,0,0,0,0,0,0,0,0,0,0,0,0,0
test_81_2_3.png,1760,952,15,1751,936,24,1753,833,22,1746,824,29,1755,900,20
test_81_3_0.png,0,0,0,0,0,0,0,0,0,0,0,0,0,0,0
test_81_3_1.png,313,15,329,308,19,334,1,0,641,197,0,445,286,1,356
test_81_3_2.png,0,0,0,0,0,0,0,0,0,0,0,0,0,0,0
test_81_3_3.png,0,0,0,0,0,0,0,0,0,0,0,0,0,0,0
test_82_0_0.png,0,0,0,0,0,0,0,0,0,0,0,0,0,0,0
test_82_0_1.png,0,0,0,0,0,0,0,0,0,0,0,0,0,0,0
test_82_0_2.png,0,0,0,0,0,0,0,0,0,0,0,0,0,0,0
test_82_0_3.png,0,0,0,0,0,0,0,0,0,0,0,0,0,0,0
test_82_1_0.png,0,0,0,0,0,0,0,0,0,0,0,0,0,0,0
test_82_1_1.png,0,0,6094,0,0,6094,0,0,6094,0,0,6094,0,0,6094
test_82_1_2.png,0,0,11259,0,0,11259,0,0,11259,0,0,11259,0,0,11259
test_82_1_3.png,0,0,0,0,0,0,0,0,0,0,0,0,0,0,0
test_82_2_0.png,0,0,783,0,0,783,0,557,783,0,0,783,0,0,783
test_82_2_1.png,979,1,2403,0,0,3382,0,0,3382,0,0,3382,0,0,3382
test_82_2_2.png,15020,2802,7181,13753,2235,8448,14745,3230,7456,13540,2328,8661,14070,2206,8131
test_82_2_3.png,0,0,576,0,0,576,0,0,576,0,0,576,0,0,576
test_82_3_0.png,0,0,0,0,0,0,0,0,0,0,0,0,0,0,0
test_82_3_1.png,0,0,1357,0,0,1357,0,0,1357,0,0,1357,0,0,1357
test_82_3_2.png,2254,132,135,2189,92,200,1893,60,496,1276,83,1113,2104,86,285
test_82_3_3.png,5082,1164,438,5072,1460,448,5004,614,516,5064,382,456,5072,930,448
test_83_0_0.png,0,0,0,0,0,0,0,0,0,0,0,0,0,0,0
test_83_0_1.png,0,0,0,0,0,0,0,0,0,0,0,0,0,0,0
test_83_0_2.png,0,0,0,0,0,0,0,0,0,0,0,0,0,0,0
test_83_0_3.png,0,0,0,0,0,0,0,0,0,0,0,0,0,0,0
test_83_1_0.png,0,0,0,0,0,0,0,0,0,0,0,0,0,0,0
test_83_1_1.png,0,0,0,0,0,0,0,0,0,0,0,0,0,0,0
test_83_1_2.png,0,0,0,0,0,0,0,0,0,0,0,0,0,0,0
test_83_1_3.png,0,0,0,0,0,0,0,0,0,0,0,0,0,0,0
test_83_2_0.png,0,0,0,0,0,0,0,0,0,0,0,0,0,0,0
test_83_2_1.png,9791,512,1165,9879,591,1077,9831,579,1125,9824,586,1132,9837,537,1119
test_83_2_2.png,1224,24,340,1227,17,337,1184,12,380,1169,15,395,1207,13,357
test_83_2_3.png,0,0,0,0,0,0,0,0,0,0,0,0,0,0,0
test_83_3_0.png,6208,618,982,6205,509,985,6106,487,1084,6245,585,945,6195,492,995
test_83_3_1.png,20352,2634,3269,20401,2719,3220,20460,2795,3161,19967,2113,3654,20310,2475,3311
test_83_3_2.png,5302,79,1438,5139,73,1601,2669,14,4071,4989,63,1751,4925,54,1815
test_83_3_3.png,0,133,0,0,90,0,0,0,0,0,0,0,0,12,0
test_84_0_0.png,0,0,0,0,0,0,0,0,0,0,0,0,0,0,0
test_84_0_1.png,71,13,37,70,11,38,69,4,39,74,4,34,69,8,39
test_84_0_2.png,1264,534,143,1271,478,136,1262,490,145,1272,647,135,1268,565,139
test_84_0_3.png,1650,109,1275,1787,89,1138,1359,161,1566,1226,123,1699,1504,68,1421
test_84_1_0.png,0,0,0,0,0,0,0,0,0,0,0,0,0,0,0
test_84_1_1.png,4703,396,676,4759,510,620,4820,594,559,4909,665,470,4811,526,568
test_84_1_2.png,10838,895,1942,10865,794,1915,10876,1492,1904,10996,1096,1784,11027,1004,1753
test_84_1_3.png,5424,763,767,5429,800,762,5480,908,711,5481,873,710,5462,806,729
test_84_2_0.png,0,0,0,0,0,0,0,0,0,0,0,0,0,0,0
test_84_2_1.png,3624,264,1007,3686,269,945,3685,351,946,3613,245,1018,3650,257,981
test_84_2_2.png,8446,293,1771,8568,298,1649,8402,245,1815,8580,263,1637,8489,269,1728
test_84_2_3.png,2179,165,836,2277,187,738,1977,146,1038,2125,138,890,2179,158,836
test_84_3_0.png,0,0,0,0,0,0,0,0,0,0,0,0,0,0,0
test_84_3_1.png,1304,242,341,1299,245,346,1313,364,332,1294,322,351,1314,294,331
test_84_3_2.png,2045,53,273,2083,78,235,1941,35,377,1986,35,332,2017,41,301
test_84_3_3.png,0,0,0,0,0,0,0,0,0,0,0,0,0,0,0
test_85_0_0.png,0,0,0,0,0,0,0,0,0,0,0,0,0,0,0
test_85_0_1.png,0,0,308,0,0,308,0,0,308,0,0,308,0,0,308
test_85_0_2.png,0,0,0,0,0,0,0,0,0,0,0,0,0,0,0
test_85_0_3.png,0,0,0,0,0,0,0,0,0,0,0,0,0,0,0
test_85_1_0.png,8810,361,946,8702,304,1054,8747,300,1009,8740,341,1016,8758,329,998
test_85_1_1.png,1775,27,227,1773,21,229,1764,28,238,1781,25,221,1779,23,223
test_85_1_2.png,0,0,0,0,0,0,0,0,0,0,0,0,0,0,0
test_85_1_3.png,0,0,0,0,0,0,0,0,0,0,0,0,0,0,0
test_85_2_0.png,13696,1194,1337,13586,1068,1447,13545,1115,1488,13536,1059,1497,13615,1069,1418
test_85_2_1.png,9245,905,1187,9298,895,1134,9248,742,1184,9212,757,1220,9245,801,1187
test_85_2_2.png,0,0,0,0,0,0,0,0,0,0,0,0,0,0,0
test_85_2_3.png,0,0,0,0,0,0,0,0,0,0,0,0,0,0,0
test_85_3_0.png,6038,504,556,6039,546,555,6067,471,527,6016,551,578,6051,488,543
test_85_3_1.png,2632,184,579,2646,184,565,2622,192,589,2624,163,587,2634,160,577
test_85_3_2.png,0,0,0,0,0,0,0,0,0,0,0,0,0,0,0
test_85_3_3.png,594,0,941,527,0,1008,21,0,1514,114,14,1421,414,0,1121
test_86_0_0.png,0,0,0,0,0,0,0,0,0,0,0,0,0,0,0
test_86_0_1.png,617,0,126,28,0,715,597,0,146,432,0,311,553,0,190
test_86_0_2.png,0,0,0,0,0,0,0,37,0,0,4,0,0,0,0
test_86_0_3.png,0,0,0,0,0,0,0,0,0,0,0,0,0,0,0
test_86_1_0.png,359,11,61,268,0,152,397,1314,23,385,1707,35,376,653,44
test_86_1_1.png,0,0,0,0,0,0,0,0,0,0,0,0,0,0,0
test_86_1_2.png,0,0,0,0,0,0,0,0,0,0,0,0,0,0,0
test_86_1_3.png,0,0,0,0,0,0,0,0,0,0,0,0,0,0,0
test_86_2_0.png,0,562,53,0,569,53,0,389,53,0,239,53,0,506,53
test_86_2_1.png,703,25,48,702,199,49,702,19,49,712,29,39,702,21,49
test_86_2_2.png,0,0,0,0,0,0,0,3,0,0,0,0,0,0,0
test_86_2_3.png,0,0,0,0,0,0,0,0,0,0,0,0,0,0,0
test_86_3_0.png,0,0,227,0,0,227,0,0,227,0,0,227,0,0,227
test_86_3_1.png,0,0,0,0,0,0,0,0,0,0,0,0,0,0,0
test_86_3_2.png,0,817,0,0,808,0,0,809,0,0,787,0,0,803,0
test_86_3_3.png,0,0,0,0,0,0,0,0,0,0,0,0,0,0,0
test_87_0_0.png,3990,602,777,4065,537,702,3785,356,982,3796,1298,971,3877,412,890
test_87_0_1.png,14360,665,2478,14279,578,2559,13960,716,2878,14088,574,2750,14194,484,2644
test_87_0_2.png,10806,681,1507,10627,602,1686,10775,561,1538,10821,663,1492,10782,638,1531
test_87_0_3.png,0,0,0,0,0,0,0,0,0,0,0,0,0,0,0
test_87_1_0.png,15070,594,2699,15067,685,2702,14738,562,3031,14777,581,2992,14922,587,2847
test_87_1_1.png,23257,732,3573,23239,851,3591,22771,576,4059,22753,561,4077,23020,662,3810
test_87_1_2.png,12011,492,2145,12037,516,2119,11689,356,2467,11656,328,2500,11848,342,2308
test_87_1_3.png,414,1,82,422,3,74,416,3,80,414,3,82,414,3,82
test_87_2_0.png,5701,510,525,5756,460,470,5692,405,534,5737,377,489,5725,429,501
test_87_2_1.png,7159,290,1077,7130,329,1106,7078,289,1158,7139,307,1097,7132,284,1104
test_87_2_2.png,2559,135,1005,2505,124,1059,2453,87,1111,2498,126,1066,2493,116,1071
test_87_2_3.png,0,0,0,0,0,0,0,0,0,0,0,0,0,0,0
test_87_3_0.png,0,0,0,0,0,0,0,0,0,0,0,0,0,0,0
test_87_3_1.png,0,0,0,0,0,0,0,0,0,0,0,0,0,0,0
test_87_3_2.png,0,0,0,0,0,0,0,0,0,0,0,0,0,0,0
test_87_3_3.png,0,0,0,0,0,0,0,0,0,0,0,0,0,0,0
test_88_0_0.png,0,0,573,92,14,481,0,0,573,0,0,573,0,0,573
test_88_0_1.png,0,0,0,0,0,0,0,0,0,0,0,0,0,0,0
test_88_0_2.png,0,0,0,0,0,0,0,0,0,0,0,0,0,0,0
test_88_0_3.png,0,0,0,0,0,0,0,0,0,0,0,0,0,0,0
test_88_1_0.png,0,0,0,0,0,0,0,0,0,0,0,0,0,0,0
test_88_1_1.png,0,0,0,0,0,0,0,0,0,0,0,0,0,0,0
test_88_1_2.png,0,0,0,0,0,0,0,0,0,0,0,0,0,0,0
test_88_1_3.png,0,0,0,0,0,0,0,0,0,0,0,0,0,0,0
test_88_2_0.png,0,0,0,0,0,0,0,0,0,0,0,0,0,0,0
test_88_2_1.png,0,0,0,0,0,0,0,0,0,0,0,0,0,0,0
test_88_2_2.png,0,0,0,0,0,0,0,0,0,0,0,0,0,0,0
test_88_2_3.png,0,0,0,0,0,0,0,0,0,0,0,0,0,0,0
test_88_3_0.png,0,0,0,0,0,0,0,0,0,0,0,0,0,0,0
test_88_3_1.png,0,0,0,0,0,0,0,0,0,0,0,0,0,0,0
test_88_3_2.png,0,0,0,0,0,0,0,0,0,0,0,0,0,0,0
test_88_3_3.png,0,0,0,0,0,0,0,0,0,0,0,0,0,0,0
test_89_0_0.png,0,0,0,0,0,0,0,0,0,0,0,0,0,0,0
test_89_0_1.png,0,0,0,0,0,0,0,0,0,0,0,0,0,0,0
test_89_0_2.png,0,0,0,0,0,0,0,0,0,0,0,0,0,0,0
test_89_0_3.png,0,1673,0,0,1629,0,0,1648,0,0,878,0,0,1617,0
test_89_1_0.png,0,0,0,0,0,0,0,0,0,0,0,0,0,0,0
test_89_1_1.png,0,8,0,0,0,0,0,0,0,0,0,0,0,0,0
test_89_1_2.png,0,0,0,0,0,0,0,0,0,0,0,0,0,0,0
test_89_1_3.png,0,0,0,0,0,0,0,0,0,0,0,0,0,0,0
test_89_2_0.png,0,0,0,0,0,0,0,0,0,0,0,0,0,0,0
test_89_2_1.png,21801,731,623,21380,575,1044,21834,326,590,21731,130,693,21827,379,597
test_89_2_2.png,28330,353,2788,27736,263,3382,29273,368,1845,27215,440,3903,28137,330,2981
test_89_2_3.png,0,0,0,0,0,0,0,0,0,0,0,0,0,0,0
test_89_3_0.png,0,0,0,0,0,0,0,0,0,0,0,0,0,0,0
test_89_3_1.png,0,0,168,0,0,168,0,0,168,0,0,168,0,0,168
test_89_3_2.png,2540,13,117,2565,16,92,2557,19,100,2566,20,91,2557,17,100
test_89_3_3.png,1227,68,130,1216,36,141,1253,65,104,1251,78,106,1243,63,114
test_8_0_0.png,2928,253,60,2942,266,46,2924,252,64,2935,243,53,2935,252,53
test_8_0_1.png,0,0,0,0,0,0,0,0,0,0,0,0,0,0,0
test_8_0_2.png,1224,60,158,1218,60,164,1205,57,177,1233,61,149,1221,61,161
test_8_0_3.png,2902,291,122,2869,252,155,2888,290,136,2895,267,129,2892,275,132
test_8_1_0.png,0,0,0,0,0,0,0,0,0,0,0,0,0,0,0
test_8_1_1.png,0,0,0,0,0,0,0,0,0,0,0,0,0,0,0
test_8_1_2.png,0,0,0,0,0,0,0,0,0,0,0,0,0,0,0
test_8_1_3.png,0,0,0,0,0,0,0,0,0,0,0,0,0,0,0
test_8_2_0.png,4897,418,281,4881,425,297,4886,376,292,4873,368,305,4892,376,286
test_8_2_1.png,7530,417,570,7581,448,519,7555,674,545,7497,515,603,7551,389,549
test_8_2_2.png,9208,560,458,9254,618,412,9140,546,526,9150,528,516,9183,526,483
test_8_2_3.png,639,219,2,636,199,5,637,199,4,636,214,5,637,211,4
test_8_3_0.png,9581,438,709,9604,485,686,9634,465,656,9558,446,732,9595,454,695
test_8_3_1.png,16765,1124,1092,16742,1068,1115,16670,1146,1187,16747,1159,1110,16740,1112,1117
test_8_3_2.png,16627,1032,1107,16649,1096,1085,16733,1100,1001,16730,1044,1004,16711,1052,1023
test_8_3_3.png,8072,451,367,8069,423,370,8083,559,356,8069,480,370,8079,458,360
test_90_0_0.png,0,0,0,0,0,0,0,0,0,0,0,0,0,0,0
test_90_0_1.png,0,0,0,0,0,0,0,0,0,0,0,0,0,0,0
test_90_0_2.png,0,0,0,0,0,0,0,0,0,0,0,0,0,0,0
test_90_0_3.png,0,0,0,0,0,0,0,0,0,0,0,0,0,0,0
test_90_1_0.png,0,0,0,0,0,0,0,0,0,0,0,0,0,0,0
test_90_1_1.png,0,0,0,0,0,0,0,0,0,0,0,0,0,0,0
test_90_1_2.png,0,0,0,0,0,0,0,0,0,0,0,0,0,0,0
test_90_1_3.png,0,0,0,0,0,0,0,0,0,0,0,0,0,0,0
test_90_2_0.png,0,0,0,0,0,0,0,0,0,0,0,0,0,0,0
test_90_2_1.png,0,0,0,0,0,0,0,0,0,0,0,0,0,0,0
test_90_2_2.png,0,0,0,0,0,0,0,0,0,0,0,0,0,0,0
test_90_2_3.png,0,0,0,0,0,0,0,0,0,0,0,0,0,0,0
test_90_3_0.png,0,0,0,0,0,0,0,0,0,0,0,0,0,0,0
test_90_3_1.png,0,0,0,0,0,0,0,0,0,0,0,0,0,0,0
test_90_3_2.png,0,0,0,0,0,0,0,0,0,0,0,0,0,0,0
test_90_3_3.png,0,0,0,0,0,0,0,0,0,0,0,0,0,0,0
test_91_0_0.png,3463,218,256,3452,202,267,3466,238,253,3521,276,198,3472,231,247
test_91_0_1.png,0,0,0,0,0,0,0,0,0,0,0,0,0,0,0
test_91_0_2.png,266,37,72,259,23,79,168,2,170,75,1,263,212,8,126
test_91_0_3.png,0,0,754,0,0,754,0,0,754,0,0,754,0,0,754
test_91_1_0.png,2509,100,480,2466,58,523,2555,78,434,2548,83,441,2507,75,482
test_91_1_1.png,0,0,0,0,0,0,0,0,0,0,0,0,0,0,0
test_91_1_2.png,0,0,0,0,0,0,0,0,0,0,0,0,0,0,0
test_91_1_3.png,1677,65,126,1663,53,140,1660,44,143,1660,54,143,1666,52,137
test_91_2_0.png,0,0,0,0,0,0,0,0,0,0,0,0,0,0,0
test_91_2_1.png,0,0,0,0,0,0,0,0,0,0,0,0,0,0,0
test_91_2_2.png,0,0,0,0,0,0,0,0,0,0,0,0,0,0,0
test_91_2_3.png,0,0,0,0,0,0,0,0,0,0,0,0,0,0,0
test_91_3_0.png,0,0,0,0,0,0,0,0,0,0,0,0,0,0,0
test_91_3_1.png,0,0,0,0,0,0,0,0,0,0,0,0,0,0,0
test_91_3_2.png,0,0,0,0,0,0,0,0,0,0,0,0,0,0,0
test_91_3_3.png,0,0,0,0,0,0,0,0,0,0,0,0,0,0,0
test_92_0_0.png,0,0,0,0,0,0,0,0,0,0,0,0,0,0,0
test_92_0_1.png,0,0,0,0,0,0,0,0,0,0,0,0,0,0,0
test_92_0_2.png,0,0,0,0,0,0,0,0,0,0,0,0,0,0,0
test_92_0_3.png,0,0,0,0,0,0,0,0,0,0,0,0,0,0,0
test_92_1_0.png,8707,414,604,8650,412,661,8755,478,556,8628,421,683,8700,422,611
test_92_1_1.png,3789,217,239,3842,238,186,3792,227,236,3760,212,268,3808,203,220
test_92_1_2.png,0,0,0,0,0,0,0,0,0,0,0,0,0,0,0
test_92_1_3.png,0,0,0,0,0,0,0,0,0,0,0,0,0,0,0
test_92_2_0.png,26250,1996,1443,25970,1635,1723,25901,1545,1792,25643,1337,2050,25988,1560,1705
test_92_2_1.png,3949,202,363,3858,124,454,3934,203,378,3987,233,325,3942,179,370
test_92_2_2.png,0,0,0,0,0,0,0,0,0,0,0,0,0,0,0
test_92_2_3.png,8067,247,1131,7980,219,1218,8087,256,1111,7990,227,1208,8028,235,1170
test_92_3_0.png,11878,393,1065,11782,312,1161,12033,519,910,12110,514,833,11972,420,971
test_92_3_1.png,0,0,0,0,0,0,0,0,0,0,0,0,0,0,0
test_92_3_2.png,7271,154,642,7257,130,656,7238,143,675,7209,173,704,7245,136,668
test_92_3_3.png,21341,1108,1866,20991,1006,2216,21177,1048,2030,21304,1167,1903,21231,1029,1976
test_93_0_0.png,0,0,0,0,0,0,0,0,0,0,0,0,0,0,0
test_93_0_1.png,0,0,0,0,0,0,0,0,0,0,0,0,0,0,0
test_93_0_2.png,0,0,0,0,0,0,0,0,0,0,0,0,0,0,0
test_93_0_3.png,0,0,0,0,0,0,0,0,0,0,0,0,0,0,0
test_93_1_0.png,0,0,0,0,0,0,0,0,0,0,0,0,0,0,0
test_93_1_1.png,0,0,0,0,0,0,0,0,0,0,0,0,0,0,0
test_93_1_2.png,0,0,0,0,0,0,0,0,0,0,0,0,0,0,0
test_93_1_3.png,0,0,0,0,0,0,0,0,0,0,0,0,0,0,0
test_93_2_0.png,449,0,196,449,0,196,451,0,194,445,0,200,450,0,195
test_93_2_1.png,0,0,0,0,0,0,0,0,0,0,0,0,0,0,0
test_93_2_2.png,0,0,0,0,0,0,0,0,0,0,0,0,0,0,0
test_93_2_3.png,0,0,0,0,0,0,0,0,0,0,0,0,0,0,0
test_93_3_0.png,3616,350,408,3650,400,374,3578,307,446,3580,357,444,3610,342,414
test_93_3_1.png,0,0,0,0,0,0,0,0,0,0,0,0,0,0,0
test_93_3_2.png,0,0,0,0,0,0,0,0,0,0,0,0,0,0,0
test_93_3_3.png,0,0,0,0,0,0,0,0,0,0,0,0,0,0,0
test_94_0_0.png,0,0,0,0,0,0,0,0,0,0,0,0,0,0,0
test_94_0_1.png,0,0,0,0,0,0,0,0,0,0,0,0,0,0,0
test_94_0_2.png,0,0,0,0,0,0,0,0,0,0,0,0,0,0,0
test_94_0_3.png,0,0,0,0,0,0,0,0,0,0,0,0,0,0,0
test_94_1_0.png,0,0,0,0,0,0,0,0,0,0,0,0,0,0,0
test_94_1_1.png,0,0,0,0,0,0,0,0,0,0,0,0,0,0,0
test_94_1_2.png,0,0,0,0,0,0,0,0,0,0,0,0,0,0,0
test_94_1_3.png,0,0,0,0,0,0,0,0,0,0,0,0,0,0,0
test_94_2_0.png,0,0,0,0,0,0,0,0,0,0,0,0,0,0,0
test_94_2_1.png,0,0,0,0,0,0,0,0,0,0,0,0,0,0,0
test_94_2_2.png,0,0,0,0,0,0,0,0,0,0,0,0,0,0,0
test_94_2_3.png,0,0,561,0,0,561,0,0,561,0,0,561,0,0,561
test_94_3_0.png,0,0,0,0,0,0,0,0,0,0,0,0,0,0,0
test_94_3_1.png,0,0,0,0,0,0,0,0,0,0,0,0,0,0,0
test_94_3_2.png,0,0,0,0,0,0,0,0,0,0,0,0,0,0,0
test_94_3_3.png,0,0,0,0,0,0,0,0,0,0,0,0,0,0,0
test_95_0_0.png,0,0,0,0,0,0,0,0,0,0,0,0,0,0,0
test_95_0_1.png,0,0,0,0,0,0,0,0,0,0,0,0,0,0,0
test_95_0_2.png,0,0,0,0,0,0,0,0,0,0,0,0,0,0,0
test_95_0_3.png,0,0,0,0,0,0,0,0,0,0,0,0,0,0,0
test_95_1_0.png,0,0,0,0,0,0,0,0,0,0,0,0,0,0,0
test_95_1_1.png,0,0,0,0,0,0,0,0,0,0,0,0,0,0,0
test_95_1_2.png,0,0,0,0,0,0,0,0,0,0,0,0,0,0,0
test_95_1_3.png,0,0,0,0,0,0,0,0,0,0,0,0,0,0,0
test_95_2_0.png,0,0,0,0,0,0,0,0,0,0,0,0,0,0,0
test_95_2_1.png,0,0,0,0,0,0,0,0,0,0,0,0,0,0,0
test_95_2_2.png,0,0,0,0,0,0,0,0,0,0,0,0,0,0,0
test_95_2_3.png,0,0,0,0,0,0,0,0,0,0,0,0,0,0,0
test_95_3_0.png,116,0,9,85,0,40,89,0,36,111,0,14,106,0,19
test_95_3_1.png,0,0,0,0,0,0,0,0,0,0,0,0,0,0,0
test_95_3_2.png,0,0,0,0,0,0,0,0,0,0,0,0,0,0,0
test_95_3_3.png,0,0,0,0,0,0,0,0,0,0,0,0,0,0,0
test_96_0_0.png,1460,111,33,1463,134,30,1464,104,29,1463,136,30,1466,118,27
test_96_0_1.png,0,0,0,0,0,0,0,0,0,0,0,0,0,0,0
test_96_0_2.png,0,0,0,0,0,0,0,0,0,0,0,0,0,0,0
test_96_0_3.png,0,0,19,0,0,19,0,0,19,0,0,19,0,0,19
test_96_1_0.png,0,0,0,0,0,0,0,0,0,0,0,0,0,0,0
test_96_1_1.png,0,0,0,0,0,0,0,0,0,0,0,0,0,0,0
test_96_1_2.png,0,0,0,0,0,0,0,0,0,0,0,0,0,0,0
test_96_1_3.png,0,0,0,0,0,0,0,0,0,0,0,0,0,0,0
test_96_2_0.png,0,0,0,0,0,0,0,0,0,0,0,0,0,0,0
test_96_2_1.png,0,0,0,0,0,0,0,0,0,0,0,0,0,0,0
test_96_2_2.png,0,0,0,0,0,0,0,0,0,0,0,0,0,0,0
test_96_2_3.png,0,0,0,0,0,0,0,0,0,0,0,0,0,0,0
test_96_3_0.png,0,0,0,0,0,0,0,0,0,0,0,0,0,0,0
test_96_3_1.png,0,0,0,0,0,0,0,0,0,0,0,0,0,0,0
test_96_3_2.png,0,0,0,0,0,0,0,0,0,0,0,0,0,0,0
test_96_3_3.png,0,0,0,0,0,0,0,0,0,0,0,0,0,0,0
test_97_0_0.png,0,0,41,0,0,41,0,0,41,0,0,41,0,0,41
test_97_0_1.png,0,0,0,0,0,0,0,0,0,0,0,0,0,0,0
test_97_0_2.png,0,0,0,0,0,0,0,0,0,0,0,0,0,0,0
test_97_0_3.png,0,0,0,0,0,0,0,0,0,0,0,0,0,0,0
test_97_1_0.png,0,0,0,0,0,0,0,0,0,0,0,0,0,0,0
test_97_1_1.png,0,0,0,0,0,0,0,0,0,0,0,0,0,0,0
test_97_1_2.png,0,0,0,0,0,0,0,0,0,0,0,0,0,0,0
test_97_1_3.png,0,0,0,0,0,0,0,0,0,0,0,0,0,0,0
test_97_2_0.png,434,6,34,428,3,40,434,8,34,431,4,37,432,7,36
test_97_2_1.png,128,29,43,126,119,45,116,39,55,138,88,33,125,65,46
test_97_2_2.png,0,0,0,0,0,0,0,0,0,0,0,0,0,0,0
test_97_2_3.png,0,0,0,0,0,0,0,0,0,0,0,0,0,0,0
test_97_3_0.png,317,96,6,319,117,4,319,101,4,317,100,6,318,99,5
test_97_3_1.png,282,46,6,284,41,4,287,32,1,288,45,0,285,41,3
test_97_3_2.png,0,0,0,0,0,0,0,0,0,0,0,0,0,0,0
test_97_3_3.png,0,0,0,0,0,0,0,0,0,0,0,0,0,0,0
test_98_0_0.png,0,0,0,0,0,0,0,0,0,0,0,0,0,0,0
test_98_0_1.png,0,0,0,0,0,0,0,0,0,0,0,0,0,0,0
test_98_0_2.png,0,0,0,0,0,0,0,0,0,0,0,0,0,0,0
test_98_0_3.png,0,0,0,0,0,0,0,0,0,0,0,0,0,0,0
test_98_1_0.png,0,0,0,0,0,0,0,0,0,0,0,0,0,0,0
test_98_1_1.png,0,0,0,0,0,0,0,0,0,0,0,0,0,0,0
test_98_1_2.png,0,0,0,0,0,0,0,0,0,0,0,0,0,0,0
test_98_1_3.png,0,0,0,0,0,0,0,0,0,0,0,0,0,0,0
test_98_2_0.png,0,0,0,0,0,0,0,0,0,0,0,0,0,0,0
test_98_2_1.png,0,0,0,0,0,0,0,0,0,0,0,0,0,0,0
test_98_2_2.png,0,0,0,0,0,0,0,0,0,0,0,0,0,0,0
test_98_2_3.png,0,0,0,0,0,0,0,0,0,0,0,0,0,0,0
test_98_3_0.png,0,0,0,0,0,0,0,0,0,0,0,0,0,0,0
test_98_3_1.png,456,4,60,461,1,55,450,0,66,476,7,40,459,2,57
test_98_3_2.png,0,0,0,0,0,0,0,0,0,0,0,0,0,0,0
test_98_3_3.png,0,0,0,0,0,0,0,0,0,0,0,0,0,0,0
test_99_0_0.png,0,0,0,0,0,0,0,0,0,0,0,0,0,0,0
test_99_0_1.png,0,0,0,0,0,0,0,0,0,0,0,0,0,0,0
test_99_0_2.png,0,0,0,0,0,0,0,0,0,0,0,0,0,0,0
test_99_0_3.png,0,0,0,0,0,0,0,0,0,0,0,0,0,0,0
test_99_1_0.png,0,0,0,0,0,0,0,0,0,0,0,0,0,0,0
test_99_1_1.png,0,0,0,0,0,0,0,0,0,0,0,0,0,0,0
test_99_1_2.png,0,0,0,0,0,0,0,0,0,0,0,0,0,0,0
test_99_1_3.png,0,0,0,0,0,0,0,0,0,0,0,0,0,0,0
test_99_2_0.png,0,0,0,0,0,0,0,0,0,0,0,0,0,0,0
test_99_2_1.png,0,0,0,0,0,0,0,0,0,0,0,0,0,0,0
test_99_2_2.png,0,0,0,0,0,0,0,0,0,0,0,0,0,0,0
test_99_2_3.png,0,0,0,0,0,0,0,0,0,0,0,0,0,0,0
test_99_3_0.png,0,0,97,0,0,97,0,0,97,0,0,97,0,0,97
test_99_3_1.png,0,0,143,0,0,143,0,0,143,0,0,143,0,0,143
test_99_3_2.png,0,0,0,0,0,0,0,0,0,0,0,0,0,0,0
test_99_3_3.png,0,0,0,0,0,0,0,0,0,0,0,0,0,0,0
test_9_0_0.png,2330,126,219,2341,137,208,2382,172,167,2328,133,221,2355,123,194
test_9_0_1.png,0,0,0,0,0,0,0,0,0,0,0,0,0,0,0
test_9_0_2.png,0,0,0,0,0,0,0,0,0,0,0,0,0,0,0
test_9_0_3.png,0,0,0,0,0,0,0,0,0,0,0,0,0,0,0
test_9_1_0.png,2729,185,129,2679,145,179,2668,137,190,2676,115,182,2689,148,169
test_9_1_1.png,0,0,0,0,0,0,0,0,0,0,0,0,0,0,0
test_9_1_2.png,0,0,0,0,0,0,0,0,0,0,0,0,0,0,0
test_9_1_3.png,0,0,0,0,0,0,0,0,0,0,0,0,0,0,0
test_9_2_0.png,1116,262,147,1137,278,126,1124,315,139,1098,247,165,1121,270,142
test_9_2_1.png,0,0,0,0,0,0,0,0,0,0,0,0,0,0,0
test_9_2_2.png,0,0,0,0,0,0,0,0,0,0,0,0,0,0,0
test_9_2_3.png,0,0,0,0,0,0,0,0,0,0,0,0,0,0,0
test_9_3_0.png,1228,94,871,1271,119,828,1278,111,821,1281,99,818,1272,103,827
test_9_3_1.png,0,0,0,0,0,0,0,0,0,0,0,0,0,0,0
test_9_3_2.png,0,0,0,0,0,0,0,0,0,0,0,0,0,0,0
test_9_3_3.png,0,0,0,0,0,0,0,0,0,0,0,0,0,0,0
