image,original_tp,original_fp,original_fn,flip_w_tp,flip_w_fp,flip_w_fn,flip_h_tp,flip_h_fp,flip_h_fn,flip_hw_tp,flip_hw_fp,flip_hw_fn,tta_tp,tta_fp,tta_fn
test_100_0_0.png,0,0,0,0,0,0,0,0,0,0,0,0,0,0,0
test_100_0_1.png,36,0,1095,0,0,1131,0,0,1131,0,0,1131,0,0,1131
test_100_0_2.png,0,0,219,0,0,219,0,0,219,0,0,219,0,0,219
test_100_0_3.png,6819,384,400,6758,388,461,6795,359,424,6806,439,413,6801,381,418
test_100_1_0.png,337,0,110,365,0,82,348,0,99,366,0,81,361,0,86
test_100_1_1.png,0,0,0,0,0,0,0,0,0,0,0,0,0,0,0
test_100_1_2.png,5662,373,508,5562,285,608,5619,343,551,5639,440,531,5615,328,555
test_100_1_3.png,17172,623,1714,17130,612,1756,17237,653,1649,17272,819,1614,17207,633,1679
test_100_2_0.png,0,0,0,0,0,0,0,0,0,0,0,0,0,0,0
test_100_2_1.png,1868,42,266,1851,60,283,1864,52,270,1861,52,273,1856,48,278
test_100_2_2.png,14865,401,1224,14895,491,1194,14842,482,1247,14884,504,1205,14882,460,1207
test_100_2_3.png,17520,612,1323,17535,709,1308,17649,697,1194,17546,678,1297,17585,652,1258
test_100_3_0.png,0,0,0,0,0,0,0,0,0,0,0,0,0,0,0
test_100_3_1.png,10821,401,945,10882,401,884,10814,395,952,10967,469,799,10877,394,889
test_100_3_2.png,19072,597,1344,19110,673,1306,19252,848,1164,19234,726,1182,19187,672,1229
test_100_3_3.png,14231,383,1292,14310,390,1213,14324,452,1199,14233,410,1290,14276,390,1247
test_101_0_0.png,0,0,0,0,0,0,0,0,0,0,0,0,0,0,0
test_101_0_1.png,11467,707,219,11501,853,185,11450,840,236,11432,787,254,11473,793,213
test_101_0_2.png,0,1,0,0,0,0,0,9,0,0,0,0,0,0,0
test_101_0_3.png,0,0,0,0,0,0,0,0,0,0,0,0,0,0,0
test_101_1_0.png,0,0,211,0,0,211,0,0,211,0,0,211,0,0,211
test_101_1_1.png,0,0,0,0,0,0,0,0,0,0,0,0,0,0,0
test_101_1_2.png,0,0,0,0,0,0,0,0,0,0,0,0,0,0,0
test_101_1_3.png,0,0,486,0,0,486,0,0,486,0,0,486,0,0,486
test_101_2_0.png,1497,34,189,1424,37,262,972,40,714,1437,24,249,1426,32,260
test_101_2_1.png,7258,66,637,7262,55,633,7253,47,642,7252,45,643,7259,47,636
test_101_2_2.png,1033,34,121,999,32,155,1046,57,108,1036,22,118,1024,27,130
test_101_2_3.png,6049,102,1026,6530,139,545,6347,161,728,6485,121,590,6507,123,568
test_101_3_0.png,337,0,1385,60,0,1662,84,0,1638,371,0,1351,235,0,1487
test_101_3_1.png,7673,733,691,7704,785,660,7774,1000,590,7804,884,560,7769,806,595
test_101_3_2.png,5131,149,479,5114,117,496,5212,185,398,5233,202,377,5192,155,418
test_101_3_3.png,3238,140,249,3250,167,237,3274,232,213,3249,145,238,3263,147,224
test_102_0_0.png,0,218,0,0,184,0,0,215,0,0,179,0,0,201,0
test_102_0_1.png,2331,5,112,2328,3,115,2335,9,108,2328,3,115,2331,5,112
test_102_0_2.png,20536,218,290,20559,253,267,20564,401,262,20513,205,313,20549,219,277
test_102_0_3.png,15758,425,408,15770,428,396,15693,254,473,15583,232,583,15716,302,450
test_102_1_0.png,2184,167,180,2192,140,172,2199,139,165,2210,208,154,2200,157,164
test_102_1_1.png,18535,546,44,18512,743,67,18513,492,66,18505,657,74,18517,568,62
test_102_1_2.png,14361,270,240,14350,134,251,14313,105,288,14303,104,298,14340,123,261
test_102_1_3.png,2692,0,160,2671,0,181,2693,0,159,2672,0,180,2679,0,173
test_102_2_0.png,13373,128,180,13428,316,125,13314,65,239,13284,63,269,13347,90,206
test_102_2_1.png,2076,131,47,2073,116,50,2089,182,34,2070,9,53,2075,99,48
test_102_2_2.png,0,0,0,0,0,0,0,0,0,0,0,0,0,0,0
test_102_2_3.png,0,0,0,0,0,0,0,0,0,0,0,0,0,0,0
test_102_3_0.png,11195,395,788,11214,389,769,11367,807,616,11285,633,698,11262,440,721
test_102_3_1.png,0,0,0,0,0,0,0,0,0,0,0,0,0,0,0
test_102_3_2.png,0,0,0,0,0,0,0,0,0,0,0,0,0,0,0
test_102_3_3.png,0,0,0,0,0,0,0,0,0,0,0,0,0,0,0
test_103_0_0.png,2195,98,1117,2099,170,1213,2900,201,412,2890,263,422,2742,181,570
test_103_0_1.png,75,4,3637,42,2,3670,0,0,3712,0,0,3712,0,0,3712
test_103_0_2.png,0,0,0,0,0,0,0,0,0,0,0,0,0,0,0
test_103_0_3.png,4635,469,234,4578,100,291,4611,636,258,4705,118,164,4623,111,246
test_103_1_0.png,1229,411,3868,1243,179,3854,1196,449,3901,1525,420,3572,1229,409,3868
test_103_1_1.png,0,0,1218,0,0,1218,0,0,1218,0,0,1218,0,0,1218
test_103_1_2.png,0,0,0,0,0,0,0,0,0,0,0,0,0,0,0
test_103_1_3.png,0,8182,0,0,4623,0,0,16,0,0,3847,0,0,4054,0
test_103_2_0.png,0,0,0,0,0,0,0,0,0,0,0,0,0,0,0
test_103_2_1.png,0,0,0,0,0,0,0,0,0,0,0,0,0,0,0
test_103_2_2.png,0,0,0,0,0,0,0,0,0,0,0,0,0,0,0
test_103_2_3.png,0,117,0,0,3,0,0,0,0,0,0,0,0,0,0
test_103_3_0.png,0,23,0,0,0,0,0,0,0,0,0,0,0,0,0
test_103_3_1.png,0,1240,0,0,619,0,0,0,0,0,0,0,0,55,0
test_103_3_2.png,0,0,0,0,0,0,0,0,0,0,108,0,0,0,0
test_103_3_3.png,0,309,0,0,301,0,0,14,0,0,3,0,0,251,0
test_104_0_0.png,0,0,0,0,0,0,0,0,0,0,0,0,0,0,0
test_104_0_1.png,0,0,0,0,0,0,0,0,0,0,0,0,0,0,0
test_104_0_2.png,0,0,0,0,0,0,0,0,0,0,0,0,0,0,0
test_104_0_3.png,0,0,0,0,0,0,0,0,0,0,0,0,0,0,0
test_104_1_0.png,0,0,0,0,0,0,0,0,0,0,0,0,0,0,0
test_104_1_1.png,0,0,0,0,0,0,0,0,0,0,0,0,0,0,0
test_104_1_2.png,0,0,0,0,0,0,0,0,0,0,0,0,0,0,0
test_104_1_3.png,0,0,0,0,0,0,0,0,0,0,0,0,0,0,0
test_104_2_0.png,17853,2895,290,17754,1876,389,17860,2663,283,17797,2322,346,17827,2418,316
test_104_2_1.png,0,0,0,0,0,0,0,0,0,0,106,0,0,0,0
test_104_2_2.png,0,0,0,0,0,0,0,0,0,0,0,0,0,0,0
test_104_2_3.png,0,0,0,0,0,0,0,0,0,0,0,0,0,0,0
test_104_3_0.png,154,916,752,88,913,818,203,895,703,183,929,723,180,911,726
test_104_3_1.png,0,0,0,0,0,0,0,0,0,0,0,0,0,0,0
test_104_3_2.png,0,0,0,0,0,0,0,0,0,0,0,0,0,0,0
test_104_3_3.png,0,413,0,0,506,0,0,333,0,0,651,0,0,461,0
test_105_0_0.png,0,0,0,0,0,0,0,0,0,0,0,0,0,0,0
test_105_0_1.png,0,0,0,0,0,0,0,0,0,0,0,0,0,0,0
test_105_0_2.png,0,0,0,0,0,0,0,0,0,0,0,0,0,0,0
test_105_0_3.png,0,0,0,0,0,0,0,0,0,0,0,0,0,0,0
test_105_1_0.png,2297,81,218,2278,56,237,2282,82,233,2263,65,252,2271,68,244
test_105_1_1.png,0,0,0,0,0,0,0,0,0,0,0,0,0,0,0
test_105_1_2.png,0,0,35,0,0,35,0,0,35,0,0,35,0,0,35
test_105_1_3.png,11692,638,1315,11731,633,1276,11795,698,1212,11902,1095,1105,11799,646,1208
test_105_2_0.png,8090,617,741,8110,518,721,8105,649,726,8108,518,723,8108,557,723
test_105_2_1.png,0,0,0,0,0,0,0,0,0,0,0,0,0,0,0
test_105_2_2.png,1350,129,194,1337,126,207,1358,300,186,1356,370,188,1354,129,190
test_105_2_3.png,1782,840,319,1780,920,321,1958,933,143,1948,898,153,1905,875,196
test_105_3_0.png,12571,851,1089,12641,887,1019,12607,855,1053,12652,919,1008,12646,840,1014
test_105_3_1.png,2970,96,180,2952,133,198,2854,80,296,2981,130,169,2971,90,179
test_105_3_2.png,1062,39,106,1092,19,76,1080,36,88,1128,72,40,1094,37,74
test_105_3_3.png,6280,445,594,6314,441,560,6286,404,588,6316,435,558,6310,418,564
test_106_0_0.png,428,41,279,0,0,707,0,0,707,0,0,707,0,0,707
test_106_0_1.png,0,0,0,0,0,0,0,0,0,0,0,0,0,0,0
test_106_0_2.png,3269,297,303,3277,312,295,3212,290,360,3251,309,321,3255,301,317
test_106_0_3.png,16311,1011,1217,16501,1172,1027,16364,1129,1164,16279,967,1249,16389,1031,1139
test_106_1_0.png,0,0,0,0,0,0,0,0,0,0,0,0,0,0,0
test_106_1_1.png,0,0,0,0,0,0,0,0,0,0,0,0,0,0,0
test_106_1_2.png,0,0,0,0,0,0,0,0,0,0,0,0,0,0,0
test_106_1_3.png,0,0,0,0,0,0,0,0,0,0,0,0,0,0,0
test_106_2_0.png,0,0,0,0,0,0,0,0,0,0,0,0,0,0,0
test_106_2_1.png,0,0,0,0,0,0,0,0,0,0,0,0,0,0,0
test_106_2_2.png,0,0,0,0,0,0,0,0,0,0,0,0,0,0,0
test_106_2_3.png,480,74,307,608,72,179,525,83,262,369,75,418,506,74,281
test_106_3_0.png,0,0,0,0,0,0,0,0,0,0,2,0,0,0,0
test_106_3_1.png,0,0,0,0,0,0,0,0,0,0,0,0,0,0,0
test_106_3_2.png,0,0,0,0,4,0,0,0,0,0,0,0,0,0,0
test_106_3_3.png,1382,15,204,1368,41,218,1434,144,152,1353,22,233,1384,26,202
test_107_0_0.png,286,12,29,247,9,68,288,8,27,50,0,265,285,9,30
test_107_0_1.png,0,0,0,0,0,0,0,0,0,0,0,0,0,0,0
test_107_0_2.png,0,0,0,0,0,0,0,0,0,0,0,0,0,0,0
test_107_0_3.png,259,3,72,278,5,53,264,6,67,263,1,68,271,3,60
test_107_1_0.png,0,258,0,0,233,0,0,238,0,0,6,0,0,231,0
test_107_1_1.png,0,0,0,0,0,0,0,0,0,0,0,0,0,0,0
test_107_1_2.png,0,90,0,0,117,0,0,88,0,0,76,0,0,89,0
test_107_1_3.png,0,0,0,0,0,0,0,0,0,0,0,0,0,0,0
test_107_2_0.png,0,0,0,0,0,0,0,0,0,0,0,0,0,0,0
test_107_2_1.png,0,0,0,0,0,0,0,0,0,0,0,0,0,0,0
test_107_2_2.png,742,17,30,753,27,19,743,15,29,747,1,25,747,15,25
test_107_2_3.png,0,0,0,0,0,0,0,0,0,0,0,0,0,0,0
test_107_3_0.png,0,0,0,0,0,0,0,0,0,0,0,0,0,0,0
test_107_3_1.png,0,344,0,0,175,0,0,136,0,0,0,0,0,143,0
test_107_3_2.png,472,9,408,764,39,116,0,0,880,0,0,880,0,0,880
test_107_3_3.png,0,0,0,0,0,0,0,0,0,0,0,0,0,0,0
test_108_0_0.png,0,0,0,0,0,0,0,0,0,0,0,0,0,0,0
test_108_0_1.png,0,0,0,0,0,0,0,0,0,0,0,0,0,0,0
test_108_0_2.png,0,0,0,0,0,0,0,0,0,0,0,0,0,0,0
test_108_0_3.png,0,0,0,0,0,0,0,0,0,0,0,0,0,0,0
test_108_1_0.png,0,0,0,0,0,0,0,0,0,0,0,0,0,0,0
test_108_1_1.png,0,0,0,0,0,0,0,0,0,0,0,0,0,0,0
test_108_1_2.png,0,0,0,0,0,0,0,0,0,0,0,0,0,0,0
test_108_1_3.png,0,0,0,0,0,0,0,0,0,0,0,0,0,0,0
test_108_2_0.png,0,0,0,0,0,0,0,0,0,0,0,0,0,0,0
test_108_2_1.png,0,0,0,0,0,0,0,0,0,0,0,0,0,0,0
test_108_2_2.png,0,0,0,0,0,0,0,0,0,0,0,0,0,0,0
test_108_2_3.png,0,0,0,0,0,0,0,0,0,0,0,0,0,0,0
test_108_3_0.png,0,0,0,0,0,0,0,0,0,0,0,0,0,0,0
test_108_3_1.png,0,0,0,0,0,0,0,0,0,0,0,0,0,0,0
test_108_3_2.png,0,0,0,0,0,0,0,0,0,0,0,0,0,0,0
test_108_3_3.png,0,0,0,0,0,0,0,0,0,0,0,0,0,0,0
test_109_0_0.png,0,0,0,0,0,0,0,0,0,0,0,0,0,0,0
test_109_0_1.png,0,0,0,0,0,0,0,0,0,0,0,0,0,0,0
test_109_0_2.png,0,0,0,0,0,0,0,0,0,0,0,0,0,0,0
test_109_0_3.png,0,0,0,0,0,0,0,0,0,0,0,0,0,0,0
test_109_1_0.png,0,0,0,0,0,0,0,0,0,0,0,0,0,0,0
test_109_1_1.png,0,0,0,0,0,0,0,0,0,0,0,0,0,0,0
test_109_1_2.png,0,0,0,0,0,0,0,0,0,0,0,0,0,0,0
test_109_1_3.png,0,0,0,0,0,0,0,0,0,0,0,0,0,0,0
test_109_2_0.png,0,0,0,0,0,0,0,0,0,0,0,0,0,0,0
test_109_2_1.png,0,0,0,0,0,0,0,0,0,0,0,0,0,0,0
test_109_2_2.png,3856,180,66,3851,191,71,3880,262,42,3875,240,47,3858,210,64
test_109_2_3.png,0,0,0,0,0,0,0,0,0,0,0,0,0,0,0
test_109_3_0.png,0,0,769,0,0,769,0,0,769,0,0,769,0,0,769
test_109_3_1.png,0,0,0,0,0,0,0,0,0,0,0,0,0,0,0
test_109_3_2.png,0,0,0,0,0,0,0,0,0,0,0,0,0,0,0
test_109_3_3.png,0,0,0,0,0,0,0,0,0,0,0,0,0,0,0
test_10_0_0.png,0,0,0,0,0,0,0,0,0,0,0,0,0,0,0
test_10_0_1.png,0,0,0,0,0,0,0,0,0,0,0,0,0,0,0
test_10_0_2.png,0,0,0,0,0,0,0,0,0,0,0,0,0,0,0
test_10_0_3.png,0,0,0,0,0,0,0,0,0,0,0,0,0,0,0
test_10_1_0.png,1138,48,64,1133,38,69,1124,39,78,1133,28,69,1134,37,68
test_10_1_1.png,2870,125,136,2892,149,114,2884,150,122,2879,171,127,2894,141,112
test_10_1_2.png,0,0,0,0,0,0,0,0,0,0,0,0,0,0,0
test_10_1_3.png,0,0,0,0,0,0,0,0,0,0,0,0,0,0,0
test_10_2_0.png,6967,783,431,6959,810,439,6983,887,415,7016,747,382,6984,797,414
test_10_2_1.png,13918,1498,825,14002,1542,741,13911,1423,832,13946,1373,797,13957,1430,786
test_10_2_2.png,11375,1512,504,11416,1502,463,11419,1716,460,11445,1659,434,11429,1562,450
test_10_2_3.png,7014,684,247,7020,730,241,7015,801,246,6989,723,272,7024,720,237
test_10_3_0.png,16445,2062,464,16464,2221,445,16390,2011,519,16361,1949,548,16437,2016,472
test_10_3_1.png,9359,1509,475,9372,1512,462,9378,1487,456,9320,1380,514,9367,1455,467
test_10_3_2.png,9329,1015,461,9300,1056,490,9359,976,431,9371,1056,419,9354,1006,436
test_10_3_3.png,18567,2076,1141,18583,2073,1125,18517,2200,1191,18572,2101,1136,18570,2065,1138
test_110_0_0.png,0,0,0,0,0,0,0,0,0,0,0,0,0,0,0
test_110_0_1.png,0,0,0,0,0,0,0,0,0,0,0,0,0,0,0
test_110_0_2.png,0,0,0,0,0,0,0,0,0,0,0,0,0,0,0
test_110_0_3.png,0,0,0,0,0,0,0,0,0,0,0,0,0,0,0
test_110_1_0.png,0,0,0,0,0,0,0,0,0,0,0,0,0,0,0
test_110_1_1.png,0,0,0,0,0,0,0,0,0,0,0,0,0,0,0
test_110_1_2.png,0,0,0,0,0,0,0,0,0,0,0,0,0,0,0
test_110_1_3.png,2575,202,158,2563,202,170,2543,235,190,2566,232,167,2568,211,165
test_110_2_0.png,4576,95,1257,4372,69,1461,4642,96,1191,4221,101,1612,4434,80,1399
test_110_2_1.png,0,0,0,0,0,0,0,0,0,0,0,0,0,0,0
test_110_2_2.png,0,0,0,0,0,0,0,0,0,0,0,0,0,0,0
test_110_2_3.png,0,0,62,0,0,62,0,0,62,0,0,62,0,0,62
test_110_3_0.png,0,0,0,0,0,0,0,0,0,0,0,0,0,0,0
test_110_3_1.png,0,0,0,0,0,0,0,0,0,0,0,0,0,0,0
test_110_3_2.png,0,0,0,0,0,0,0,0,0,0,0,0,0,0,0
test_110_3_3.png,43,0,116,67,3,92,18,0,141,30,0,129,40,0,119
test_111_0_0.png,0,0,0,0,0,0,0,0,0,0,0,0,0,0,0
test_111_0_1.png,0,0,0,0,0,0,0,0,0,0,0,0,0,0,0
test_111_0_2.png,4517,258,342,4512,193,347,4529,204,330,4499,343,360,4531,191,328
test_111_0_3.png,0,0,12,0,0,12,0,0,12,0,0,12,0,0,12
test_111_1_0.png,0,0,0,0,0,0,0,0,0,0,0,0,0,0,0
test_111_1_1.png,0,0,625,0,0,625,474,33,151,523,47,102,347,8,278
test_111_1_2.png,2447,202,206,2418,148,235,2483,302,170,2449,258,204,2448,247,205
test_111_1_3.png,1548,129,234,1595,124,187,1494,106,288,1614,114,168,1583,113,199
test_111_2_0.png,0,0,0,0,0,0,0,0,0,0,0,0,0,0,0
test_111_2_1.png,0,0,0,0,0,0,0,0,0,0,0,0,0,0,0
test_111_2_2.png,0,0,0,0,0,0,0,0,0,0,0,0,0,0,0
test_111_2_3.png,1104,61,2082,1365,67,1821,1441,113,1745,1124,58,2062,1158,57,2028
test_111_3_0.png,14165,1207,1264,14193,1201,1236,14319,1395,1110,14276,1302,1153,14244,1229,1185
test_111_3_1.png,2250,278,290,2241,230,299,2239,272,301,2246,258,294,2248,261,292
test_111_3_2.png,0,0,0,0,0,0,0,0,0,0,0,0,0,0,0
test_111_3_3.png,0,0,0,0,0,0,0,0,0,0,0,0,0,0,0
test_112_0_0.png,0,0,0,0,0,0,0,0,0,0,0,0,0,0,0
test_112_0_1.png,0,0,0,0,0,0,0,0,0,0,0,0,0,0,0
test_112_0_2.png,0,0,0,0,0,0,0,0,0,0,0,0,0,0,0
test_112_0_3.png,0,0,0,0,0,0,0,0,0,0,0,0,0,0,0
test_112_1_0.png,929,91,648,930,100,647,930,97,647,932,127,645,931,102,646
test_112_1_1.png,0,0,0,0,0,0,0,0,0,0,0,0,0,0,0
test_112_1_2.png,0,0,0,0,0,0,0,0,0,0,0,0,0,0,0
test_112_1_3.png,0,0,0,0,0,0,0,0,0,0,0,0,0,0,0
test_112_2_0.png,0,0,0,0,0,0,0,0,0,0,0,0,0,0,0
test_112_2_1.png,127,0,223,313,13,37,217,14,133,223,11,127,227,10,123
test_112_2_2.png,3803,182,197,3782,154,218,3662,125,338,3735,162,265,3765,148,235
test_112_2_3.png,2582,23,436,2695,23,323,1026,1,1992,2229,20,789,2637,9,381
test_112_3_0.png,0,0,0,0,0,0,0,0,0,0,0,0,0,0,0
test_112_3_1.png,0,0,0,0,0,0,0,0,0,0,0,0,0,0,0
test_112_3_2.png,0,235,0,0,227,0,0,232,0,0,224,0,0,226,0
test_112_3_3.png,0,0,0,0,0,0,0,0,0,0,0,0,0,0,0
test_113_0_0.png,0,0,0,0,0,0,0,0,0,0,0,0,0,0,0
test_113_0_1.png,0,0,80,0,0,80,0,0,80,0,0,80,0,0,80
test_113_0_2.png,2132,57,365,2291,71,206,2158,69,339,2233,70,264,2205,62,292
test_113_0_3.png,0,0,0,0,0,0,0,0,0,0,0,0,0,0,0
test_113_1_0.png,0,0,0,0,0,0,0,0,0,0,0,0,0,0,0
test_113_1_1.png,1308,38,163,1344,31,127,1284,17,187,1329,31,142,1322,28,149
test_113_1_2.png,1224,5,149,1229,1,144,1250,0,123,1225,1,148,1226,0,147
test_113_1_3.png,9390,509,741,9346,533,785,9387,850,744,9412,657,719,9387,507,744
test_113_2_0.png,0,0,0,0,0,0,0,0,0,0,0,0,0,0,0
test_113_2_1.png,0,0,0,0,0,0,0,0,0,0,0,0,0,0,0
test_113_2_2.png,0,0,0,0,0,0,0,0,0,0,0,0,0,0,0
test_113_2_3.png,16500,1033,1850,17519,1129,831,16244,1229,2106,16769,1188,1581,17284,1106,1066
test_113_3_0.png,0,0,272,0,0,272,0,0,272,0,0,272,0,0,272
test_113_3_1.png,0,0,0,0,0,0,0,0,0,0,0,0,0,0,0
test_113_3_2.png,0,0,0,0,0,0,0,0,0,0,0,0,0,0,0
test_113_3_3.png,20698,619,1148,20882,959,964,20630,612,1216,20701,731,1145,20790,665,1056
test_114_0_0.png,0,0,0,0,0,0,0,0,0,0,0,0,0,0,0
test_114_0_1.png,0,0,185,2,0,183,0,0,185,0,0,185,0,0,185
test_114_0_2.png,864,46,84,929,161,19,873,151,75,909,202,39,916,133,32
test_114_0_3.png,926,244,232,853,553,305,1015,269,143,1087,547,71,1050,369,108
test_114_1_0.png,2554,1165,504,2692,1215,366,2544,977,514,2625,1038,433,2609,1066,449
test_114_1_1.png,16067,1455,916,16148,1699,835,16158,1626,825,16162,1499,821,16147,1541,836
test_114_1_2.png,3671,1210,75,3685,1144,61,3723,1467,23,3711,1271,35,3706,1270,40
test_114_1_3.png,541,517,27,546,521,22,537,520,31,543,496,25,545,519,23
test_114_2_0.png,147,5,25,163,9,9,147,5,25,165,16,7,156,4,16
test_114_2_1.png,1435,92,48,1432,92,51,1465,65,18,1462,83,21,1438,84,45
test_114_2_2.png,0,49,0,0,0,0,0,65,0,0,0,0,0,0,0
test_114_2_3.png,1049,88,27,1050,93,26,1046,86,30,1047,70,29,1049,83,27
test_114_3_0.png,0,0,0,0,0,0,0,0,0,0,0,0,0,0,0
test_114_3_1.png,1946,336,167,1948,342,165,1946,770,167,1952,392,161,1941,353,172
test_114_3_2.png,1745,35,210,1765,33,190,1739,20,216,1751,32,204,1748,32,207
test_114_3_3.png,625,47,720,845,46,500,642,60,703,675,62,670,640,52,705
test_115_0_0.png,9266,291,742,9239,268,769,9295,319,713,9246,290,762,9267,275,741
test_115_0_1.png,21835,978,1513,21712,903,1636,21645,852,1703,21612,798,1736,21711,845,1637
test_115_0_2.png,22546,542,2741,22414,466,2873,22703,670,2584,22542,523,2745,22584,521,2703
test_115_0_3.png,22099,640,2022,22035,628,2086,22032,614,2089,22126,673,1995,22096,618,2025
test_115_1_0.png,0,0,0,0,0,0,0,0,0,0,0,0,0,0,0
test_115_1_1.png,13334,577,833,13314,527,853,13316,612,851,13285,603,882,13326,569,841
test_115_1_2.png,25122,806,2500,24888,733,2734,24992,797,2630,25091,890,2531,25036,769,2586
test_115_1_3.png,20653,771,2336,20763,719,2226,20669,808,2320,20549,836,2440,20646,749,2343
test_115_2_0.png,4252,362,182,4273,355,161,4217,429,217,4233,594,201,4251,316,183
test_115_2_1.png,448,8,178,433,2,193,458,11,168,455,5,171,451,5,175
test_115_2_2.png,5643,180,582,5626,178,599,5618,143,607,5616,175,609,5625,155,600
test_115_2_3.png,9597,316,788,9631,341,754,9626,342,759,9569,324,816,9614,319,771
test_115_3_0.png,7963,321,435,7927,273,471,7980,352,418,8014,361,384,7994,317,404
test_115_3_1.png,1484,100,43,1495,127,32,1495,141,32,1507,155,20,1498,121,29
test_115_3_2.png,0,0,0,0,0,0,0,0,0,0,0,0,0,0,0
test_115_3_3.png,1542,91,140,1539,101,143,1534,83,148,1542,88,140,1540,88,142
test_116_0_0.png,0,0,0,0,304,0,0,8,0,0,0,0,0,0,0
test_116_0_1.png,0,0,0,0,0,0,0,0,0,0,0,0,0,0,0
test_116_0_2.png,0,0,0,0,0,0,0,0,0,0,0,0,0,0,0
test_116_0_3.png,0,0,325,0,0,325,0,0,325,0,0,325,0,0,325
test_116_1_0.png,9862,99,243,9833,95,272,9869,122,236,9862,425,243,9866,100,239
test_116_1_1.png,0,0,0,0,0,0,0,0,0,0,0,0,0,0,0
test_116_1_2.png,0,0,0,0,0,0,0,0,0,0,0,0,0,0,0
test_116_1_3.png,0,0,0,0,0,0,0,0,0,0,0,0,0,0,0
test_116_2_0.png,1426,36,813,632,20,1607,1905,33,334,616,7,1623,790,16,1449
test_116_2_1.png,0,1598,67,0,798,67,0,260,67,0,0,67,0,0,67
test_116_2_2.png,0,400,0,0,10,0,0,116,0,0,663,0,0,57,0
test_116_2_3.png,0,0,0,0,0,0,0,0,0,0,0,0,0,0,0
test_116_3_0.png,0,0,0,0,0,0,0,0,0,0,0,0,0,0,0
test_116_3_1.png,0,0,0,0,0,0,0,0,0,0,0,0,0,0,0
test_116_3_2.png,0,0,0,0,0,0,0,0,0,0,0,0,0,0,0
test_116_3_3.png,0,0,0,0,0,0,0,0,0,0,0,0,0,0,0
test_117_0_0.png,0,0,0,0,0,0,0,0,0,0,0,0,0,0,0
test_117_0_1.png,0,0,0,0,0,0,0,0,0,0,0,0,0,0,0
test_117_0_2.png,0,0,0,0,0,0,0,0,0,0,0,0,0,0,0
test_117_0_3.png,0,0,0,0,0,0,0,0,0,0,0,0,0,0,0
test_117_1_0.png,0,0,0,0,0,0,0,0,0,0,0,0,0,0,0
test_117_1_1.png,0,0,0,0,0,0,0,0,0,0,0,0,0,0,0
test_117_1_2.png,0,0,0,0,0,0,0,0,0,0,0,0,0,0,0
test_117_1_3.png,0,0,0,0,0,0,0,0,0,0,0,0,0,0,0
test_117_2_0.png,0,0,0,0,0,0,0,0,0,0,0,0,0,0,0
test_117_2_1.png,0,0,0,0,0,0,0,0,0,0,0,0,0,0,0
test_117_2_2.png,0,0,0,0,0,0,0,0,0,0,0,0,0,0,0
test_117_2_3.png,0,0,0,0,0,0,0,0,0,0,0,0,0,0,0
test_117_3_0.png,0,0,0,0,0,0,0,0,0,0,0,0,0,0,0
test_117_3_1.png,0,0,0,0,0,0,0,0,0,0,0,0,0,0,0
test_117_3_2.png,0,0,0,0,0,0,0,0,0,0,0,0,0,0,0
test_117_3_3.png,0,0,0,0,0,0,0,0,0,0,0,0,0,0,0
test_118_0_0.png,6758,178,850,6775,239,833,6878,248,730,6747,194,861,6799,194,809
test_118_0_1.png,17285,714,1284,17239,678,1330,17438,837,1131,17343,785,1226,17332,716,1237
test_118_0_2.png,11942,721,888,11893,653,937,12021,825,809,11856,677,974,11970,683,860
test_118_0_3.png,0,0,122,0,251,122,0,0,122,0,0,122,0,0,122
test_118_1_0.png,8814,309,759,8838,328,735,8785,264,788,8728,267,845,8797,279,776
test_118_1_1.png,14272,594,1407,14275,595,1404,14336,653,1343,14325,645,1354,14314,590,1365
test_118_1_2.png,1348,12,277,1356,8,269,1393,15,232,1359,11,266,1365,9,260
test_118_1_3.png,0,0,265,0,0,265,0,0,265,0,0,265,0,0,265
test_118_2_0.png,11976,621,948,11981,555,943,11974,631,950,11976,580,948,11991,581,933
test_118_2_1.png,16404,980,786,16370,858,820,16395,939,795,16518,1049,672,16449,912,741
test_118_2_2.png,10980,433,850,11136,532,694,11007,472,823,11033,511,797,11016,475,814
test_118_2_3.png,600,57,74,614,78,60,567,35,107,587,70,87,590,48,84
test_118_3_0.png,4261,975,167,4262,358,166,4275,1088,153,4255,1068,173,4281,1019,147
test_118_3_1.png,6514,903,183,6519,875,178,6500,780,197,6496,815,201,6510,839,187
test_118_3_2.png,13878,749,869,13870,746,877,14031,808,716,13922,719,825,13939,737,808
test_118_3_3.png,13789,433,935,13779,420,945,13821,531,903,13876,590,848,13827,479,897
test_119_0_0.png,0,0,0,0,0,0,0,0,0,0,0,0,0,0,0
test_119_0_1.png,594,84,168,605,28,157,610,30,152,601,28,161,601,21,161
test_119_0_2.png,0,0,0,0,0,0,0,0,0,0,0,0,0,0,0
test_119_0_3.png,0,0,0,0,0,0,0,0,0,0,0,0,0,0,0
test_119_1_0.png,724,98,89,729,103,84,741,102,72,728,72,85,728,97,85
test_119_1_1.png,2767,79,495,2772,57,490,2777,58,485,2770,63,492,2775,58,487
test_119_1_2.png,10453,345,855,10448,347,860,10500,410,808,10485,367,823,10474,356,834
test_119_1_3.png,6885,258,541,6935,273,491,6846,209,580,6898,341,528,6893,265,533
test_119_2_0.png,4302,278,1660,5459,306,503,4768,250,1194,5644,326,318,5261,291,701
test_119_2_1.png,2306,84,237,2338,78,205,2269,106,274,2343,156,200,2329,87,214
test_119_2_2.png,9150,376,1031,9043,383,1138,9178,409,1003,9193,422,988,9131,375,1050
test_119_2_3.png,9258,333,748,9314,359,692,9274,440,732,9229,352,777,9270,328,736
test_119_3_0.png,14326,1314,612,14346,1306,592,14448,1468,490,14426,1331,512,14399,1344,539
test_119_3_1.png,9501,839,673,9531,843,643,9475,808,699,9445,806,729,9494,808,680
test_119_3_2.png,0,0,521,0,0,521,0,0,521,0,0,521,0,0,521
test_119_3_3.png,638,102,3,638,122,3,637,121,4,637,149,4,638,123,3
test_11_0_0.png,0,0,0,0,0,0,0,0,0,0,0,0,0,0,0
test_11_0_1.png,0,0,0,0,0,0,0,0,0,0,0,0,0,0,0
test_11_0_2.png,0,0,0,0,0,0,0,0,0,0,0,0,0,0,0
test_11_0_3.png,0,0,0,0,0,0,0,0,0,0,0,0,0,0,0
test_11_1_0.png,0,0,0,0,0,0,0,0,0,0,0,0,0,0,0
test_11_1_1.png,0,0,0,0,0,0,0,0,0,0,0,0,0,0,0
test_11_1_2.png,0,0,0,0,0,0,0,0,0,0,0,0,0,0,0
test_11_1_3.png,0,0,0,0,0,0,0,0,0,0,0,0,0,0,0
test_11_2_0.png,0,0,0,0,0,0,0,0,0,0,0,0,0,0,0
test_11_2_1.png,0,0,0,0,0,0,0,0,0,0,0,0,0,0,0
test_11_2_2.png,1925,194,54,1914,193,65,1904,136,75,1905,140,74,1912,147,67
test_11_2_3.png,1088,123,26,1094,129,20,1091,139,23,1082,105,32,1088,125,26
test_11_3_0.png,0,0,0,0,0,0,0,0,0,0,0,0,0,0,0
test_11_3_1.png,4886,535,274,4902,492,258,4883,532,277,4891,513,269,4897,506,263
test_11_3_2.png,678,46,11,667,48,22,670,52,19,672,62,17,672,54,17
test_11_3_3.png,2149,208,144,2186,275,107,1235,164,1058,1269,166,1024,1644,162,649
test_120_0_0.png,0,0,0,0,0,0,0,0,0,0,0,0,0,0,0
test_120_0_1.png,0,0,0,0,0,0,0,0,0,0,0,0,0,0,0
test_120_0_2.png,18384,918,859,18342,907,901,18495,955,748,18423,931,820,18421,915,822
test_120_0_3.png,7093,302,660,7136,283,617,7172,320,581,7161,624,592,7161,295,592
test_120_1_0.png,0,0,0,0,0,0,0,0,0,0,0,0,0,0,0
test_120_1_1.png,0,0,0,0,0,0,0,0,0,0,0,0,0,0,0
test_120_1_2.png,12367,608,691,12390,609,668,12441,677,617,12355,638,703,12394,618,664
test_120_1_3.png,16546,988,753,16559,965,740,16567,985,732,16593,976,706,16598,944,701
test_120_2_0.png,0,0,0,0,0,0,0,0,0,0,0,0,0,0,0
test_120_2_1.png,2985,201,120,2985,185,120,2975,178,130,2987,190,118,2986,185,119
test_120_2_2.png,16351,1058,966,16396,1084,921,16470,1078,847,16398,1059,919,16413,1037,904
test_120_2_3.png,17752,891,821,17682,945,891,17707,909,866,17732,921,841,17703,869,870
test_120_3_0.png,0,0,0,0,0,0,0,0,0,0,0,0,0,0,0
test_120_3_1.png,11904,724,439,11909,784,434,11923,787,420,11910,778,433,11910,754,433
test_120_3_2.png,12005,911,629,11976,921,658,11987,960,647,11977,868,657,12003,872,631
test_120_3_3.png,5455,1277,277,5460,1247,272,5477,1266,255,5559,1286,173,5483,1259,249
test_121_0_0.png,0,0,0,0,0,0,0,0,0,0,0,0,0,0,0
test_121_0_1.png,0,0,0,0,0,0,0,0,0,0,0,0,0,0,0
test_121_0_2.png,0,0,0,0,0,0,0,0,0,0,0,0,0,0,0
test_121_0_3.png,0,0,0,0,0,0,0,0,0,0,0,0,0,0,0
test_121_1_0.png,0,0,0,0,0,0,0,0,0,0,0,0,0,0,0
test_121_1_1.png,0,0,0,0,0,0,0,0,0,0,0,0,0,0,0
test_121_1_2.png,0,0,0,0,0,0,0,0,0,0,0,0,0,0,0
test_121_1_3.png,0,0,0,0,0,0,0,0,0,0,0,0,0,0,0
test_121_2_0.png,0,0,0,0,0,0,0,0,0,0,0,0,0,0,0
test_121_2_1.png,0,0,0,0,0,0,0,0,0,0,0,0,0,0,0
test_121_2_2.png,0,0,0,0,0,0,0,0,0,0,0,0,0,0,0
test_121_2_3.png,0,0,0,0,0,0,0,0,0,0,0,0,0,0,0
test_121_3_0.png,11313,961,1862,11525,1035,1650,11485,860,1690,11601,1097,1574,11501,1000,1674
test_121_3_1.png,11376,1287,1453,11478,1314,1351,11206,1325,1623,11118,1258,1711,11297,1281,1532
test_121_3_2.png,0,0,29,0,0,29,0,0,29,0,0,29,0,0,29
test_121_3_3.png,0,0,0,0,0,0,0,0,0,0,0,0,0,0,0
test_122_0_0.png,0,0,0,0,0,0,0,0,0,0,0,0,0,0,0
test_122_0_1.png,0,0,0,0,0,0,0,0,0,0,0,0,0,0,0
test_122_0_2.png,0,0,0,0,0,0,0,0,0,0,0,0,0,0,0
test_122_0_3.png,0,0,0,0,0,0,0,0,0,0,0,0,0,0,0
test_122_1_0.png,0,0,0,0,0,0,0,0,0,0,0,0,0,0,0
test_122_1_1.png,0,0,0,0,0,0,0,0,0,0,0,0,0,0,0
test_122_1_2.png,0,0,0,0,0,0,0,0,0,0,0,0,0,0,0
test_122_1_3.png,0,0,0,0,0,0,0,0,0,0,0,0,0,0,0
test_122_2_0.png,0,0,0,0,0,0,0,0,0,0,0,0,0,0,0
test_122_2_1.png,0,0,0,0,0,0,0,0,0,0,0,0,0,0,0
test_122_2_2.png,0,0,0,0,0,0,0,0,0,0,0,0,0,0,0
test_122_2_3.png,0,0,0,0,0,0,0,0,0,0,0,0,0,0,0
test_122_3_0.png,0,0,0,0,0,0,0,0,0,0,0,0,0,0,0
test_122_3_1.png,0,0,0,0,0,0,0,0,0,0,0,0,0,0,0
test_122_3_2.png,0,0,0,0,0,0,0,0,0,0,0,0,0,0,0
test_122_3_3.png,0,0,0,0,0,0,0,0,0,0,0,0,0,0,0
test_123_0_0.png,0,0,0,0,0,0,0,0,0,0,0,0,0,0,0
test_123_0_1.png,0,0,0,0,0,0,0,0,0,0,0,0,0,0,0
test_123_0_2.png,0,0,0,0,0,0,0,0,0,0,0,0,0,0,0
test_123_0_3.png,0,0,53,0,0,53,0,0,53,0,0,53,0,0,53
test_123_1_0.png,0,0,0,0,0,0,0,0,0,0,0,0,0,0,0
test_123_1_1.png,0,0,0,0,0,0,0,0,0,0,0,0,0,0,0
test_123_1_2.png,0,0,0,0,0,0,0,0,0,0,0,0,0,0,0
test_123_1_3.png,3577,200,255,3597,207,235,3555,188,277,3566,177,266,3572,185,260
test_123_2_0.png,0,0,0,0,0,0,0,0,0,0,0,0,0,0,0
test_123_2_1.png,0,0,0,0,0,0,0,0,0,0,0,0,0,0,0
test_123_2_2.png,0,0,0,0,0,0,0,0,0,0,0,0,0,0,0
test_123_2_3.png,0,0,0,0,0,0,0,0,0,0,0,0,0,0,0
test_123_3_0.png,0,0,0,0,0,0,0,0,0,0,0,0,0,0,0
test_123_3_1.png,0,0,0,0,0,0,0,0,0,0,0,0,0,0,0
test_123_3_2.png,0,0,0,0,0,0,0,0,0,0,0,0,0,0,0
test_123_3_3.png,0,0,0,0,0,0,0,0,0,0,0,0,0,0,0
test_124_0_0.png,11171,648,778,11202,667,747,11234,686,715,11184,601,765,11213,629,736
test_124_0_1.png,8474,421,605,8500,467,579,8498,453,581,8473,392,606,8498,420,581
test_124_0_2.png,55,0,23,48,0,30,49,0,29,51,0,27,51,0,27
test_124_0_3.png,0,0,0,0,0,0,0,0,0,0,0,0,0,0,0
test_124_1_0.png,522,43,14,516,28,20,523,47,13,521,46,15,521,41,15
test_124_1_1.png,0,0,0,0,0,0,0,0,0,0,0,0,0,0,0
test_124_1_2.png,0,0,0,0,0,0,0,0,0,0,0,0,0,0,0
test_124_1_3.png,0,0,0,0,0,0,0,0,0,0,0,0,0,0,0
test_124_2_0.png,0,0,0,0,0,0,0,0,0,0,0,0,0,0,0
test_124_2_1.png,0,0,0,0,0,0,0,0,0,0,0,0,0,0,0
test_124_2_2.png,0,0,0,0,0,0,0,0,0,0,0,0,0,0,0
test_124_2_3.png,0,0,0,0,0,0,0,0,0,0,0,0,0,0,0
test_124_3_0.png,0,0,0,0,0,0,0,0,0,0,0,0,0,0,0
test_124_3_1.png,0,0,0,0,0,0,0,0,0,0,0,0,0,0,0
test_124_3_2.png,0,0,0,0,108,0,0,0,0,0,0,0,0,0,0
test_124_3_3.png,0,0,0,0,0,0,0,0,0,0,0,0,0,0,0
test_125_0_0.png,0,0,0,0,0,0,0,0,0,0,0,0,0,0,0
test_125_0_1.png,0,0,0,0,0,0,0,0,0,0,0,0,0,0,0
test_125_0_2.png,0,0,0,0,0,0,0,0,0,0,0,0,0,0,0
test_125_0_3.png,0,0,0,0,0,0,0,0,0,0,0,0,0,0,0
test_125_1_0.png,0,0,0,0,0,0,0,0,0,0,0,0,0,0,0
test_125_1_1.png,0,0,0,0,0,0,0,0,0,0,0,0,0,0,0
test_125_1_2.png,0,0,0,0,0,0,0,0,0,0,0,0,0,0,0
test_125_1_3.png,0,0,0,0,0,0,0,0,0,0,0,0,0,0,0
test_125_2_0.png,0,0,0,0,0,0,0,0,0,0,0,0,0,0,0
test_125_2_1.png,0,0,0,0,0,0,0,0,0,0,0,0,0,0,0
test_125_2_2.png,0,0,0,0,0,0,0,0,0,0,0,0,0,0,0
test_125_2_3.png,0,0,0,0,0,0,0,0,0,0,0,0,0,0,0
test_125_3_0.png,0,0,0,0,0,0,0,0,0,0,0,0,0,0,0
test_125_3_1.png,0,0,0,0,0,0,0,0,0,0,0,0,0,0,0
test_125_3_2.png,0,0,0,0,0,0,0,0,0,0,0,0,0,0,0
test_125_3_3.png,0,0,0,0,0,0,0,0,0,0,0,0,0,0,0
test_126_0_0.png,0,0,0,0,0,0,0,0,0,0,0,0,0,0,0
test_126_0_1.png,3879,269,436,3881,236,434,3846,220,469,3855,226,460,3869,224,446
test_126_0_2.png,8136,319,812,8153,315,795,8068,338,880,8115,324,833,8138,302,810
test_126_0_3.png,9260,473,1605,9265,425,1600,9209,466,1656,9229,481,1636,9249,449,1616
test_126_1_0.png,761,18,105,761,14,105,761,11,105,771,16,95,761,15,105
test_126_1_1.png,0,0,0,0,0,0,0,0,0,0,0,0,0,0,0
test_126_1_2.png,991,14,67,992,23,66,1005,14,53,1010,18,48,997,16,61
test_126_1_3.png,14215,847,1834,14364,965,1685,14450,984,1599,14363,913,1686,14360,898,1689
test_126_2_0.png,622,64,57,628,64,51,639,48,40,644,59,35,632,58,47
test_126_2_1.png,0,0,0,0,0,0,0,0,0,0,0,0,0,0,0
test_126_2_2.png,0,0,0,0,0,0,0,0,0,0,0,0,0,0,0
test_126_2_3.png,2291,316,556,2211,304,636,1695,141,1152,1855,302,992,2147,286,700
test_126_3_0.png,0,0,0,0,0,0,0,0,0,0,0,0,0,0,0
test_126_3_1.png,932,25,84,933,19,83,918,24,98,925,22,91,928,24,88
test_126_3_2.png,0,0,0,0,0,0,0,0,0,0,0,0,0,0,0
test_126_3_3.png,0,0,0,0,0,0,0,0,0,0,0,0,0,0,0
test_127_0_0.png,0,0,0,0,0,0,0,0,0,0,0,0,0,0,0
test_127_0_1.png,5549,233,416,5590,255,375,5575,227,390,5549,207,416,5571,225,394
test_127_0_2.png,9527,648,836,9452,599,911,9515,643,848,9452,644,911,9490,614,873
test_127_0_3.png,6723,233,1090,6702,215,1111,6751,240,1062,6680,200,1133,6715,216,1098
test_127_1_0.png,0,0,0,0,0,0,0,0,0,0,0,0,0,0,0
test_127_1_1.png,0,0,0,0,0,0,0,0,0,0,0,0,0,0,0
test_127_1_2.png,554,30,35,559,29,30,552,160,37,554,153,35,555,110,34
test_127_1_3.png,1,111,1,0,0,2,0,117,2,0,100,2,0,104,2
test_127_2_0.png,0,0,0,0,0,0,0,0,0,0,0,0,0,0,0
test_127_2_1.png,0,0,0,0,0,0,0,0,0,0,0,0,0,0,0
test_127_2_2.png,0,0,0,0,0,0,0,0,0,0,0,0,0,0,0
test_127_2_3.png,0,0,0,0,0,0,0,0,0,0,0,0,0,0,0
test_127_3_0.png,0,0,0,0,0,0,0,0,0,0,0,0,0,0,0
test_127_3_1.png,0,0,0,0,0,0,0,0,0,0,0,0,0,0,0
test_127_3_2.png,0,0,0,0,0,0,0,0,0,0,0,0,0,0,0
test_127_3_3.png,0,0,0,0,0,0,0,0,0,0,0,0,0,0,0
test_128_0_0.png,0,0,0,0,0,0,0,0,0,0,0,0,0,0,0
test_128_0_1.png,0,0,0,0,0,0,0,0,0,0,0,0,0,0,0
test_128_0_2.png,0,0,0,0,0,0,0,0,0,0,0,0,0,0,0
test_128_0_3.png,0,0,0,0,0,0,0,0,0,0,0,0,0,0,0
test_128_1_0.png,0,0,0,0,0,0,0,0,0,0,0,0,0,0,0
test_128_1_1.png,0,0,0,0,0,0,0,0,0,0,0,0,0,0,0
test_128_1_2.png,0,0,0,0,0,0,0,0,0,0,0,0,0,0,0
test_128_1_3.png,0,0,0,0,0,0,0,0,0,0,0,0,0,0,0
test_128_2_0.png,95,0,206,0,0,301,0,79,301,0,0,301,0,0,301
test_128_2_1.png,0,294,0,0,521,0,0,868,0,0,676,0,0,562,0
test_128_2_2.png,0,0,0,0,0,0,0,0,0,0,0,0,0,0,0
test_128_2_3.png,0,0,0,0,0,0,0,0,0,0,0,0,0,0,0
test_128_3_0.png,0,0,0,0,0,0,0,0,0,0,0,0,0,0,0
test_128_3_1.png,0,0,0,0,0,0,0,0,0,0,0,0,0,0,0
test_128_3_2.png,0,0,230,0,0,230,0,0,230,0,0,230,0,0,230
test_128_3_3.png,0,0,0,0,0,0,0,0,0,0,0,0,0,0,0
test_12_0_0.png,0,0,0,0,0,0,0,0,0,0,0,0,0,0,0
test_12_0_1.png,0,0,0,0,0,0,0,0,0,0,0,0,0,0,0
test_12_0_2.png,0,0,0,0,0,0,0,0,0,0,0,0,0,0,0
test_12_0_3.png,0,0,0,0,0,0,0,0,0,0,0,0,0,0,0
test_12_1_0.png,9155,1271,770,9214,1480,711,9175,1337,750,9082,1244,843,9175,1267,750
test_12_1_1.png,3044,262,125,3052,325,117,3064,295,105,3029,262,140,3049,266,120
test_12_1_2.png,0,0,0,0,0,0,0,0,0,0,0,0,0,0,0
test_12_1_3.png,0,0,0,0,0,0,0,0,0,0,0,0,0,0,0
test_12_2_0.png,6577,550,771,6779,565,569,6657,620,691,6677,552,671,6671,547,677
test_12_2_1.png,9797,1356,933,9748,1315,982,9863,1632,867,9660,1465,1070,9778,1426,952
test_12_2_2.png,11661,1154,804,11663,1193,802,11603,1130,862,11640,1181,825,11649,1152,816
test_12_2_3.png,13922,1421,1022,13971,1539,973,13879,1405,1065,13887,1352,1057,13932,1374,1012
test_12_3_0.png,7953,713,539,7864,673,628,7892,708,600,7891,746,601,7908,685,584
test_12_3_1.png,12341,1099,880,12296,1131,925,12393,1401,828,12228,1172,993,12326,1148,895
test_12_3_2.png,13469,1760,770,13519,1814,720,13534,1892,705,13532,1658,707,13550,1738,689
test_12_3_3.png,9958,2064,561,9982,2147,537,9941,2158,578,9793,2024,726,9911,2106,608
test_13_0_0.png,2843,329,177,2793,366,227,2912,384,108,2917,279,103,2899,332,121
test_13_0_1.png,13220,997,765,13135,1075,850,13126,990,859,13105,968,880,13163,1009,822
test_13_0_2.png,11286,1234,423,11328,1322,381,11275,1397,434,11269,1298,440,11306,1288,403
test_13_0_3.png,4724,1021,245,4766,966,203,4742,892,227,4668,1015,301,4722,989,247
test_13_1_0.png,0,0,0,0,0,0,0,0,0,0,0,0,0,0,0
test_13_1_1.png,9321,1003,612,9401,1085,532,9379,1110,554,9284,1034,649,9369,1038,564
test_13_1_2.png,14821,913,1394,14918,1088,1297,14904,1035,1311,14812,981,1403,14852,959,1363
test_13_1_3.png,13880,1665,688,13952,1671,616,13880,1598,688,13877,1519,691,13915,1590,653
test_13_2_0.png,232,20,30,230,25,32,222,22,40,226,21,36,230,18,32
test_13_2_1.png,0,0,29,0,0,29,0,0,29,0,0,29,0,0,29
test_13_2_2.png,14589,1121,1154,14559,1303,1184,14245,1057,1498,14391,1160,1352,14512,1116,1231
test_13_2_3.png,7552,772,562,7610,828,504,7533,795,581,7551,822,563,7568,803,546
test_13_3_0.png,680,38,6,682,39,4,683,41,3,684,74,2,683,48,3
test_13_3_1.png,0,0,0,0,0,0,0,0,0,0,0,0,0,0,0
test_13_3_2.png,1348,97,253,1477,100,124,1496,125,105,1533,108,68,1488,108,113
test_13_3_3.png,1657,131,267,1825,168,99,1804,146,120,1533,106,391,1752,124,172
test_14_0_0.png,13797,895,1248,13912,945,1133,13621,779,1424,13561,758,1484,13732,835,1313
test_14_0_1.png,8427,850,533,8430,872,530,8292,825,668,8385,944,575,8403,856,557
test_14_0_2.png,1732,184,57,1726,136,63,1748,192,41,1734,216,55,1745,157,44
test_14_0_3.png,0,0,0,0,0,0,0,0,0,0,0,0,0,0,0
test_14_1_0.png,16728,1670,961,16671,1766,1018,16671,1717,1018,16580,1698,1109,16685,1674,1004
test_14_1_1.png,18054,2381,939,18090,2319,903,18043,2182,950,18016,2119,977,18051,2196,942
test_14_1_2.png,7510,649,406,7522,711,394,7459,633,457,7484,641,432,7506,641,410
test_14_1_3.png,0,0,0,0,0,0,0,0,0,0,0,0,0,0,0
test_14_2_0.png,15385,1287,1046,15317,1370,1114,15224,1165,1207,15152,1247,1279,15259,1211,1172
test_14_2_1.png,10930,821,637,10942,949,625,10880,824,687,10902,854,665,10920,847,647
test_14_2_2.png,407,42,48,402,51,53,411,49,44,409,37,46,407,46,48
test_14_2_3.png,0,205,0,0,202,0,0,164,0,0,230,0,0,203,0
test_14_3_0.png,10466,1049,353,10470,1092,349,10430,1008,389,10449,1084,370,10462,1032,357
test_14_3_1.png,3326,198,502,3288,230,540,3282,234,546,3273,206,555,3295,206,533
test_14_3_2.png,0,0,0,0,0,0,0,0,0,0,0,0,0,0,0
test_14_3_3.png,0,0,0,0,0,0,0,0,0,0,0,0,0,0,0
test_15_0_0.png,0,0,0,0,0,0,0,0,0,0,0,0,0,0,0
test_15_0_1.png,0,0,141,0,0,141,0,0,141,0,0,141,0,0,141
test_15_0_2.png,0,0,0,0,0,0,0,0,0,0,0,0,0,0,0
test_15_0_3.png,5569,282,443,5454,268,558,5438,278,574,5413,291,599,5471,270,541
test_15_1_0.png,0,0,0,0,0,0,0,0,0,0,0,0,0,0,0
test_15_1_1.png,0,0,0,0,0,0,0,0,0,0,0,0,0,0,0
test_15_1_2.png,0,0,0,0,0,0,0,0,0,0,0,0,0,0,0
test_15_1_3.png,0,0,0,0,0,0,0,0,0,0,0,0,0,0,0
test_15_2_0.png,0,0,0,0,0,0,0,0,0,0,0,0,0,0,0
test_15_2_1.png,0,0,0,0,0,0,0,0,0,0,0,0,0,0,0
test_15_2_2.png,0,0,0,0,0,0,0,0,0,0,0,0,0,0,0
test_15_2_3.png,3772,200,373,3774,214,371,3748,199,397,3756,234,389,3766,203,379
test_15_3_0.png,1205,7,520,1278,26,447,1233,5,492,1241,6,484,1234,9,491
test_15_3_1.png,0,0,0,0,0,0,0,0,0,0,0,0,0,0,0
test_15_3_2.png,637,22,105,597,0,145,481,9,261,528,24,214,557,11,185
test_15_3_3.png,102,14,12,71,0,43,5,0,109,104,12,10,97,0,17
test_16_0_0.png,5247,8,158,5232,9,173,5232,13,173,5245,8,160,5238,9,167
test_16_0_1.png,43790,800,458,43762,532,486,43952,633,296,44076,499,172,43806,582,442
test_16_0_2.png,1063,121,0,1063,126,0,1061,109,2,1063,128,0,1063,120,0
test_16_0_3.png,0,0,0,0,0,0,0,0,0,0,0,0,0,0,0
test_16_1_0.png,3453,66,284,3398,50,339,3508,137,229,3473,83,264,3469,69,268
test_16_1_1.png,1303,171,132,1315,153,120,1298,135,137,1326,151,109,1309,150,126
test_16_1_2.png,0,0,0,0,0,0,0,0,0,0,0,0,0,0,0
test_16_1_3.png,0,0,0,0,0,0,0,0,0,0,0,0,0,0,0
test_16_2_0.png,423,43,126,108,15,441,430,52,119,111,12,438,268,15,281
test_16_2_1.png,1436,117,42,1455,131,23,1448,125,30,1450,125,28,1449,125,29
test_16_2_2.png,0,0,0,0,0,0,0,0,0,0,0,0,0,0,0
test_16_2_3.png,0,0,0,0,0,0,0,0,0,0,0,0,0,0,0
test_16_3_0.png,1746,118,90,1238,81,598,1243,87,593,1392,90,444,1264,85,572
test_16_3_1.png,0,0,0,0,0,0,0,0,0,0,0,0,0,0,0
test_16_3_2.png,0,0,0,0,0,0,0,0,0,0,0,0,0,0,0
test_16_3_3.png,0,0,0,0,0,0,0,0,0,0,0,0,0,0,0
test_17_0_0.png,0,0,0,0,0,0,0,0,0,0,0,0,0,0,0
test_17_0_1.png,0,0,0,0,0,0,0,0,0,0,0,0,0,0,0
test_17_0_2.png,0,0,0,0,0,0,0,0,0,0,0,0,0,0,0
test_17_0_3.png,0,0,0,0,0,0,0,0,0,0,0,0,0,0,0
test_17_1_0.png,0,0,0,0,0,0,0,0,0,0,0,0,0,0,0
test_17_1_1.png,0,0,0,0,0,0,0,0,0,0,0,0,0,0,0
test_17_1_2.png,0,0,0,0,0,0,0,0,0,0,0,0,0,0,0
test_17_1_3.png,0,0,0,0,0,0,0,0,0,0,0,0,0,0,0
test_17_2_0.png,5799,460,607,5751,401,655,5831,556,575,5899,765,507,5837,453,569
test_17_2_1.png,3808,330,374,3847,406,335,3844,305,338,3830,310,352,3828,332,354
test_17_2_2.png,4724,285,267,4743,234,248,4752,252,239,4770,298,221,4753,267,238
test_17_2_3.png,0,0,0,0,0,0,0,0,0,0,0,0,0,0,0
test_17_3_0.png,4562,386,415,4477,296,500,4509,374,468,4516,334,461,4520,339,457
test_17_3_1.png,5007,323,356,5060,323,303,5048,322,315,5041,371,322,5037,327,326
test_17_3_2.png,8168,742,430,8153,700,445,8175,727,423,8118,691,480,8158,691,440
test_17_3_3.png,1500,110,96,1487,156,109,1492,87,104,1508,196,88,1501,116,95
test_18_0_0.png,0,191,0,0,354,0,0,415,0,0,581,0,0,384,0
test_18_0_1.png,0,0,0,0,0,0,0,0,0,0,0,0,0,0,0
test_18_0_2.png,12049,2561,568,12066,2622,551,12087,2638,530,12036,2659,581,12060,2541,557
test_18_0_3.png,13088,2209,201,13083,1902,206,13101,2166,188,13081,2090,208,13091,2069,198
test_18_1_0.png,0,0,0,0,0,0,0,0,0,0,0,0,0,0,0
test_18_1_1.png,0,0,0,0,0,0,0,0,0,0,0,0,0,0,0
test_18_1_2.png,2312,264,356,2400,244,268,2344,263,324,2321,228,347,2321,250,347
test_18_1_3.png,16109,3021,212,15996,2515,325,16101,2978,220,16025,2916,296,16097,2867,224
test_18_2_0.png,0,0,98,0,0,98,0,0,98,0,0,98,0,0,98
test_18_2_1.png,1454,246,1877,418,43,2913,1164,129,2167,388,37,2943,450,39,2881
test_18_2_2.png,0,0,0,0,0,0,0,0,0,0,0,0,0,0,0
test_18_2_3.png,9353,1928,322,9383,1993,292,9135,1987,540,8707,1962,968,9143,1952,532
test_18_3_0.png,3676,312,2051,3880,248,1847,3701,307,2026,3737,253,1990,3718,272,2009
test_18_3_1.png,0,0,640,0,0,640,0,0,640,0,0,640,0,0,640
test_18_3_2.png,3050,359,1000,3528,870,522,3031,347,1019,3010,318,1040,3031,346,1019
test_18_3_3.png,584,115,439,584,141,439,583,112,440,584,151,439,584,131,439
test_19_0_0.png,0,0,1478,0,0,1478,0,0,1478,0,0,1478,0,0,1478
test_19_0_1.png,0,0,0,0,0,0,0,0,0,0,0,0,0,0,0
test_19_0_2.png,0,0,0,0,0,0,0,389,0,0,0,0,0,0,0
test_19_0_3.png,0,0,0,0,0,0,0,0,0,0,0,0,0,0,0
test_19_1_0.png,0,0,1364,0,0,1364,0,0,1364,0,0,1364,0,0,1364
test_19_1_1.png,0,268,0,0,291,0,0,278,0,0,288,0,0,285,0
test_19_1_2.png,0,34,0,0,62,0,0,78,0,0,89,0,0,68,0
test_19_1_3.png,0,0,66,0,0,66,0,0,66,0,0,66,0,0,66
test_19_2_0.png,2554,240,1415,2604,181,1365,2955,360,1014,2682,266,1287,2661,269,1308
test_19_2_1.png,6599,525,577,6644,520,532,6742,670,434,6695,583,481,6678,523,498
test_19_2_2.png,0,0,29,0,0,29,0,0,29,0,0,29,0,0,29
test_19_2_3.png,1227,308,241,1092,47,376,1304,252,164,1191,85,277,1239,178,229
test_19_3_0.png,4649,250,250,4618,221,281,4613,436,286,4651,218,248,4632,219,267
test_19_3_1.png,13093,946,1079,13096,907,1076,13189,1114,983,13160,1048,1012,13159,966,1013
test_19_3_2.png,14570,996,1053,14511,826,1112,14596,1193,1027,14531,1022,1092,14575,985,1048
test_19_3_3.png,4792,659,128,4797,577,123,4756,587,164,4732,636,188,4792,597,128
test_1_0_0.png,0,0,0,0,0,0,0,0,0,0,0,0,0,0,0
test_1_0_1.png,0,0,0,0,0,0,0,0,0,0,0,0,0,0,0
test_1_0_2.png,0,0,0,0,0,0,0,0,0,0,0,0,0,0,0
test_1_0_3.png,11887,745,1302,11974,802,1215,11960,797,1229,11950,768,1239,11943,756,1246
test_1_1_0.png,0,0,0,0,0,0,0,0,0,0,0,0,0,0,0
test_1_1_1.png,0,0,0,0,0,0,0,0,0,0,0,0,0,0,0
test_1_1_2.png,0,0,0,0,0,0,0,0,0,0,0,0,0,0,0
test_1_1_3.png,0,0,0,0,0,0,0,0,0,0,0,0,0,0,0
test_1_2_0.png,0,0,0,0,0,0,0,0,0,0,0,0,0,0,0
test_1_2_1.png,0,0,0,0,0,0,0,0,0,0,0,0,0,0,0
test_1_2_2.png,0,0,0,0,0,0,0,0,0,0,0,0,0,0,0
test_1_2_3.png,0,0,0,0,0,0,0,0,0,0,0,0,0,0,0
test_1_3_0.png,0,0,0,0,0,0,0,0,0,0,0,0,0,0,0
test_1_3_1.png,0,0,0,0,0,0,0,0,0,0,0,0,0,0,0
test_1_3_2.png,0,0,0,0,0,0,0,0,0,0,0,0,0,0,0
test_1_3_3.png,0,0,0,0,0,0,0,0,0,0,0,0,0,0,0
test_20_0_0.png,7271,861,311,7154,866,428,7204,1013,378,7297,1123,285,7244,922,338
test_20_0_1.png,19735,1703,1184,19702,1447,1217,19882,2007,1037,19804,1988,1115,19810,1627,1109
test_20_0_2.png,14930,1147,1056,15170,1228,816,15102,1470,884,15148,1106,838,15127,1164,859
test_20_0_3.png,21209,1747,1122,21392,1603,939,21586,2086,745,21284,1887,1047,21403,1755,928
test_20_1_0.png,19369,1021,1050,19386,932,1033,19593,1369,826,19483,1113,936,19477,1073,942
test_20_1_1.png,19566,1729,815,19536,1403,845,19585,1521,796,19556,1566,825,19572,1475,809
test_20_1_2.png,9972,743,663,10006,733,629,9991,752,644,10026,868,609,10011,708,624
test_20_1_3.png,4575,485,195,4612,490,158,4618,506,152,4609,579,161,4616,497,154
test_20_2_0.png,21790,1743,765,21647,1359,908,21736,1853,819,21643,1710,912,21750,1605,805
test_20_2_1.png,18970,1632,997,19396,1660,571,19280,1695,687,19271,1748,696,19307,1649,660
test_20_2_2.png,0,0,0,0,0,0,0,0,0,0,0,0,0,0,0
test_20_2_3.png,0,0,0,0,0,0,0,0,0,0,0,0,0,0,0
test_20_3_0.png,23314,1793,856,23234,1629,936,23276,1664,894,23236,1803,934,23301,1637,869
test_20_3_1.png,19815,873,1308,19765,803,1358,19887,927,1236,19903,980,1220,19888,838,1235
test_20_3_2.png,4750,455,281,4776,459,255,4761,478,270,4747,416,284,4765,440,266
test_20_3_3.png,0,0,0,0,0,0,0,0,0,0,0,0,0,0,0
test_21_0_0.png,5764,376,911,5487,365,1188,5779,455,896,5843,581,832,5782,407,893
test_21_0_1.png,9098,1035,657,9162,1071,593,9417,1449,338,9232,1049,523,9250,1072,505
test_21_0_2.png,13379,1645,834,13397,1438,816,13517,1708,696,13554,1626,659,13487,1558,726
test_21_0_3.png,10306,328,746,10256,331,796,10324,388,728,10348,380,704,10305,352,747
test_21_1_0.png,7363,785,1391,7066,581,1688,7657,1257,1097,7679,1064,1075,7517,881,1237
test_21_1_1.png,9873,887,913,9679,800,1107,9686,830,1100,9636,809,1150,9719,786,1067
test_21_1_2.png,16768,747,932,16797,859,903,16842,829,858,16835,795,865,16837,785,863
test_21_1_3.png,17088,1260,1380,17174,1189,1294,17314,1427,1154,17113,1307,1355,17196,1267,1272
test_21_2_0.png,1921,74,319,2063,68,177,1791,83,449,1855,120,385,1887,76,353
test_21_2_1.png,17481,596,1176,17809,536,848,17564,673,1093,17279,564,1378,17532,564,1125
test_21_2_2.png,16480,970,932,16264,512,1148,16471,707,941,16480,616,932,16431,576,981
test_21_2_3.png,618,29,88,597,30,109,627,48,79,626,102,80,621,33,85
test_21_3_0.png,530,0,1957,1678,74,809,179,0,2308,41,0,2446,270,0,2217
test_21_3_1.png,4283,304,2036,4265,499,2054,4454,686,1865,4517,694,1802,4364,597,1955
test_21_3_2.png,6500,143,1330,6477,198,1353,6424,177,1406,6491,184,1339,6480,159,1350
test_21_3_3.png,4480,425,102,4527,484,55,4487,375,95,4500,358,82,4496,410,86
test_22_0_0.png,0,0,0,0,0,0,0,0,0,0,0,0,0,0,0
test_22_0_1.png,0,0,0,0,0,0,0,0,0,0,0,0,0,0,0
test_22_0_2.png,0,0,0,0,0,0,0,0,0,0,0,0,0,0,0
test_22_0_3.png,0,0,0,0,0,0,0,0,0,0,0,0,0,0,0
test_22_1_0.png,0,0,0,0,0,0,0,0,0,0,0,0,0,0,0
test_22_1_1.png,0,0,0,0,0,0,0,0,0,0,0,0,0,0,0
test_22_1_2.png,0,0,0,0,0,0,0,0,0,0,0,0,0,0,0
test_22_1_3.png,0,0,6,0,0,6,0,0,6,0,0,6,0,0,6
test_22_2_0.png,2907,328,69,2912,315,64,2849,274,127,2533,318,443,2886,295,90
test_22_2_1.png,0,0,0,0,0,0,0,0,0,0,0,0,0,0,0
test_22_2_2.png,1146,98,321,1224,75,243,1165,105,302,1129,83,338,1147,90,320
test_22_2_3.png,7887,359,1521,8060,376,1348,8204,472,1204,8328,482,1080,8067,437,1341
test_22_3_0.png,6315,1021,930,6365,832,880,5236,878,2009,5860,971,1385,6233,936,1012
test_22_3_1.png,10870,1076,1675,10894,926,1651,11456,1276,1089,11099,1067,1446,11034,1010,1511
test_22_3_2.png,7839,518,1618,7813,535,1644,7857,509,1600,7868,513,1589,7861,483,1596
test_22_3_3.png,7318,745,317,7032,577,603,7378,919,257,7205,783,430,7291,736,344
test_23_0_0.png,4216,375,128,4174,340,170,4177,360,167,4220,419,124,4198,346,146
test_23_0_1.png,5736,276,867,5731,229,872,5869,393,734,5801,410,802,5726,303,877
test_23_0_2.png,0,0,0,0,0,0,0,0,0,0,0,0,0,0,0
test_23_0_3.png,0,0,0,0,0,0,0,0,0,0,0,0,0,0,0
test_23_1_0.png,7652,521,703,7719,552,636,7796,785,559,7770,412,585,7756,463,599
test_23_1_1.png,9770,734,958,9771,696,957,9869,698,859,10058,761,670,9831,687,897
test_23_1_2.png,314,0,240,233,0,321,396,3,158,429,16,125,354,1,200
test_23_1_3.png,0,190,0,0,181,0,0,190,0,0,205,0,0,193,0
test_23_2_0.png,8941,1169,1245,8054,1099,2132,9169,1167,1017,8914,1140,1272,8988,1093,1198
test_23_2_1.png,8184,503,1751,8055,443,1880,8644,812,1291,8515,598,1420,8323,544,1612
test_23_2_2.png,3371,122,184,3363,103,192,3390,168,165,3439,184,116,3389,142,166
test_23_2_3.png,0,0,0,0,0,0,0,0,0,0,0,0,0,0,0
test_23_3_0.png,6512,496,594,6128,414,978,6578,593,528,6243,721,863,6379,460,727
test_23_3_1.png,2586,151,734,2677,153,643,2910,139,410,2663,114,657,2658,123,662
test_23_3_2.png,0,0,0,0,0,0,0,0,0,0,0,0,0,0,0
test_23_3_3.png,0,0,0,0,0,0,0,0,0,0,0,0,0,0,0
test_24_0_0.png,154,14,339,13,11,480,379,39,114,322,33,171,229,20,264
test_24_0_1.png,0,0,0,0,0,0,0,0,0,0,0,0,0,0,0
test_24_0_2.png,2630,447,87,2567,231,150,2560,370,157,2613,315,104,2589,312,128
test_24_0_3.png,658,45,22,656,46,24,654,40,26,628,43,52,656,40,24
test_24_1_0.png,2072,115,160,2085,90,147,2097,149,135,2085,142,147,2086,120,146
test_24_1_1.png,2822,612,57,2820,576,59,2832,658,47,2827,573,52,2826,606,53
test_24_1_2.png,1948,189,106,1952,163,102,1948,185,106,1948,136,106,1949,150,105
test_24_1_3.png,3134,323,321,3106,348,349,3195,358,260,3147,455,308,3148,347,307
test_24_2_0.png,6792,602,305,6756,972,341,6827,951,270,6748,681,349,6797,706,300
test_24_2_1.png,3968,586,170,3945,543,193,3982,565,156,3936,492,202,3963,555,175
test_24_2_2.png,2999,348,112,3013,365,98,2990,482,121,3038,497,73,3011,411,100
test_24_2_3.png,6216,490,337,6135,434,418,6259,545,294,6221,481,332,6200,487,353
test_24_3_0.png,417,99,160,513,120,64,11,19,566,436,104,141,425,96,152
test_24_3_1.png,9020,672,355,8968,639,407,9111,818,264,8991,595,384,9046,645,329
test_24_3_2.png,9420,1503,675,9293,1365,802,9439,1605,656,9450,1569,645,9408,1519,687
test_24_3_3.png,2821,342,393,2927,363,287,2798,374,416,2774,387,440,2771,352,443
test_25_0_0.png,935,1628,111,901,1554,145,904,1227,142,865,1231,181,900,1368,146
test_25_0_1.png,0,0,470,0,0,470,0,0,470,0,0,470,0,0,470
test_25_0_2.png,0,0,0,0,0,0,0,0,0,0,0,0,0,0,0
test_25_0_3.png,0,0,1575,0,0,1575,418,3,1157,0,0,1575,0,0,1575
test_25_1_0.png,5096,501,441,5042,431,495,5278,783,259,5307,773,230,5188,504,349
test_25_1_1.png,1711,158,133,1702,126,142,1714,179,130,1722,167,122,1712,152,132
test_25_1_2.png,415,47,579,409,49,585,425,29,569,389,29,605,408,33,586
test_25_1_3.png,535,64,444,538,71,441,609,72,370,531,63,448,534,69,445
test_25_2_0.png,5293,309,983,5323,310,953,5560,506,716,5505,418,771,5427,379,849
test_25_2_1.png,3889,311,161,3902,334,148,3917,413,133,3894,314,156,3899,335,151
test_25_2_2.png,4625,704,377,4634,632,368,4643,702,359,4711,719,291,4659,673,343
test_25_2_3.png,3180,575,392,3230,536,342,3223,593,349,3230,607,342,3219,559,353
test_25_3_0.png,2577,558,70,2539,483,108,2523,484,124,2519,453,128,2549,485,98
test_25_3_1.png,5789,541,336,5872,779,253,5827,719,298,5815,774,310,5835,676,290
test_25_3_2.png,3515,205,384,3497,192,402,3559,307,340,3537,265,362,3535,231,364
test_25_3_3.png,0,0,0,0,0,0,0,0,0,0,138,0,0,0,0
test_26_0_0.png,1438,72,158,1463,100,133,1484,76,112,1492,93,104,1478,74,118
test_26_0_1.png,1043,217,22,1040,439,25,1034,439,31,1034,457,31,1039,420,26
test_26_0_2.png,2028,169,61,2005,175,84,2034,177,55,1994,182,95,2019,158,70
test_26_0_3.png,3256,121,387,3255,66,388,3372,203,271,3267,187,376,3297,156,346
test_26_1_0.png,1336,122,168,1348,154,156,1298,167,206,1344,197,160,1346,130,158
test_26_1_1.png,0,0,0,0,0,0,0,0,0,0,0,0,0,0,0
test_26_1_2.png,0,0,0,0,0,0,0,60,0,0,0,0,0,0,0
test_26_1_3.png,3735,289,166,3737,204,164,3769,423,132,3766,250,135,3765,265,136
test_26_2_0.png,614,7,125,634,12,105,613,6,126,647,18,92,626,8,113
test_26_2_1.png,0,0,0,0,0,0,0,0,0,0,0,0,0,0,0
test_26_2_2.png,106,949,143,106,956,143,107,816,142,105,988,144,106,953,143
test_26_2_3.png,4724,650,442,4737,630,429,4682,745,484,4594,540,572,4712,629,454
test_26_3_0.png,766,17,761,900,45,627,1081,65,446,933,50,594,912,48,615
test_26_3_1.png,0,0,0,0,0,0,0,0,0,0,0,0,0,0,0
test_26_3_2.png,2918,248,104,2909,188,113,2923,225,99,2916,277,106,2919,229,103
test_26_3_3.png,6892,551,1283,7149,537,1026,6982,562,1193,6796,449,1379,6989,490,1186
test_27_0_0.png,1769,64,63,1776,74,56,1765,57,67,1768,52,64,1770,57,62
test_27_0_1.png,2822,557,699,2895,233,626,3000,329,521,3155,287,366,2973,284,548
test_27_0_2.png,0,0,150,0,0,150,0,0,150,0,0,150,0,0,150
test_27_0_3.png,3516,93,838,3514,72,840,3514,86,840,3132,45,1222,3498,67,856
test_27_1_0.png,4809,93,158,4873,125,94,4871,157,96,4863,112,104,4863,108,104
test_27_1_1.png,1000,48,49,1012,59,37,1009,74,40,1019,373,30,1014,55,35
test_27_1_2.png,0,0,0,0,0,0,0,0,0,0,0,0,0,0,0
test_27_1_3.png,0,256,0,0,270,0,0,265,0,0,265,0,0,261,0
test_27_2_0.png,12901,880,1015,13043,773,873,12883,911,1033,13017,973,899,12984,889,932
test_27_2_1.png,5341,548,1273,5474,679,1140,5494,567,1120,5441,554,1173,5431,555,1183
test_27_2_2.png,2214,154,326,2269,228,271,2288,176,252,2287,133,253,2268,146,272
test_27_2_3.png,0,0,0,0,0,0,0,0,0,0,0,0,0,0,0
test_27_3_0.png,17858,1848,2075,17939,1704,1994,18141,2174,1792,18120,2143,1813,18043,1950,1890
test_27_3_1.png,8178,1688,565,8130,1640,613,8208,1884,535,8179,1886,564,8192,1723,551
test_27_3_2.png,0,0,0,0,0,0,0,0,0,0,0,0,0,0,0
test_27_3_3.png,0,62,0,0,16,0,0,0,0,0,40,0,0,22,0
test_28_0_0.png,0,0,0,0,0,0,0,0,0,0,0,0,0,0,0
test_28_0_1.png,0,0,0,0,0,0,0,0,0,0,0,0,0,0,0
test_28_0_2.png,0,0,0,0,0,0,0,0,0,0,0,0,0,0,0
test_28_0_3.png,3790,242,215,3745,186,260,3697,172,308,3757,163,248,3752,187,253
test_28_1_0.png,3267,135,558,3498,161,327,3489,144,336,3467,147,358,3481,139,344
test_28_1_1.png,0,0,0,0,0,0,0,0,0,0,0,0,0,0,0
test_28_1_2.png,0,0,0,0,0,0,0,0,0,0,0,0,0,0,0
test_28_1_3.png,0,0,0,0,0,0,0,0,0,0,0,0,0,0,0
test_28_2_0.png,14757,1233,1021,14630,1071,1148,14680,1348,1098,14679,1330,1099,14697,1186,1081
test_28_2_1.png,10726,1134,777,10747,1147,756,10824,2161,679,10787,1309,716,10770,1249,733
test_28_2_2.png,5451,379,330,4710,212,1071,4972,1974,809,5553,1771,228,5211,703,570
test_28_2_3.png,0,0,0,0,0,0,0,0,0,0,0,0,0,0,0
test_28_3_0.png,14402,1078,1244,14457,983,1189,14392,1117,1254,14484,1198,1162,14450,1050,1196
test_28_3_1.png,17415,2069,620,17252,1696,783,17507,2367,528,17495,2289,540,17454,2083,581
test_28_3_2.png,14320,1128,1665,14313,1240,1672,14462,1493,1523,14064,1122,1921,14362,1200,1623
test_28_3_3.png,11144,1141,1099,11284,1296,959,11145,1207,1098,11559,1236,684,11252,1172,991
test_29_0_0.png,0,0,0,0,0,0,0,0,0,0,0,0,0,0,0
test_29_0_1.png,0,0,0,0,0,0,0,0,0,0,0,0,0,0,0
test_29_0_2.png,2172,84,525,2509,124,188,2492,103,205,2524,104,173,2513,90,184
test_29_0_3.png,2864,217,418,2990,226,292,3010,223,272,2942,257,340,2934,224,348
test_29_1_0.png,1247,60,80,1247,43,80,1253,42,74,1256,52,71,1252,46,75
test_29_1_1.png,20255,1400,658,20080,1218,833,20327,1597,586,20181,1488,732,20221,1361,692
test_29_1_2.png,17827,929,1035,17939,982,923,17928,1106,934,17955,1184,907,17920,999,942
test_29_1_3.png,8151,388,481,8143,379,489,8119,456,513,8075,369,557,8154,391,478
test_29_2_0.png,16144,943,457,16203,995,398,16251,1025,350,16224,1157,377,16227,982,374
test_29_2_1.png,15359,877,947,15529,954,777,15636,1065,670,15483,1089,823,15492,957,814
test_29_2_2.png,12657,866,616,12712,893,561,12666,843,607,12666,912,607,12696,839,577
test_29_2_3.png,6333,113,1102,6439,110,996,6614,176,821,6568,141,867,6492,124,943
test_29_3_0.png,10131,868,640,10068,773,703,10165,895,606,10198,878,573,10155,825,616
test_29_3_1.png,14873,1203,1161,14691,976,1343,14842,1163,1192,14743,1035,1291,14814,1061,1220
test_29_3_2.png,3695,300,136,3641,178,190,3666,270,165,3671,327,160,3678,246,153
test_29_3_3.png,2673,87,433,2703,86,403,2661,126,445,2663,99,443,2698,96,408
test_2_0_0.png,15526,1466,976,15467,1500,1035,15588,1465,914,15559,1466,943,15538,1445,964
test_2_0_1.png,16475,1136,1031,16491,1200,1015,16524,1263,982,16433,1230,1073,16499,1196,1007
test_2_0_2.png,11408,994,594,11338,943,664,11362,907,640,11312,998,690,11362,946,640
test_2_0_3.png,2406,180,147,2411,193,142,2401,189,152,2411,192,142,2403,188,150
test_2_1_0.png,0,0,0,0,0,0,0,0,0,0,0,0,0,0,0
test_2_1_1.png,0,0,0,0,0,0,0,0,0,0,0,0,0,0,0
test_2_1_2.png,0,0,0,0,0,0,0,0,0,0,0,0,0,0,0
test_2_1_3.png,0,0,0,0,0,0,0,0,0,0,0,0,0,0,0
test_2_2_0.png,0,0,0,0,0,0,0,0,0,0,0,0,0,0,0
test_2_2_1.png,0,0,0,0,0,0,0,0,0,0,0,0,0,0,0
test_2_2_2.png,0,0,0,0,0,0,0,0,0,0,0,0,0,0,0
test_2_2_3.png,0,190,0,0,0,0,0,0,0,0,70,0,0,0,0
test_2_3_0.png,0,0,0,0,0,0,0,0,0,0,0,0,0,0,0
test_2_3_1.png,0,0,0,0,0,0,0,0,0,0,0,0,0,0,0
test_2_3_2.png,0,0,0,0,0,0,0,0,0,0,0,0,0,0,0
test_2_3_3.png,1680,101,78,1694,109,64,1685,103,73,1672,91,86,1687,97,71
test_30_0_0.png,0,0,0,0,0,0,0,0,0,0,0,0,0,0,0
test_30_0_1.png,348,51,3,341,34,10,346,45,5,343,39,8,344,42,7
test_30_0_2.png,0,0,0,0,0,0,0,0,0,0,0,0,0,0,0
test_30_0_3.png,0,0,0,0,0,0,0,0,0,0,0,0,0,0,0
test_30_1_0.png,3440,186,658,3385,133,713,3444,158,654,3409,223,689,3416,153,682
test_30_1_1.png,765,578,112,767,566,110,770,652,107,776,668,101,774,619,103
test_30_1_2.png,0,0,0,0,0,0,0,0,0,0,0,0,0,0,0
test_30_1_3.png,0,0,0,0,0,0,0,0,0,0,0,0,0,0,0
test_30_2_0.png,1382,440,236,1444,460,174,1456,568,162,1473,420,145,1445,451,173
test_30_2_1.png,3387,218,486,3592,230,281,3472,321,401,3506,274,367,3490,249,383
test_30_2_2.png,4921,333,588,4934,394,575,4952,496,557,4864,588,645,4917,414,592
test_30_2_3.png,3998,679,454,3981,562,471,3883,750,569,3950,676,502,3968,672,484
test_30_3_0.png,3624,196,678,3610,192,692,3662,253,640,3395,174,907,3596,198,706
test_30_3_1.png,10302,590,1012,10386,645,928,10473,759,841,10370,722,944,10439,629,875
test_30_3_2.png,12049,1306,788,11895,1118,942,11966,1133,871,11967,1091,870,11993,1116,844
test_30_3_3.png,12900,838,1057,13019,819,938,12950,935,1007,12989,910,968,13017,823,940
test_31_0_0.png,6486,324,752,6456,254,782,6481,503,757,6453,401,785,6462,339,776
test_31_0_1.png,5422,579,480,5381,475,521,5464,698,438,5515,798,387,5460,625,442
test_31_0_2.png,0,0,0,0,0,0,0,0,0,0,0,0,0,0,0
test_31_0_3.png,8287,453,754,8325,462,716,8378,635,663,8463,577,578,8391,500,650
test_31_1_0.png,14096,988,4054,13573,952,4577,14487,1103,3663,14003,938,4147,13923,917,4227
test_31_1_1.png,2937,35,506,2799,42,644,2986,52,457,2897,43,546,2909,38,534
test_31_1_2.png,586,25,54,601,14,39,618,14,22,619,20,21,608,15,32
test_31_1_3.png,3608,1756,186,3569,1708,225,3533,165,261,3610,1704,184,3592,1681,202
test_31_2_0.png,43,679,1026,52,632,1017,43,631,1026,43,625,1026,43,627,1026
test_31_2_1.png,4583,243,281,4601,219,263,4662,311,202,4606,255,258,4616,247,248
test_31_2_2.png,4177,735,71,4172,916,76,4186,1012,62,4196,1019,52,4184,941,64
test_31_2_3.png,385,458,12,381,11,16,383,350,14,387,393,10,384,363,13
test_31_3_0.png,9404,642,1202,9452,746,1154,9444,472,1162,9431,566,1175,9445,597,1161
test_31_3_1.png,2964,101,1610,2908,72,1666,2839,74,1735,2879,69,1695,2901,69,1673
test_31_3_2.png,2368,74,172,2382,73,158,2370,79,170,2357,54,183,2368,64,172
test_31_3_3.png,3296,75,750,3170,84,876,3362,104,684,3330,104,716,3317,81,729
test_32_0_0.png,0,0,0,0,0,0,0,0,0,0,0,0,0,0,0
test_32_0_1.png,0,0,0,0,0,0,0,0,0,0,0,0,0,0,0
test_32_0_2.png,450,30,15,438,1,27,448,42,17,452,50,13,449,29,16
test_32_0_3.png,1374,28,51,1378,37,47,1365,39,60,1319,27,106,1361,27,64
test_32_1_0.png,1,0,1497,0,0,1498,0,0,1498,0,0,1498,0,0,1498
test_32_1_1.png,0,0,0,0,0,0,0,0,0,0,0,0,0,0,0
test_32_1_2.png,0,0,0,0,0,0,0,0,0,0,0,0,0,0,0
test_32_1_3.png,0,0,0,0,0,0,0,0,0,0,235,0,0,0,0
test_32_2_0.png,0,0,667,0,0,667,0,0,667,0,0,667,0,0,667
test_32_2_1.png,1510,116,63,1537,74,36,1492,81,81,1500,71,73,1518,86,55
test_32_2_2.png,110,7,130,157,11,83,223,20,17,37,0,203,143,9,97
test_32_2_3.png,3076,301,314,3240,330,150,3261,360,129,3261,368,129,3251,327,139
test_32_3_0.png,0,0,0,0,0,0,0,0,0,0,0,0,0,0,0
test_32_3_1.png,0,0,0,0,0,0,0,0,0,0,0,0,0,0,0
test_32_3_2.png,351,42,5,353,44,3,348,50,8,342,39,14,352,39,4
test_32_3_3.png,6021,355,284,5997,337,308,6058,389,247,6023,349,282,6037,353,268
test_33_0_0.png,2236,87,372,2213,104,395,2164,63,444,2109,61,499,2195,61,413
test_33_0_1.png,0,282,0,0,0,0,0,72,0,0,162,0,0,72,0
test_33_0_2.png,0,0,0,0,0,0,0,640,0,0,1156,0,0,0,0
test_33_0_3.png,0,0,0,0,0,0,0,2,0,0,0,0,0,0,0
test_33_1_0.png,0,462,0,0,104,0,0,702,0,0,169,0,0,382,0
test_33_1_1.png,0,0,0,0,0,0,0,0,0,0,0,0,0,0,0
test_33_1_2.png,9525,505,1203,9528,394,1200,9476,486,1252,9675,448,1053,9551,395,1177
test_33_1_3.png,4978,897,2277,6122,881,1133,6370,887,885,6587,1023,668,6237,878,1018
test_33_2_0.png,0,287,0,0,0,0,0,0,0,0,0,0,0,0,0
test_33_2_1.png,1195,32,242,1187,26,250,1167,55,270,1184,43,253,1192,39,245
test_33_2_2.png,12027,1090,524,12025,890,526,11969,889,582,11986,939,565,12007,901,544
test_33_2_3.png,17456,1179,1019,17463,1134,1012,17496,1231,979,17449,1185,1026,17490,1109,985
test_33_3_0.png,3452,304,933,3429,409,956,3448,427,937,3349,578,1036,3435,400,950
test_33_3_1.png,9386,422,1433,9390,432,1429,9848,847,971,9658,771,1161,9506,528,1313
test_33_3_2.png,0,0,0,0,0,0,0,0,0,0,0,0,0,0,0
test_33_3_3.png,2988,83,722,3103,78,607,3144,213,566,3089,162,621,3104,119,606
test_34_0_0.png,15029,1416,1834,14904,1169,1959,14704,1143,2159,14329,1182,2534,14906,1168,1957
test_34_0_1.png,10853,683,1856,11876,743,833,11830,977,879,11038,1187,1671,11422,806,1287
test_34_0_2.png,752,27,483,934,50,301,789,35,446,512,18,723,794,24,441
test_34_0_3.png,0,0,0,0,0,0,0,0,0,0,0,0,0,0,0
test_34_1_0.png,5736,205,2022,5662,216,2096,5718,255,2040,5636,219,2122,5729,205,2029
test_34_1_1.png,10776,534,666,10707,582,735,11027,734,415,10831,921,611,10830,605,612
test_34_1_2.png,439,67,75,444,47,70,422,66,92,452,49,62,447,55,67
test_34_1_3.png,4839,195,195,4826,228,208,4850,246,184,4826,214,208,4839,225,195
test_34_2_0.png,5393,2109,656,5273,1771,776,5456,2443,593,5454,1155,595,5400,2063,649
test_34_2_1.png,15626,1015,2027,16285,1071,1368,15916,1152,1737,15995,1101,1658,15943,1044,1710
test_34_2_2.png,11853,782,743,11855,829,741,11765,903,831,11875,953,721,11864,836,732
test_34_2_3.png,7923,613,799,8293,608,429,8440,834,282,8458,963,264,8435,703,287
test_34_3_0.png,3508,163,116,3428,93,196,3441,103,183,3471,116,153,3468,109,156
test_34_3_1.png,7339,1301,350,7126,1144,563,7242,1057,447,7324,1203,365,7323,1157,366
test_34_3_2.png,10090,767,294,10092,911,292,10089,809,295,10051,583,333,10091,778,293
test_34_3_3.png,16960,959,725,16986,946,699,17039,1239,646,17091,1143,594,17045,959,640
test_35_0_0.png,0,0,0,0,0,0,0,0,0,0,0,0,0,0,0
test_35_0_1.png,0,0,0,0,0,0,0,0,0,0,0,0,0,0,0
test_35_0_2.png,0,0,0,0,0,0,0,0,0,0,0,0,0,0,0
test_35_0_3.png,10830,649,564,10879,1192,515,10844,614,550,10897,692,497,10877,619,517
test_35_1_0.png,0,0,0,0,0,0,0,0,0,0,0,0,0,0,0
test_35_1_1.png,0,0,0,0,0,0,0,0,0,0,0,0,0,0,0
test_35_1_2.png,4824,539,133,4831,509,126,4734,416,223,4791,475,166,4826,484,131
test_35_1_3.png,16417,1544,439,16357,1376,499,16451,1681,405,16468,1728,388,16416,1506,440
test_35_2_0.png,0,0,0,0,0,0,0,0,0,0,0,0,0,0,0
test_35_2_1.png,6797,365,450,6849,438,398,6811,396,436,6823,415,424,6828,389,419
test_35_2_2.png,16676,1194,867,16662,1255,881,16823,1274,720,16751,1425,792,16743,1243,800
test_35_2_3.png,10658,937,363,10653,883,368,10661,875,360,10684,900,337,10670,898,351
test_35_3_0.png,0,0,0,0,0,0,0,0,0,0,0,0,0,0,0
test_35_3_1.png,8559,665,480,8648,661,391,8543,671,496,8571,654,468,8600,649,439
test_35_3_2.png,14237,1217,657,14201,1129,693,14199,1101,695,14305,1271,589,14244,1165,650
test_35_3_3.png,8345,854,645,8355,869,635,8275,794,715,8328,932,662,8333,810,657
test_36_0_0.png,0,0,0,0,0,0,0,0,0,0,0,0,0,0,0
test_36_0_1.png,0,0,0,0,0,0,0,0,0,0,0,0,0,0,0
test_36_0_2.png,0,0,0,0,0,0,0,0,0,0,0,0,0,0,0
test_36_0_3.png,0,0,0,0,0,0,0,0,0,0,0,0,0,0,0
test_36_1_0.png,0,0,0,0,0,0,0,0,0,0,0,0,0,0,0
test_36_1_1.png,0,0,0,0,0,0,0,0,0,0,0,0,0,0,0
test_36_1_2.png,0,0,0,0,0,0,0,0,0,0,0,0,0,0,0
test_36_1_3.png,0,0,0,0,0,0,0,0,0,0,0,0,0,0,0
test_36_2_0.png,0,0,0,0,0,0,0,0,0,0,0,0,0,0,0
test_36_2_1.png,0,0,0,0,0,0,0,0,0,0,0,0,0,0,0
test_36_2_2.png,0,0,0,0,0,0,0,0,0,0,0,0,0,0,0
test_36_2_3.png,252,29,0,248,35,4,252,63,0,248,33,4,250,33,2
test_36_3_0.png,0,0,0,0,0,0,0,0,0,0,0,0,0,0,0
test_36_3_1.png,0,258,0,0,268,0,0,232,0,0,244,0,0,253,0
test_36_3_2.png,3489,310,258,3519,340,228,3478,345,269,3536,363,211,3507,332,240
test_36_3_3.png,12092,1186,474,12090,1117,476,12105,1168,461,12102,1254,464,12125,1137,441
test_37_0_0.png,15903,2374,751,15936,2680,718,15916,2673,738,15840,2992,814,15928,2509,726
test_37_0_1.png,5944,820,434,5934,794,444,5942,987,436,5894,891,484,5952,808,426
test_37_0_2.png,3955,789,979,3943,867,991,3877,848,1057,4030,886,904,3961,812,973
test_37_0_3.png,0,0,0,0,0,0,0,0,0,0,0,0,0,0,0
test_37_1_0.png,15626,2225,1029,15636,2453,1019,15551,2371,1104,15539,2262,1116,15618,2259,1037
test_37_1_1.png,11935,1849,1425,11752,1870,1608,11795,1590,1565,11917,1899,1443,11854,1766,1506
test_37_1_2.png,4516,568,876,4381,459,1011,4337,470,1055,4403,479,989,4412,470,980
test_37_1_3.png,0,0,0,0,0,0,0,0,0,0,0,0,0,0,0
test_37_2_0.png,4154,607,247,4152,654,249,4143,574,258,4177,691,224,4159,604,242
test_37_2_1.png,0,0,0,0,0,0,0,0,0,0,0,0,0,0,0
test_37_2_2.png,0,0,312,0,0,312,0,0,312,0,0,312,0,0,312
test_37_2_3.png,0,0,0,0,0,0,0,0,0,0,0,0,0,0,0
test_37_3_0.png,0,0,0,0,0,0,0,0,0,0,0,0,0,0,0
test_37_3_1.png,0,0,0,0,0,0,0,0,0,0,0,0,0,0,0
test_37_3_2.png,0,0,0,0,0,0,0,0,0,0,0,0,0,0,0
test_37_3_3.png,0,0,0,0,0,0,0,0,0,0,0,0,0,0,0
test_38_0_0.png,3981,228,286,3972,211,295,3992,198,275,4012,222,255,3995,201,272
test_38_0_1.png,8086,661,319,7981,756,424,8157,817,248,8029,765,376,8086,744,319
test_38_0_2.png,9058,614,567,9045,665,580,8981,649,644,9011,635,614,9038,623,587
test_38_0_3.png,15024,1244,779,14978,1213,825,15023,1300,780,15204,1578,599,15077,1300,726
test_38_1_0.png,13187,1093,615,13115,1236,687,13215,1097,587,13214,1606,588,13207,1167,595
test_38_1_1.png,10577,1033,812,10473,949,916,10448,999,941,10278,996,1111,10463,983,926
test_38_1_2.png,10391,878,449,10384,890,456,10482,1131,358,10441,1065,399,10448,927,392
test_38_1_3.png,6963,543,371,6993,632,341,6933,569,401,6994,629,340,6977,582,357
test_38_2_0.png,1017,102,28,1019,97,26,1016,100,29,1018,88,27,1018,96,27
test_38_2_1.png,2006,109,184,2011,141,179,2019,136,171,2048,132,142,2020,121,170
test_38_2_2.png,12182,1048,544,12231,996,495,12192,1100,534,12274,1130,452,12242,1025,484
test_38_2_3.png,14781,1080,537,14761,1051,557,14823,1264,495,14870,1287,448,14817,1109,501
test_38_3_0.png,0,29,0,0,23,0,0,31,0,0,27,0,0,27,0
test_38_3_1.png,0,0,0,0,0,0,0,0,0,0,0,0,0,0,0
test_38_3_2.png,9308,903,680,9300,875,688,9336,882,652,9376,935,612,9335,888,653
test_38_3_3.png,14653,1197,627,14603,1201,677,14578,1390,702,14661,1466,619,14640,1265,640
test_39_0_0.png,0,0,0,0,0,0,0,0,0,0,0,0,0,0,0
test_39_0_1.png,0,0,0,0,0,0,0,0,0,0,0,0,0,0,0
test_39_0_2.png,0,0,0,0,0,0,0,0,0,0,0,0,0,0,0
test_39_0_3.png,0,0,308,0,0,308,0,0,308,0,0,308,0,0,308
test_39_1_0.png,0,0,0,0,0,0,0,0,0,0,0,0,0,0,0
test_39_1_1.png,0,0,0,0,0,0,0,0,0,0,0,0,0,0,0
test_39_1_2.png,0,0,0,0,65,0,0,0,0,0,0,0,0,0,0
test_39_1_3.png,0,0,0,0,0,0,0,0,0,0,0,0,0,0,0
test_39_2_0.png,0,0,0,0,0,0,0,0,0,0,0,0,0,0,0
test_39_2_1.png,4119,304,161,4099,421,181,4123,282,157,4093,278,187,4127,297,153
test_39_2_2.png,1210,30,187,1288,60,109,1228,34,169,1186,28,211,1226,27,171
test_39_2_3.png,0,0,0,0,0,0,0,0,0,0,0,0,0,0,0
test_39_3_0.png,12441,1271,1130,12437,1355,1134,12541,1453,1030,12424,1461,1147,12505,1342,1066
test_39_3_1.png,18508,1765,1383,18410,3564,1481,18448,3378,1443,18455,3812,1436,18470,3481,1421
test_39_3_2.png,11823,800,1144,11788,904,1179,11681,922,1286,11597,760,1370,11756,838,1211
test_39_3_3.png,0,0,0,0,0,0,0,0,0,0,0,0,0,0,0
test_3_0_0.png,0,0,382,33,0,349,230,0,152,0,0,382,7,0,375
test_3_0_1.png,0,0,0,0,0,0,0,0,0,0,0,0,0,0,0
test_3_0_2.png,0,0,0,0,0,0,0,0,0,0,0,0,0,0,0
test_3_0_3.png,0,0,0,0,0,0,0,0,0,0,0,0,0,0,0
test_3_1_0.png,0,0,460,0,0,460,0,0,460,0,0,460,0,0,460
test_3_1_1.png,0,0,0,0,0,0,0,0,0,0,0,0,0,0,0
test_3_1_2.png,0,0,0,0,0,0,0,0,0,0,0,0,0,0,0
test_3_1_3.png,0,0,0,0,0,0,0,0,0,0,0,0,0,0,0
test_3_2_0.png,0,191,0,0,186,0,0,193,0,0,195,0,0,192,0
test_3_2_1.png,0,0,0,0,0,0,0,0,0,0,0,0,0,0,0
test_3_2_2.png,0,0,0,0,0,0,0,0,0,0,0,0,0,0,0
test_3_2_3.png,417,53,31,412,52,36,418,58,30,419,50,29,420,53,28
test_3_3_0.png,610,18,31,608,24,33,610,16,31,601,15,40,606,16,35
test_3_3_1.png,1604,69,129,1599,81,134,1605,90,128,1603,72,130,1604,75,129
test_3_3_2.png,1959,90,81,1965,80,75,1989,93,51,1974,97,66,1978,87,62
test_3_3_3.png,1557,269,35,1557,268,35,1424,185,168,1515,241,77,1542,248,50
test_40_0_0.png,0,343,130,29,341,101,0,345,130,0,335,130,0,339,130
test_40_0_1.png,13668,765,754,13741,822,681,13796,928,626,13720,910,702,13754,828,668
test_40_0_2.png,9350,595,434,9343,550,441,9322,568,462,9243,531,541,9324,541,460
test_40_0_3.png,0,0,64,0,0,64,0,0,64,0,0,64,0,0,64
test_40_1_0.png,0,185,569,509,199,60,0,187,569,443,179,126,25,180,544
test_40_1_1.png,0,0,0,0,0,0,0,0,0,0,0,0,0,0,0
test_40_1_2.png,0,0,0,0,0,0,0,0,0,0,0,0,0,0,0
test_40_1_3.png,0,0,0,0,0,0,0,0,0,0,0,0,0,0,0
test_40_2_0.png,0,0,0,0,0,0,0,0,0,0,0,0,0,0,0
test_40_2_1.png,0,0,0,0,0,0,0,0,0,0,0,0,0,0,0
test_40_2_2.png,0,0,0,0,0,0,0,0,0,0,0,0,0,0,0
test_40_2_3.png,0,0,0,0,0,0,0,0,0,0,0,0,0,0,0
test_40_3_0.png,0,0,0,0,0,0,0,0,0,0,0,0,0,0,0
test_40_3_1.png,0,0,0,0,0,0,0,0,0,0,0,0,0,0,0
test_40_3_2.png,0,0,0,0,0,0,0,0,0,0,0,0,0,0,0
test_40_3_3.png,0,0,0,0,0,0,0,0,0,0,0,0,0,0,0
test_41_0_0.png,0,0,0,0,0,0,0,0,0,0,0,0,0,0,0
test_41_0_1.png,0,0,0,0,0,0,0,0,0,0,0,0,0,0,0
test_41_0_2.png,6222,170,485,6218,142,489,6247,156,460,6380,264,327,6277,156,430
test_41_0_3.png,5603,369,297,5643,421,257,5652,422,248,5682,398,218,5650,364,250
test_41_1_0.png,0,0,0,0,0,0,0,0,0,0,0,0,0,0,0
test_41_1_1.png,0,0,0,0,0,0,0,0,0,0,0,0,0,0,0
test_41_1_2.png,1725,202,78,1732,250,71,1740,243,63,1734,268,69,1735,234,68
test_41_1_3.png,13377,874,520,13361,880,536,13435,1069,462,13410,910,487,13414,899,483
test_41_2_0.png,0,0,0,0,0,0,0,0,0,0,0,0,0,0,0
test_41_2_1.png,3108,149,471,3130,184,449,3165,190,414,3163,177,416,3151,177,428
test_41_2_2.png,16593,1003,971,16688,1112,876,16644,1192,920,16630,1135,934,16660,1089,904
test_41_2_3.png,19937,1338,1111,19911,1175,1137,20050,1273,998,20003,1288,1045,19992,1236,1056
test_41_3_0.png,7566,477,519,7554,461,531,7555,455,530,7560,486,525,7568,446,517
test_41_3_1.png,15211,1523,605,15181,1347,635,15184,1406,632,15232,1511,584,15227,1395,589
test_41_3_2.png,20790,1404,687,20768,1272,709,20758,1362,719,20771,1374,706,20801,1285,676
test_41_3_3.png,19998,1089,917,20006,1010,909,20028,1133,887,19950,1095,965,20010,1027,905
test_42_0_0.png,563,46,416,581,44,398,584,39,395,553,42,426,571,42,408
test_42_0_1.png,0,0,0,0,13,0,0,0,0,0,0,0,0,0,0
test_42_0_2.png,0,0,0,0,0,0,0,2,0,0,0,0,0,0,0
test_42_0_3.png,0,0,0,0,256,0,0,0,0,0,28,0,0,0,0
test_42_1_0.png,2677,183,124,2685,204,116,2666,177,135,2683,184,118,2682,187,119
test_42_1_1.png,1427,127,40,1423,124,44,1426,127,41,1442,131,25,1431,117,36
test_42_1_2.png,0,63,0,0,66,0,0,0,0,0,0,0,0,4,0
test_42_1_3.png,6653,538,325,6674,589,304,6672,641,306,6699,651,279,6677,576,301
test_42_2_0.png,7646,866,359,7685,862,320,7646,860,359,7653,914,352,7666,865,339
test_42_2_1.png,4152,244,278,4125,235,305,4142,211,288,4140,198,290,4138,212,292
test_42_2_2.png,10737,1111,341,10731,1075,347,10679,1005,399,10658,984,420,10722,1000,356
test_42_2_3.png,15758,1583,605,15677,1537,686,15662,1576,701,15669,1516,694,15714,1519,649
test_42_3_0.png,0,0,0,0,0,0,0,0,0,0,0,0,0,0,0
test_42_3_1.png,0,0,0,0,0,0,0,0,0,0,0,0,0,0,0
test_42_3_2.png,623,23,72,622,15,73,631,24,64,635,27,60,629,23,66
test_42_3_3.png,1602,73,186,1620,54,168,1633,77,155,1610,61,178,1620,69,168
test_43_0_0.png,2237,159,118,2188,110,167,2206,120,149,2197,122,158,2211,124,144
test_43_0_1.png,2127,150,280,2057,129,350,2075,106,332,2099,112,308,2098,124,309
test_43_0_2.png,1823,101,270,1878,91,215,1821,103,272,1789,77,304,1832,94,261
test_43_0_3.png,2226,233,170,2260,245,136,2193,190,203,2193,177,203,2228,194,168
test_43_1_0.png,0,0,0,0,0,0,0,0,0,0,0,0,0,0,0
test_43_1_1.png,0,0,0,0,0,0,0,0,0,0,0,0,0,0,0
test_43_1_2.png,0,0,0,0,0,0,0,0,0,0,0,0,0,0,0
test_43_1_3.png,1851,97,22,1855,83,18,1857,81,16,1849,76,24,1855,80,18
test_43_2_0.png,0,0,0,0,0,0,0,0,0,0,0,0,0,0,0
test_43_2_1.png,0,0,0,0,0,0,0,0,0,0,0,0,0,0,0
test_43_2_2.png,0,0,0,0,0,0,0,0,0,0,0,0,0,0,0
test_43_2_3.png,576,75,11,557,68,30,547,60,40,572,96,15,572,76,15
test_43_3_0.png,0,0,0,0,0,0,0,0,0,0,0,0,0,0,0
test_43_3_1.png,4970,732,308,4920,697,358,5025,836,253,4954,796,324,4973,759,305
test_43_3_2.png,9747,1188,472,9673,1120,546,9728,1219,491,9739,1281,480,9736,1164,483
test_43_3_3.png,5835,722,382,5810,717,407,5930,758,287,5576,695,641,5835,707,382
test_44_0_0.png,0,0,0,0,0,0,0,0,0,0,0,0,0,0,0
test_44_0_1.png,0,0,0,0,0,0,0,0,0,0,0,0,0,0,0
test_44_0_2.png,0,0,0,0,0,0,0,0,0,0,0,0,0,0,0
test_44_0_3.png,562,24,30,573,35,19,569,31,23,575,30,17,573,30,19
test_44_1_0.png,0,0,0,0,0,0,0,0,0,0,0,0,0,0,0
test_44_1_1.png,0,0,0,0,0,0,0,0,0,0,0,0,0,0,0
test_44_1_2.png,0,0,0,0,0,0,0,0,0,0,0,0,0,0,0
test_44_1_3.png,1980,102,102,1981,104,101,1983,114,99,1988,100,94,1987,98,95
test_44_2_0.png,0,0,0,0,0,0,0,0,0,0,0,0,0,0,0
test_44_2_1.png,0,0,0,0,0,0,0,0,0,0,0,0,0,0,0
test_44_2_2.png,2429,254,232,2443,341,218,2485,347,176,2470,325,191,2469,312,192
test_44_2_3.png,14970,1265,805,14912,1255,863,14934,1191,841,14990,1235,785,14955,1210,820
test_44_3_0.png,0,0,0,0,0,0,0,0,0,0,0,0,0,0,0
test_44_3_1.png,0,0,0,0,0,0,0,0,0,0,0,0,0,0,0
test_44_3_2.png,0,0,0,0,0,0,0,0,0,0,0,0,0,0,0
test_44_3_3.png,9127,722,448,9134,702,441,9098,695,477,9122,741,453,9126,694,449
test_45_0_0.png,15399,1260,922,15505,1538,816,15488,1656,833,15311,1503,1010,15467,1468,854
test_45_0_1.png,18428,2282,978,18429,2234,977,18521,2319,885,18275,2321,1131,18463,2225,943
test_45_0_2.png,16790,1769,994,16805,1837,979,16838,1821,946,16812,1834,972,16836,1790,948
test_45_0_3.png,19166,2247,1413,19106,2085,1473,19217,2312,1362,19259,2411,1320,19205,2210,1374
test_45_1_0.png,17405,1515,1159,17439,1617,1125,17415,1573,1149,17505,1640,1059,17478,1539,1086
test_45_1_1.png,19131,1661,1289,19120,1648,1300,19112,1579,1308,19106,1710,1314,19132,1602,1288
test_45_1_2.png,20112,2197,843,20119,2256,836,20163,2422,792,20148,2380,807,20136,2233,819
test_45_1_3.png,17152,1900,986,17139,1829,999,17186,1953,952,17209,2008,929,17187,1885,951
test_45_2_0.png,5744,636,320,5670,755,394,5661,755,403,5710,676,354,5705,650,359
test_45_2_1.png,9602,641,815,9595,658,822,9525,568,892,9603,628,814,9620,591,797
test_45_2_2.png,18303,1762,953,18157,1678,1099,18297,1821,959,18253,1846,1003,18256,1739,1000
test_45_2_3.png,19606,1665,1063,19580,1708,1089,19577,1819,1092,19650,1933,1019,19633,1722,1036
test_45_3_0.png,7997,759,487,7942,689,542,7904,614,580,7960,728,524,7962,683,522
test_45_3_1.png,10565,981,593,10495,964,663,10499,972,659,10494,986,664,10520,944,638
test_45_3_2.png,13542,1209,1019,13534,1172,1027,13580,1184,981,13487,1080,1074,13564,1130,997
test_45_3_3.png,19287,1676,1460,19480,1760,1267,19252,1797,1495,19283,1893,1464,19362,1739,1385
test_46_0_0.png,18805,1667,778,18865,1901,718,18839,1769,744,18800,1698,783,18841,1734,742
test_46_0_1.png,19477,2101,1218,19437,2173,1258,19469,2178,1226,19362,1906,1333,19461,2022,1234
test_46_0_2.png,8696,684,366,8706,790,356,8702,795,360,8693,786,369,8711,742,351
test_46_0_3.png,0,0,0,0,0,0,0,0,0,0,0,0,0,0,0
test_46_1_0.png,20434,1352,906,20475,1535,865,20465,1453,875,20536,1544,804,20496,1439,844
test_46_1_1.png,18141,1677,1018,18208,1714,951,18175,1674,984,18071,1799,1088,18196,1660,963
test_46_1_2.png,9440,772,508,9360,732,588,9391,736,557,9354,748,594,9406,721,542
test_46_1_3.png,0,0,0,0,0,0,0,0,0,0,0,0,0,0,0
test_46_2_0.png,6024,490,448,5964,476,508,5977,484,495,6020,507,452,5991,481,481
test_46_2_1.png,7508,666,398,7482,606,424,7480,612,426,7474,738,432,7495,646,411
test_46_2_2.png,1311,230,112,1291,246,132,1296,290,127,1284,268,139,1299,255,124
test_46_2_3.png,0,0,0,0,0,0,0,0,0,0,0,0,0,0,0
test_46_3_0.png,3310,157,148,3323,184,135,3335,212,123,3321,208,137,3327,184,131
test_46_3_1.png,818,67,143,822,79,139,821,76,140,887,61,74,821,69,140
test_46_3_2.png,0,0,0,0,0,0,0,0,0,0,0,0,0,0,0
test_46_3_3.png,0,0,0,0,0,0,0,0,0,0,0,0,0,0,0
test_47_0_0.png,0,0,0,0,0,0,0,0,0,0,0,0,0,0,0
test_47_0_1.png,5172,304,246,5180,295,238,5214,319,204,5204,345,214,5195,314,223
test_47_0_2.png,0,0,0,0,0,0,0,0,0,0,0,0,0,0,0
test_47_0_3.png,5407,535,138,5410,518,135,5448,615,97,5425,596,120,5426,553,119
test_47_1_0.png,0,0,0,0,0,0,0,0,0,0,0,0,0,0,0
test_47_1_1.png,4861,376,270,4863,331,268,4832,319,299,4844,343,287,4853,337,278
test_47_1_2.png,14934,1121,690,14909,1095,715,14992,1344,632,14974,1287,650,14969,1189,655
test_47_1_3.png,15779,1715,428,15800,1709,407,15840,1787,367,15877,1869,330,15839,1726,368
test_47_2_0.png,448,22,64,451,25,61,464,24,48,472,26,40,466,24,46
test_47_2_1.png,0,0,0,0,0,0,0,0,0,0,0,0,0,0,0
test_47_2_2.png,7993,704,897,7940,635,950,7930,653,960,7896,623,994,7934,646,956
test_47_2_3.png,14638,1283,669,14540,1273,767,14613,1244,694,14540,1330,767,14597,1224,710
test_47_3_0.png,0,0,0,0,0,0,0,0,0,0,0,0,0,0,0
test_47_3_1.png,0,0,0,0,0,0,0,0,0,0,0,0,0,0,0
test_47_3_2.png,315,45,41,301,37,55,298,36,58,295,35,61,301,39,55
test_47_3_3.png,4168,337,1142,4524,317,786,4942,421,368,4252,390,1058,4768,337,542
test_48_0_0.png,0,0,0,0,0,0,0,0,0,0,0,0,0,0,0
test_48_0_1.png,1958,87,395,2209,61,144,1835,48,518,1806,51,547,1880,43,473
test_48_0_2.png,466,11,120,503,21,83,80,0,506,91,19,495,293,9,293
test_48_0_3.png,4277,655,273,4316,698,234,4260,633,290,4326,772,224,4304,667,246
test_48_1_0.png,0,0,0,0,0,0,0,0,0,0,0,0,0,0,0
test_48_1_1.png,0,0,0,0,0,0,0,0,0,0,0,0,0,0,0
test_48_1_2.png,0,0,0,0,0,0,0,0,0,0,0,0,0,0,0
test_48_1_3.png,0,0,0,0,0,0,0,0,0,0,0,0,0,0,0
test_48_2_0.png,0,0,0,0,0,0,0,0,0,0,0,0,0,0,0
test_48_2_1.png,0,0,0,0,0,0,0,0,0,0,0,0,0,0,0
test_48_2_2.png,0,0,0,0,0,0,0,0,0,0,0,0,0,0,0
test_48_2_3.png,0,0,0,0,0,0,0,0,0,0,0,0,0,0,0
test_48_3_0.png,0,0,0,0,0,0,0,0,0,0,0,0,0,0,0
test_48_3_1.png,0,0,0,0,0,0,0,0,0,0,0,0,0,0,0
test_48_3_2.png,0,0,0,0,0,0,0,0,0,0,0,0,0,0,0
test_48_3_3.png,882,63,11,883,72,10,884,77,9,882,68,11,885,69,8
test_49_0_0.png,0,0,0,0,0,0,0,0,0,0,0,0,0,0,0
test_49_0_1.png,6717,741,423,6682,646,458,6679,734,461,6750,696,390,6708,712,432
test_49_0_2.png,11477,866,866,11271,662,1072,11408,707,935,11314,684,1029,11383,716,960
test_49_0_3.png,12751,984,1218,12639,879,1330,12548,883,1421,12577,904,1392,12654,871,1315
test_49_1_0.png,195,0,56,196,0,55,200,0,51,202,0,49,197,0,54
test_49_1_1.png,9312,535,454,9335,575,431,9348,609,418,9397,650,369,9342,589,424
test_49_1_2.png,14458,976,762,14327,878,893,14360,889,860,14375,915,845,14395,906,825
test_49_1_3.png,11968,1308,565,11902,1139,631,11987,1201,546,11976,1172,557,11971,1184,562
test_49_2_0.png,1649,20,122,1646,16,125,1645,18,126,1678,18,93,1653,17,118
test_49_2_1.png,6160,374,260,6163,387,257,6133,396,287,6151,494,269,6155,372,265
test_49_2_2.png,7952,497,457,7915,505,494,7943,508,466,7917,459,492,7946,479,463
test_49_2_3.png,8145,435,273,8133,466,285,8165,501,253,8189,510,229,8162,468,256
test_49_3_0.png,0,0,0,0,0,0,0,0,0,0,0,0,0,0,0
test_49_3_1.png,0,0,0,0,0,0,0,0,0,0,0,0,0,0,0
test_49_3_2.png,10998,304,961,11046,321,913,10973,294,986,11126,342,833,11043,309,916
test_49_3_3.png,17446,1401,921,17430,1488,937,17474,1682,893,17493,1645,874,17457,1542,910
test_4_0_0.png,326,40,16,324,37,18,328,17,14,326,31,16,325,29,17
test_4_0_1.png,207,32,263,208,41,262,209,750,261,209,889,261,209,119,261
test_4_0_2.png,371,46,46,361,48,56,360,39,57,382,47,35,365,45,52
test_4_0_3.png,0,0,0,0,0,0,0,0,0,0,0,0,0,0,0
test_4_1_0.png,0,0,0,0,0,0,0,0,0,0,0,0,0,0,0
test_4_1_1.png,0,0,0,0,0,0,0,0,0,0,0,0,0,0,0
test_4_1_2.png,0,0,0,0,0,0,0,0,0,0,0,0,0,0,0
test_4_1_3.png,0,0,0,0,0,0,0,0,0,0,0,0,0,0,0
test_4_2_0.png,0,0,0,0,0,0,0,0,0,0,0,0,0,0,0
test_4_2_1.png,0,0,0,0,0,0,0,0,0,0,0,0,0,0,0
test_4_2_2.png,0,0,0,0,0,0,0,0,0,0,0,0,0,0,0
test_4_2_3.png,0,0,0,0,0,0,0,0,0,0,0,0,0,0,0
test_4_3_0.png,0,0,0,0,0,0,0,0,0,0,0,0,0,0,0
test_4_3_1.png,1432,49,162,1438,47,156,1426,51,168,1434,70,160,1438,51,156
test_4_3_2.png,3415,276,236,3440,257,211,3406,254,245,3412,240,239,3417,259,234
test_4_3_3.png,5257,286,466,5259,263,464,5126,227,597,5139,248,584,5202,254,521
test_50_0_0.png,0,0,0,0,0,0,0,0,0,0,0,0,0,0,0
test_50_0_1.png,0,0,0,0,0,0,0,0,0,0,0,0,0,0,0
test_50_0_2.png,0,0,0,0,0,0,0,0,0,0,0,0,0,0,0
test_50_0_3.png,0,0,0,0,0,0,0,0,0,0,0,0,0,0,0
test_50_1_0.png,0,0,0,0,0,0,0,0,0,0,0,0,0,0,0
test_50_1_1.png,0,0,0,0,0,0,0,0,0,0,0,0,0,0,0
test_50_1_2.png,0,0,0,0,0,0,0,0,0,0,0,0,0,0,0
test_50_1_3.png,109,26,57,151,26,15,124,21,42,153,28,13,142,22,24
test_50_2_0.png,4209,530,264,4316,620,157,4377,706,96,4322,607,151,4347,592,126
test_50_2_1.png,1061,133,109,1057,131,113,1065,138,105,1058,134,112,1060,136,110
test_50_2_2.png,1057,62,42,1058,62,41,1058,49,41,1071,67,28,1062,59,37
test_50_2_3.png,3879,750,407,3813,739,473,3804,737,482,3804,718,482,3820,721,466
test_50_3_0.png,13901,793,804,13883,806,822,13938,854,767,13965,897,740,13929,798,776
test_50_3_1.png,17529,1659,1161,17408,1589,1282,17479,1630,1211,17465,1619,1225,17468,1605,1222
test_50_3_2.png,14361,1205,932,14411,1264,882,14452,1221,841,14497,1345,796,14427,1225,866
test_50_3_3.png,3747,299,104,3734,320,117,3707,299,144,3692,333,159,3725,307,126
test_51_0_0.png,6513,1464,379,6488,1572,404,6522,1526,370,6480,1426,412,6518,1488,374
test_51_0_1.png,0,0,0,0,0,0,0,0,0,0,0,0,0,0,0
test_51_0_2.png,0,0,0,0,0,0,0,0,0,0,0,0,0,0,0
test_51_0_3.png,0,0,0,0,0,0,0,0,0,0,0,0,0,0,0
test_51_1_0.png,0,0,47,0,0,47,0,0,47,0,0,47,0,0,47
test_51_1_1.png,0,0,0,0,0,0,0,0,0,0,0,0,0,0,0
test_51_1_2.png,0,0,0,0,0,0,0,0,0,0,0,0,0,0,0
test_51_1_3.png,0,0,0,0,0,0,0,0,0,0,0,0,0,0,0
test_51_2_0.png,0,0,0,0,0,0,0,0,0,0,0,0,0,0,0
test_51_2_1.png,0,0,0,0,0,0,0,0,0,0,0,0,0,0,0
test_51_2_2.png,0,0,0,0,0,0,0,0,0,0,0,0,0,0,0
test_51_2_3.png,0,0,0,0,0,0,0,0,0,0,0,0,0,0,0
test_51_3_0.png,0,0,0,0,0,0,0,0,0,0,0,0,0,0,0
test_51_3_1.png,0,0,0,0,0,0,0,0,0,0,0,0,0,0,0
test_51_3_2.png,0,0,0,0,0,0,0,0,0,0,0,0,0,0,0
test_51_3_3.png,0,0,0,0,0,0,0,0,0,0,0,0,0,0,0
test_52_0_0.png,0,0,0,0,0,0,0,0,0,0,0,0,0,0,0
test_52_0_1.png,0,0,0,0,0,0,0,0,0,0,0,0,0,0,0
test_52_0_2.png,0,0,0,0,0,0,0,0,0,0,0,0,0,0,0
test_52_0_3.png,0,0,0,0,0,0,0,0,0,0,0,0,0,0,0
test_52_1_0.png,0,0,0,0,0,0,0,0,0,0,0,0,0,0,0
test_52_1_1.png,0,0,0,0,0,0,0,0,0,0,0,0,0,0,0
test_52_1_2.png,0,0,0,0,0,0,0,0,0,0,0,0,0,0,0
test_52_1_3.png,0,0,0,0,0,0,0,0,0,0,0,0,0,0,0
test_52_2_0.png,9162,673,1151,9042,636,1271,9076,658,1237,9214,743,1099,9131,662,1182
test_52_2_1.png,2337,59,224,2304,52,257,2289,46,272,2321,45,240,2313,45,248
test_52_2_2.png,0,0,0,0,0,0,0,0,0,0,0,0,0,0,0
test_52_2_3.png,0,0,0,0,0,0,0,0,0,0,0,0,0,0,0
test_52_3_0.png,19838,1005,1299,19747,911,1390,19843,948,1294,19909,1060,1228,19845,957,1292
test_52_3_1.png,7611,236,509,7677,242,443,7612,235,508,7452,221,668,7627,214,493
test_52_3_2.png,8,0,74,19,0,63,0,0,82,0,0,82,0,0,82
test_52_3_3.png,0,0,0,0,0,0,0,0,0,0,0,0,0,0,0
test_53_0_0.png,0,0,0,0,0,0,0,0,0,0,0,0,0,0,0
test_53_0_1.png,0,0,0,0,0,0,0,0,0,0,0,0,0,0,0
test_53_0_2.png,0,0,0,0,0,0,0,0,0,0,0,0,0,0,0
test_53_0_3.png,0,0,46,0,0,46,0,0,46,0,0,46,0,0,46
test_53_1_0.png,0,0,0,0,0,0,0,0,0,0,0,0,0,0,0
test_53_1_1.png,0,0,0,0,0,0,0,0,0,0,0,0,0,0,0
test_53_1_2.png,0,0,0,0,0,0,0,0,0,0,0,0,0,0,0
test_53_1_3.png,0,0,142,0,0,142,0,0,142,0,0,142,0,0,142
test_53_2_0.png,0,0,0,0,0,0,0,0,0,0,0,0,0,0,0
test_53_2_1.png,1638,70,59,1627,86,70,1589,53,108,1587,95,110,1614,74,83
test_53_2_2.png,0,0,0,0,0,0,0,0,0,0,0,0,0,0,0
test_53_2_3.png,0,0,0,0,0,0,0,0,0,0,0,0,0,0,0
test_53_3_0.png,946,4,94,939,4,101,947,2,93,943,5,97,946,4,94
test_53_3_1.png,4084,145,278,4071,178,291,4080,194,282,4080,186,282,4081,171,281
test_53_3_2.png,4059,117,321,4034,117,346,4029,109,351,4061,124,319,4053,112,327
test_53_3_3.png,0,0,0,0,0,0,0,0,0,0,0,0,0,0,0
test_54_0_0.png,6147,313,177,6092,244,232,6168,240,156,6113,249,211,6128,245,196
test_54_0_1.png,6759,268,657,6723,205,693,6762,249,654,6718,217,698,6750,233,666
test_54_0_2.png,1055,67,270,1057,4,268,1026,6,299,1028,11,297,1037,5,288
test_54_0_3.png,0,0,0,0,0,0,0,0,0,0,0,0,0,0,0
test_54_1_0.png,3567,304,159,3569,311,157,3610,282,116,3584,277,142,3587,283,139
test_54_1_1.png,6542,144,627,6389,152,780,6371,145,798,6457,143,712,6432,131,737
test_54_1_2.png,0,0,0,0,0,0,0,0,0,0,0,0,0,0,0
test_54_1_3.png,0,0,0,0,0,0,0,0,0,0,0,0,0,0,0
test_54_2_0.png,2267,520,58,2248,511,77,2231,354,94,2244,351,81,2250,454,75
test_54_2_1.png,0,0,0,0,0,0,0,0,0,0,0,0,0,0,0
test_54_2_2.png,0,0,0,0,0,0,0,0,0,0,0,0,0,0,0
test_54_2_3.png,0,0,0,0,0,0,0,0,0,0,0,0,0,0,0
test_54_3_0.png,2737,342,88,2460,292,365,2329,143,496,2328,157,497,2337,186,488
test_54_3_1.png,0,0,0,0,0,0,0,0,0,0,0,0,0,0,0
test_54_3_2.png,0,0,0,0,0,0,0,0,0,0,0,0,0,0,0
test_54_3_3.png,0,0,0,0,0,0,0,0,0,0,0,0,0,0,0
test_55_0_0.png,0,0,0,0,0,0,0,0,0,0,0,0,0,0,0
test_55_0_1.png,0,0,0,0,0,0,0,0,0,0,0,0,0,0,0
test_55_0_2.png,0,0,0,0,0,0,0,0,0,0,0,0,0,0,0
test_55_0_3.png,0,0,0,0,0,0,0,0,0,0,0,0,0,0,0
test_55_1_0.png,8402,522,243,8370,415,275,8354,392,291,8375,419,270,8377,416,268
test_55_1_1.png,3331,210,163,3318,193,176,3325,204,169,3354,199,140,3331,192,163
test_55_1_2.png,0,0,0,0,0,0,0,0,0,0,0,0,0,0,0
test_55_1_3.png,0,0,0,0,0,0,0,0,0,0,0,0,0,0,0
test_55_2_0.png,20035,1676,799,19918,1608,916,19933,1698,901,20003,1815,831,19987,1681,847
test_55_2_1.png,13087,1119,900,13187,1064,800,13141,1119,846,12726,1139,1261,13180,1065,807
test_55_2_2.png,3211,177,217,3209,193,219,3200,166,228,3204,198,224,3213,184,215
test_55_2_3.png,0,0,0,0,0,0,0,0,0,0,0,0,0,0,0
test_55_3_0.png,11533,828,855,11545,736,843,11618,891,770,11668,1001,720,11608,806,780
test_55_3_1.png,20033,1791,989,19945,1775,1077,19848,1632,1174,19997,1861,1025,19981,1729,1041
test_55_3_2.png,16512,1562,927,16453,1609,986,16533,1719,906,16517,1728,922,16525,1602,914
test_55_3_3.png,13349,682,1030,13317,652,1062,13362,739,1017,13382,702,997,13362,651,1017
test_56_0_0.png,0,0,0,0,0,0,0,0,0,0,0,0,0,0,0
test_56_0_1.png,0,0,0,0,0,0,0,0,0,0,0,0,0,0,0
test_56_0_2.png,0,0,0,0,0,0,0,0,0,0,0,0,0,0,0
test_56_0_3.png,956,186,44,947,200,53,960,167,40,956,143,44,960,171,40
test_56_1_0.png,0,0,0,0,0,0,0,0,0,0,0,0,0,0,0
test_56_1_1.png,0,0,0,0,0,0,0,0,0,0,0,0,0,0,0
test_56_1_2.png,0,0,0,0,0,0,0,0,0,0,0,0,0,0,0
test_56_1_3.png,0,0,0,0,0,0,0,0,0,0,0,0,0,0,0
test_56_2_0.png,0,0,0,0,0,0,0,0,0,0,0,0,0,0,0
test_56_2_1.png,1350,0,96,1318,0,128,1327,0,119,1346,1,100,1330,0,116
test_56_2_2.png,3600,121,341,3604,137,337,3605,122,336,3603,147,338,3600,131,341
test_56_2_3.png,0,0,0,0,0,0,0,0,0,0,0,0,0,0,0
test_56_3_0.png,0,0,0,0,0,0,0,0,0,0,0,0,0,0,0
test_56_3_1.png,1314,1977,176,1276,972,214,1153,109,337,1185,768,305,1232,860,258
test_56_3_2.png,0,0,8,0,0,8,0,0,8,0,0,8,0,0,8
test_56_3_3.png,0,0,0,0,0,0,0,0,0,0,0,0,0,0,0
test_57_0_0.png,606,10,207,452,20,361,364,2,449,513,8,300,474,7,339
test_57_0_1.png,7531,821,764,7495,731,800,7528,750,767,7669,858,626,7564,787,731
test_57_0_2.png,8163,800,560,8206,870,517,8352,888,371,8239,853,484,8225,837,498
test_57_0_3.png,0,0,0,0,0,0,0,0,0,0,0,0,0,0,0
test_57_1_0.png,0,0,0,0,0,0,0,0,0,0,0,0,0,0,0
test_57_1_1.png,0,0,0,0,0,0,0,0,0,0,0,0,0,0,0
test_57_1_2.png,0,0,0,0,0,0,0,0,0,0,0,0,0,0,0
test_57_1_3.png,0,0,0,0,0,0,0,0,0,0,0,0,0,0,0
test_57_2_0.png,0,0,119,0,0,119,0,0,119,0,0,119,0,0,119
test_57_2_1.png,0,0,0,0,0,0,0,0,0,0,0,0,0,0,0
test_57_2_2.png,0,0,0,0,0,0,0,0,0,0,0,0,0,0,0
test_57_2_3.png,0,0,0,0,0,0,0,0,0,0,0,0,0,0,0
test_57_3_0.png,0,0,976,0,0,976,0,0,976,250,47,726,0,0,976
test_57_3_1.png,228,155,8,206,98,30,228,149,8,162,57,74,224,125,12
test_57_3_2.png,0,0,0,0,0,0,0,0,0,0,0,0,0,0,0
test_57_3_3.png,0,0,0,0,0,0,0,0,0,0,0,0,0,0,0
test_58_0_0.png,512,820,27,504,807,35,519,825,20,522,840,17,515,824,24
test_58_0_1.png,0,0,0,0,0,0,0,0,0,0,0,0,0,0,0
test_58_0_2.png,0,0,0,0,0,0,0,0,0,0,0,0,0,0,0
test_58_0_3.png,0,0,0,0,0,0,0,0,0,0,0,0,0,0,0
test_58_1_0.png,0,0,0,0,0,0,0,0,0,0,0,0,0,0,0
test_58_1_1.png,0,0,0,0,0,0,0,0,0,0,0,0,0,0,0
test_58_1_2.png,0,0,0,0,0,0,0,0,0,0,0,0,0,0,0
test_58_1_3.png,0,0,0,0,0,0,0,0,0,0,0,0,0,0,0
test_58_2_0.png,0,0,0,0,0,0,0,0,0,0,0,0,0,0,0
test_58_2_1.png,0,0,0,0,0,0,0,0,0,0,0,0,0,0,0
test_58_2_2.png,0,0,0,0,0,0,0,0,0,0,0,0,0,0,0
test_58_2_3.png,0,0,0,0,0,0,0,0,0,0,0,0,0,0,0
test_58_3_0.png,0,0,0,0,0,0,0,0,0,0,0,0,0,0,0
test_58_3_1.png,0,0,0,0,0,0,0,0,0,0,0,0,0,0,0
test_58_3_2.png,0,0,0,0,0,0,0,0,0,0,0,0,0,0,0
test_58_3_3.png,0,0,0,0,0,0,0,0,0,0,0,0,0,0,0
test_59_0_0.png,0,0,0,0,0,0,0,0,0,0,0,0,0,0,0
test_59_0_1.png,0,0,0,0,0,0,0,0,0,0,0,0,0,0,0
test_59_0_2.png,0,0,0,0,0,0,0,0,0,0,0,0,0,0,0
test_59_0_3.png,0,0,0,0,0,0,0,0,0,0,0,0,0,0,0
test_59_1_0.png,0,0,0,0,0,0,0,0,0,0,0,0,0,0,0
test_59_1_1.png,0,0,0,0,0,0,0,0,0,0,0,0,0,0,0
test_59_1_2.png,0,0,0,0,1,0,0,0,0,0,0,0,0,0,0
test_59_1_3.png,0,0,0,0,0,0,0,0,0,0,0,0,0,0,0
test_59_2_0.png,0,0,0,0,0,0,0,0,0,0,0,0,0,0,0
test_59_2_1.png,0,0,0,0,0,0,0,0,0,0,0,0,0,0,0
test_59_2_2.png,0,0,0,0,0,0,0,0,0,0,0,0,0,0,0
test_59_2_3.png,0,0,0,0,0,0,0,0,0,0,0,0,0,0,0
test_59_3_0.png,0,0,0,0,0,0,0,0,0,0,0,0,0,0,0
test_59_3_1.png,0,0,0,0,0,0,0,0,0,0,0,0,0,0,0
test_59_3_2.png,0,0,230,0,0,230,0,0,230,0,0,230,0,0,230
test_59_3_3.png,0,0,0,0,0,0,0,0,0,0,0,0,0,0,0
test_5_0_0.png,0,0,0,0,0,0,0,0,0,0,0,0,0,0,0
test_5_0_1.png,0,0,0,0,0,0,0,0,0,0,0,0,0,0,0
test_5_0_2.png,0,0,0,0,0,0,0,0,0,0,0,0,0,0,0
test_5_0_3.png,0,0,0,0,0,0,0,0,0,0,0,0,0,0,0
test_5_1_0.png,0,0,0,0,0,0,0,0,0,0,0,0,0,0,0
test_5_1_1.png,0,0,0,0,0,0,0,0,0,0,0,0,0,0,0
test_5_1_2.png,0,0,0,0,0,0,0,0,0,0,0,0,0,0,0
test_5_1_3.png,0,0,0,0,0,0,0,0,0,0,0,0,0,0,0
test_5_2_0.png,0,0,0,0,0,0,0,0,0,0,0,0,0,0,0
test_5_2_1.png,0,0,0,0,0,0,0,0,0,0,0,0,0,0,0
test_5_2_2.png,87,6,35,75,2,47,92,3,30,97,6,25,90,3,32
test_5_2_3.png,5030,278,399,5016,275,413,5043,338,386,5028,324,401,5030,311,399
test_5_3_0.png,0,0,0,0,0,0,0,0,0,0,0,0,0,0,0
test_5_3_1.png,0,0,0,0,0,0,0,0,0,0,0,0,0,0,0
test_5_3_2.png,2041,114,52,2045,118,48,2031,108,62,2041,254,52,2045,114,48
test_5_3_3.png,4697,335,231,4691,331,237,4689,316,239,4682,312,246,4690,327,238
test_60_0_0.png,0,0,0,0,0,0,0,0,0,0,0,0,0,0,0
test_60_0_1.png,0,0,0,0,0,0,0,0,0,0,0,0,0,0,0
test_60_0_2.png,0,0,0,0,0,0,0,0,0,0,0,0,0,0,0
test_60_0_3.png,0,0,0,0,0,0,0,0,0,0,0,0,0,0,0
test_60_1_0.png,0,0,0,0,0,0,0,0,0,0,0,0,0,0,0
test_60_1_1.png,0,0,0,0,0,0,0,0,0,0,0,0,0,0,0
test_60_1_2.png,0,0,0,0,0,0,0,0,0,0,0,0,0,0,0
test_60_1_3.png,0,0,0,0,0,0,0,0,0,0,0,0,0,0,0
test_60_2_0.png,0,0,0,0,0,0,0,0,0,0,0,0,0,0,0
test_60_2_1.png,0,0,0,0,0,0,0,0,0,0,0,0,0,0,0
test_60_2_2.png,0,0,0,0,0,0,0,0,0,0,0,0,0,0,0
test_60_2_3.png,0,0,0,0,0,0,0,0,0,0,0,0,0,0,0
test_60_3_0.png,0,0,0,0,0,0,0,0,0,0,0,0,0,0,0
test_60_3_1.png,0,0,0,0,0,0,0,0,0,0,0,0,0,0,0
test_60_3_2.png,0,0,0,0,0,0,0,0,0,0,0,0,0,0,0
test_60_3_3.png,0,0,0,0,0,0,0,0,0,0,0,0,0,0,0
test_61_0_0.png,0,0,0,0,0,0,0,0,0,0,0,0,0,0,0
test_61_0_1.png,0,0,0,0,0,0,0,0,0,0,0,0,0,0,0
test_61_0_2.png,0,0,0,0,0,0,0,0,0,0,0,0,0,0,0
test_61_0_3.png,0,0,0,0,0,0,0,0,0,0,0,0,0,0,0
test_61_1_0.png,0,0,0,0,0,0,0,0,0,0,0,0,0,0,0
test_61_1_1.png,0,0,0,0,0,0,0,0,0,0,0,0,0,0,0
test_61_1_2.png,0,0,0,0,0,0,0,0,0,0,0,0,0,0,0
test_61_1_3.png,0,0,185,0,0,185,0,0,185,0,0,185,0,0,185
test_61_2_0.png,0,0,0,0,0,0,0,0,0,0,0,0,0,0,0
test_61_2_1.png,0,0,0,0,0,0,0,0,0,0,0,0,0,0,0
test_61_2_2.png,0,0,0,0,0,0,0,0,0,0,0,0,0,0,0
test_61_2_3.png,0,0,0,0,0,0,0,0,0,0,0,0,0,0,0
test_61_3_0.png,0,0,0,0,0,0,0,0,0,0,0,0,0,0,0
test_61_3_1.png,0,0,0,0,0,0,0,0,0,0,0,0,0,0,0
test_61_3_2.png,0,0,0,0,0,0,0,0,0,0,0,0,0,0,0
test_61_3_3.png,0,0,0,0,0,0,0,0,0,0,0,0,0,0,0
test_62_0_0.png,0,0,0,0,4,0,0,0,0,0,0,0,0,0,0
test_62_0_1.png,0,0,0,0,0,0,0,0,0,0,0,0,0,0,0
test_62_0_2.png,0,0,0,0,0,0,0,0,0,0,0,0,0,0,0
test_62_0_3.png,0,0,0,0,0,0,0,0,0,0,0,0,0,0,0
test_62_1_0.png,0,0,0,0,0,0,0,0,0,0,0,0,0,0,0
test_62_1_1.png,0,0,0,0,0,0,0,0,0,0,0,0,0,0,0
test_62_1_2.png,0,0,0,0,0,0,0,0,0,0,0,0,0,0,0
test_62_1_3.png,0,0,0,0,0,0,0,0,0,0,0,0,0,0,0
test_62_2_0.png,0,0,0,0,0,0,0,0,0,0,0,0,0,0,0
test_62_2_1.png,0,0,0,0,0,0,0,0,0,0,0,0,0,0,0
test_62_2_2.png,0,0,0,0,0,0,0,0,0,0,0,0,0,0,0
test_62_2_3.png,0,0,0,0,0,0,0,0,0,0,0,0,0,0,0
test_62_3_0.png,0,0,0,0,0,0,0,0,0,0,0,0,0,0,0
test_62_3_1.png,0,0,0,0,0,0,0,0,0,0,0,0,0,0,0
test_62_3_2.png,0,0,0,0,0,0,0,0,0,0,0,0,0,0,0
test_62_3_3.png,0,0,0,0,0,0,0,0,0,0,0,0,0,0,0
test_63_0_0.png,0,0,0,0,0,0,0,0,0,0,0,0,0,0,0
test_63_0_1.png,0,0,0,0,0,0,0,0,0,0,0,0,0,0,0
test_63_0_2.png,0,0,0,0,0,0,0,0,0,0,0,0,0,0,0
test_63_0_3.png,0,0,0,0,0,0,0,0,0,0,0,0,0,0,0
test_63_1_0.png,0,0,262,0,0,262,0,0,262,0,0,262,0,0,262
test_63_1_1.png,0,0,0,0,0,0,0,0,0,0,0,0,0,0,0
test_63_1_2.png,0,0,0,0,0,0,0,0,0,0,0,0,0,0,0
test_63_1_3.png,0,0,0,0,0,0,0,0,0,0,0,0,0,0,0
test_63_2_0.png,0,0,0,0,0,0,0,0,0,0,0,0,0,0,0
test_63_2_1.png,0,0,0,0,0,0,0,0,0,0,0,0,0,0,0
test_63_2_2.png,0,0,0,0,0,0,0,0,0,0,0,0,0,0,0
test_63_2_3.png,0,0,0,0,0,0,0,0,0,0,0,0,0,0,0
test_63_3_0.png,0,0,0,0,0,0,0,0,0,0,0,0,0,0,0
test_63_3_1.png,0,0,0,0,0,0,0,0,0,0,0,0,0,0,0
test_63_3_2.png,0,0,0,0,0,0,0,0,0,0,0,0,0,0,0
test_63_3_3.png,0,0,0,0,0,0,0,0,0,0,0,0,0,0,0
test_64_0_0.png,0,0,0,0,0,0,0,0,0,0,0,0,0,0,0
test_64_0_1.png,0,0,0,0,0,0,0,0,0,0,0,0,0,0,0
test_64_0_2.png,0,0,0,0,0,0,0,0,0,0,0,0,0,0,0
test_64_0_3.png,0,0,0,0,0,0,0,0,0,0,0,0,0,0,0
test_64_1_0.png,0,0,0,0,0,0,0,0,0,0,0,0,0,0,0
test_64_1_1.png,0,0,0,0,0,0,0,0,0,0,0,0,0,0,0
test_64_1_2.png,0,0,0,0,0,0,0,0,0,0,0,0,0,0,0
test_64_1_3.png,0,0,0,0,0,0,0,0,0,0,0,0,0,0,0
test_64_2_0.png,0,0,0,0,0,0,0,0,0,0,0,0,0,0,0
test_64_2_1.png,0,0,0,0,0,0,0,0,0,0,0,0,0,0,0
test_64_2_2.png,0,0,0,0,0,0,0,0,0,0,0,0,0,0,0
test_64_2_3.png,0,0,0,0,0,0,0,0,0,0,0,0,0,0,0
test_64_3_0.png,0,0,0,0,0,0,0,0,0,0,0,0,0,0,0
test_64_3_1.png,0,0,0,0,0,0,0,0,0,0,0,0,0,0,0
test_64_3_2.png,0,0,0,0,0,0,0,0,0,0,0,0,0,0,0
test_64_3_3.png,0,0,0,0,0,0,0,0,0,0,0,0,0,0,0
test_65_0_0.png,0,0,0,0,0,0,0,0,0,0,0,0,0,0,0
test_65_0_1.png,0,0,0,0,0,0,0,0,0,0,0,0,0,0,0
test_65_0_2.png,0,0,0,0,0,0,0,0,0,0,0,0,0,0,0
test_65_0_3.png,0,0,0,0,0,0,0,0,0,0,0,0,0,0,0
test_65_1_0.png,0,0,0,0,0,0,0,0,0,0,0,0,0,0,0
test_65_1_1.png,0,0,0,0,0,0,0,0,0,0,0,0,0,0,0
test_65_1_2.png,0,0,0,0,0,0,0,0,0,0,0,0,0,0,0
test_65_1_3.png,0,0,0,0,0,0,0,0,0,0,0,0,0,0,0
test_65_2_0.png,0,0,0,0,0,0,0,0,0,0,0,0,0,0,0
test_65_2_1.png,0,0,0,0,0,0,0,0,0,0,0,0,0,0,0
test_65_2_2.png,0,0,0,0,0,0,0,0,0,0,0,0,0,0,0
test_65_2_3.png,0,0,0,0,0,0,0,0,0,0,0,0,0,0,0
test_65_3_0.png,0,0,0,0,0,0,0,0,0,0,0,0,0,0,0
test_65_3_1.png,0,0,0,0,0,0,0,0,0,0,0,0,0,0,0
test_65_3_2.png,0,0,0,0,0,0,0,0,0,0,0,0,0,0,0
test_65_3_3.png,0,0,0,0,0,0,0,0,0,0,0,0,0,0,0
test_66_0_0.png,0,0,0,0,0,0,0,0,0,0,0,0,0,0,0
test_66_0_1.png,0,0,0,0,0,0,0,0,0,0,0,0,0,0,0
test_66_0_2.png,0,0,0,0,0,0,0,0,0,0,0,0,0,0,0
test_66_0_3.png,0,0,0,0,0,0,0,0,0,0,0,0,0,0,0
test_66_1_0.png,0,0,0,0,0,0,0,0,0,0,0,0,0,0,0
test_66_1_1.png,0,0,0,0,0,0,0,0,0,0,0,0,0,0,0
test_66_1_2.png,0,0,0,0,0,0,0,0,0,0,0,0,0,0,0
test_66_1_3.png,0,0,0,0,0,0,0,0,0,0,0,0,0,0,0
test_66_2_0.png,0,0,0,0,0,0,0,0,0,0,0,0,0,0,0
test_66_2_1.png,0,0,0,0,0,0,0,0,0,0,0,0,0,0,0
test_66_2_2.png,0,0,0,0,0,0,0,0,0,0,0,0,0,0,0
test_66_2_3.png,0,0,0,0,0,0,0,0,0,0,0,0,0,0,0
test_66_3_0.png,0,0,0,0,0,0,0,0,0,0,0,0,0,0,0
test_66_3_1.png,0,0,0,0,0,0,0,0,0,0,0,0,0,0,0
test_66_3_2.png,0,0,0,0,0,0,0,0,0,0,0,0,0,0,0
test_66_3_3.png,0,0,0,0,0,0,0,0,0,0,0,0,0,0,0
test_67_0_0.png,0,0,0,0,0,0,0,0,0,0,0,0,0,0,0
test_67_0_1.png,0,0,0,0,0,0,0,0,0,0,0,0,0,0,0
test_67_0_2.png,3349,443,94,3343,455,100,3308,443,135,3310,422,133,3339,429,104
test_67_0_3.png,16272,1285,847,16361,1559,758,16369,1272,750,16428,1768,691,16378,1521,741
test_67_1_0.png,533,7,270,403,7,400,425,6,378,0,0,803,398,4,405
test_67_1_1.png,0,0,0,0,0,0,0,0,0,0,0,0,0,0,0
test_67_1_2.png,3096,190,188,3037,143,247,3081,194,203,3053,165,231,3078,166,206
test_67_1_3.png,5930,790,238,5892,696,276,5859,727,309,5904,776,264,5901,726,267
test_67_2_0.png,410,16,222,385,17,247,388,32,244,593,390,39,380,13,252
test_67_2_1.png,0,0,0,0,0,0,0,0,0,0,0,0,0,0,0
test_67_2_2.png,6212,603,80,6179,528,113,6125,505,167,6109,507,183,6165,518,127
test_67_2_3.png,13419,1712,249,13437,1571,231,13414,1682,254,13447,1808,221,13445,1650,223
test_67_3_0.png,922,57,19,921,60,20,929,61,12,928,63,13,928,59,13
test_67_3_1.png,0,0,0,0,0,0,0,0,0,0,0,0,0,0,0
test_67_3_2.png,0,0,0,0,0,0,0,0,0,0,0,0,0,0,0
test_67_3_3.png,196,6,18,200,20,14,202,39,12,198,26,16,200,24,14
test_68_0_0.png,12381,891,583,12441,851,523,12442,839,522,12478,885,486,12465,851,499
test_68_0_1.png,1740,180,22,1743,192,19,1739,211,23,1747,213,15,1743,196,19
test_68_0_2.png,0,0,0,0,0,0,0,0,0,0,0,0,0,0,0
test_68_0_3.png,0,0,465,0,0,465,6,0,459,0,0,465,0,0,465
test_68_1_0.png,18556,1305,454,18666,1431,344,18628,1325,382,18500,1303,510,18634,1314,376
test_68_1_1.png,12509,934,383,12496,986,396,12455,981,437,12512,1049,380,12511,943,381
test_68_1_2.png,5245,570,289,5156,505,378,5215,500,319,5099,532,435,5189,519,345
test_68_1_3.png,346,0,63,364,5,45,363,3,46,323,0,86,355,0,54
test_68_2_0.png,21246,1258,588,21316,1350,518,21242,1296,592,21239,1303,595,21277,1260,557
test_68_2_1.png,9333,673,254,9344,639,243,9287,633,300,9312,648,275,9335,632,252
test_68_2_2.png,0,0,172,105,168,67,0,0,172,32,121,140,0,0,172
test_68_2_3.png,0,0,457,0,2,457,0,0,457,0,0,457,0,0,457
test_68_3_0.png,8121,874,282,8119,868,284,8087,866,316,8121,872,282,8120,863,283
test_68_3_1.png,0,0,0,0,0,0,0,0,0,0,0,0,0,0,0
test_68_3_2.png,0,0,0,0,0,0,0,0,0,0,0,0,0,0,0
test_68_3_3.png,0,0,0,0,0,0,0,0,0,0,0,0,0,0,0
test_69_0_0.png,0,0,0,0,0,0,0,0,0,0,0,0,0,0,0
test_69_0_1.png,0,0,0,0,0,0,0,0,0,0,0,0,0,0,0
test_69_0_2.png,0,0,0,0,0,0,0,0,0,0,0,0,0,0,0
test_69_0_3.png,8377,503,352,8382,579,347,8417,603,312,8369,547,360,8395,552,334
test_69_1_0.png,2533,231,49,2542,217,40,2506,203,76,2539,214,43,2544,217,38
test_69_1_1.png,859,61,245,862,65,242,867,67,237,862,66,242,864,61,240
test_69_1_2.png,56,7,11,59,2,8,34,0,33,56,2,11,55,0,12
test_69_1_3.png,10881,478,513,10905,528,489,10901,489,493,10868,514,526,10904,488,490
test_69_2_0.png,17733,985,385,17736,1014,382,17760,1097,358,17788,1230,330,17769,1048,349
test_69_2_1.png,15198,915,772,15202,910,768,15246,845,724,15289,957,681,15253,867,717
test_69_2_2.png,9199,665,168,9190,561,177,9176,635,191,9177,650,190,9198,609,169
test_69_2_3.png,1013,87,14,1015,92,12,1017,91,10,1013,104,14,1014,90,13
test_69_3_0.png,18839,1172,471,18878,1161,432,18906,1292,404,18980,1410,330,18924,1216,386
test_69_3_1.png,16272,1015,451,16300,1091,423,16293,1160,430,16350,1305,373,16327,1108,396
test_69_3_2.png,19097,1126,359,19033,1011,423,19085,1230,371,19171,1351,285,19114,1129,342
test_69_3_3.png,11298,919,369,11303,718,364,11301,807,366,11307,801,360,11315,787,352
test_6_0_0.png,0,0,0,0,0,0,0,0,0,0,0,0,0,0,0
test_6_0_1.png,0,0,468,374,14,94,370,11,98,366,8,102,358,9,110
test_6_0_2.png,0,0,0,0,0,0,0,0,0,0,0,0,0,0,0
test_6_0_3.png,0,0,0,0,0,0,0,58,0,0,0,0,0,0,0
test_6_1_0.png,292,20,9,298,28,3,298,17,3,296,22,5,297,20,4
test_6_1_1.png,0,0,0,0,0,0,0,0,0,0,0,0,0,0,0
test_6_1_2.png,0,0,0,0,0,0,0,0,0,0,0,0,0,0,0
test_6_1_3.png,0,0,367,0,0,367,0,0,367,0,0,367,0,0,367
test_6_2_0.png,0,0,0,0,0,0,0,0,0,0,0,0,0,0,0
test_6_2_1.png,0,0,0,0,0,0,0,0,0,0,0,0,0,0,0
test_6_2_2.png,486,38,31,478,33,39,481,41,36,484,36,33,482,36,35
test_6_2_3.png,0,0,254,0,7,254,0,0,254,0,0,254,0,0,254
test_6_3_0.png,0,0,0,0,0,0,0,0,0,0,0,0,0,0,0
test_6_3_1.png,0,0,0,0,0,0,0,0,0,0,0,0,0,0,0
test_6_3_2.png,0,0,0,0,0,0,0,0,0,0,0,0,0,0,0
test_6_3_3.png,401,23,131,405,12,127,400,12,132,397,13,135,399,12,133
test_70_0_0.png,11730,881,347,11698,817,379,11771,1071,306,11788,872,289,11750,845,327
test_70_0_1.png,4663,496,156,4640,471,179,4655,469,164,4679,466,140,4659,471,160
test_70_0_2.png,11127,1284,413,11084,1193,456,11081,1177,459,11118,1340,422,11114,1218,426
test_70_0_3.png,16434,1032,824,16411,1050,847,16391,1030,867,16510,1105,748,16456,1034,802
test_70_1_0.png,16961,1067,456,16944,1132,473,17016,1238,401,17006,1259,411,16999,1128,418
test_70_1_1.png,19544,1096,593,19482,1124,655,19518,1047,619,19569,1294,568,19562,1074,575
test_70_1_2.png,17669,1032,582,17667,948,584,17735,992,516,17742,1086,509,17732,981,519
test_70_1_3.png,13432,807,505,13450,793,487,13408,803,529,13447,744,490,13456,765,481
test_70_2_0.png,696,24,620,684,17,632,697,11,619,661,10,655,688,15,628
test_70_2_1.png,6055,339,298,6017,312,336,6015,293,338,6122,377,231,6043,318,310
test_70_2_2.png,11483,519,349,11480,503,352,11482,547,350,11443,527,389,11487,501,345
test_70_2_3.png,12398,763,566,12377,827,587,12385,787,579,12401,887,563,12408,782,556
test_70_3_0.png,16043,305,103,16007,253,139,16037,276,109,16033,325,113,16040,281,106
test_70_3_1.png,4249,424,223,4261,380,211,4256,421,216,4267,432,205,4254,393,218
test_70_3_2.png,8898,431,382,8874,428,406,8870,386,410,8915,440,365,8904,421,376
test_70_3_3.png,8338,568,528,8307,503,559,8279,502,587,8318,599,548,8310,523,556
test_71_0_0.png,4760,282,234,4778,284,216,4748,233,246,4750,251,244,4755,249,239
test_71_0_1.png,6295,371,385,6305,438,375,6244,360,436,6229,368,451,6278,371,402
test_71_0_2.png,1958,212,22,1963,239,17,1960,230,20,1950,218,30,1958,223,22
test_71_0_3.png,0,0,0,0,0,0,0,0,0,0,0,0,0,0,0
test_71_1_0.png,0,0,0,0,0,0,0,0,0,0,0,0,0,0,0
test_71_1_1.png,0,0,4929,0,0,4929,0,0,4929,0,8,4929,0,0,4929
test_71_1_2.png,3792,381,411,3807,677,396,4180,855,23,3965,856,238,3802,699,401
test_71_1_3.png,0,0,0,0,0,0,0,0,0,0,0,0,0,0,0
test_71_2_0.png,0,0,0,0,0,0,0,0,0,0,0,0,0,0,0
test_71_2_1.png,0,208,0,0,361,0,0,0,0,0,0,0,0,41,0
test_71_2_2.png,1570,122,343,1758,74,155,1274,69,639,1802,86,111,1799,80,114
test_71_2_3.png,0,0,3435,592,0,2843,7,0,3428,15,0,3420,0,0,3435
test_71_3_0.png,0,0,0,0,0,0,0,0,0,0,0,0,0,0,0
test_71_3_1.png,0,0,0,0,0,0,0,0,0,0,0,0,0,0,0
test_71_3_2.png,1,432,779,0,488,780,97,435,683,1,563,779,1,460,779
test_71_3_3.png,44020,1437,868,44151,1656,737,44182,1822,706,43899,1399,989,44065,1555,823
test_72_0_0.png,15678,953,610,15639,885,649,15720,1005,568,15607,815,681,15672,887,616
test_72_0_1.png,7996,411,410,8003,419,403,7968,400,438,8062,447,344,8011,395,395
test_72_0_2.png,13630,1141,305,13621,1062,314,13570,1048,365,13649,1171,286,13628,1083,307
test_72_0_3.png,16254,809,465,16188,802,531,16209,780,510,16254,884,465,16234,788,485
test_72_1_0.png,7010,338,429,6996,314,443,6997,312,442,7057,382,382,7007,316,432
test_72_1_1.png,2143,290,121,2150,376,114,2162,80,102,2147,76,117,2149,70,115
test_72_1_2.png,7602,1248,302,7576,530,328,7554,636,350,7613,609,291,7597,533,307
test_72_1_3.png,15415,835,478,15428,864,465,15443,829,450,15453,840,440,15451,805,442
test_72_2_0.png,0,0,0,0,0,0,0,0,0,0,0,0,0,0,0
test_72_2_1.png,0,0,0,0,0,0,0,0,0,0,0,0,0,0,0
test_72_2_2.png,1717,57,209,1486,863,440,1721,57,205,1707,451,219,1700,166,226
test_72_2_3.png,5904,399,1075,4384,198,2595,5608,288,1371,3793,169,3186,5076,217,1903
test_72_3_0.png,0,0,0,0,0,0,0,0,0,0,0,0,0,0,0
test_72_3_1.png,0,0,0,0,0,0,0,0,0,0,0,0,0,0,0
test_72_3_2.png,0,0,0,0,0,0,0,0,0,0,0,0,0,0,0
test_72_3_3.png,0,0,0,0,0,0,0,0,0,0,0,0,0,0,0
test_73_0_0.png,19377,1001,766,19307,934,836,19324,912,819,19432,973,711,19395,912,748
test_73_0_1.png,2569,161,152,2537,134,184,2558,152,163,2537,158,184,2560,138,161
test_73_0_2.png,0,0,0,0,0,0,0,0,0,0,0,0,0,0,0
test_73_0_3.png,0,0,0,0,0,0,0,0,0,0,0,0,0,0,0
test_73_1_0.png,15808,737,700,15831,687,677,15850,806,658,15840,822,668,15854,734,654
test_73_1_1.png,0,0,0,0,0,0,0,0,0,0,0,0,0,0,0
test_73_1_2.png,0,0,0,0,0,0,0,0,0,0,0,0,0,0,0
test_73_1_3.png,0,0,0,0,0,0,0,0,0,0,0,0,0,0,0
test_73_2_0.png,2928,185,134,2922,160,140,2929,141,133,2902,118,160,2920,142,142
test_73_2_1.png,0,0,0,0,0,0,0,0,0,0,0,0,0,0,0
test_73_2_2.png,0,0,0,0,0,0,0,0,0,0,0,0,0,0,0
test_73_2_3.png,321,22,26,319,23,28,326,17,21,307,9,40,319,18,28
test_73_3_0.png,0,0,0,0,0,0,0,0,0,0,0,0,0,0,0
test_73_3_1.png,0,0,0,0,0,0,0,0,0,0,0,0,0,0,0
test_73_3_2.png,0,0,0,0,0,0,0,0,0,0,0,0,0,0,0
test_73_3_3.png,0,0,0,0,0,0,0,0,0,0,0,0,0,0,0
test_74_0_0.png,4836,260,194,4851,240,179,4834,248,196,4854,238,176,4859,231,171
test_74_0_1.png,21057,968,658,21061,967,654,21128,1094,587,21109,1160,606,21088,1003,627
test_74_0_2.png,18017,968,637,17979,912,675,18027,920,627,18107,1060,547,18047,933,607
test_74_0_3.png,5487,382,284,5459,364,312,5475,335,296,5558,444,213,5495,381,276
test_74_1_0.png,949,192,21,926,129,44,931,112,39,928,122,42,941,129,29
test_74_1_1.png,3362,186,150,3339,160,173,3378,171,134,3349,162,163,3365,156,147
test_74_1_2.png,11521,631,349,11528,609,342,11526,650,344,11578,748,292,11547,635,323
test_74_1_3.png,557,31,107,556,22,108,599,20,65,553,22,111,558,24,106
test_74_2_0.png,2718,361,70,2722,313,66,2717,356,71,2731,376,57,2722,346,66
test_74_2_1.png,8882,748,245,8886,726,241,8887,786,240,8873,774,254,8896,749,231
test_74_2_2.png,6980,619,288,6967,673,301,6991,714,277,7041,684,227,6998,669,270
test_74_2_3.png,0,0,0,0,0,0,0,0,0,0,0,0,0,0,0
test_74_3_0.png,0,0,0,0,0,0,0,0,0,0,0,0,0,0,0
test_74_3_1.png,2205,172,131,2196,157,140,2194,154,142,2189,183,147,2200,163,136
test_74_3_2.png,6301,725,171,6283,770,189,6292,658,180,6209,573,263,6290,675,182
test_74_3_3.png,0,0,0,0,0,0,0,0,0,0,0,0,0,0,0
test_75_0_0.png,0,0,0,0,0,0,0,0,0,0,0,0,0,0,0
test_75_0_1.png,0,0,0,0,0,0,0,0,0,0,0,0,0,0,0
test_75_0_2.png,0,0,0,0,0,0,0,0,0,0,0,0,0,0,0
test_75_0_3.png,0,0,0,0,0,0,0,0,0,0,0,0,0,0,0
test_75_1_0.png,0,0,0,0,0,0,0,0,0,0,0,0,0,0,0
test_75_1_1.png,0,0,0,0,0,0,0,0,0,0,0,0,0,0,0
test_75_1_2.png,0,0,0,0,0,0,0,0,0,0,0,0,0,0,0
test_75_1_3.png,0,0,0,0,0,0,0,0,0,0,0,0,0,0,0
test_75_2_0.png,0,0,0,0,0,0,0,0,0,0,0,0,0,0,0
test_75_2_1.png,6415,553,625,6410,584,630,6485,652,555,6331,537,709,6407,557,633
test_75_2_2.png,11415,704,845,11306,758,954,11296,594,964,11331,634,929,11366,590,894
test_75_2_3.png,5484,145,763,5458,164,789,5445,148,802,5418,154,829,5466,151,781
test_75_3_0.png,1448,83,215,1412,72,251,1426,71,237,1379,56,284,1414,68,249
test_75_3_1.png,14903,848,1458,14779,912,1582,14922,941,1439,14988,974,1373,14930,879,1431
test_75_3_2.png,17435,1111,1728,17498,1216,1665,17431,1221,1732,17427,1157,1736,17464,1143,1699
test_75_3_3.png,12024,1023,1388,12027,1110,1385,12039,1120,1373,11962,1084,1450,12034,1035,1378
test_76_0_0.png,0,0,0,0,0,0,0,0,0,0,0,0,0,0,0
test_76_0_1.png,180,13,2,181,11,1,179,11,3,180,12,2,180,10,2
test_76_0_2.png,0,0,166,0,0,166,0,0,166,0,0,166,0,0,166
test_76_0_3.png,5589,1049,919,5591,886,917,5706,1138,802,5639,1041,869,5643,1048,865
test_76_1_0.png,0,0,0,0,0,0,0,0,0,0,0,0,0,0,0
test_76_1_1.png,0,0,148,0,0,148,105,1,43,0,0,148,0,0,148
test_76_1_2.png,0,0,0,0,0,0,0,0,0,0,0,0,0,0,0
test_76_1_3.png,25,0,903,257,13,671,0,0,928,375,22,553,84,0,844
test_76_2_0.png,0,0,0,0,0,0,0,0,0,0,0,0,0,0,0
test_76_2_1.png,0,0,0,0,0,0,0,0,0,0,0,0,0,0,0
test_76_2_2.png,0,0,0,0,0,0,0,0,0,0,0,0,0,0,0
test_76_2_3.png,4586,325,130,4571,146,145,4464,26,252,4497,23,219,4516,36,200
test_76_3_0.png,0,0,0,0,0,0,0,0,0,0,0,0,0,0,0
test_76_3_1.png,760,93,148,687,89,221,345,18,563,642,33,266,683,59,225
test_76_3_2.png,0,0,0,0,0,0,0,0,0,0,0,0,0,0,0
test_76_3_3.png,0,0,0,0,0,0,0,0,0,0,0,0,0,0,0
test_77_0_0.png,7201,53,9458,6917,147,9742,7118,136,9541,6711,147,9948,6732,88,9927
test_77_0_1.png,145,0,88,158,2,75,171,5,62,188,109,45,164,2,69
test_77_0_2.png,4483,50,1561,4613,65,1431,4587,116,1457,4553,77,1491,4569,53,1475
test_77_0_3.png,0,0,463,0,0,463,0,0,463,0,0,463,0,0,463
test_77_1_0.png,21674,1436,1114,21668,1683,1120,21568,723,1220,21726,1514,1062,21678,1387,1110
test_77_1_1.png,288,660,312,0,0,600,0,0,600,0,0,600,0,0,600
test_77_1_2.png,2767,85,361,2570,84,558,2653,66,475,2654,140,474,2660,87,468
test_77_1_3.png,0,0,0,0,0,0,0,0,0,0,0,0,0,0,0
test_77_2_0.png,8846,250,2561,7751,232,3656,9017,176,2390,10862,5926,545,8820,232,2587
test_77_2_1.png,11267,693,233,11358,1170,142,10463,643,1037,11047,1164,453,11240,781,260
test_77_2_2.png,4860,776,374,4889,701,345,4830,643,404,4538,517,696,4842,681,392
test_77_2_3.png,816,47,39,814,41,41,808,37,47,797,34,58,810,37,45
test_77_3_0.png,15138,1590,3689,14116,1367,4711,15127,1651,3700,15008,1637,3819,15085,1557,3742
test_77_3_1.png,18495,3051,921,18253,2110,1163,18533,2999,883,17748,1131,1668,18415,2229,1001
test_77_3_2.png,20557,262,2630,21012,751,2175,20649,568,2538,21250,632,1937,20723,485,2464
test_77_3_3.png,16502,18,581,16273,33,810,15732,15,1351,16249,55,834,16392,24,691
test_78_0_0.png,0,0,0,0,0,0,0,0,0,0,0,0,0,0,0
test_78_0_1.png,0,0,0,0,0,0,0,0,0,0,0,0,0,0,0
test_78_0_2.png,0,0,0,0,0,0,0,0,0,0,0,0,0,0,0
test_78_0_3.png,951,159,6,934,165,23,944,644,13,940,161,17,949,165,8
test_78_1_0.png,0,0,0,0,0,0,0,0,0,0,0,0,0,0,0
test_78_1_1.png,0,0,0,0,0,0,0,0,0,0,0,0,0,0,0
test_78_1_2.png,0,0,0,0,0,0,0,0,0,0,0,0,0,0,0
test_78_1_3.png,0,0,0,0,0,0,0,0,0,0,0,0,0,0,0
test_78_2_0.png,5354,480,232,5374,266,212,5380,149,206,5379,179,207,5371,169,215
test_78_2_1.png,5361,295,118,5355,284,124,5349,254,130,5344,229,135,5363,266,116
test_78_2_2.png,0,0,0,0,0,0,0,0,0,0,0,0,0,0,0
test_78_2_3.png,0,0,0,0,0,0,0,0,0,0,0,0,0,0,0
test_78_3_0.png,11523,280,413,11502,190,434,11590,329,346,11593,329,343,11574,259,362
test_78_3_1.png,4415,74,212,4399,59,228,4403,72,224,4375,80,252,4396,65,231
test_78_3_2.png,0,99,0,0,13,0,0,783,0,0,764,0,0,665,0
test_78_3_3.png,0,0,0,0,0,0,0,0,0,0,0,0,0,0,0
test_79_0_0.png,459,2,734,373,0,820,46,0,1147,331,2,862,364,0,829
test_79_0_1.png,992,16,1027,963,22,1056,988,11,1031,596,4,1423,919,13,1100
test_79_0_2.png,2699,118,773,2786,120,686,2552,93,920,2692,113,780,2704,115,768
test_79_0_3.png,2028,23,437,2031,27,434,2001,29,464,2030,34,435,2025,25,440
test_79_1_0.png,0,0,292,0,0,292,0,0,292,0,0,292,0,0,292
test_79_1_1.png,0,0,0,0,0,0,0,0,0,0,0,0,0,0,0
test_79_1_2.png,0,0,173,0,0,173,0,0,173,0,0,173,0,0,173
test_79_1_3.png,606,72,14,584,76,36,589,50,31,591,75,29,595,69,25
test_79_2_0.png,0,0,0,0,0,0,0,0,0,0,0,0,0,0,0
test_79_2_1.png,2950,177,551,2921,198,580,2981,156,520,2927,173,574,2960,169,541
test_79_2_2.png,1413,188,173,1416,197,170,1464,261,122,1470,198,116,1456,197,130
test_79_2_3.png,2771,109,539,2806,97,504,2831,160,479,2723,68,587,2787,109,523
test_79_3_0.png,802,0,1964,838,10,1928,22,0,2744,123,0,2643,614,0,2152
test_79_3_1.png,0,0,0,0,0,0,0,0,0,0,0,0,0,0,0
test_79_3_2.png,1861,45,192,1851,31,202,1854,17,199,1833,25,220,1853,29,200
test_79_3_3.png,4729,253,783,4770,227,742,4797,308,715,4784,236,728,4786,247,726
test_7_0_0.png,0,0,0,0,0,0,0,0,0,0,0,0,0,0,0
test_7_0_1.png,0,0,0,0,0,0,0,0,0,0,0,0,0,0,0
test_7_0_2.png,8177,718,406,8109,705,474,8095,757,488,8149,769,434,8137,724,446
test_7_0_3.png,0,0,0,0,0,0,0,0,0,0,0,0,0,0,0
test_7_1_0.png,8735,737,645,8703,700,677,8716,711,664,8652,755,728,8724,720,656
test_7_1_1.png,5181,510,236,5197,510,220,5191,561,226,5186,566,231,5189,530,228
test_7_1_2.png,8629,833,332,8581,781,380,8596,875,365,8601,846,360,8615,834,346
test_7_1_3.png,12346,1148,671,12313,1221,704,12241,1135,776,12248,1174,769,12285,1141,732
test_7_2_0.png,14643,1442,588,14588,1421,643,14721,1692,510,14611,1500,620,14652,1492,579
test_7_2_1.png,16128,1590,1709,16115,1555,1722,16207,1688,1630,16188,1614,1649,16155,1577,1682
test_7_2_2.png,4411,415,111,4380,377,142,4403,404,119,4397,394,125,4403,397,119
test_7_2_3.png,6125,528,347,6085,518,387,5976,462,496,5985,487,487,6033,489,439
test_7_3_0.png,4326,422,170,4295,427,201,4297,502,199,4302,474,194,4318,449,178
test_7_3_1.png,8336,1328,276,8345,1358,267,8326,1229,286,8313,1258,299,8328,1290,284
test_7_3_2.png,585,50,13,585,42,13,588,36,10,589,29,9,587,38,11
test_7_3_3.png,9904,962,815,9719,976,1000,9831,888,888,9842,979,877,9860,908,859
test_80_0_0.png,12025,1234,1818,12060,1254,1783,12020,1200,1823,11933,1184,1910,12024,1187,1819
test_80_0_1.png,19144,1345,1893,19379,1447,1658,18839,1346,2198,18579,1506,2458,19194,1340,1843
test_80_0_2.png,20362,1550,1447,20003,1384,1806,20217,1922,1592,20180,1980,1629,20219,1577,1590
test_80_0_3.png,21055,2236,1402,20990,2389,1467,20973,2114,1484,20949,2239,1508,21021,2216,1436
test_80_1_0.png,7656,761,863,7564,589,955,7628,661,891,7563,675,956,7606,668,913
test_80_1_1.png,16644,2237,1818,16799,2217,1663,16576,2271,1886,16706,2331,1756,16718,2233,1744
test_80_1_2.png,12933,1480,1975,13073,1603,1835,13068,1486,1840,12954,1427,1954,13029,1464,1879
test_80_1_3.png,9073,683,3695,8941,618,3827,9222,737,3546,9116,734,3652,9061,638,3707
test_80_2_0.png,2910,288,955,3487,283,378,2631,214,1234,3019,336,846,2943,283,922
test_80_2_1.png,13271,694,2159,13063,727,2367,13276,1238,2154,13288,761,2142,13284,708,2146
test_80_2_2.png,3324,280,1056,3630,438,750,3397,397,983,3373,465,1007,3375,401,1005
test_80_2_3.png,14462,808,2479,9656,193,7285,5719,171,11222,12983,515,3958,11212,396,5729
test_80_3_0.png,6955,266,1635,7115,256,1475,7104,349,1486,7147,270,1443,7152,286,1438
test_80_3_1.png,10395,533,1071,10496,548,970,10481,601,985,10744,646,722,10503,563,963
test_80_3_2.png,0,0,200,0,0,200,0,0,200,0,0,200,0,0,200
test_80_3_3.png,13436,1480,1309,11201,988,3544,11369,715,3376,11024,1182,3721,11243,1096,3502
test_81_0_0.png,1665,222,83,1646,168,102,1596,180,152,1587,154,161,1622,170,126
test_81_0_1.png,1717,10,151,1741,8,127,1726,12,142,1740,12,128,1729,11,139
test_81_0_2.png,0,0,0,0,0,0,0,0,0,0,0,0,0,0,0
test_81_0_3.png,0,0,0,0,0,0,0,0,0,0,0,0,0,0,0
test_81_1_0.png,0,0,0,0,0,0,0,0,0,0,0,0,0,0,0
test_81_1_1.png,0,0,0,0,0,0,0,0,0,0,0,0,0,0,0
test_81_1_2.png,0,0,0,0,0,0,0,0,0,0,0,0,0,0,0
test_81_1_3.png,2167,190,994,1972,204,1189,1974,164,1187,1894,156,1267,1975,158,1186
test_81_2_0.png,0,0,0,0,0,0,0,0,0,0,0,0,0,0,0
test_81_2_1.png,0,0,0,0,0,0,0,0,0,0,0,0,0,0,0
test_81_2_2.png,0,0,0,0,0,0,0,0,0,0,0,0,0,0,0
test_81_2_3.png,1758,903,17,1736,921,39,1748,911,27,1744,904,31,1746,907,29
test_81_3_0.png,0,0,0,0,0,0,0,0,0,0,0,0,0,0,0
test_81_3_1.png,282,2,360,268,0,374,105,0,537,195,0,447,247,0,395
test_81_3_2.png,0,0,0,0,0,0,0,0,0,0,0,0,0,0,0
test_81_3_3.png,0,0,0,0,0,0,0,0,0,0,0,0,0,0,0
test_82_0_0.png,0,0,0,0,0,0,0,0,0,0,0,0,0,0,0
test_82_0_1.png,0,0,0,0,0,0,0,0,0,0,0,0,0,0,0
test_82_0_2.png,0,0,0,0,0,0,0,0,0,0,0,0,0,0,0
test_82_0_3.png,0,0,0,0,0,0,0,0,0,0,0,0,0,0,0
test_82_1_0.png,0,0,0,0,0,0,0,0,0,0,0,0,0,0,0
test_82_1_1.png,1756,28,4338,944,0,5150,390,0,5704,0,0,6094,154,0,5940
test_82_1_2.png,0,0,11259,0,0,11259,0,0,11259,0,0,11259,0,0,11259
test_82_1_3.png,0,0,0,0,0,0,0,0,0,0,0,0,0,0,0
test_82_2_0.png,0,451,783,0,0,783,0,0,783,0,4,783,0,0,783
test_82_2_1.png,2777,363,605,220,80,3162,912,12,2470,0,0,3382,578,0,2804
test_82_2_2.png,15330,1756,6871,14543,2296,7658,13014,1414,9187,13307,1463,8894,13822,1793,8379
test_82_2_3.png,0,0,576,0,0,576,0,0,576,0,0,576,0,0,576
test_82_3_0.png,0,0,0,0,0,0,0,0,0,0,0,0,0,0,0
test_82_3_1.png,0,0,1357,0,0,1357,0,0,1357,0,0,1357,0,0,1357
test_82_3_2.png,2222,213,167,2175,87,214,1922,199,467,1798,170,591,2080,105,309
test_82_3_3.png,5054,987,466,5051,603,469,4909,420,611,5025,318,495,5021,493,499
test_83_0_0.png,0,0,0,0,0,0,0,0,0,0,0,0,0,0,0
test_83_0_1.png,0,0,0,0,0,0,0,0,0,0,0,0,0,0,0
test_83_0_2.png,0,0,0,0,0,0,0,0,0,0,0,0,0,0,0
test_83_0_3.png,0,0,0,0,0,0,0,0,0,0,0,0,0,0,0
test_83_1_0.png,0,0,0,0,0,0,0,0,0,0,0,0,0,0,0
test_83_1_1.png,0,0,0,0,0,0,0,0,0,0,0,0,0,0,0
test_83_1_2.png,0,0,0,0,0,0,0,0,0,0,0,0,0,0,0
test_83_1_3.png,0,0,0,0,0,0,0,0,0,0,0,0,0,0,0
test_83_2_0.png,0,0,0,0,0,0,0,0,0,0,0,0,0,0,0
test_83_2_1.png,9739,456,1217,9755,506,1201,9843,593,1113,9812,552,1144,9793,494,1163
test_83_2_2.png,1200,18,364,1213,16,351,1212,17,352,1174,4,390,1206,9,358
test_83_2_3.png,0,0,0,0,0,0,0,0,0,0,0,0,0,0,0
test_83_3_0.png,6065,443,1125,6106,387,1084,6119,410,1071,6294,552,896,6107,428,1083
test_83_3_1.png,20167,1386,3454,20120,1641,3501,20040,2289,3581,19838,1312,3783,20042,1363,3579
test_83_3_2.png,5712,123,1028,5742,135,998,4529,40,2211,5033,90,1707,5426,85,1314
test_83_3_3.png,0,176,0,0,154,0,0,145,0,0,151,0,0,148,0
test_84_0_0.png,0,0,0,0,0,0,0,0,0,0,0,0,0,0,0
test_84_0_1.png,66,13,42,65,8,43,64,2,44,65,0,43,65,4,43
test_84_0_2.png,1241,47,166,1253,284,154,1248,418,159,1230,449,177,1247,347,160
test_84_0_3.png,1818,108,1107,1861,156,1064,1690,82,1235,1829,104,1096,1827,106,1098
test_84_1_0.png,0,0,0,0,0,0,0,0,0,0,0,0,0,0,0
test_84_1_1.png,4437,188,942,4668,276,711,4811,349,568,4779,454,600,4710,276,669
test_84_1_2.png,11007,902,1773,10797,903,1983,11129,2192,1651,10671,1411,2109,10901,1054,1879
test_84_1_3.png,5319,694,872,5432,791,759,5466,820,725,5465,846,726,5421,764,770
test_84_2_0.png,0,0,0,0,0,0,0,0,0,0,0,0,0,0,0
test_84_2_1.png,3632,398,999,3655,239,976,3800,479,831,3707,244,924,3678,242,953
test_84_2_2.png,8318,320,1899,8365,325,1852,8448,341,1769,8501,317,1716,8405,305,1812
test_84_2_3.png,2164,202,851,2290,218,725,2362,196,653,2340,177,675,2339,190,676
test_84_3_0.png,0,0,0,0,0,0,0,0,0,0,0,0,0,0,0
test_84_3_1.png,1270,215,375,1283,174,362,1238,224,407,1280,295,365,1274,208,371
test_84_3_2.png,1984,45,334,1998,37,320,1931,25,387,1939,22,379,1968,29,350
test_84_3_3.png,0,0,0,0,0,0,0,0,0,0,0,0,0,0,0
test_85_0_0.png,0,0,0,0,0,0,0,0,0,0,0,0,0,0,0
test_85_0_1.png,0,0,308,0,0,308,0,0,308,0,0,308,0,0,308
test_85_0_2.png,0,0,0,0,0,0,0,0,0,0,0,0,0,0,0
test_85_0_3.png,0,0,0,0,0,0,0,0,0,0,0,0,0,0,0
test_85_1_0.png,8705,330,1051,8601,297,1155,8745,492,1011,8653,305,1103,8674,310,1082
test_85_1_1.png,1760,19,242,1754,13,248,1750,23,252,1756,20,246,1751,18,251
test_85_1_2.png,0,0,0,0,0,0,0,0,0,0,0,0,0,0,0
test_85_1_3.png,0,0,0,0,0,0,0,0,0,0,0,0,0,0,0
test_85_2_0.png,13476,1100,1557,13493,1052,1540,13517,1101,1516,13547,1081,1486,13537,1029,1496
test_85_2_1.png,9224,849,1208,9278,867,1154,9242,712,1190,9254,859,1178,9246,812,1186
test_85_2_2.png,0,0,0,0,0,0,0,0,0,0,0,0,0,0,0
test_85_2_3.png,0,0,0,0,0,0,0,0,0,0,0,0,0,0,0
test_85_3_0.png,6067,612,527,6035,541,559,6078,555,516,6068,626,526,6067,587,527
test_85_3_1.png,2612,132,599,2624,150,587,2589,184,622,2621,151,590,2613,143,598
test_85_3_2.png,0,0,0,0,0,0,0,0,0,0,0,0,0,0,0
test_85_3_3.png,741,209,794,540,0,995,699,134,836,502,262,1033,585,124,950
test_86_0_0.png,0,0,0,0,0,0,0,0,0,0,0,0,0,0,0
test_86_0_1.png,638,0,105,14,0,729,600,0,143,605,0,138,600,0,143
test_86_0_2.png,0,0,0,0,0,0,0,0,0,0,0,0,0,0,0
test_86_0_3.png,0,0,0,0,0,0,0,0,0,0,0,0,0,0,0
test_86_1_0.png,0,0,420,363,16,57,396,532,24,380,1196,40,371,19,49
test_86_1_1.png,0,0,0,0,0,0,0,0,0,0,0,0,0,0,0
test_86_1_2.png,0,0,0,0,0,0,0,0,0,0,0,0,0,0,0
test_86_1_3.png,0,0,0,0,0,0,0,0,0,0,0,0,0,0,0
test_86_2_0.png,34,100,19,24,599,29,0,412,53,23,301,30,22,379,31
test_86_2_1.png,694,10,57,691,6,60,699,11,52,689,11,62,699,8,52
test_86_2_2.png,0,0,0,0,0,0,0,0,0,0,0,0,0,0,0
test_86_2_3.png,0,0,0,0,0,0,0,0,0,0,0,0,0,0,0
test_86_3_0.png,0,0,227,0,0,227,0,0,227,0,0,227,0,0,227
test_86_3_1.png,0,0,0,0,0,0,0,0,0,0,0,0,0,0,0
test_86_3_2.png,0,792,0,0,785,0,0,777,0,0,805,0,0,789,0
test_86_3_3.png,0,0,0,0,0,0,0,0,0,0,0,0,0,0,0
test_87_0_0.png,3886,554,881,3867,448,900,3845,467,922,3866,1478,901,3862,496,905
test_87_0_1.png,14333,581,2505,14150,485,2688,14105,1024,2733,14293,507,2545,14233,475,2605
test_87_0_2.png,10825,657,1488,10732,589,1581,10846,635,1467,10822,652,1491,10812,626,1501
test_87_0_3.png,0,0,0,0,0,0,0,0,0,0,0,0,0,0,0
test_87_1_0.png,14979,589,2790,14941,594,2828,14933,638,2836,14930,599,2839,14957,593,2812
test_87_1_1.png,22927,694,3903,22840,692,3990,23064,698,3766,22882,638,3948,22933,657,3897
test_87_1_2.png,12002,538,2154,11976,604,2180,12146,590,2010,11911,649,2245,11996,579,2160
test_87_1_3.png,441,2,55,422,4,74,407,0,89,397,0,99,419,1,77
test_87_2_0.png,5679,429,547,5695,484,531,5709,430,517,5761,425,465,5712,427,514
test_87_2_1.png,7117,323,1119,7083,326,1153,7081,292,1155,7117,364,1119,7094,297,1142
test_87_2_2.png,2587,161,977,2606,138,958,2511,115,1053,2515,111,1049,2545,122,1019
test_87_2_3.png,0,0,0,0,0,0,0,0,0,0,0,0,0,0,0
test_87_3_0.png,0,0,0,0,0,0,0,0,0,0,0,0,0,0,0
test_87_3_1.png,0,0,0,0,0,0,0,0,0,0,0,0,0,0,0
test_87_3_2.png,0,0,0,0,0,0,0,0,0,0,0,0,0,0,0
test_87_3_3.png,0,0,0,0,0,0,0,0,0,0,0,0,0,0,0
test_88_0_0.png,0,0,573,0,0,573,0,0,573,0,0,573,0,0,573
test_88_0_1.png,0,0,0,0,0,0,0,0,0,0,0,0,0,0,0
test_88_0_2.png,0,0,0,0,0,0,0,0,0,0,0,0,0,0,0
test_88_0_3.png,0,0,0,0,0,0,0,0,0,0,0,0,0,0,0
test_88_1_0.png,0,0,0,0,0,0,0,0,0,0,0,0,0,0,0
test_88_1_1.png,0,0,0,0,0,0,0,0,0,0,0,0,0,0,0
test_88_1_2.png,0,0,0,0,0,0,0,0,0,0,0,0,0,0,0
test_88_1_3.png,0,0,0,0,0,0,0,0,0,0,0,0,0,0,0
test_88_2_0.png,0,0,0,0,0,0,0,0,0,0,0,0,0,0,0
test_88_2_1.png,0,0,0,0,0,0,0,0,0,0,0,0,0,0,0
test_88_2_2.png,0,0,0,0,0,0,0,0,0,0,0,0,0,0,0
test_88_2_3.png,0,0,0,0,0,0,0,0,0,0,0,0,0,0,0
test_88_3_0.png,0,0,0,0,0,0,0,0,0,0,0,0,0,0,0
test_88_3_1.png,0,0,0,0,0,0,0,0,0,0,0,0,0,0,0
test_88_3_2.png,0,0,0,0,0,0,0,0,0,0,0,0,0,0,0
test_88_3_3.png,0,0,0,0,0,0,0,0,0,0,0,0,0,0,0
test_89_0_0.png,0,0,0,0,0,0,0,0,0,0,0,0,0,0,0
test_89_0_1.png,0,0,0,0,0,0,0,0,0,0,0,0,0,0,0
test_89_0_2.png,0,0,0,0,0,0,0,0,0,0,0,0,0,0,0
test_89_0_3.png,0,1628,0,0,1484,0,0,1599,0,0,14,0,0,1539,0
test_89_1_0.png,0,0,0,0,0,0,0,0,0,0,0,0,0,0,0
test_89_1_1.png,0,0,0,0,0,0,0,0,0,0,0,0,0,0,0
test_89_1_2.png,0,0,0,0,0,0,0,0,0,0,0,0,0,0,0
test_89_1_3.png,0,0,0,0,0,0,0,0,0,0,0,0,0,0,0
test_89_2_0.png,0,0,0,0,0,0,0,0,0,0,0,0,0,0,0
test_89_2_1.png,21339,188,1085,21709,376,715,21891,233,533,21948,431,476,21739,247,685
test_89_2_2.png,28807,238,2311,28363,144,2755,29992,405,1126,28411,179,2707,28934,212,2184
test_89_2_3.png,0,0,0,0,0,0,0,0,0,0,0,0,0,0,0
test_89_3_0.png,0,0,0,0,0,0,0,0,0,0,0,0,0,0,0
test_89_3_1.png,0,0,168,0,0,168,0,0,168,0,0,168,0,0,168
test_89_3_2.png,2542,19,115,2573,20,84,2560,25,97,2571,27,86,2569,22,88
test_89_3_3.png,1235,63,122,1244,59,113,1266,62,91,1234,70,123,1246,60,111
test_8_0_0.png,2952,303,36,2943,287,45,2946,329,42,2940,281,48,2953,299,35
test_8_0_1.png,0,0,0,0,0,0,0,0,0,0,0,0,0,0,0
test_8_0_2.png,1251,57,131,1196,55,186,1220,65,162,1130,49,252,1213,56,169
test_8_0_3.png,2877,257,147,2864,245,160,2869,256,155,2892,276,132,2880,260,144
test_8_1_0.png,0,0,0,0,0,0,0,0,0,0,0,0,0,0,0
test_8_1_1.png,0,0,0,0,0,0,0,0,0,0,0,0,0,0,0
test_8_1_2.png,0,0,0,0,0,0,0,0,0,0,0,0,0,0,0
test_8_1_3.png,0,0,0,0,0,0,0,0,0,0,0,0,0,0,0
test_8_2_0.png,4930,442,248,4896,469,282,4922,403,256,4886,387,292,4909,425,269
test_8_2_1.png,7635,459,465,7578,480,522,7647,435,453,7465,415,635,7598,433,502
test_8_2_2.png,9254,562,412,9295,741,371,9275,634,391,9196,724,470,9281,622,385
test_8_2_3.png,637,200,4,637,193,4,641,206,0,640,214,1,640,202,1
test_8_3_0.png,9679,477,611,9606,532,684,9615,457,675,9634,529,656,9636,477,654
test_8_3_1.png,16946,1181,911,16849,1191,1008,16800,1267,1057,16785,1180,1072,16859,1182,998
test_8_3_2.png,16836,1196,898,16861,1308,873,16881,1197,853,16814,1166,920,16850,1199,884
test_8_3_3.png,8043,440,396,8091,498,348,8149,560,290,8066,502,373,8080,482,359
test_90_0_0.png,0,0,0,0,0,0,0,0,0,0,0,0,0,0,0
test_90_0_1.png,0,0,0,0,0,0,0,0,0,0,0,0,0,0,0
test_90_0_2.png,0,0,0,0,0,0,0,0,0,0,0,0,0,0,0
test_90_0_3.png,0,0,0,0,0,0,0,0,0,0,0,0,0,0,0
test_90_1_0.png,0,0,0,0,0,0,0,0,0,0,0,0,0,0,0
test_90_1_1.png,0,0,0,0,0,0,0,0,0,0,0,0,0,0,0
test_90_1_2.png,0,0,0,0,0,0,0,0,0,0,0,0,0,0,0
test_90_1_3.png,0,0,0,0,0,0,0,0,0,0,0,0,0,0,0
test_90_2_0.png,0,0,0,0,0,0,0,0,0,0,0,0,0,0,0
test_90_2_1.png,0,0,0,0,0,0,0,0,0,0,0,0,0,0,0
test_90_2_2.png,0,0,0,0,0,0,0,0,0,0,0,0,0,0,0
test_90_2_3.png,0,0,0,0,0,0,0,0,0,0,0,0,0,0,0
test_90_3_0.png,0,0,0,0,0,0,0,0,0,0,0,0,0,0,0
test_90_3_1.png,0,0,0,0,0,0,0,0,0,0,0,0,0,0,0
test_90_3_2.png,0,0,0,0,0,0,0,0,0,0,0,0,0,0,0
test_90_3_3.png,0,0,0,0,0,0,0,0,0,0,0,0,0,0,0
test_91_0_0.png,3466,246,253,3461,237,258,3476,231,243,3472,220,247,3459,231,260
test_91_0_1.png,0,0,0,0,0,0,0,0,0,0,0,0,0,0,0
test_91_0_2.png,0,0,338,0,0,338,24,0,314,0,0,338,0,0,338
test_91_0_3.png,0,0,754,0,0,754,0,0,754,0,0,754,0,0,754
test_91_1_0.png,2558,123,431,2557,144,432,2592,186,397,2591,190,398,2579,164,410
test_91_1_1.png,0,0,0,0,0,0,0,0,0,0,0,0,0,0,0
test_91_1_2.png,0,0,0,0,0,0,0,0,0,0,0,0,0,0,0
test_91_1_3.png,1666,64,137,1637,49,166,1644,44,159,1644,58,159,1648,49,155
test_91_2_0.png,0,0,0,0,0,0,0,0,0,0,0,0,0,0,0
test_91_2_1.png,0,0,0,0,0,0,0,0,0,0,0,0,0,0,0
test_91_2_2.png,0,0,0,0,0,0,0,0,0,0,0,0,0,0,0
test_91_2_3.png,0,0,0,0,0,0,0,0,0,0,0,0,0,0,0
test_91_3_0.png,0,0,0,0,0,0,0,0,0,0,0,0,0,0,0
test_91_3_1.png,0,0,0,0,0,0,0,0,0,0,0,0,0,0,0
test_91_3_2.png,0,0,0,0,0,0,0,0,0,0,0,0,0,0,0
test_91_3_3.png,0,0,0,0,0,0,0,0,0,0,0,0,0,0,0
test_92_0_0.png,0,0,0,0,0,0,0,0,0,0,0,0,0,0,0
test_92_0_1.png,0,0,0,0,0,0,0,0,0,0,0,0,0,0,0
test_92_0_2.png,0,0,0,0,0,0,0,0,0,0,0,0,0,0,0
test_92_0_3.png,0,0,0,0,0,0,0,0,0,0,0,0,0,0,0
test_92_1_0.png,8637,363,674,8599,376,712,8708,450,603,8538,412,773,8643,388,668
test_92_1_1.png,3857,258,171,3839,259,189,3865,274,163,3809,232,219,3844,254,184
test_92_1_2.png,0,0,0,0,0,0,0,0,0,0,0,0,0,0,0
test_92_1_3.png,0,0,0,0,0,0,0,0,0,0,0,0,0,0,0
test_92_2_0.png,25852,1550,1841,25921,1640,1772,25829,1625,1864,25856,1533,1837,25880,1550,1813
test_92_2_1.png,3965,191,347,3924,179,388,3905,186,407,3918,200,394,3932,176,380
test_92_2_2.png,0,0,0,0,0,0,0,0,0,0,0,0,0,0,0
test_92_2_3.png,7959,234,1239,8031,215,1167,7926,216,1272,7859,199,1339,7947,214,1251
test_92_3_0.png,11782,300,1161,11869,374,1074,11718,365,1225,11820,321,1123,11838,315,1105
test_92_3_1.png,0,0,0,0,0,0,0,0,0,0,0,0,0,0,0
test_92_3_2.png,7233,151,680,7230,157,683,7187,130,726,7124,142,789,7200,121,713
test_92_3_3.png,20705,757,2502,20745,867,2462,20810,879,2397,20870,933,2337,20807,821,2400
test_93_0_0.png,0,0,0,0,0,0,0,0,0,0,0,0,0,0,0
test_93_0_1.png,0,0,0,0,0,0,0,0,0,0,0,0,0,0,0
test_93_0_2.png,0,0,0,0,0,0,0,0,0,0,0,0,0,0,0
test_93_0_3.png,0,0,0,0,0,0,0,0,0,0,0,0,0,0,0
test_93_1_0.png,0,0,0,0,0,0,0,0,0,0,0,0,0,0,0
test_93_1_1.png,0,0,0,0,0,0,0,0,0,0,0,0,0,0,0
test_93_1_2.png,0,0,0,0,0,0,0,0,0,0,0,0,0,0,0
test_93_1_3.png,0,0,0,0,0,0,0,0,0,0,0,0,0,0,0
test_93_2_0.png,468,0,177,452,0,193,453,0,192,448,0,197,454,0,191
test_93_2_1.png,0,0,0,0,0,0,0,0,0,0,0,0,0,0,0
test_93_2_2.png,0,0,0,0,0,0,0,0,0,0,0,0,0,0,0
test_93_2_3.png,0,0,0,0,0,0,0,0,0,0,0,0,0,0,0
test_93_3_0.png,3543,275,481,3655,374,369,3543,225,481,3480,221,544,3554,244,470
test_93_3_1.png,0,0,0,0,0,0,0,0,0,0,0,0,0,0,0
test_93_3_2.png,0,0,0,0,0,0,0,0,0,0,0,0,0,0,0
test_93_3_3.png,0,0,0,0,0,0,0,0,0,0,0,0,0,0,0
test_94_0_0.png,0,0,0,0,0,0,0,0,0,0,0,0,0,0,0
test_94_0_1.png,0,0,0,0,0,0,0,0,0,0,0,0,0,0,0
test_94_0_2.png,0,0,0,0,0,0,0,0,0,0,0,0,0,0,0
test_94_0_3.png,0,0,0,0,0,0,0,0,0,0,0,0,0,0,0
test_94_1_0.png,0,0,0,0,0,0,0,0,0,0,0,0,0,0,0
test_94_1_1.png,0,0,0,0,0,0,0,0,0,0,0,0,0,0,0
test_94_1_2.png,0,0,0,0,0,0,0,0,0,0,0,0,0,0,0
test_94_1_3.png,0,0,0,0,0,0,0,0,0,0,0,0,0,0,0
test_94_2_0.png,0,0,0,0,0,0,0,0,0,0,0,0,0,0,0
test_94_2_1.png,0,0,0,0,0,0,0,0,0,0,0,0,0,0,0
test_94_2_2.png,0,0,0,0,0,0,0,0,0,0,0,0,0,0,0
test_94_2_3.png,0,0,561,0,0,561,0,0,561,0,0,561,0,0,561
test_94_3_0.png,0,0,0,0,0,0,0,0,0,0,0,0,0,0,0
test_94_3_1.png,0,0,0,0,0,0,0,0,0,0,0,0,0,0,0
test_94_3_2.png,0,0,0,0,0,0,0,0,0,0,0,0,0,0,0
test_94_3_3.png,0,0,0,0,0,0,0,0,0,0,0,0,0,0,0
test_95_0_0.png,0,0,0,0,0,0,0,0,0,0,0,0,0,0,0
test_95_0_1.png,0,0,0,0,0,0,0,0,0,0,0,0,0,0,0
test_95_0_2.png,0,0,0,0,0,0,0,0,0,0,0,0,0,0,0
test_95_0_3.png,0,0,0,0,0,0,0,0,0,0,0,0,0,0,0
test_95_1_0.png,0,0,0,0,0,0,0,0,0,0,0,0,0,0,0
test_95_1_1.png,0,0,0,0,0,0,0,0,0,0,0,0,0,0,0
test_95_1_2.png,0,0,0,0,0,0,0,0,0,0,0,0,0,0,0
test_95_1_3.png,0,0,0,0,0,0,0,0,0,0,0,0,0,0,0
test_95_2_0.png,0,0,0,0,0,0,0,0,0,0,0,0,0,0,0
test_95_2_1.png,0,0,0,0,0,0,0,0,0,0,0,0,0,0,0
test_95_2_2.png,0,0,0,0,0,0,0,0,0,0,0,0,0,0,0
test_95_2_3.png,0,0,0,0,0,0,0,0,0,0,0,0,0,0,0
test_95_3_0.png,70,0,55,87,0,38,110,0,15,93,0,32,93,0,32
test_95_3_1.png,0,0,0,0,0,0,0,0,0,0,0,0,0,0,0
test_95_3_2.png,0,0,0,0,0,0,0,0,0,0,0,0,0,0,0
test_95_3_3.png,0,0,0,0,0,0,0,0,0,0,0,0,0,0,0
test_96_0_0.png,1460,107,33,1460,88,33,1460,90,33,1465,99,28,1462,94,31
test_96_0_1.png,0,0,0,0,0,0,0,0,0,0,0,0,0,0,0
test_96_0_2.png,0,0,0,0,0,0,0,0,0,0,0,0,0,0,0
test_96_0_3.png,0,0,19,0,0,19,0,0,19,0,0,19,0,0,19
test_96_1_0.png,0,0,0,0,0,0,0,0,0,0,0,0,0,0,0
test_96_1_1.png,0,0,0,0,0,0,0,0,0,0,0,0,0,0,0
test_96_1_2.png,0,0,0,0,0,0,0,0,0,0,0,0,0,0,0
test_96_1_3.png,0,0,0,0,0,0,0,0,0,0,0,0,0,0,0
test_96_2_0.png,0,0,0,0,0,0,0,0,0,0,0,0,0,0,0
test_96_2_1.png,0,0,0,0,0,0,0,0,0,0,0,0,0,0,0
test_96_2_2.png,0,0,0,0,0,0,0,0,0,0,0,0,0,0,0
test_96_2_3.png,0,0,0,0,0,0,0,0,0,0,0,0,0,0,0
test_96_3_0.png,0,0,0,0,0,0,0,0,0,0,0,0,0,0,0
test_96_3_1.png,0,0,0,0,0,0,0,0,0,0,0,0,0,0,0
test_96_3_2.png,0,0,0,0,0,0,0,0,0,0,0,0,0,0,0
test_96_3_3.png,0,0,0,0,0,0,0,0,0,0,0,0,0,0,0
test_97_0_0.png,0,0,41,0,0,41,0,0,41,0,0,41,0,0,41
test_97_0_1.png,0,0,0,0,0,0,0,0,0,0,0,0,0,0,0
test_97_0_2.png,0,0,0,0,0,0,0,0,0,0,0,0,0,0,0
test_97_0_3.png,0,0,0,0,0,0,0,0,0,0,0,0,0,0,0
test_97_1_0.png,0,0,0,0,0,0,0,0,0,0,0,0,0,0,0
test_97_1_1.png,0,0,0,0,0,0,0,0,0,0,0,0,0,0,0
test_97_1_2.png,0,0,0,0,0,0,0,0,0,0,0,0,0,0,0
test_97_1_3.png,0,0,0,0,0,0,0,0,0,0,0,0,0,0,0
test_97_2_0.png,416,8,52,423,3,45,432,7,36,414,0,54,423,6,45
test_97_2_1.png,124,24,47,129,49,42,128,45,43,134,74,37,128,45,43
test_97_2_2.png,0,0,0,0,0,0,0,0,0,0,0,0,0,0,0
test_97_2_3.png,0,0,0,0,0,0,0,0,0,0,0,0,0,0,0
test_97_3_0.png,316,87,7,317,91,6,319,99,4,318,96,5,318,92,5
test_97_3_1.png,284,45,4,285,52,3,285,39,3,287,35,1,285,40,3
test_97_3_2.png,0,0,0,0,0,0,0,0,0,0,0,0,0,0,0
test_97_3_3.png,0,0,0,0,0,0,0,0,0,0,0,0,0,0,0
test_98_0_0.png,0,0,0,0,0,0,0,0,0,0,0,0,0,0,0
test_98_0_1.png,0,0,0,0,0,0,0,0,0,0,0,0,0,0,0
test_98_0_2.png,0,0,0,0,0,0,0,0,0,0,0,0,0,0,0
test_98_0_3.png,0,0,0,0,0,0,0,0,0,0,0,0,0,0,0
test_98_1_0.png,0,0,0,0,0,0,0,0,0,0,0,0,0,0,0
test_98_1_1.png,0,0,0,0,0,0,0,0,0,0,0,0,0,0,0
test_98_1_2.png,0,0,0,0,0,0,0,0,0,0,0,0,0,0,0
test_98_1_3.png,0,0,0,0,0,0,0,0,0,0,0,0,0,0,0
test_98_2_0.png,0,0,0,0,0,0,0,0,0,0,0,0,0,0,0
test_98_2_1.png,0,0,0,0,0,0,0,0,0,0,0,0,0,0,0
test_98_2_2.png,0,0,0,0,0,0,0,0,0,0,0,0,0,0,0
test_98_2_3.png,0,0,0,0,0,0,0,0,0,0,0,0,0,0,0
test_98_3_0.png,0,0,0,0,0,0,0,0,0,0,0,0,0,0,0
test_98_3_1.png,460,1,56,455,2,61,453,1,63,473,5,43,465,1,51
test_98_3_2.png,0,0,0,0,0,0,0,0,0,0,0,0,0,0,0
test_98_3_3.png,0,0,0,0,0,0,0,0,0,0,0,0,0,0,0
test_99_0_0.png,0,0,0,0,0,0,0,0,0,0,0,0,0,0,0
test_99_0_1.png,0,0,0,0,0,0,0,0,0,0,0,0,0,0,0
test_99_0_2.png,0,0,0,0,0,0,0,0,0,0,0,0,0,0,0
test_99_0_3.png,0,0,0,0,0,0,0,0,0,0,0,0,0,0,0
test_99_1_0.png,0,0,0,0,0,0,0,0,0,0,0,0,0,0,0
test_99_1_1.png,0,0,0,0,0,0,0,0,0,0,0,0,0,0,0
test_99_1_2.png,0,0,0,0,0,0,0,0,0,0,0,0,0,0,0
test_99_1_3.png,0,0,0,0,0,0,0,0,0,0,0,0,0,0,0
test_99_2_0.png,0,0,0,0,0,0,0,0,0,0,0,0,0,0,0
test_99_2_1.png,0,0,0,0,0,0,0,0,0,0,0,0,0,0,0
test_99_2_2.png,0,0,0,0,0,0,0,0,0,0,0,0,0,0,0
test_99_2_3.png,0,0,0,0,0,0,0,0,0,0,0,0,0,0,0
test_99_3_0.png,0,0,97,0,0,97,0,0,97,0,0,97,0,0,97
test_99_3_1.png,0,0,143,0,0,143,0,0,143,0,0,143,0,0,143
test_99_3_2.png,0,0,0,0,0,0,0,0,0,0,0,0,0,0,0
test_99_3_3.png,0,0,0,0,0,0,0,0,0,0,0,0,0,0,0
test_9_0_0.png,2336,145,213,2289,161,260,2383,177,166,2377,157,172,2358,154,191
test_9_0_1.png,0,0,0,0,0,0,0,0,0,0,0,0,0,0,0
test_9_0_2.png,0,0,0,0,0,0,0,0,0,0,0,0,0,0,0
test_9_0_3.png,0,0,0,0,0,0,0,0,0,0,0,0,0,0,0
test_9_1_0.png,2720,213,138,2695,191,163,2698,192,160,2672,168,186,2696,189,162
test_9_1_1.png,0,0,0,0,0,0,0,0,0,0,0,0,0,0,0
test_9_1_2.png,0,0,0,0,0,0,0,0,0,0,0,0,0,0,0
test_9_1_3.png,0,0,0,0,0,0,0,0,0,0,0,0,0,0,0
test_9_2_0.png,1086,58,177,1107,210,156,1110,232,153,1104,169,159,1104,185,159
test_9_2_1.png,0,0,0,0,0,0,0,0,0,0,0,0,0,0,0
test_9_2_2.png,0,0,0,0,0,0,0,0,0,0,0,0,0,0,0
test_9_2_3.png,0,0,0,0,0,0,0,0,0,0,0,0,0,0,0
test_9_3_0.png,1232,91,867,1285,111,814,1279,122,820,1269,109,830,1278,105,821
test_9_3_1.png,0,0,0,0,0,0,0,0,0,0,0,0,0,0,0
test_9_3_2.png,0,0,0,0,0,0,0,0,0,0,0,0,0,0,0
test_9_3_3.png,0,0,0,0,0,0,0,0,0,0,0,0,0,0,0
