image,original_tp,original_fp,original_fn,flip_w_tp,flip_w_fp,flip_w_fn,flip_h_tp,flip_h_fp,flip_h_fn,flip_hw_tp,flip_hw_fp,flip_hw_fn,tta_tp,tta_fp,tta_fn
test_100_0_0.png,0,0,0,0,0,0,0,0,0,0,0,0,0,0,0
test_100_0_1.png,0,0,1131,0,0,1131,0,0,1131,0,0,1131,0,0,1131
test_100_0_2.png,0,0,219,0,0,219,0,0,219,0,0,219,0,0,219
test_100_0_3.png,6791,408,428,6847,355,372,6781,386,438,6808,318,411,6820,330,399
test_100_1_0.png,413,2,34,408,7,39,279,0,168,419,9,28,412,1,35
test_100_1_1.png,0,0,0,0,0,0,0,0,0,0,0,0,0,0,0
test_100_1_2.png,5704,351,466,5593,318,577,5631,364,539,5676,390,494,5652,351,518
test_100_1_3.png,17319,694,1567,17163,591,1723,17197,693,1689,17087,745,1799,17211,643,1675
test_100_2_0.png,0,0,0,0,0,0,0,0,0,0,0,0,0,0,0
test_100_2_1.png,1862,56,272,1870,72,264,1860,65,274,1836,48,298,1853,59,281
test_100_2_2.png,14975,477,1114,14918,493,1171,14898,544,1191,14883,475,1206,14926,464,1163
test_100_2_3.png,17570,708,1273,17552,761,1291,17735,755,1108,17646,723,1197,17670,724,1173
test_100_3_0.png,0,0,0,0,0,0,0,0,0,0,0,0,0,0,0
test_100_3_1.png,10924,431,842,10920,436,846,10934,464,832,10925,422,841,10939,421,827
test_100_3_2.png,19223,690,1193,19269,703,1147,19388,841,1028,19317,795,1099,19300,727,1116
test_100_3_3.png,14338,440,1185,14342,381,1181,14437,521,1086,14326,410,1197,14363,403,1160
test_101_0_0.png,0,0,0,0,0,0,0,0,0,0,0,0,0,0,0
test_101_0_1.png,11474,1558,212,11538,1852,148,11504,1740,182,11482,843,204,11511,1523,175
test_101_0_2.png,0,120,0,0,103,0,0,406,0,0,91,0,0,101,0
test_101_0_3.png,0,0,0,0,0,0,0,0,0,0,0,0,0,0,0
test_101_1_0.png,0,0,211,0,0,211,0,0,211,0,0,211,0,0,211
test_101_1_1.png,0,0,0,0,0,0,0,0,0,0,0,0,0,0,0
test_101_1_2.png,0,0,0,0,0,0,0,0,0,0,0,0,0,0,0
test_101_1_3.png,0,0,486,0,0,486,71,65,415,110,93,376,39,16,447
test_101_2_0.png,1505,46,181,1539,57,147,1452,52,234,1517,33,169,1513,45,173
test_101_2_1.png,7300,60,595,7294,69,601,7307,64,588,7309,59,586,7308,57,587
test_101_2_2.png,1015,26,139,1002,25,152,1028,63,126,0,0,1154,995,26,159
test_101_2_3.png,6543,128,532,6642,197,433,6652,369,423,6592,221,483,6624,189,451
test_101_3_0.png,427,6,1295,93,2,1629,382,0,1340,301,6,1421,347,0,1375
test_101_3_1.png,7471,684,893,7919,959,445,7587,746,777,7820,836,544,7747,768,617
test_101_3_2.png,4744,125,866,5108,132,502,5159,184,451,5166,176,444,5138,146,472
test_101_3_3.png,3213,120,274,3235,130,252,3298,263,189,3266,173,221,3267,150,220
test_102_0_0.png,0,241,0,0,225,0,0,233,0,0,222,0,0,231,0
test_102_0_1.png,2354,17,89,2335,0,108,2347,16,96,2349,5,94,2346,8,97
test_102_0_2.png,20593,211,233,20626,241,200,20444,154,382,20541,193,285,20560,183,266
test_102_0_3.png,15710,720,456,15733,444,433,15605,180,561,15593,342,573,15676,342,490
test_102_1_0.png,2191,161,173,2201,116,163,2201,129,163,2201,144,163,2199,129,165
test_102_1_1.png,18547,504,32,18513,519,66,18505,415,74,18492,657,87,18511,481,68
test_102_1_2.png,14415,595,186,14380,239,221,14290,104,311,14396,139,205,14376,148,225
test_102_1_3.png,2712,0,140,2683,0,169,2701,0,151,2694,0,158,2699,0,153
test_102_2_0.png,13309,59,244,13368,90,185,13374,184,179,13305,39,248,13343,64,210
test_102_2_1.png,2088,59,35,2081,174,42,2096,294,27,2084,91,39,2086,137,37
test_102_2_2.png,0,0,0,0,0,0,0,0,0,0,0,0,0,0,0
test_102_2_3.png,0,0,0,0,0,0,0,0,0,0,0,0,0,0,0
test_102_3_0.png,11206,410,777,11264,465,719,11340,647,643,11294,730,689,11293,479,690
test_102_3_1.png,0,0,0,0,0,0,0,0,0,0,0,0,0,0,0
test_102_3_2.png,0,0,0,0,0,0,0,0,0,0,0,0,0,0,0
test_102_3_3.png,0,0,0,0,0,0,0,0,0,0,0,0,0,0,0
test_103_0_0.png,2915,323,397,2945,442,367,3065,330,247,3107,442,205,3071,363,241
test_103_0_1.png,1531,70,2181,2585,726,1127,418,73,3294,1593,129,2119,1663,72,2049
test_103_0_2.png,0,0,0,0,0,0,0,0,0,0,0,0,0,0,0
test_103_0_3.png,4624,1023,245,4629,313,240,4667,1069,202,4621,494,248,4642,526,227
test_103_1_0.png,3386,845,1711,3258,889,1839,2504,560,2593,3019,553,2078,3081,651,2016
test_103_1_1.png,0,0,1218,0,0,1218,0,0,1218,0,34,1218,0,0,1218
test_103_1_2.png,0,0,0,0,0,0,0,0,0,0,0,0,0,0,0
test_103_1_3.png,0,648,0,0,139,0,0,0,0,0,1239,0,0,177,0
test_103_2_0.png,0,0,0,0,0,0,0,0,0,0,0,0,0,0,0
test_103_2_1.png,0,0,0,0,0,0,0,0,0,0,0,0,0,0,0
test_103_2_2.png,0,0,0,0,0,0,0,0,0,0,0,0,0,0,0
test_103_2_3.png,0,0,0,0,0,0,0,0,0,0,0,0,0,0,0
test_103_3_0.png,0,0,0,0,0,0,0,0,0,0,0,0,0,0,0
test_103_3_1.png,0,101,0,0,180,0,0,0,0,0,0,0,0,0,0
test_103_3_2.png,0,0,0,0,0,0,0,0,0,0,0,0,0,0,0
test_103_3_3.png,0,330,0,0,325,0,0,0,0,0,0,0,0,273,0
test_104_0_0.png,0,0,0,0,0,0,0,0,0,0,0,0,0,0,0
test_104_0_1.png,0,0,0,0,0,0,0,0,0,0,0,0,0,0,0
test_104_0_2.png,0,0,0,0,0,0,0,0,0,0,0,0,0,0,0
test_104_0_3.png,0,0,0,0,0,0,0,0,0,0,0,0,0,0,0
test_104_1_0.png,0,0,0,0,0,0,0,0,0,0,0,0,0,0,0
test_104_1_1.png,0,0,0,0,0,0,0,0,0,0,0,0,0,0,0
test_104_1_2.png,0,0,0,0,0,0,0,0,0,0,0,0,0,0,0
test_104_1_3.png,0,0,0,0,0,0,0,0,0,0,0,0,0,0,0
test_104_2_0.png,17819,3124,324,17711,1224,432,17844,2025,299,17793,2741,350,17809,2406,334
test_104_2_1.png,0,0,0,0,0,0,0,0,0,0,167,0,0,0,0
test_104_2_2.png,0,0,0,0,0,0,0,0,0,0,0,0,0,0,0
test_104_2_3.png,0,0,0,0,0,0,0,0,0,0,0,0,0,0,0
test_104_3_0.png,76,924,830,161,926,745,154,915,752,103,925,803,141,922,765
test_104_3_1.png,0,0,0,0,0,0,0,0,0,0,0,0,0,0,0
test_104_3_2.png,0,0,0,0,0,0,0,0,0,0,0,0,0,0,0
test_104_3_3.png,0,869,0,0,890,0,0,826,0,0,996,0,0,863,0
test_105_0_0.png,0,0,0,0,0,0,0,0,0,0,0,0,0,0,0
test_105_0_1.png,0,0,0,0,0,0,0,0,0,0,0,0,0,0,0
test_105_0_2.png,0,0,0,0,0,0,0,0,0,0,0,0,0,0,0
test_105_0_3.png,0,0,0,0,0,0,0,0,0,0,0,0,0,0,0
test_105_1_0.png,2317,56,198,2299,52,216,2269,79,246,2268,89,247,2290,65,225
test_105_1_1.png,0,0,0,0,0,0,0,0,0,0,0,0,0,0,0
test_105_1_2.png,0,0,35,0,0,35,0,0,35,0,0,35,0,0,35
test_105_1_3.png,11632,576,1375,11677,616,1330,11823,728,1184,11759,713,1248,11729,609,1278
test_105_2_0.png,7909,417,922,7954,419,877,8021,500,810,8015,392,816,7983,402,848
test_105_2_1.png,0,0,0,0,0,0,0,0,0,0,0,0,0,0,0
test_105_2_2.png,1365,122,179,1342,134,202,1367,283,177,1364,619,180,1354,226,190
test_105_2_3.png,1891,860,210,1813,920,288,1946,932,155,1944,904,157,1927,895,174
test_105_3_0.png,12587,790,1073,12464,820,1196,12480,771,1180,12657,970,1003,12569,809,1091
test_105_3_1.png,2840,74,310,2954,131,196,2873,100,277,2936,106,214,2958,100,192
test_105_3_2.png,1082,71,86,1101,42,67,1066,63,102,1124,66,44,1101,57,67
test_105_3_3.png,5851,433,1023,5854,376,1020,6283,406,591,6322,403,552,6252,395,622
test_106_0_0.png,0,0,707,0,0,707,0,0,707,0,0,707,0,0,707
test_106_0_1.png,0,0,0,0,0,0,0,0,0,0,0,0,0,0,0
test_106_0_2.png,3269,315,303,3288,311,284,3247,298,325,3262,308,310,3269,304,303
test_106_0_3.png,16148,844,1380,16342,987,1186,16281,1032,1247,16306,955,1222,16316,931,1212
test_106_1_0.png,0,0,0,0,0,0,0,0,0,0,0,0,0,0,0
test_106_1_1.png,0,0,0,0,0,0,0,0,0,0,0,0,0,0,0
test_106_1_2.png,0,0,0,0,0,0,0,0,0,0,0,0,0,0,0
test_106_1_3.png,0,0,0,0,0,0,0,0,0,0,0,0,0,0,0
test_106_2_0.png,0,0,0,0,0,0,0,0,0,0,39,0,0,0,0
test_106_2_1.png,0,0,0,0,0,0,0,0,0,0,0,0,0,0,0
test_106_2_2.png,0,0,0,0,0,0,0,0,0,0,0,0,0,0,0
test_106_2_3.png,83,70,704,496,83,291,0,0,787,0,0,787,1,52,786
test_106_3_0.png,0,48,0,0,251,0,0,258,0,0,275,0,0,247,0
test_106_3_1.png,0,0,0,0,0,0,0,0,0,0,0,0,0,0,0
test_106_3_2.png,0,10,0,0,0,0,0,0,0,0,0,0,0,0,0
test_106_3_3.png,1356,5,230,1336,6,250,1349,7,237,1362,6,224,1349,5,237
test_107_0_0.png,288,13,27,279,14,36,289,10,26,289,10,26,289,10,26
test_107_0_1.png,0,0,0,0,0,0,0,0,0,0,0,0,0,0,0
test_107_0_2.png,0,0,0,0,0,0,0,0,0,0,0,0,0,0,0
test_107_0_3.png,264,9,67,267,4,64,263,10,68,259,1,72,264,4,67
test_107_1_0.png,0,188,0,0,240,0,0,248,0,0,235,0,0,237,0
test_107_1_1.png,0,0,0,0,0,0,0,0,0,0,0,0,0,0,0
test_107_1_2.png,0,47,0,0,96,0,0,111,0,0,92,0,0,98,0
test_107_1_3.png,0,0,0,0,0,0,0,0,0,0,0,0,0,0,0
test_107_2_0.png,0,0,0,0,0,0,0,0,0,0,0,0,0,0,0
test_107_2_1.png,0,0,0,0,0,0,0,0,0,0,0,0,0,0,0
test_107_2_2.png,754,30,18,770,46,2,751,30,21,765,8,7,767,27,5
test_107_2_3.png,0,0,0,0,0,0,0,0,0,0,0,0,0,0,0
test_107_3_0.png,0,0,0,0,0,0,0,0,0,0,0,0,0,0,0
test_107_3_1.png,0,0,0,0,0,0,0,159,0,0,0,0,0,0,0
test_107_3_2.png,212,0,668,612,0,268,107,0,773,119,0,761,129,0,751
test_107_3_3.png,0,0,0,0,0,0,0,0,0,0,0,0,0,0,0
test_108_0_0.png,0,0,0,0,0,0,0,0,0,0,0,0,0,0,0
test_108_0_1.png,0,0,0,0,0,0,0,0,0,0,0,0,0,0,0
test_108_0_2.png,0,0,0,0,0,0,0,0,0,0,0,0,0,0,0
test_108_0_3.png,0,0,0,0,0,0,0,0,0,0,0,0,0,0,0
test_108_1_0.png,0,0,0,0,0,0,0,0,0,0,0,0,0,0,0
test_108_1_1.png,0,0,0,0,0,0,0,0,0,0,0,0,0,0,0
test_108_1_2.png,0,0,0,0,0,0,0,0,0,0,0,0,0,0,0
test_108_1_3.png,0,0,0,0,0,0,0,0,0,0,0,0,0,0,0
test_108_2_0.png,0,0,0,0,0,0,0,0,0,0,0,0,0,0,0
test_108_2_1.png,0,0,0,0,0,0,0,0,0,0,0,0,0,0,0
test_108_2_2.png,0,0,0,0,0,0,0,0,0,0,0,0,0,0,0
test_108_2_3.png,0,0,0,0,0,0,0,0,0,0,0,0,0,0,0
test_108_3_0.png,0,0,0,0,0,0,0,0,0,0,0,0,0,0,0
test_108_3_1.png,0,0,0,0,0,0,0,0,0,0,0,0,0,0,0
test_108_3_2.png,0,0,0,0,0,0,0,0,0,0,0,0,0,0,0
test_108_3_3.png,0,0,0,0,0,0,0,0,0,0,0,0,0,0,0
test_109_0_0.png,0,0,0,0,0,0,0,0,0,0,0,0,0,0,0
test_109_0_1.png,0,0,0,0,0,0,0,0,0,0,0,0,0,0,0
test_109_0_2.png,0,0,0,0,0,0,0,0,0,0,0,0,0,0,0
test_109_0_3.png,0,0,0,0,0,0,0,0,0,0,0,0,0,0,0
test_109_1_0.png,0,0,0,0,0,0,0,0,0,0,0,0,0,0,0
test_109_1_1.png,0,0,0,0,0,0,0,0,0,0,0,0,0,0,0
test_109_1_2.png,0,0,0,0,0,0,0,0,0,0,0,0,0,0,0
test_109_1_3.png,0,0,0,0,0,0,0,0,0,0,0,0,0,0,0
test_109_2_0.png,0,0,0,0,0,0,0,0,0,0,0,0,0,0,0
test_109_2_1.png,0,0,0,0,0,0,0,0,0,0,0,0,0,0,0
test_109_2_2.png,3869,229,53,3854,204,68,3875,209,47,3867,222,55,3870,217,52
test_109_2_3.png,0,437,0,0,403,0,0,0,0,0,0,0,0,25,0
test_109_3_0.png,0,0,769,0,0,769,0,0,769,0,0,769,0,0,769
test_109_3_1.png,0,0,0,0,0,0,0,0,0,0,0,0,0,0,0
test_109_3_2.png,0,0,0,0,0,0,0,0,0,0,0,0,0,0,0
test_109_3_3.png,0,0,0,0,0,0,0,0,0,0,0,0,0,0,0
test_10_0_0.png,0,0,0,0,0,0,0,0,0,0,0,0,0,0,0
test_10_0_1.png,0,0,0,0,0,0,0,0,0,0,0,0,0,0,0
test_10_0_2.png,0,0,0,0,0,0,0,0,0,0,0,0,0,0,0
test_10_0_3.png,0,0,0,0,0,0,0,0,0,0,0,0,0,0,0
test_10_1_0.png,1142,59,60,1131,33,71,1136,40,66,1116,34,86,1131,38,71
test_10_1_1.png,2862,147,144,2900,162,106,2899,146,107,2896,158,110,2905,149,101
test_10_1_2.png,0,0,0,0,0,0,0,0,0,0,0,0,0,0,0
test_10_1_3.png,0,0,0,0,0,0,0,0,0,0,0,0,0,0,0
test_10_2_0.png,6983,697,415,6944,762,454,6942,783,456,6979,676,419,6963,727,435
test_10_2_1.png,13912,1478,831,13984,1661,759,13869,1386,874,13943,1298,800,13934,1378,809
test_10_2_2.png,11436,1504,443,11409,1449,470,11334,1546,545,11406,1439,473,11411,1442,468
test_10_2_3.png,6986,665,275,7015,779,246,6989,688,272,6981,711,280,7000,697,261
test_10_3_0.png,16377,1835,532,16386,1961,523,16312,1852,597,16264,1785,645,16355,1818,554
test_10_3_1.png,9318,1365,516,9366,1438,468,9326,1232,508,9266,1191,568,9338,1287,496
test_10_3_2.png,9346,963,444,9292,1063,498,9319,938,471,9375,950,415,9340,962,450
test_10_3_3.png,18503,2047,1205,18489,1970,1219,18428,2087,1280,18440,2065,1268,18478,2025,1230
test_110_0_0.png,0,0,0,0,0,0,0,0,0,0,0,0,0,0,0
test_110_0_1.png,0,0,0,0,0,0,0,0,0,0,0,0,0,0,0
test_110_0_2.png,0,0,0,0,0,0,0,0,0,0,0,0,0,0,0
test_110_0_3.png,0,0,0,0,0,0,0,0,0,0,0,0,0,0,0
test_110_1_0.png,0,0,0,0,0,0,0,0,0,0,0,0,0,0,0
test_110_1_1.png,0,0,0,0,0,0,0,0,0,0,0,0,0,0,0
test_110_1_2.png,0,0,0,0,0,0,0,0,0,0,0,0,0,0,0
test_110_1_3.png,2563,216,170,2528,143,205,2539,151,194,2526,123,207,2547,153,186
test_110_2_0.png,3932,41,1901,4328,58,1505,4370,75,1463,4231,51,1602,4309,54,1524
test_110_2_1.png,0,0,0,0,0,0,0,0,0,0,0,0,0,0,0
test_110_2_2.png,0,0,0,0,0,0,0,0,0,0,0,0,0,0,0
test_110_2_3.png,0,0,62,0,0,62,0,0,62,0,0,62,0,0,62
test_110_3_0.png,0,0,0,0,0,0,0,0,0,0,0,0,0,0,0
test_110_3_1.png,0,0,0,0,0,0,0,0,0,0,0,0,0,0,0
test_110_3_2.png,0,0,0,0,0,0,0,0,0,0,0,0,0,0,0
test_110_3_3.png,48,2,111,52,0,107,61,1,98,66,1,93,59,0,100
test_111_0_0.png,0,0,0,0,0,0,0,0,0,0,0,0,0,0,0
test_111_0_1.png,0,0,0,0,0,0,0,0,0,0,35,0,0,0,0
test_111_0_2.png,4474,343,385,4480,178,379,4495,380,364,4494,385,365,4496,353,363
test_111_0_3.png,0,0,12,0,0,12,0,204,12,0,228,12,0,0,12
test_111_1_0.png,0,1,0,0,0,0,0,0,0,0,0,0,0,0,0
test_111_1_1.png,0,0,625,0,0,625,397,20,228,460,0,165,0,0,625
test_111_1_2.png,2393,147,260,2431,136,222,2441,219,212,2429,152,224,2422,156,231
test_111_1_3.png,1302,584,480,1553,653,229,814,122,968,1585,687,197,1485,627,297
test_111_2_0.png,0,0,0,0,0,0,0,0,0,0,0,0,0,0,0
test_111_2_1.png,0,0,0,0,0,0,0,0,0,0,0,0,0,0,0
test_111_2_2.png,0,0,0,0,0,0,0,0,0,0,0,0,0,0,0
test_111_2_3.png,813,45,2373,546,29,2640,488,30,2698,864,42,2322,694,37,2492
test_111_3_0.png,14174,1183,1255,14095,1173,1334,14250,1208,1179,14265,1263,1164,14224,1157,1205
test_111_3_1.png,2288,303,252,2238,246,302,2295,274,245,2247,269,293,2259,271,281
test_111_3_2.png,0,0,0,0,0,0,0,0,0,0,0,0,0,0,0
test_111_3_3.png,0,0,0,0,0,0,0,0,0,0,0,0,0,0,0
test_112_0_0.png,0,0,0,0,0,0,0,0,0,0,0,0,0,0,0
test_112_0_1.png,0,0,0,0,0,0,0,0,0,0,0,0,0,0,0
test_112_0_2.png,0,0,0,0,0,0,0,0,0,0,78,0,0,0,0
test_112_0_3.png,0,0,0,0,0,0,0,0,0,0,0,0,0,0,0
test_112_1_0.png,931,89,646,931,102,646,958,105,619,932,167,645,931,107,646
test_112_1_1.png,0,0,0,0,0,0,0,0,0,0,0,0,0,0,0
test_112_1_2.png,0,0,0,0,0,0,0,0,0,0,0,0,0,0,0
test_112_1_3.png,0,0,0,0,0,0,0,0,0,0,0,0,0,0,0
test_112_2_0.png,0,0,0,0,0,0,0,0,0,0,0,0,0,0,0
test_112_2_1.png,0,0,350,0,0,350,217,7,133,234,8,116,148,0,202
test_112_2_2.png,3818,158,182,3848,174,152,3781,150,219,3782,141,218,3798,154,202
test_112_2_3.png,2926,61,92,2898,223,120,2302,6,716,2900,44,118,2901,35,117
test_112_3_0.png,0,0,0,0,0,0,0,0,0,0,0,0,0,0,0
test_112_3_1.png,0,0,0,0,0,0,0,0,0,0,0,0,0,0,0
test_112_3_2.png,0,34,0,0,245,0,0,132,0,0,208,0,0,203,0
test_112_3_3.png,0,0,0,0,0,0,0,0,0,0,0,0,0,0,0
test_113_0_0.png,0,0,0,0,0,0,0,0,0,0,0,0,0,0,0
test_113_0_1.png,5,1,75,40,0,40,61,6,19,0,0,80,18,0,62
test_113_0_2.png,2324,83,173,2328,72,169,2325,102,172,2329,93,168,2336,87,161
test_113_0_3.png,0,0,0,0,0,0,0,0,0,0,0,0,0,0,0
test_113_1_0.png,0,0,0,0,0,0,0,0,0,0,0,0,0,0,0
test_113_1_1.png,998,33,473,1359,36,112,1345,33,126,1370,35,101,1347,33,124
test_113_1_2.png,1187,5,186,1203,6,170,1198,1,175,1195,2,178,1196,3,177
test_113_1_3.png,9479,593,652,9447,666,684,9405,541,726,9415,513,716,9444,567,687
test_113_2_0.png,0,0,0,0,0,0,0,0,0,0,0,0,0,0,0
test_113_2_1.png,0,0,0,0,0,0,0,357,0,0,0,0,0,0,0
test_113_2_2.png,0,0,0,0,0,0,0,0,0,0,0,0,0,0,0
test_113_2_3.png,16333,917,2017,16996,1152,1354,16000,1047,2350,15627,983,2723,16563,975,1787
test_113_3_0.png,0,0,272,0,0,272,0,0,272,0,0,272,0,0,272
test_113_3_1.png,0,0,0,0,0,0,0,0,0,0,0,0,0,0,0
test_113_3_2.png,0,0,0,0,0,0,0,0,0,0,0,0,0,0,0
test_113_3_3.png,20329,474,1517,20278,481,1568,20095,406,1751,20506,525,1340,20330,424,1516
test_114_0_0.png,0,0,0,0,0,0,0,0,0,0,0,0,0,0,0
test_114_0_1.png,10,0,175,0,0,185,25,1,160,111,7,74,18,0,167
test_114_0_2.png,863,169,85,930,195,18,920,244,28,922,277,26,927,209,21
test_114_0_3.png,1157,771,1,1158,886,0,1157,949,1,1157,1053,1,1158,946,0
test_114_1_0.png,2765,1274,293,2838,1338,220,2767,1089,291,2756,1197,302,2792,1216,266
test_114_1_1.png,16018,1347,965,15954,1369,1029,15970,1085,1013,15955,1057,1028,15994,1155,989
test_114_1_2.png,3714,1406,32,3714,1115,32,3715,1294,31,3737,1058,9,3723,1249,23
test_114_1_3.png,541,534,27,545,559,23,545,549,23,551,533,17,545,540,23
test_114_2_0.png,152,4,20,158,400,14,161,5,11,166,13,6,160,5,12
test_114_2_1.png,1440,84,43,1432,82,51,1430,75,53,1433,85,50,1433,83,50
test_114_2_2.png,0,0,0,0,0,0,0,0,0,0,0,0,0,0,0
test_114_2_3.png,1058,79,18,1058,99,18,1046,78,30,1056,83,20,1059,83,17
test_114_3_0.png,0,0,0,0,0,0,0,0,0,0,0,0,0,0,0
test_114_3_1.png,1943,379,170,1969,374,144,1946,384,167,1959,400,154,1954,380,159
test_114_3_2.png,1781,39,174,1788,27,167,1789,28,166,1779,26,176,1777,27,178
test_114_3_3.png,637,61,708,879,100,466,670,62,675,746,72,599,712,63,633
test_115_0_0.png,9257,247,751,9283,263,725,9309,326,699,9292,334,716,9291,275,717
test_115_0_1.png,21743,953,1605,21691,917,1657,21784,998,1564,21707,920,1641,21739,912,1609
test_115_0_2.png,22633,530,2654,22618,509,2669,22752,640,2535,22596,583,2691,22671,541,2616
test_115_0_3.png,21993,526,2128,22044,626,2077,21812,526,2309,21960,508,2161,21961,520,2160
test_115_1_0.png,0,0,0,0,0,0,0,0,0,0,0,0,0,0,0
test_115_1_1.png,13378,580,789,13263,536,904,13293,571,874,13350,688,817,13329,578,838
test_115_1_2.png,24988,713,2634,24698,678,2924,24784,682,2838,24928,763,2694,24883,671,2739
test_115_1_3.png,20389,595,2600,20597,614,2392,20658,749,2331,20585,726,2404,20600,608,2389
test_115_2_0.png,4268,329,166,4229,268,205,4237,265,197,4217,260,217,4255,275,179
test_115_2_1.png,452,6,174,448,4,178,457,7,169,464,9,162,458,6,168
test_115_2_2.png,5678,193,547,5639,175,586,5676,167,549,5681,185,544,5673,171,552
test_115_2_3.png,9620,327,765,9598,335,787,9673,344,712,9534,316,851,9604,317,781
test_115_3_0.png,8015,286,383,7956,348,442,8014,310,384,7989,347,409,8005,303,393
test_115_3_1.png,1511,114,16,1512,129,15,1507,158,20,1501,175,26,1515,133,12
test_115_3_2.png,0,0,0,0,0,0,0,0,0,0,0,0,0,0,0
test_115_3_3.png,1569,114,113,1554,114,128,1541,111,141,1559,128,123,1559,115,123
test_116_0_0.png,0,0,0,0,0,0,0,0,0,0,0,0,0,0,0
test_116_0_1.png,0,0,0,0,0,0,0,0,0,0,0,0,0,0,0
test_116_0_2.png,0,0,0,0,0,0,0,0,0,0,0,0,0,0,0
test_116_0_3.png,0,34,325,0,141,325,0,0,325,0,0,325,0,0,325
test_116_1_0.png,9912,117,193,9939,177,166,9895,144,210,9903,206,202,9918,155,187
test_116_1_1.png,0,0,0,0,0,0,0,0,0,0,0,0,0,0,0
test_116_1_2.png,0,0,0,0,0,0,0,4,0,0,0,0,0,0,0
test_116_1_3.png,0,0,0,0,0,0,0,0,0,0,0,0,0,0,0
test_116_2_0.png,2078,77,161,2085,83,154,1673,68,566,1902,55,337,2055,69,184
test_116_2_1.png,0,1730,67,0,0,67,0,182,67,0,1075,67,0,226,67
test_116_2_2.png,0,2202,0,0,639,0,0,2305,0,0,1585,0,0,1563,0
test_116_2_3.png,0,0,0,0,0,0,0,0,0,0,0,0,0,0,0
test_116_3_0.png,0,0,0,0,0,0,0,0,0,0,0,0,0,0,0
test_116_3_1.png,0,0,0,0,0,0,0,0,0,0,0,0,0,0,0
test_116_3_2.png,0,0,0,0,0,0,0,0,0,0,0,0,0,0,0
test_116_3_3.png,0,0,0,0,0,0,0,0,0,0,0,0,0,0,0
test_117_0_0.png,0,0,0,0,0,0,0,0,0,0,0,0,0,0,0
test_117_0_1.png,0,0,0,0,0,0,0,0,0,0,0,0,0,0,0
test_117_0_2.png,0,0,0,0,0,0,0,0,0,0,0,0,0,0,0
test_117_0_3.png,0,0,0,0,0,0,0,0,0,0,0,0,0,0,0
test_117_1_0.png,0,0,0,0,0,0,0,0,0,0,0,0,0,0,0
test_117_1_1.png,0,0,0,0,0,0,0,0,0,0,0,0,0,0,0
test_117_1_2.png,0,0,0,0,0,0,0,0,0,0,0,0,0,0,0
test_117_1_3.png,0,0,0,0,0,0,0,0,0,0,0,0,0,0,0
test_117_2_0.png,0,0,0,0,0,0,0,0,0,0,0,0,0,0,0
test_117_2_1.png,0,0,0,0,0,0,0,0,0,0,0,0,0,0,0
test_117_2_2.png,0,0,0,0,0,0,0,0,0,0,0,0,0,0,0
test_117_2_3.png,0,0,0,0,0,0,0,0,0,0,0,0,0,0,0
test_117_3_0.png,0,0,0,0,0,0,0,0,0,0,0,0,0,0,0
test_117_3_1.png,0,0,0,0,0,0,0,0,0,0,0,0,0,0,0
test_117_3_2.png,0,0,0,0,0,0,0,0,0,0,0,0,0,0,0
test_117_3_3.png,0,0,0,0,0,0,0,0,0,0,0,0,0,0,0
test_118_0_0.png,6900,281,708,6904,264,704,6921,242,687,6856,225,752,6892,228,716
test_118_0_1.png,17421,830,1148,17391,847,1178,17266,722,1303,17088,596,1481,17318,715,1251
test_118_0_2.png,11813,633,1017,11517,466,1313,11769,585,1061,11684,577,1146,11774,507,1056
test_118_0_3.png,0,0,122,0,15,122,0,152,122,0,270,122,0,105,122
test_118_1_0.png,8795,297,778,8846,297,727,8804,312,769,8807,300,766,8827,290,746
test_118_1_1.png,13935,385,1744,14100,419,1579,14143,503,1536,14057,441,1622,14072,413,1607
test_118_1_2.png,1371,7,254,1367,7,258,1391,29,234,1346,8,279,1372,8,253
test_118_1_3.png,0,0,265,0,0,265,0,0,265,0,0,265,0,0,265
test_118_2_0.png,11866,544,1058,11834,520,1090,11898,511,1026,11764,397,1160,11836,476,1088
test_118_2_1.png,16325,823,865,16377,806,813,16312,766,878,16382,853,808,16381,793,809
test_118_2_2.png,10763,307,1067,10891,339,939,10782,316,1048,10844,385,986,10815,318,1015
test_118_2_3.png,641,82,33,633,78,41,627,62,47,625,202,49,632,77,42
test_118_3_0.png,4215,595,213,4243,1000,185,4283,1127,145,4249,1057,179,4244,1027,184
test_118_3_1.png,6538,881,159,6517,825,180,6520,730,177,6492,764,205,6525,777,172
test_118_3_2.png,13926,687,821,13785,654,962,13928,711,819,13949,761,798,13913,696,834
test_118_3_3.png,13800,467,924,13645,412,1079,13703,464,1021,13847,575,877,13760,470,964
test_119_0_0.png,0,0,0,0,0,0,0,0,0,0,0,0,0,0,0
test_119_0_1.png,599,19,163,594,21,168,593,19,169,599,29,163,596,20,166
test_119_0_2.png,0,0,0,0,0,0,0,0,0,0,0,0,0,0,0
test_119_0_3.png,0,0,0,0,0,0,0,0,0,0,0,0,0,0,0
test_119_1_0.png,746,91,67,751,95,62,711,59,102,705,71,108,734,73,79
test_119_1_1.png,2727,56,535,2769,60,493,2761,54,501,2732,69,530,2745,53,517
test_119_1_2.png,10367,340,941,10427,355,881,10470,438,838,10584,445,724,10440,376,868
test_119_1_3.png,6992,277,434,6957,234,469,6991,303,435,6966,331,460,7004,273,422
test_119_2_0.png,4911,331,1051,5098,345,864,5503,387,459,5521,371,441,5333,353,629
test_119_2_1.png,2368,96,175,2387,145,156,2330,168,213,2376,202,167,2368,134,175
test_119_2_2.png,9259,465,922,9264,439,917,9306,473,875,9283,451,898,9295,416,886
test_119_2_3.png,9291,390,715,9311,419,695,9276,357,730,9266,344,740,9295,346,711
test_119_3_0.png,14366,1273,572,14331,1254,607,14459,1353,479,14375,1237,563,14396,1263,542
test_119_3_1.png,9555,889,619,9531,819,643,9472,771,702,9417,745,757,9488,779,686
test_119_3_2.png,0,0,521,0,0,521,0,0,521,456,59,65,0,0,521
test_119_3_3.png,640,104,1,639,104,2,637,113,4,640,123,1,639,99,2
test_11_0_0.png,0,0,0,0,0,0,0,0,0,0,0,0,0,0,0
test_11_0_1.png,0,0,0,0,0,0,0,0,0,0,0,0,0,0,0
test_11_0_2.png,0,0,0,0,0,0,0,0,0,0,0,0,0,0,0
test_11_0_3.png,0,0,0,0,0,0,0,0,0,0,0,0,0,0,0
test_11_1_0.png,0,0,0,0,0,0,0,0,0,0,0,0,0,0,0
test_11_1_1.png,0,0,0,0,0,0,0,0,0,0,0,0,0,0,0
test_11_1_2.png,0,0,0,0,0,0,0,0,0,0,0,0,0,0,0
test_11_1_3.png,0,0,0,0,0,0,0,0,0,0,0,0,0,0,0
test_11_2_0.png,0,0,0,0,0,0,0,0,0,0,0,0,0,0,0
test_11_2_1.png,0,0,0,0,0,0,0,0,0,0,0,0,0,0,0
test_11_2_2.png,1924,177,55,1919,141,60,1904,132,75,1910,156,69,1916,142,63
test_11_2_3.png,1089,136,25,1091,131,23,1096,157,18,1096,127,18,1092,134,22
test_11_3_0.png,0,0,0,0,0,0,0,0,0,0,0,0,0,0,0
test_11_3_1.png,4859,483,301,4891,512,269,4902,484,258,4909,467,251,4894,486,266
test_11_3_2.png,668,44,21,658,47,31,651,36,38,663,53,26,661,45,28
test_11_3_3.png,2169,192,124,2206,228,87,1671,131,622,2170,205,123,2174,182,119
test_120_0_0.png,0,0,0,0,0,0,0,0,0,0,0,0,0,0,0
test_120_0_1.png,0,0,0,0,0,0,0,0,0,0,0,0,0,0,0
test_120_0_2.png,18272,776,971,18331,836,912,18313,788,930,18284,832,959,18321,802,922
test_120_0_3.png,7053,299,700,7098,305,655,7086,291,667,7101,301,652,7112,284,641
test_120_1_0.png,0,0,0,0,0,0,0,0,0,0,0,0,0,0,0
test_120_1_1.png,0,0,0,0,0,0,0,0,0,0,0,0,0,0,0
test_120_1_2.png,12333,559,725,12330,570,728,12327,550,731,12338,604,720,12340,554,718
test_120_1_3.png,16503,874,796,16510,900,789,16382,794,917,16457,854,842,16520,821,779
test_120_2_0.png,0,0,0,0,0,0,0,0,0,0,0,0,0,0,0
test_120_2_1.png,3018,224,87,2993,224,112,2971,205,134,2981,196,124,2998,214,107
test_120_2_2.png,16367,900,950,16414,1055,903,16394,896,923,16284,967,1033,16407,929,910
test_120_2_3.png,17793,893,780,17733,949,840,17795,922,778,17814,948,759,17801,894,772
test_120_3_0.png,0,0,0,0,0,0,0,0,0,0,0,0,0,0,0
test_120_3_1.png,11950,815,393,11943,860,400,11854,779,489,11875,779,468,11903,794,440
test_120_3_2.png,12080,938,554,12011,912,623,12060,905,574,11972,887,662,12041,850,593
test_120_3_3.png,5513,1260,219,5498,1272,234,5536,1342,196,5540,1340,192,5525,1282,207
test_121_0_0.png,0,0,0,0,0,0,0,0,0,0,0,0,0,0,0
test_121_0_1.png,0,0,0,0,0,0,0,0,0,0,0,0,0,0,0
test_121_0_2.png,0,0,0,0,0,0,0,0,0,0,0,0,0,0,0
test_121_0_3.png,0,0,0,0,0,0,0,0,0,0,0,0,0,0,0
test_121_1_0.png,0,0,0,0,0,0,0,0,0,0,0,0,0,0,0
test_121_1_1.png,0,0,0,0,0,0,0,0,0,0,0,0,0,0,0
test_121_1_2.png,0,0,0,0,0,0,0,0,0,0,0,0,0,0,0
test_121_1_3.png,0,0,0,0,0,0,0,0,0,0,0,0,0,0,0
test_121_2_0.png,0,0,0,0,0,0,0,0,0,0,0,0,0,0,0
test_121_2_1.png,0,0,0,0,0,0,0,0,0,0,0,0,0,0,0
test_121_2_2.png,0,0,0,0,0,0,0,0,0,0,0,0,0,0,0
test_121_2_3.png,0,0,0,0,0,0,0,0,0,0,0,0,0,0,0
test_121_3_0.png,10908,849,2267,11469,964,1706,10505,550,2670,11237,963,1938,11107,833,2068
test_121_3_1.png,11435,1252,1394,11442,1245,1387,11068,1198,1761,11322,1246,1507,11391,1233,1438
test_121_3_2.png,0,0,29,0,0,29,0,0,29,0,0,29,0,0,29
test_121_3_3.png,0,0,0,0,0,0,0,0,0,0,0,0,0,0,0
test_122_0_0.png,0,0,0,0,0,0,0,0,0,0,0,0,0,0,0
test_122_0_1.png,0,0,0,0,0,0,0,0,0,0,0,0,0,0,0
test_122_0_2.png,0,0,0,0,0,0,0,0,0,0,0,0,0,0,0
test_122_0_3.png,0,0,0,0,0,0,0,0,0,0,0,0,0,0,0
test_122_1_0.png,0,0,0,0,0,0,0,0,0,0,0,0,0,0,0
test_122_1_1.png,0,0,0,0,0,0,0,0,0,0,0,0,0,0,0
test_122_1_2.png,0,0,0,0,0,0,0,0,0,0,0,0,0,0,0
test_122_1_3.png,0,0,0,0,0,0,0,0,0,0,0,0,0,0,0
test_122_2_0.png,0,0,0,0,0,0,0,0,0,0,0,0,0,0,0
test_122_2_1.png,0,0,0,0,0,0,0,0,0,0,0,0,0,0,0
test_122_2_2.png,0,0,0,0,0,0,0,0,0,0,0,0,0,0,0
test_122_2_3.png,0,0,0,0,0,0,0,0,0,0,0,0,0,0,0
test_122_3_0.png,0,0,0,0,0,0,0,0,0,0,0,0,0,0,0
test_122_3_1.png,0,0,0,0,0,0,0,0,0,0,0,0,0,0,0
test_122_3_2.png,0,0,0,0,0,0,0,0,0,0,0,0,0,0,0
test_122_3_3.png,0,0,0,0,0,0,0,0,0,0,0,0,0,0,0
test_123_0_0.png,0,0,0,0,0,0,0,0,0,0,0,0,0,0,0
test_123_0_1.png,0,0,0,0,0,0,0,0,0,0,0,0,0,0,0
test_123_0_2.png,0,0,0,0,0,0,0,0,0,0,0,0,0,0,0
test_123_0_3.png,0,0,53,0,0,53,0,0,53,0,0,53,0,0,53
test_123_1_0.png,0,0,0,0,0,0,0,0,0,0,0,0,0,0,0
test_123_1_1.png,0,0,0,0,0,0,0,0,0,0,0,0,0,0,0
test_123_1_2.png,0,0,0,0,0,0,0,0,0,0,0,0,0,0,0
test_123_1_3.png,3591,187,241,3607,172,225,3521,175,311,3558,175,274,3566,174,266
test_123_2_0.png,0,0,0,0,0,0,0,0,0,0,0,0,0,0,0
test_123_2_1.png,0,0,0,0,0,0,0,0,0,0,0,0,0,0,0
test_123_2_2.png,0,0,0,0,0,0,0,0,0,0,0,0,0,0,0
test_123_2_3.png,0,0,0,0,0,0,0,0,0,0,0,0,0,0,0
test_123_3_0.png,0,0,0,0,0,0,0,0,0,0,0,0,0,0,0
test_123_3_1.png,0,0,0,0,0,0,0,0,0,0,0,0,0,0,0
test_123_3_2.png,0,0,0,0,0,0,0,0,0,0,0,0,0,0,0
test_123_3_3.png,0,0,0,0,0,0,0,0,0,0,0,0,0,0,0
test_124_0_0.png,11035,542,914,11076,557,873,11166,599,783,11090,558,859,11085,547,864
test_124_0_1.png,8446,368,633,8433,390,646,8435,404,644,8455,389,624,8445,377,634
test_124_0_2.png,52,0,26,49,0,29,35,0,43,51,0,27,50,0,28
test_124_0_3.png,0,0,0,0,0,0,0,0,0,0,0,0,0,0,0
test_124_1_0.png,518,28,18,520,30,16,525,63,11,525,45,11,523,38,13
test_124_1_1.png,0,0,0,0,0,0,0,0,0,0,0,0,0,0,0
test_124_1_2.png,0,0,0,0,0,0,0,0,0,0,0,0,0,0,0
test_124_1_3.png,0,0,0,0,0,0,0,0,0,0,0,0,0,0,0
test_124_2_0.png,0,0,0,0,0,0,0,0,0,0,0,0,0,0,0
test_124_2_1.png,0,0,0,0,0,0,0,0,0,0,0,0,0,0,0
test_124_2_2.png,0,0,0,0,0,0,0,0,0,0,0,0,0,0,0
test_124_2_3.png,0,0,0,0,0,0,0,0,0,0,0,0,0,0,0
test_124_3_0.png,0,0,0,0,0,0,0,0,0,0,0,0,0,0,0
test_124_3_1.png,0,0,0,0,0,0,0,0,0,0,0,0,0,0,0
test_124_3_2.png,0,0,0,0,0,0,0,0,0,0,0,0,0,0,0
test_124_3_3.png,0,0,0,0,0,0,0,0,0,0,0,0,0,0,0
test_125_0_0.png,0,0,0,0,0,0,0,0,0,0,0,0,0,0,0
test_125_0_1.png,0,0,0,0,0,0,0,0,0,0,0,0,0,0,0
test_125_0_2.png,0,0,0,0,0,0,0,0,0,0,0,0,0,0,0
test_125_0_3.png,0,0,0,0,0,0,0,0,0,0,0,0,0,0,0
test_125_1_0.png,0,0,0,0,0,0,0,0,0,0,0,0,0,0,0
test_125_1_1.png,0,0,0,0,0,0,0,0,0,0,0,0,0,0,0
test_125_1_2.png,0,0,0,0,0,0,0,0,0,0,0,0,0,0,0
test_125_1_3.png,0,0,0,0,0,0,0,0,0,0,0,0,0,0,0
test_125_2_0.png,0,0,0,0,0,0,0,0,0,0,0,0,0,0,0
test_125_2_1.png,0,0,0,0,0,0,0,0,0,0,0,0,0,0,0
test_125_2_2.png,0,0,0,0,0,0,0,0,0,0,0,0,0,0,0
test_125_2_3.png,0,0,0,0,0,0,0,0,0,0,0,0,0,0,0
test_125_3_0.png,0,0,0,0,0,0,0,0,0,0,0,0,0,0,0
test_125_3_1.png,0,0,0,0,0,0,0,0,0,0,0,0,0,0,0
test_125_3_2.png,0,0,0,0,0,0,0,0,0,0,0,0,0,0,0
test_125_3_3.png,0,0,0,0,0,0,0,0,0,0,0,0,0,0,0
test_126_0_0.png,0,0,0,0,0,0,0,0,0,0,0,0,0,0,0
test_126_0_1.png,3883,267,432,3862,196,453,3889,220,426,3879,229,436,3868,229,447
test_126_0_2.png,8159,334,789,8196,289,752,8024,300,924,8121,348,827,8147,299,801
test_126_0_3.png,9186,415,1679,9192,418,1673,9185,380,1680,9192,458,1673,9187,398,1678
test_126_1_0.png,755,14,111,758,10,108,761,7,105,768,13,98,761,11,105
test_126_1_1.png,0,0,0,0,0,0,0,0,0,0,0,0,0,0,0
test_126_1_2.png,983,14,75,983,13,75,997,13,61,1002,28,56,990,16,68
test_126_1_3.png,14226,910,1823,14384,1001,1665,14278,858,1771,14261,918,1788,14293,891,1756
test_126_2_0.png,628,58,51,620,67,59,641,58,38,636,64,43,633,58,46
test_126_2_1.png,0,0,0,0,0,0,0,0,0,0,0,0,0,0,0
test_126_2_2.png,0,0,0,0,0,0,0,0,0,0,0,0,0,0,0
test_126_2_3.png,2277,242,570,2226,246,621,1321,114,1526,1851,130,996,2143,171,704
test_126_3_0.png,0,0,0,0,0,0,0,0,0,0,0,0,0,0,0
test_126_3_1.png,936,23,80,945,27,71,934,33,82,931,27,85,935,30,81
test_126_3_2.png,0,0,0,0,0,0,0,0,0,0,0,0,0,0,0
test_126_3_3.png,0,0,0,0,0,0,0,0,0,0,0,0,0,0,0
test_127_0_0.png,0,0,0,0,0,0,0,0,0,0,0,0,0,0,0
test_127_0_1.png,5516,243,449,5515,230,450,5478,216,487,5516,212,449,5509,212,456
test_127_0_2.png,9516,1923,847,9454,658,909,9573,660,790,9555,650,808,9527,626,836
test_127_0_3.png,6732,228,1081,6794,230,1019,6717,225,1096,6718,200,1095,6729,218,1084
test_127_1_0.png,0,0,0,0,0,0,0,0,0,0,0,0,0,0,0
test_127_1_1.png,0,0,0,0,0,0,0,0,0,0,0,0,0,0,0
test_127_1_2.png,555,146,34,559,56,30,571,200,18,553,131,36,555,142,34
test_127_1_3.png,2,119,0,0,107,2,0,99,2,0,6,2,0,104,2
test_127_2_0.png,0,0,0,0,0,0,0,0,0,0,0,0,0,0,0
test_127_2_1.png,0,0,0,0,0,0,0,0,0,0,0,0,0,0,0
test_127_2_2.png,0,0,0,0,0,0,0,0,0,0,0,0,0,0,0
test_127_2_3.png,0,0,0,0,0,0,0,0,0,0,0,0,0,0,0
test_127_3_0.png,0,0,0,0,0,0,0,0,0,0,0,0,0,0,0
test_127_3_1.png,0,0,0,0,0,0,0,0,0,0,0,0,0,0,0
test_127_3_2.png,0,0,0,0,0,0,0,0,0,0,0,0,0,0,0
test_127_3_3.png,0,0,0,0,0,0,0,0,0,0,0,0,0,0,0
test_128_0_0.png,0,0,0,0,0,0,0,0,0,0,0,0,0,0,0
test_128_0_1.png,0,0,0,0,0,0,0,0,0,0,0,0,0,0,0
test_128_0_2.png,0,0,0,0,0,0,0,0,0,0,0,0,0,0,0
test_128_0_3.png,0,0,0,0,0,0,0,0,0,0,0,0,0,0,0
test_128_1_0.png,0,0,0,0,0,0,0,0,0,0,0,0,0,0,0
test_128_1_1.png,0,0,0,0,0,0,0,0,0,0,0,0,0,0,0
test_128_1_2.png,0,0,0,0,0,0,0,0,0,0,0,0,0,0,0
test_128_1_3.png,0,0,0,0,0,0,0,0,0,0,0,0,0,0,0
test_128_2_0.png,0,0,301,0,0,301,0,0,301,0,0,301,0,0,301
test_128_2_1.png,0,0,0,0,7,0,0,0,0,0,22,0,0,0,0
test_128_2_2.png,0,0,0,0,0,0,0,0,0,0,0,0,0,0,0
test_128_2_3.png,0,0,0,0,0,0,0,0,0,0,0,0,0,0,0
test_128_3_0.png,0,0,0,0,0,0,0,0,0,0,0,0,0,0,0
test_128_3_1.png,0,0,0,0,0,0,0,0,0,0,0,0,0,0,0
test_128_3_2.png,0,0,230,0,0,230,0,0,230,0,0,230,0,0,230
test_128_3_3.png,0,0,0,0,0,0,0,0,0,0,0,0,0,0,0
test_12_0_0.png,0,0,0,0,0,0,0,0,0,0,0,0,0,0,0
test_12_0_1.png,0,0,0,0,0,0,0,0,0,0,0,0,0,0,0
test_12_0_2.png,0,0,0,0,0,0,0,0,0,0,0,0,0,0,0
test_12_0_3.png,0,0,0,0,0,0,0,0,0,0,0,0,0,0,0
test_12_1_0.png,9101,1249,824,9258,1458,667,9129,1274,796,9017,1180,908,9143,1241,782
test_12_1_1.png,3049,260,120,3067,423,102,3035,236,134,3012,316,157,3042,265,127
test_12_1_2.png,0,0,0,0,0,0,0,0,0,0,0,0,0,0,0
test_12_1_3.png,0,0,0,0,0,0,0,0,0,0,0,0,0,0,0
test_12_2_0.png,6561,521,787,6635,518,713,6558,531,790,6628,487,720,6623,493,725
test_12_2_1.png,9672,1183,1058,9701,1305,1029,9801,1642,929,9631,1408,1099,9703,1356,1027
test_12_2_2.png,11646,1175,819,11601,1217,864,11453,947,1012,11513,1062,952,11571,1065,894
test_12_2_3.png,13903,1431,1041,13966,1446,978,13738,1265,1206,13770,1286,1174,13859,1328,1085
test_12_3_0.png,7948,665,544,7922,728,570,7933,717,559,7940,716,552,7934,683,558
test_12_3_1.png,12222,975,999,12120,1008,1101,12306,1260,915,12256,1167,965,12238,1041,983
test_12_3_2.png,13409,1769,830,13415,1748,824,13468,2089,771,13407,1868,832,13454,1849,785
test_12_3_3.png,9888,1893,631,9859,1962,660,9857,1940,662,9807,1896,712,9859,1898,660
test_13_0_0.png,2843,292,177,2786,271,234,2911,257,109,2871,259,149,2873,240,147
test_13_0_1.png,13143,935,842,13111,1007,874,13082,974,903,13112,906,873,13107,948,878
test_13_0_2.png,11247,1231,462,11242,1147,467,11176,1203,533,11175,1240,534,11221,1181,488
test_13_0_3.png,4799,983,170,4739,907,230,4706,886,263,4166,960,803,4750,963,219
test_13_1_0.png,0,0,0,0,0,0,0,0,0,0,0,0,0,0,0
test_13_1_1.png,9327,907,606,9341,998,592,9260,918,673,9314,920,619,9322,932,611
test_13_1_2.png,14677,898,1538,14779,985,1436,14668,818,1547,14793,994,1422,14752,892,1463
test_13_1_3.png,13772,1528,796,13899,1580,669,13772,1522,796,13837,1536,731,13860,1486,708
test_13_2_0.png,232,21,30,227,24,35,220,19,42,226,17,36,227,18,35
test_13_2_1.png,0,0,29,0,0,29,0,0,29,0,0,29,0,0,29
test_13_2_2.png,14540,1049,1203,14534,1190,1209,14227,975,1516,14426,1078,1317,14466,1052,1277
test_13_2_3.png,7568,725,546,7556,804,558,7516,765,598,7560,808,554,7555,785,559
test_13_3_0.png,681,44,5,684,48,2,685,58,1,685,67,1,684,56,2
test_13_3_1.png,0,0,0,0,0,0,0,0,0,0,0,0,0,0,0
test_13_3_2.png,1292,90,309,1350,75,251,1485,108,116,1474,104,127,1423,91,178
test_13_3_3.png,1692,110,232,1817,154,107,1830,146,94,1635,106,289,1813,122,111
test_14_0_0.png,13918,948,1127,13908,877,1137,13662,832,1383,13763,788,1282,13823,825,1222
test_14_0_1.png,8429,851,531,8454,873,506,8387,822,573,8307,872,653,8417,833,543
test_14_0_2.png,1739,245,50,1708,155,81,1742,225,47,1717,250,72,1726,213,63
test_14_0_3.png,0,0,0,0,0,0,0,0,0,0,0,0,0,0,0
test_14_1_0.png,16786,1555,903,16641,1596,1048,16645,1516,1044,16719,1591,970,16717,1533,972
test_14_1_1.png,18015,2226,978,18027,2262,966,17947,2105,1046,17964,1936,1029,17983,2092,1010
test_14_1_2.png,7508,743,408,7532,736,384,7392,577,524,7496,687,420,7494,646,422
test_14_1_3.png,0,0,0,0,0,0,0,0,0,0,0,0,0,0,0
test_14_2_0.png,15403,1468,1028,15263,1300,1168,15232,1215,1199,15123,1164,1308,15266,1258,1165
test_14_2_1.png,10986,909,581,10943,924,624,10838,754,729,10840,773,727,10904,834,663
test_14_2_2.png,409,46,46,414,54,41,425,58,30,410,46,45,415,50,40
test_14_2_3.png,0,222,0,0,227,0,0,218,0,0,219,0,0,220,0
test_14_3_0.png,10480,976,339,10474,956,345,10392,921,427,10442,1117,377,10445,981,374
test_14_3_1.png,3307,201,521,3265,228,563,3268,208,560,3273,210,555,3279,211,549
test_14_3_2.png,0,0,0,0,0,0,0,0,0,0,0,0,0,0,0
test_14_3_3.png,0,0,0,0,0,0,0,0,0,0,0,0,0,0,0
test_15_0_0.png,0,0,0,0,37,0,0,0,0,0,0,0,0,0,0
test_15_0_1.png,0,0,141,0,0,141,0,0,141,0,0,141,0,0,141
test_15_0_2.png,0,0,0,0,0,0,0,0,0,0,0,0,0,0,0
test_15_0_3.png,5495,246,517,5452,296,560,5396,239,616,5408,240,604,5446,252,566
test_15_1_0.png,0,0,0,0,0,0,0,0,0,0,0,0,0,0,0
test_15_1_1.png,0,0,0,0,0,0,0,0,0,0,0,0,0,0,0
test_15_1_2.png,0,0,0,0,0,0,0,0,0,0,0,0,0,0,0
test_15_1_3.png,0,0,0,0,0,0,0,0,0,0,0,0,0,0,0
test_15_2_0.png,0,0,0,0,0,0,0,0,0,0,0,0,0,0,0
test_15_2_1.png,0,0,0,0,0,0,0,0,0,0,0,0,0,0,0
test_15_2_2.png,0,0,0,0,0,0,0,0,0,0,0,0,0,0,0
test_15_2_3.png,3744,194,401,3761,195,384,3693,176,452,3782,181,363,3755,184,390
test_15_3_0.png,1174,2,551,1283,15,442,1235,7,490,1250,6,475,1240,4,485
test_15_3_1.png,0,0,0,0,0,0,0,0,0,0,0,0,0,0,0
test_15_3_2.png,672,4,70,670,12,72,657,19,85,606,16,136,659,13,83
test_15_3_3.png,107,11,7,107,11,7,107,13,7,108,10,6,107,10,7
test_16_0_0.png,5234,17,171,5258,7,147,5241,5,164,5247,11,158,5249,7,156
test_16_0_1.png,43753,724,495,43812,506,436,43690,397,558,44143,574,105,43749,458,499
test_16_0_2.png,1063,140,0,1063,132,0,1063,121,0,1063,140,0,1063,130,0
test_16_0_3.png,0,0,0,0,0,0,0,0,0,0,0,0,0,0,0
test_16_1_0.png,3452,69,285,3464,64,273,3501,102,236,3481,129,256,3492,71,245
test_16_1_1.png,1311,158,124,1312,151,123,1314,152,121,1322,152,113,1313,151,122
test_16_1_2.png,0,0,0,0,0,0,0,0,0,0,0,0,0,0,0
test_16_1_3.png,0,0,0,0,0,0,0,0,0,0,0,0,0,0,0
test_16_2_0.png,418,49,131,373,32,176,426,48,123,398,32,151,416,40,133
test_16_2_1.png,1438,107,40,1451,113,27,1451,118,27,1451,107,27,1450,111,28
test_16_2_2.png,0,0,0,0,0,0,0,0,0,0,0,0,0,0,0
test_16_2_3.png,0,0,0,0,0,0,0,0,0,0,0,0,0,0,0
test_16_3_0.png,1739,111,97,1248,85,588,1679,93,157,1264,102,572,1500,92,336
test_16_3_1.png,0,0,0,0,0,0,0,0,0,0,0,0,0,0,0
test_16_3_2.png,0,0,0,0,0,0,0,0,0,0,0,0,0,0,0
test_16_3_3.png,0,0,0,0,0,0,0,0,0,0,0,0,0,0,0
test_17_0_0.png,0,0,0,0,0,0,0,0,0,0,0,0,0,0,0
test_17_0_1.png,0,0,0,0,0,0,0,0,0,0,0,0,0,0,0
test_17_0_2.png,0,0,0,0,0,0,0,0,0,0,0,0,0,0,0
test_17_0_3.png,0,0,0,0,0,0,0,0,0,0,0,0,0,0,0
test_17_1_0.png,0,0,0,0,0,0,0,0,0,0,0,0,0,0,0
test_17_1_1.png,0,0,0,0,0,0,0,0,0,0,0,0,0,0,0
test_17_1_2.png,0,0,0,0,0,0,0,0,0,0,0,0,0,0,0
test_17_1_3.png,0,0,0,0,0,0,0,0,0,0,0,0,0,0,0
test_17_2_0.png,5661,357,745,5707,353,699,5712,360,694,5773,760,633,5728,353,678
test_17_2_1.png,3794,350,388,3819,383,363,3821,313,361,3811,307,371,3821,337,361
test_17_2_2.png,4675,204,316,4705,210,286,4710,196,281,4701,215,290,4700,196,291
test_17_2_3.png,0,0,0,0,0,0,0,0,0,0,0,0,0,0,0
test_17_3_0.png,4509,356,468,4464,282,513,4458,297,519,4487,276,490,4484,292,493
test_17_3_1.png,4940,290,423,5015,316,348,5009,281,354,5033,336,330,4989,312,374
test_17_3_2.png,8093,615,505,8100,667,498,8078,606,520,8035,628,563,8084,614,514
test_17_3_3.png,1471,723,125,1465,427,131,1474,779,122,1484,111,112,1479,608,117
test_18_0_0.png,0,230,0,0,549,0,0,245,0,0,1023,0,0,408,0
test_18_0_1.png,0,0,0,0,0,0,0,0,0,0,0,0,0,0,0
test_18_0_2.png,11989,2494,628,12059,2428,558,12030,2551,587,12051,2465,566,12034,2396,583
test_18_0_3.png,13123,2323,166,13100,1767,189,13123,2150,166,13129,2185,160,13150,2057,139
test_18_1_0.png,0,0,0,0,0,0,0,0,0,0,0,0,0,0,0
test_18_1_1.png,0,0,0,0,0,0,0,0,0,0,0,0,0,0,0
test_18_1_2.png,2332,275,336,2436,218,232,2439,367,229,2429,306,239,2438,296,230
test_18_1_3.png,16116,2971,205,16135,2962,186,16098,2972,223,16139,2805,182,16135,2921,186
test_18_2_0.png,0,0,98,0,0,98,0,0,98,0,0,98,0,0,98
test_18_2_1.png,1637,213,1694,1146,175,2185,2081,161,1250,534,65,2797,1204,152,2127
test_18_2_2.png,0,0,0,0,0,0,0,0,0,0,0,0,0,0,0
test_18_2_3.png,9303,1952,372,9297,2020,378,9373,1913,302,9182,1887,493,9383,1920,292
test_18_3_0.png,3736,508,1991,3761,671,1966,3738,363,1989,3748,395,1979,3746,432,1981
test_18_3_1.png,0,0,640,0,0,640,0,0,640,0,0,640,0,0,640
test_18_3_2.png,3075,403,975,3573,700,477,3056,336,994,3070,322,980,3083,313,967
test_18_3_3.png,584,145,439,584,138,439,584,149,439,584,158,439,584,141,439
test_19_0_0.png,0,0,1478,0,0,1478,0,0,1478,865,124,613,0,0,1478
test_19_0_1.png,0,0,0,0,0,0,0,0,0,0,0,0,0,0,0
test_19_0_2.png,0,82,0,0,0,0,0,392,0,0,348,0,0,276,0
test_19_0_3.png,0,0,0,0,0,0,0,0,0,0,0,0,0,0,0
test_19_1_0.png,0,0,1364,0,0,1364,0,0,1364,0,0,1364,0,0,1364
test_19_1_1.png,0,0,0,0,117,0,0,305,0,0,292,0,0,255,0
test_19_1_2.png,0,1,0,0,0,0,0,73,0,0,5,0,0,4,0
test_19_1_3.png,0,0,66,0,0,66,0,0,66,0,0,66,0,0,66
test_19_2_0.png,2645,206,1324,2668,212,1301,2747,415,1222,2602,130,1367,2674,226,1295
test_19_2_1.png,6643,542,533,6610,554,566,6733,678,443,6425,521,751,6684,539,492
test_19_2_2.png,0,0,29,0,0,29,0,0,29,0,0,29,0,0,29
test_19_2_3.png,1324,375,144,1156,104,312,1375,315,93,1304,278,164,1313,296,155
test_19_3_0.png,4627,235,272,4653,264,246,4640,323,259,4647,249,252,4649,238,250
test_19_3_1.png,13084,987,1088,13202,961,970,13039,857,1133,13168,987,1004,13134,932,1038
test_19_3_2.png,14650,1113,973,14414,880,1209,14542,1139,1081,14501,1011,1122,14548,1005,1075
test_19_3_3.png,4797,560,123,4812,592,108,4519,513,401,4251,503,669,4799,552,121
test_1_0_0.png,0,0,0,0,0,0,0,0,0,0,0,0,0,0,0
test_1_0_1.png,0,0,0,0,0,0,0,0,0,0,0,0,0,0,0
test_1_0_2.png,0,0,0,0,0,0,0,0,0,0,0,0,0,0,0
test_1_0_3.png,11785,664,1404,11836,700,1353,11820,694,1369,11869,741,1320,11817,697,1372
test_1_1_0.png,0,0,0,0,0,0,0,0,0,0,0,0,0,0,0
test_1_1_1.png,0,0,0,0,0,0,0,0,0,0,0,0,0,0,0
test_1_1_2.png,0,0,0,0,0,0,0,0,0,0,0,0,0,0,0
test_1_1_3.png,0,0,0,0,0,0,0,0,0,0,0,0,0,0,0
test_1_2_0.png,0,0,0,0,0,0,0,0,0,0,0,0,0,0,0
test_1_2_1.png,0,0,0,0,0,0,0,0,0,0,0,0,0,0,0
test_1_2_2.png,0,0,0,0,0,0,0,0,0,0,0,0,0,0,0
test_1_2_3.png,0,0,0,0,0,0,0,0,0,0,0,0,0,0,0
test_1_3_0.png,0,0,0,0,0,0,0,0,0,0,0,0,0,0,0
test_1_3_1.png,0,0,0,0,0,0,0,0,0,0,0,0,0,0,0
test_1_3_2.png,0,0,0,0,0,0,0,0,0,0,0,0,0,0,0
test_1_3_3.png,0,0,0,0,0,0,0,0,0,0,0,0,0,0,0
test_20_0_0.png,7198,843,384,7201,1002,381,7185,1123,397,7287,1230,295,7228,900,354
test_20_0_1.png,19695,1587,1224,19715,1450,1204,19736,1576,1183,19749,1753,1170,19758,1519,1161
test_20_0_2.png,15007,1144,979,15081,1174,905,14969,1181,1017,15209,1213,777,15109,1150,877
test_20_0_3.png,21435,1693,896,21574,1700,757,21736,1952,595,21619,3308,712,21687,1807,644
test_20_1_0.png,19348,925,1071,19441,947,978,19435,940,984,19369,868,1050,19435,881,984
test_20_1_1.png,19413,1228,968,19551,1289,830,19520,1242,861,19458,1260,923,19508,1203,873
test_20_1_2.png,9974,739,661,10041,797,594,10001,803,634,10046,885,589,10045,753,590
test_20_1_3.png,4621,476,149,4648,549,122,4607,661,163,4639,737,131,4639,583,131
test_20_2_0.png,21762,1667,793,21697,1369,858,21737,1662,818,21681,1543,874,21736,1499,819
test_20_2_1.png,18953,1457,1014,19113,1722,854,18929,1476,1038,18965,1538,1002,19017,1507,950
test_20_2_2.png,0,0,0,0,0,0,0,0,0,0,0,0,0,0,0
test_20_2_3.png,0,0,0,0,0,0,0,0,0,0,0,0,0,0,0
test_20_3_0.png,23177,1502,993,23141,1423,1029,23089,1485,1081,23194,1587,976,23188,1441,982
test_20_3_1.png,19718,843,1405,19790,816,1333,19794,835,1329,19824,800,1299,19813,793,1310
test_20_3_2.png,4712,453,319,4764,511,267,4693,421,338,4758,480,273,4738,451,293
test_20_3_3.png,0,0,0,0,0,0,0,0,0,0,0,0,0,0,0
test_21_0_0.png,5779,404,896,5554,426,1121,5854,504,821,5717,497,958,5732,433,943
test_21_0_1.png,9197,965,558,9210,979,545,9238,1108,517,9144,954,611,9204,944,551
test_21_0_2.png,13315,1460,898,13445,1335,768,13493,1598,720,13456,1403,757,13446,1391,767
test_21_0_3.png,10245,329,807,10239,328,813,10166,277,886,10261,337,791,10249,304,803
test_21_1_0.png,7345,851,1409,7153,783,1601,7515,1232,1239,7587,1184,1167,7450,989,1304
test_21_1_1.png,9941,971,845,9784,922,1002,9750,740,1036,9923,926,863,9870,858,916
test_21_1_2.png,16656,630,1044,16855,840,845,16742,701,958,16718,743,982,16801,698,899
test_21_1_3.png,16894,1091,1574,17173,1240,1295,17065,1092,1403,17126,1118,1342,17109,1120,1359
test_21_2_0.png,1962,112,278,2130,93,110,2002,191,238,1947,221,293,1987,114,253
test_21_2_1.png,17550,632,1107,17825,538,832,17480,518,1177,17528,563,1129,17644,553,1013
test_21_2_2.png,16479,1188,933,16341,533,1071,16449,1210,963,16686,1179,726,16506,1119,906
test_21_2_3.png,619,44,87,622,35,84,637,61,69,637,269,69,630,40,76
test_21_3_0.png,1933,74,554,1929,87,558,1938,99,549,1018,46,1469,1919,68,568
test_21_3_1.png,4191,313,2128,4284,636,2035,4222,674,2097,4518,387,1801,4349,505,1970
test_21_3_2.png,6492,190,1338,6283,206,1547,6497,177,1333,6393,182,1437,6415,172,1415
test_21_3_3.png,4491,374,91,4492,594,90,4487,442,95,4554,672,28,4495,590,87
test_22_0_0.png,0,0,0,0,0,0,0,0,0,0,0,0,0,0,0
test_22_0_1.png,0,0,0,0,0,0,0,0,0,0,0,0,0,0,0
test_22_0_2.png,0,0,0,0,0,0,0,0,0,0,0,0,0,0,0
test_22_0_3.png,0,0,0,0,0,0,0,0,0,0,0,0,0,0,0
test_22_1_0.png,0,0,0,0,0,0,0,0,0,0,0,0,0,0,0
test_22_1_1.png,0,0,0,0,0,0,0,0,0,0,0,0,0,0,0
test_22_1_2.png,0,0,0,0,0,0,0,0,0,0,0,0,0,0,0
test_22_1_3.png,0,0,6,0,0,6,0,0,6,0,0,6,0,0,6
test_22_2_0.png,2917,318,59,2904,170,72,2550,238,426,2607,310,369,2892,260,84
test_22_2_1.png,0,0,0,0,0,0,0,0,0,0,0,0,0,0,0
test_22_2_2.png,1210,158,257,1275,149,192,1184,145,283,1202,94,265,1207,132,260
test_22_2_3.png,8184,510,1224,8028,353,1380,8285,492,1123,8139,426,1269,8190,428,1218
test_22_3_0.png,6362,1164,883,6365,840,880,5042,347,2203,5078,402,2167,6119,712,1126
test_22_3_1.png,10955,1009,1590,10940,953,1605,10648,985,1897,10832,993,1713,10916,951,1629
test_22_3_2.png,7910,667,1547,7817,615,1640,7860,830,1597,7954,899,1503,7876,758,1581
test_22_3_3.png,7182,799,453,7098,734,537,7171,966,464,7084,894,551,7120,849,515
test_23_0_0.png,4235,418,109,4204,361,140,4202,429,142,4235,463,109,4227,398,117
test_23_0_1.png,5688,231,915,5635,210,968,5721,276,882,5680,380,923,5672,249,931
test_23_0_2.png,0,0,0,0,0,0,0,0,0,0,0,0,0,0,0
test_23_0_3.png,0,0,0,0,0,0,0,0,0,0,0,0,0,0,0
test_23_1_0.png,7736,581,619,7837,601,518,7655,603,700,7823,497,532,7807,512,548
test_23_1_1.png,9958,797,770,9867,698,861,9844,590,884,9875,674,853,9867,688,861
test_23_1_2.png,300,1,254,351,2,203,355,10,199,367,20,187,345,3,209
test_23_1_3.png,0,0,0,0,200,0,0,205,0,0,213,0,0,201,0
test_23_2_0.png,9095,1201,1091,8877,1067,1309,9135,1162,1051,9089,1442,1097,9085,1141,1101
test_23_2_1.png,8438,463,1497,8281,462,1654,8692,590,1243,8868,628,1067,8602,506,1333
test_23_2_2.png,3398,145,157,3390,120,165,3360,166,195,3443,171,112,3407,147,148
test_23_2_3.png,0,0,0,0,0,0,0,0,0,0,0,0,0,0,0
test_23_3_0.png,6520,428,586,6302,397,804,6526,320,580,6563,366,543,6530,333,576
test_23_3_1.png,2573,161,747,2611,143,709,2889,160,431,2696,120,624,2647,135,673
test_23_3_2.png,0,0,0,0,0,0,0,0,0,0,0,0,0,0,0
test_23_3_3.png,0,0,0,0,0,0,0,0,0,0,0,0,0,0,0
test_24_0_0.png,61,20,432,20,9,473,437,42,56,387,39,106,332,23,161
test_24_0_1.png,0,0,0,0,0,0,0,0,0,0,13,0,0,0,0
test_24_0_2.png,2586,363,131,2594,233,123,2531,459,186,2596,300,121,2580,300,137
test_24_0_3.png,631,33,49,657,44,23,648,47,32,643,52,37,650,42,30
test_24_1_0.png,2076,98,156,2093,96,139,2102,116,130,2092,153,140,2090,106,142
test_24_1_1.png,2815,554,64,2821,585,58,2824,641,55,2825,585,54,2825,567,54
test_24_1_2.png,1919,137,135,1959,113,95,1919,139,135,1939,102,115,1932,113,122
test_24_1_3.png,3106,332,349,3111,335,344,3154,379,301,3174,360,281,3137,343,318
test_24_2_0.png,6837,557,260,6801,960,296,6768,875,329,6795,765,302,6803,756,294
test_24_2_1.png,4004,621,134,3916,482,222,3955,523,183,3918,501,220,3961,500,177
test_24_2_2.png,3030,441,81,3084,498,27,2987,446,124,3032,560,79,3042,480,69
test_24_2_3.png,6267,576,286,6233,541,320,6226,512,327,6268,536,285,6257,549,296
test_24_3_0.png,301,105,276,329,142,248,0,0,577,500,134,77,314,105,263
test_24_3_1.png,9018,660,357,9000,651,375,9055,645,320,8984,620,391,9028,616,347
test_24_3_2.png,9578,1458,517,9358,1511,737,9532,1636,563,9603,1602,492,9560,1521,535
test_24_3_3.png,3071,392,143,2975,362,239,2774,348,440,2924,435,290,2968,400,246
test_25_0_0.png,949,1352,97,921,1494,125,955,1479,91,888,1296,158,942,1331,104
test_25_0_1.png,0,0,470,0,0,470,0,0,470,0,0,470,0,0,470
test_25_0_2.png,0,0,0,0,0,0,0,0,0,0,0,0,0,0,0
test_25_0_3.png,93,0,1482,488,543,1087,1069,342,506,884,372,691,792,66,783
test_25_1_0.png,5077,441,460,5106,580,431,5119,478,418,5251,893,286,5131,500,406
test_25_1_1.png,1714,156,130,1697,131,147,1703,159,141,1707,158,137,1706,145,138
test_25_1_2.png,434,50,560,416,39,578,0,0,994,529,70,465,421,38,573
test_25_1_3.png,665,63,314,641,70,338,660,69,319,670,56,309,664,61,315
test_25_2_0.png,5311,365,965,5490,513,786,5538,486,738,5653,525,623,5517,453,759
test_25_2_1.png,3871,303,179,3900,337,150,3909,331,141,3938,390,112,3905,337,145
test_25_2_2.png,4626,645,376,4617,650,385,4675,801,327,4746,812,256,4670,704,332
test_25_2_3.png,3215,605,357,3214,575,358,3211,630,361,3281,644,291,3237,612,335
test_25_3_0.png,2547,315,100,2532,280,115,2570,362,77,2560,462,87,2561,364,86
test_25_3_1.png,5850,595,275,5911,1053,214,5879,674,246,5865,967,260,5900,712,225
test_25_3_2.png,3522,228,377,3532,211,367,3572,293,327,3606,305,293,3572,253,327
test_25_3_3.png,0,0,0,0,0,0,0,3,0,0,19,0,0,0,0
test_26_0_0.png,1463,103,133,1474,118,122,1483,67,113,1497,86,99,1495,69,101
test_26_0_1.png,1037,195,28,1035,194,30,1028,371,37,1030,462,35,1032,292,33
test_26_0_2.png,2028,143,61,2029,330,60,2026,146,63,2016,263,73,2028,172,61
test_26_0_3.png,3280,168,363,3291,110,352,3317,168,326,3266,178,377,3296,160,347
test_26_1_0.png,1412,209,92,1392,292,112,1368,214,136,1336,216,168,1383,242,121
test_26_1_1.png,0,0,0,0,0,0,0,0,0,0,0,0,0,0,0
test_26_1_2.png,0,0,0,0,0,0,0,0,0,0,0,0,0,0,0
test_26_1_3.png,3763,275,138,3742,301,159,3775,332,126,3755,330,146,3763,298,138
test_26_2_0.png,639,8,100,640,14,99,600,3,139,621,4,118,627,6,112
test_26_2_1.png,0,0,0,0,0,0,0,0,0,0,0,0,0,0,0
test_26_2_2.png,3,881,246,105,763,144,110,795,139,107,927,142,103,907,146
test_26_2_3.png,4769,601,397,4798,660,368,4702,597,464,4826,674,340,4781,598,385
test_26_3_0.png,695,0,832,1065,124,462,1156,144,371,1008,87,519,1080,98,447
test_26_3_1.png,0,0,0,0,0,0,0,0,0,0,0,0,0,0,0
test_26_3_2.png,2904,237,118,2915,258,107,2898,177,124,2921,247,101,2915,228,107
test_26_3_3.png,6999,654,1176,7269,848,906,6912,491,1263,6999,719,1176,7037,685,1138
test_27_0_0.png,1769,46,63,1768,58,64,1761,360,71,1753,274,79,1764,75,68
test_27_0_1.png,3237,338,284,3204,316,317,3277,394,244,3251,387,270,3260,347,261
test_27_0_2.png,0,0,150,0,0,150,0,0,150,0,0,150,0,0,150
test_27_0_3.png,3487,75,867,3522,68,832,3452,74,902,3163,45,1191,3494,57,860
test_27_1_0.png,4707,418,260,4861,166,106,4805,480,162,4877,290,90,4842,369,125
test_27_1_1.png,1005,59,44,1019,51,30,1008,46,41,1008,59,41,1011,51,38
test_27_1_2.png,0,0,0,0,0,0,0,0,0,0,0,0,0,0,0
test_27_1_3.png,0,249,0,0,250,0,0,242,0,0,254,0,0,248,0
test_27_2_0.png,12978,952,938,12994,774,922,12963,781,953,13057,961,859,13017,816,899
test_27_2_1.png,5354,521,1260,5595,610,1019,5773,595,841,5603,624,1011,5631,562,983
test_27_2_2.png,2240,126,300,2252,114,288,2292,183,248,2314,159,226,2276,137,264
test_27_2_3.png,0,0,0,0,0,0,0,0,0,0,0,0,0,0,0
test_27_3_0.png,17848,1808,2085,18016,1785,1917,17902,1821,2031,18085,2123,1848,17994,1829,1939
test_27_3_1.png,8225,1684,518,8187,1715,556,8222,1715,521,8206,1769,537,8231,1691,512
test_27_3_2.png,0,0,0,0,0,0,0,0,0,0,0,0,0,0,0
test_27_3_3.png,0,0,0,0,98,0,0,89,0,0,12,0,0,63,0
test_28_0_0.png,0,0,0,0,0,0,0,0,0,0,0,0,0,0,0
test_28_0_1.png,0,0,0,0,0,0,0,0,0,0,0,0,0,0,0
test_28_0_2.png,0,0,0,0,0,0,0,0,0,0,0,0,0,0,0
test_28_0_3.png,3748,249,257,3754,135,251,3743,204,262,3746,167,259,3749,152,256
test_28_1_0.png,3503,170,322,3590,188,235,3550,128,275,3507,157,318,3537,155,288
test_28_1_1.png,0,0,0,0,0,0,0,0,0,0,0,0,0,0,0
test_28_1_2.png,0,0,0,0,0,0,0,0,0,0,0,0,0,0,0
test_28_1_3.png,0,0,0,0,0,0,0,0,0,0,0,0,0,0,0
test_28_2_0.png,14569,998,1209,14685,1017,1093,14653,1231,1125,14701,1247,1077,14665,1087,1113
test_28_2_1.png,10688,1200,815,10884,1315,619,10760,1300,743,10792,1234,711,10787,1229,716
test_28_2_2.png,5410,902,371,4952,296,829,4953,1586,828,4943,602,838,4962,362,819
test_28_2_3.png,0,0,0,0,0,0,0,0,0,0,0,0,0,0,0
test_28_3_0.png,14347,977,1299,14429,1031,1217,14382,1217,1264,14480,1225,1166,14429,1056,1217
test_28_3_1.png,17379,1942,656,17285,1720,750,17444,1991,591,17469,2214,566,17431,1859,604
test_28_3_2.png,14199,1015,1786,14297,1110,1688,14272,1073,1713,13915,962,2070,14279,994,1706
test_28_3_3.png,11168,1065,1075,11300,1217,943,11175,1022,1068,11379,1183,864,11221,1046,1022
test_29_0_0.png,0,0,0,0,0,0,0,0,0,0,0,0,0,0,0
test_29_0_1.png,0,0,0,0,0,0,0,0,0,0,0,0,0,0,0
test_29_0_2.png,2251,72,446,2532,89,165,2480,100,217,2449,71,248,2485,68,212
test_29_0_3.png,2944,195,338,3042,211,240,3063,211,219,3088,212,194,3054,190,228
test_29_1_0.png,1247,56,80,1240,35,87,1246,36,81,1255,50,72,1253,47,74
test_29_1_1.png,20245,1349,668,20208,1252,705,20203,1181,710,20186,1209,727,20228,1216,685
test_29_1_2.png,17965,948,897,17994,1010,868,18016,993,846,17931,1147,931,18002,970,860
test_29_1_3.png,8092,360,540,8160,402,472,7958,330,674,8071,360,561,8104,350,528
test_29_2_0.png,16081,812,520,16223,871,378,16173,861,428,16158,839,443,16206,826,395
test_29_2_1.png,15481,848,825,15624,873,682,15622,862,684,15583,887,723,15623,809,683
test_29_2_2.png,12575,848,698,12634,832,639,12714,901,559,12693,957,580,12679,874,594
test_29_2_3.png,6402,116,1033,6573,118,862,6631,145,804,6627,154,808,6576,123,859
test_29_3_0.png,10161,913,610,10145,800,626,10148,753,623,10132,788,639,10161,805,610
test_29_3_1.png,14932,1301,1102,14823,1013,1211,14866,1153,1168,14777,1123,1257,14860,1146,1174
test_29_3_2.png,3661,225,170,3633,174,198,3682,328,149,3660,372,171,3663,260,168
test_29_3_3.png,2731,127,375,2713,108,393,2719,122,387,2698,111,408,2724,117,382
test_2_0_0.png,15386,1329,1116,15402,1302,1100,15360,1314,1142,15413,1302,1089,15384,1305,1118
test_2_0_1.png,16363,1056,1143,16417,1072,1089,16348,1124,1158,16347,1017,1159,16372,1040,1134
test_2_0_2.png,11357,938,645,11306,863,696,11255,821,747,11271,900,731,11307,878,695
test_2_0_3.png,2391,147,162,2401,183,152,2386,151,167,2390,182,163,2395,164,158
test_2_1_0.png,0,0,0,0,0,0,0,0,0,0,0,0,0,0,0
test_2_1_1.png,0,0,0,0,0,0,0,0,0,0,0,0,0,0,0
test_2_1_2.png,0,0,0,0,0,0,0,0,0,0,0,0,0,0,0
test_2_1_3.png,0,158,0,0,227,0,0,274,0,0,195,0,0,218,0
test_2_2_0.png,0,0,0,0,0,0,0,0,0,0,0,0,0,0,0
test_2_2_1.png,0,0,0,0,0,0,0,0,0,0,0,0,0,0,0
test_2_2_2.png,0,0,0,0,0,0,0,0,0,0,0,0,0,0,0
test_2_2_3.png,0,159,0,0,107,0,0,0,0,0,0,0,0,0,0
test_2_3_0.png,0,0,0,0,0,0,0,0,0,0,0,0,0,0,0
test_2_3_1.png,0,0,0,0,0,0,0,0,0,0,0,0,0,0,0
test_2_3_2.png,0,243,0,0,252,0,0,0,0,0,0,0,0,27,0
test_2_3_3.png,1696,112,62,1683,102,75,1682,102,76,1676,95,82,1684,99,74
test_30_0_0.png,0,0,0,0,0,0,0,0,0,0,0,0,0,0,0
test_30_0_1.png,348,46,3,346,38,5,344,38,7,350,47,1,349,39,2
test_30_0_2.png,0,0,0,0,0,0,0,0,0,0,0,0,0,0,0
test_30_0_3.png,0,0,0,0,0,0,0,0,0,0,0,0,0,0,0
test_30_1_0.png,3431,180,667,3386,133,712,3438,142,660,3590,291,508,3455,155,643
test_30_1_1.png,770,23,107,769,17,108,768,655,109,787,682,90,770,61,107
test_30_1_2.png,0,0,0,0,0,0,0,0,0,0,0,0,0,0,0
test_30_1_3.png,0,0,0,0,0,0,0,0,0,0,0,0,0,0,0
test_30_2_0.png,1384,490,234,1437,435,181,1479,613,139,1527,596,91,1458,519,160
test_30_2_1.png,3500,243,373,3642,245,231,3493,280,380,3561,262,312,3556,252,317
test_30_2_2.png,4953,430,556,4991,492,518,4852,358,657,4884,564,625,4923,438,586
test_30_2_3.png,4049,541,403,4080,619,372,3866,521,586,4016,663,436,4023,538,429
test_30_3_0.png,3666,234,636,3648,230,654,3529,222,773,3390,131,912,3571,192,731
test_30_3_1.png,10081,459,1233,10578,792,736,10330,695,984,10505,628,809,10487,604,827
test_30_3_2.png,11852,1014,985,11959,987,878,11856,959,981,11865,971,972,11926,937,911
test_30_3_3.png,12845,715,1112,13040,852,917,12980,816,977,12952,763,1005,12983,748,974
test_31_0_0.png,6514,413,724,6546,340,692,6485,534,753,6500,538,738,6508,440,730
test_31_0_1.png,5487,671,415,5431,552,471,5471,692,431,5495,867,407,5486,663,416
test_31_0_2.png,0,0,0,0,0,0,0,0,0,0,0,0,0,0,0
test_31_0_3.png,8350,494,691,8314,432,727,8440,552,601,8479,579,562,8449,495,592
test_31_1_0.png,13891,1075,4259,13400,1018,4750,13650,901,4500,13444,795,4706,13616,871,4534
test_31_1_1.png,2634,43,809,2783,39,660,2818,40,625,2824,48,619,2798,42,645
test_31_1_2.png,606,16,34,616,21,24,625,20,15,624,23,16,623,21,17
test_31_1_3.png,3592,1708,202,3588,1597,206,3543,720,251,3620,1685,174,3602,1638,192
test_31_2_0.png,43,642,1026,43,628,1026,43,625,1026,41,631,1028,43,630,1026
test_31_2_1.png,4571,188,293,4591,232,273,4596,221,268,4611,259,253,4604,215,260
test_31_2_2.png,4184,795,64,4177,939,71,4182,893,66,4188,1076,60,4184,943,64
test_31_2_3.png,381,458,16,363,8,34,382,13,15,383,12,14,381,11,16
test_31_3_0.png,9390,451,1216,9569,731,1037,9319,470,1287,9427,493,1179,9424,490,1182
test_31_3_1.png,2919,79,1655,2921,87,1653,2879,58,1695,2966,102,1608,2927,70,1647
test_31_3_2.png,2390,109,150,2387,81,153,2399,89,141,2383,65,157,2390,78,150
test_31_3_3.png,3278,67,768,3529,75,517,3432,95,614,3342,80,704,3367,67,679
test_32_0_0.png,0,3527,0,0,0,0,0,0,0,0,0,0,0,0,0
test_32_0_1.png,0,0,0,0,0,0,0,0,0,0,0,0,0,0,0
test_32_0_2.png,456,77,9,428,131,37,446,51,19,447,137,18,453,54,12
test_32_0_3.png,1374,34,51,1395,44,30,1374,45,51,1365,36,60,1379,36,46
test_32_1_0.png,100,1,1398,0,0,1498,835,40,663,0,0,1498,0,0,1498
test_32_1_1.png,0,0,0,0,0,0,0,0,0,0,0,0,0,0,0
test_32_1_2.png,0,0,0,0,0,0,0,0,0,0,0,0,0,0,0
test_32_1_3.png,0,0,0,0,0,0,0,255,0,0,387,0,0,10,0
test_32_2_0.png,0,0,667,436,7,231,0,0,667,0,0,667,0,0,667
test_32_2_1.png,1535,141,38,1549,72,24,1512,77,61,1519,69,54,1531,88,42
test_32_2_2.png,93,12,147,171,8,69,235,76,5,51,0,189,102,11,138
test_32_2_3.png,3015,283,375,3044,262,346,3259,344,131,3230,291,160,3211,276,179
test_32_3_0.png,0,0,0,0,0,0,0,0,0,0,0,0,0,0,0
test_32_3_1.png,0,0,0,0,0,0,0,0,0,0,0,0,0,0,0
test_32_3_2.png,352,49,4,354,62,2,354,64,2,348,39,8,353,49,3
test_32_3_3.png,6021,359,284,6034,346,271,6062,404,243,6033,326,272,6045,356,260
test_33_0_0.png,2159,59,449,2173,72,435,2167,47,441,2085,51,523,2144,49,464
test_33_0_1.png,0,2,0,0,59,0,0,61,0,0,600,0,0,26,0
test_33_0_2.png,0,0,0,0,0,0,0,461,0,0,0,0,0,0,0
test_33_0_3.png,0,0,0,0,0,0,0,0,0,0,0,0,0,0,0
test_33_1_0.png,0,212,0,0,158,0,0,312,0,0,1,0,0,190,0
test_33_1_1.png,0,0,0,0,0,0,0,0,0,0,0,0,0,0,0
test_33_1_2.png,9775,599,953,9455,294,1273,9338,335,1390,9388,532,1340,9501,420,1227
test_33_1_3.png,4933,991,2322,6091,870,1164,5500,960,1755,5631,1006,1624,5576,887,1679
test_33_2_0.png,0,0,0,0,0,0,0,0,0,0,0,0,0,0,0
test_33_2_1.png,1209,72,228,1191,66,246,1194,94,243,1189,59,248,1198,72,239
test_33_2_2.png,12042,915,509,12042,892,509,11879,811,672,11991,816,560,12025,835,526
test_33_2_3.png,17486,1185,989,17511,1095,964,17371,1071,1104,17295,1037,1180,17444,1050,1031
test_33_3_0.png,3427,316,958,3406,450,979,3391,241,994,3412,532,973,3403,381,982
test_33_3_1.png,9405,411,1414,9396,430,1423,9757,619,1062,9454,668,1365,9473,454,1346
test_33_3_2.png,0,0,0,0,0,0,0,0,0,0,0,0,0,0,0
test_33_3_3.png,3184,113,526,3208,86,502,3233,172,477,3094,147,616,3184,130,526
test_34_0_0.png,14773,1244,2090,14433,951,2430,14054,798,2809,14192,930,2671,14427,957,2436
test_34_0_1.png,10808,603,1901,11664,776,1045,10581,647,2128,10842,592,1867,10840,593,1869
test_34_0_2.png,676,28,559,763,40,472,863,68,372,713,27,522,776,31,459
test_34_0_3.png,0,0,0,0,0,0,0,0,0,0,0,0,0,0,0
test_34_1_0.png,5695,185,2063,5536,196,2222,5707,206,2051,5473,183,2285,5643,178,2115
test_34_1_1.png,10815,662,627,10715,528,727,10913,642,529,10812,669,630,10814,578,628
test_34_1_2.png,432,52,82,450,46,64,453,44,61,447,46,67,450,47,64
test_34_1_3.png,4881,209,153,4866,198,168,4841,187,193,4809,167,225,4847,182,187
test_34_2_0.png,5306,1006,743,5219,618,830,5342,838,707,5289,755,760,5284,750,765
test_34_2_1.png,15881,1182,1772,15920,979,1733,15513,989,2140,15780,1018,1873,15830,979,1823
test_34_2_2.png,11843,727,753,11841,783,755,11648,729,948,11768,786,828,11803,728,793
test_34_2_3.png,7927,649,795,8388,628,334,8374,717,348,8117,656,605,8361,648,361
test_34_3_0.png,3536,212,88,3453,204,171,3471,138,153,3487,136,137,3494,137,130
test_34_3_1.png,7395,1322,294,7118,1100,571,7317,632,372,7392,702,297,7367,973,322
test_34_3_2.png,10106,833,278,10083,868,301,9993,505,391,10018,605,366,10080,695,304
test_34_3_3.png,16951,902,734,17110,955,575,16991,993,694,16883,856,802,17019,884,666
test_35_0_0.png,0,0,0,0,0,0,0,0,0,0,0,0,0,0,0
test_35_0_1.png,0,0,0,0,0,0,0,0,0,0,0,0,0,0,0
test_35_0_2.png,0,0,0,0,0,0,0,0,0,0,0,0,0,0,0
test_35_0_3.png,10794,615,600,10834,1054,560,10850,605,544,10805,576,589,10833,575,561
test_35_1_0.png,0,0,0,0,0,0,0,0,0,0,0,0,0,0,0
test_35_1_1.png,0,0,0,0,0,0,0,0,0,0,0,0,0,0,0
test_35_1_2.png,4811,445,146,4748,445,209,4775,415,182,4761,389,196,4777,418,180
test_35_1_3.png,16449,1546,407,16428,1389,428,16436,1530,420,16372,1570,484,16439,1462,417
test_35_2_0.png,0,0,0,0,0,0,0,0,0,0,0,0,0,0,0
test_35_2_1.png,6822,399,425,6859,415,388,6836,405,411,6827,362,420,6843,377,404
test_35_2_2.png,16650,1021,893,16693,1197,850,16834,1422,709,16745,1245,798,16748,1176,795
test_35_2_3.png,10634,848,387,10617,846,404,10695,978,326,10666,904,355,10659,870,362
test_35_3_0.png,0,0,0,0,0,0,0,0,0,0,0,0,0,0,0
test_35_3_1.png,8511,612,528,8518,538,521,8615,614,424,8484,523,555,8530,547,509
test_35_3_2.png,14215,1155,679,14218,1203,676,14204,1111,690,14229,1162,665,14235,1136,659
test_35_3_3.png,8348,834,642,8347,811,643,8116,747,874,8192,824,798,8322,772,668
test_36_0_0.png,0,0,0,0,0,0,0,0,0,0,0,0,0,0,0
test_36_0_1.png,0,0,0,0,0,0,0,0,0,0,0,0,0,0,0
test_36_0_2.png,0,0,0,0,0,0,0,0,0,0,0,0,0,0,0
test_36_0_3.png,0,0,0,0,0,0,0,0,0,0,0,0,0,0,0
test_36_1_0.png,0,0,0,0,0,0,0,0,0,0,0,0,0,0,0
test_36_1_1.png,0,0,0,0,0,0,0,0,0,0,0,0,0,0,0
test_36_1_2.png,0,0,0,0,0,0,0,0,0,0,0,0,0,0,0
test_36_1_3.png,0,0,0,0,0,0,0,0,0,0,0,0,0,0,0
test_36_2_0.png,0,0,0,0,0,0,0,0,0,0,0,0,0,0,0
test_36_2_1.png,0,0,0,0,0,0,0,0,0,0,0,0,0,0,0
test_36_2_2.png,0,0,0,0,0,0,0,0,0,0,0,0,0,0,0
test_36_2_3.png,252,44,0,251,26,1,249,40,3,248,35,4,250,35,2
test_36_3_0.png,0,0,0,0,0,0,0,0,0,0,0,0,0,0,0
test_36_3_1.png,0,278,0,0,272,0,0,274,0,0,262,0,0,270,0
test_36_3_2.png,3473,340,274,3501,313,246,3471,325,276,3493,308,254,3488,303,259
test_36_3_3.png,12156,1162,410,12142,1194,424,12036,1002,530,12117,1178,449,12124,1102,442
test_37_0_0.png,15982,2527,672,15896,2453,758,15968,2378,686,16041,3011,613,15986,2489,668
test_37_0_1.png,5880,804,498,5967,814,411,5905,955,473,5879,782,499,5917,792,461
test_37_0_2.png,3942,795,992,3949,807,985,3909,816,1025,4030,849,904,3974,790,960
test_37_0_3.png,0,0,0,0,0,0,0,0,0,0,0,0,0,0,0
test_37_1_0.png,15712,2320,943,15483,2112,1172,15560,2215,1095,15681,2285,974,15623,2157,1032
test_37_1_1.png,11867,1668,1493,11564,1578,1796,11692,1672,1668,11826,1732,1534,11751,1645,1609
test_37_1_2.png,4510,490,882,4390,486,1002,4406,482,986,4317,452,1075,4419,470,973
test_37_1_3.png,0,0,0,0,0,0,0,0,0,0,0,0,0,0,0
test_37_2_0.png,4116,569,285,4147,641,254,4107,583,294,4189,746,212,4159,606,242
test_37_2_1.png,0,0,0,0,0,0,0,0,0,0,0,0,0,0,0
test_37_2_2.png,0,0,312,0,0,312,0,0,312,0,0,312,0,0,312
test_37_2_3.png,0,0,0,0,0,0,0,0,0,0,0,0,0,0,0
test_37_3_0.png,0,0,0,0,0,0,0,0,0,0,0,0,0,0,0
test_37_3_1.png,0,0,0,0,0,0,0,0,0,0,0,0,0,0,0
test_37_3_2.png,0,0,0,0,0,0,0,0,0,0,0,0,0,0,0
test_37_3_3.png,0,0,0,0,0,0,0,0,0,0,0,0,0,0,0
test_38_0_0.png,4032,252,235,4076,253,191,4026,212,241,3995,215,272,4038,217,229
test_38_0_1.png,8165,737,240,8132,764,273,8201,874,204,7976,771,429,8157,753,248
test_38_0_2.png,9006,557,619,8948,555,677,8970,642,655,9023,597,602,8992,568,633
test_38_0_3.png,15007,1150,796,14971,1055,832,14893,1052,910,15126,1398,677,15020,1110,783
test_38_1_0.png,13148,1026,654,13153,951,649,13136,991,666,13125,968,677,13159,935,643
test_38_1_1.png,10551,998,838,10484,902,905,10509,997,880,10455,1054,934,10494,970,895
test_38_1_2.png,10271,709,569,10322,768,518,10392,1047,448,10415,1027,425,10380,820,460
test_38_1_3.png,6965,530,369,6979,572,355,6953,548,381,7023,595,311,6988,552,346
test_38_2_0.png,999,79,46,1016,91,29,1003,83,42,1014,90,31,1010,85,35
test_38_2_1.png,2005,122,185,2023,125,167,1992,176,198,2006,116,184,2016,111,174
test_38_2_2.png,12153,900,573,12197,968,529,12136,909,590,12254,1034,472,12201,926,525
test_38_2_3.png,14696,848,622,14609,788,709,14673,923,645,14751,1034,567,14686,843,632
test_38_3_0.png,0,32,0,0,24,0,0,30,0,0,20,0,0,28,0
test_38_3_1.png,0,0,0,0,0,0,0,0,0,0,0,0,0,0,0
test_38_3_2.png,9328,878,660,9282,810,706,9287,815,701,9321,825,667,9313,823,675
test_38_3_3.png,14636,1182,644,14481,1066,799,14542,1160,738,14610,1326,670,14609,1152,671
test_39_0_0.png,0,0,0,0,0,0,0,0,0,0,0,0,0,0,0
test_39_0_1.png,0,0,0,0,0,0,0,0,0,0,0,0,0,0,0
test_39_0_2.png,0,0,0,0,0,0,0,0,0,0,0,0,0,0,0
test_39_0_3.png,0,0,308,0,0,308,0,0,308,0,0,308,0,0,308
test_39_1_0.png,0,0,0,0,0,0,0,0,0,0,0,0,0,0,0
test_39_1_1.png,0,0,0,0,0,0,0,0,0,0,0,0,0,0,0
test_39_1_2.png,0,0,0,0,0,0,0,0,0,0,0,0,0,0,0
test_39_1_3.png,0,0,0,0,0,0,0,0,0,0,0,0,0,0,0
test_39_2_0.png,0,0,0,0,0,0,0,0,0,0,0,0,0,0,0
test_39_2_1.png,4120,316,160,4106,432,174,4018,288,262,4029,261,251,4097,302,183
test_39_2_2.png,1171,46,226,1312,72,85,1274,39,123,1215,43,182,1250,33,147
test_39_2_3.png,0,0,0,0,0,0,0,0,0,0,0,0,0,0,0
test_39_3_0.png,12376,1253,1195,12457,1328,1114,12640,1486,931,12472,1455,1099,12515,1293,1056
test_39_3_1.png,18289,1421,1602,18118,2387,1773,18219,3079,1672,18257,3435,1634,18240,2845,1651
test_39_3_2.png,11867,834,1100,11746,833,1221,11834,857,1133,11754,783,1213,11821,823,1146
test_39_3_3.png,0,0,0,0,0,0,0,0,0,0,0,0,0,0,0
test_3_0_0.png,299,1,83,272,2,110,291,1,91,279,0,103,286,1,96
test_3_0_1.png,0,0,0,0,0,0,0,0,0,0,0,0,0,0,0
test_3_0_2.png,0,0,0,0,0,0,0,0,0,0,0,0,0,0,0
test_3_0_3.png,0,0,0,0,0,0,0,0,0,0,0,0,0,0,0
test_3_1_0.png,0,0,460,0,0,460,0,0,460,0,0,460,0,0,460
test_3_1_1.png,0,0,0,0,0,0,0,0,0,0,0,0,0,0,0
test_3_1_2.png,0,0,0,0,0,0,0,0,0,0,0,0,0,0,0
test_3_1_3.png,0,0,0,0,0,0,0,0,0,0,0,0,0,0,0
test_3_2_0.png,0,192,0,0,189,0,0,203,0,0,199,0,0,196,0
test_3_2_1.png,0,0,0,0,0,0,0,0,0,0,0,0,0,0,0
test_3_2_2.png,0,0,0,0,0,0,0,0,0,0,0,0,0,0,0
test_3_2_3.png,416,56,32,407,49,41,410,51,38,413,17,35,413,50,35
test_3_3_0.png,612,18,29,604,25,37,611,16,30,609,17,32,609,18,32
test_3_3_1.png,1622,103,111,1609,92,124,1607,91,126,1611,63,122,1611,88,122
test_3_3_2.png,1999,109,41,1984,118,56,2009,126,31,2007,121,33,2003,111,37
test_3_3_3.png,1560,288,32,1563,274,29,1152,142,440,1548,246,44,1551,253,41
test_40_0_0.png,0,353,130,0,339,130,0,337,130,94,342,36,0,340,130
test_40_0_1.png,13677,762,745,13723,761,699,13739,802,683,13550,705,872,13687,734,735
test_40_0_2.png,9354,561,430,9323,565,461,9292,590,492,9248,549,536,9313,553,471
test_40_0_3.png,0,0,64,0,0,64,7,0,57,0,0,64,0,0,64
test_40_1_0.png,0,185,569,567,255,2,559,266,10,561,48,8,561,232,8
test_40_1_1.png,0,0,0,0,0,0,0,0,0,0,0,0,0,0,0
test_40_1_2.png,0,0,0,0,0,0,0,0,0,0,0,0,0,0,0
test_40_1_3.png,0,0,0,0,0,0,0,0,0,0,0,0,0,0,0
test_40_2_0.png,0,0,0,0,0,0,0,0,0,0,0,0,0,0,0
test_40_2_1.png,0,0,0,0,0,0,0,0,0,0,0,0,0,0,0
test_40_2_2.png,0,0,0,0,0,0,0,0,0,0,0,0,0,0,0
test_40_2_3.png,0,0,0,0,0,0,0,0,0,0,0,0,0,0,0
test_40_3_0.png,0,0,0,0,0,0,0,0,0,0,0,0,0,0,0
test_40_3_1.png,0,0,0,0,0,0,0,0,0,0,0,0,0,0,0
test_40_3_2.png,0,0,0,0,0,0,0,0,0,0,0,0,0,0,0
test_40_3_3.png,0,0,0,0,0,0,0,0,0,0,0,0,0,0,0
test_41_0_0.png,0,0,0,0,0,0,0,0,0,0,0,0,0,0,0
test_41_0_1.png,0,0,0,0,0,0,0,0,0,0,0,0,0,0,0
test_41_0_2.png,6184,178,523,6108,124,599,6194,156,513,6250,177,457,6189,150,518
test_41_0_3.png,5589,305,311,5591,339,309,5657,345,243,5630,324,270,5631,311,269
test_41_1_0.png,0,0,0,0,0,0,0,0,0,0,0,0,0,0,0
test_41_1_1.png,0,0,0,0,0,0,0,0,0,0,0,0,0,0,0
test_41_1_2.png,1726,193,77,1718,223,85,1743,291,60,1729,281,74,1733,241,70
test_41_1_3.png,13317,724,580,13298,745,599,13386,864,511,13333,826,564,13342,758,555
test_41_2_0.png,0,0,0,0,0,0,0,0,0,0,0,0,0,0,0
test_41_2_1.png,3118,150,461,3119,167,460,3105,152,474,3123,148,456,3116,155,463
test_41_2_2.png,16551,807,1013,16606,882,958,16545,1014,1019,16478,832,1086,16593,856,971
test_41_2_3.png,19948,1213,1100,19765,1104,1283,19949,1189,1099,19830,1067,1218,19912,1114,1136
test_41_3_0.png,7554,428,531,7562,433,523,7604,437,481,7607,429,478,7576,423,509
test_41_3_1.png,15150,1301,666,14931,1051,885,15089,1262,727,15031,1191,785,15091,1164,725
test_41_3_2.png,20639,1099,838,20474,871,1003,20531,987,946,20553,952,924,20584,917,893
test_41_3_3.png,19974,1041,941,19875,892,1040,19858,979,1057,19830,919,1085,19884,935,1031
test_42_0_0.png,553,103,426,575,55,404,579,113,400,548,1909,431,562,110,417
test_42_0_1.png,0,0,0,0,0,0,0,0,0,0,0,0,0,0,0
test_42_0_2.png,0,0,0,0,0,0,0,0,0,0,0,0,0,0,0
test_42_0_3.png,0,0,0,0,0,0,0,0,0,0,0,0,0,0,0
test_42_1_0.png,2653,136,148,2637,143,164,2621,124,180,2667,291,134,2645,140,156
test_42_1_1.png,1421,115,46,1415,106,52,1399,101,68,1428,115,39,1419,102,48
test_42_1_2.png,0,0,0,0,3,0,0,0,0,0,0,0,0,0,0
test_42_1_3.png,6655,544,323,6681,636,297,6666,623,312,6659,560,319,6672,593,306
test_42_2_0.png,7637,884,368,7680,815,325,7637,817,368,7594,829,411,7646,787,359
test_42_2_1.png,4114,204,316,4146,197,284,4156,212,274,4112,175,318,4144,188,286
test_42_2_2.png,10631,1015,447,10657,951,421,10610,917,468,10458,742,620,10607,883,471
test_42_2_3.png,15642,1498,721,15602,1448,761,15675,1483,688,15662,1469,701,15674,1412,689
test_42_3_0.png,0,0,0,0,0,0,0,0,0,0,0,0,0,0,0
test_42_3_1.png,0,0,0,0,0,0,0,0,0,0,0,0,0,0,0
test_42_3_2.png,633,25,62,625,29,70,634,19,61,630,26,65,630,26,65
test_42_3_3.png,1600,52,188,1596,51,192,1616,55,172,1587,53,201,1605,37,183
test_43_0_0.png,2214,107,141,2187,99,168,2164,116,191,2153,98,202,2181,98,174
test_43_0_1.png,2074,101,333,2035,112,372,2067,100,340,2131,126,276,2073,99,334
test_43_0_2.png,1877,97,216,1893,108,200,1823,92,270,1817,88,276,1849,92,244
test_43_0_3.png,2257,302,139,2278,308,118,2219,219,177,2285,240,111,2269,259,127
test_43_1_0.png,0,0,0,0,0,0,0,0,0,0,0,0,0,0,0
test_43_1_1.png,0,0,0,0,0,0,0,0,0,0,0,0,0,0,0
test_43_1_2.png,0,0,0,0,0,0,0,0,0,0,0,0,0,0,0
test_43_1_3.png,1854,171,19,1857,79,16,1852,318,21,1851,92,22,1854,93,19
test_43_2_0.png,0,0,0,0,0,0,0,0,0,0,0,0,0,0,0
test_43_2_1.png,0,0,0,0,0,0,0,0,0,0,0,0,0,0,0
test_43_2_2.png,0,0,0,0,0,0,0,0,0,0,0,0,0,0,0
test_43_2_3.png,577,75,10,560,66,27,575,101,12,583,117,4,577,86,10
test_43_3_0.png,0,0,0,0,0,0,0,0,0,0,0,0,0,0,0
test_43_3_1.png,4937,695,341,4762,648,516,4957,684,321,4889,639,389,4916,644,362
test_43_3_2.png,9712,1137,507,9665,1081,554,9717,1171,502,9732,1170,487,9726,1111,493
test_43_3_3.png,5834,736,383,5834,719,383,5889,737,328,5694,622,523,5870,682,347
test_44_0_0.png,0,0,0,0,0,0,0,0,0,0,0,0,0,0,0
test_44_0_1.png,0,0,0,0,0,0,0,0,0,0,0,0,0,0,0
test_44_0_2.png,0,0,0,0,0,0,0,0,0,0,0,0,0,0,0
test_44_0_3.png,565,24,27,571,35,21,566,39,26,566,29,26,565,33,27
test_44_1_0.png,0,0,0,0,0,0,0,0,0,0,0,0,0,0,0
test_44_1_1.png,0,0,0,0,0,0,0,0,0,0,0,0,0,0,0
test_44_1_2.png,0,0,0,0,0,0,0,0,0,0,0,0,0,0,0
test_44_1_3.png,1982,107,100,1974,98,108,1975,110,107,1989,97,93,1982,99,100
test_44_2_0.png,0,0,0,0,0,0,0,0,0,0,0,0,0,0,0
test_44_2_1.png,0,0,0,0,0,0,0,0,0,0,0,0,0,0,0
test_44_2_2.png,2462,330,199,2462,400,199,2492,382,169,2479,372,182,2488,375,173
test_44_2_3.png,14991,1272,784,14996,1328,779,14994,1254,781,14943,1264,832,14995,1237,780
test_44_3_0.png,0,0,0,0,0,0,0,0,0,0,0,0,0,0,0
test_44_3_1.png,0,0,0,0,0,0,0,0,0,0,0,0,0,0,0
test_44_3_2.png,0,0,0,0,0,0,0,0,0,0,0,0,0,0,0
test_44_3_3.png,9192,835,383,9156,710,419,9107,723,468,9143,741,432,9164,717,411
test_45_0_0.png,15316,1294,1005,15234,1289,1087,15439,1428,882,15434,1426,887,15406,1327,915
test_45_0_1.png,18451,2253,955,18457,2129,949,18434,2151,972,18267,2033,1139,18443,2098,963
test_45_0_2.png,16698,1639,1086,16715,1718,1069,16763,1779,1021,16639,1608,1145,16728,1648,1056
test_45_0_3.png,19131,2187,1448,19115,2068,1464,19152,2104,1427,19080,2031,1499,19164,2038,1415
test_45_1_0.png,17601,1839,963,17457,1643,1107,17395,1694,1169,17494,1598,1070,17506,1619,1058
test_45_1_1.png,19123,1521,1297,19176,1610,1244,19091,1493,1329,19048,1425,1372,19139,1481,1281
test_45_1_2.png,20032,2033,923,20012,2084,943,20091,2218,864,20033,2107,922,20037,2024,918
test_45_1_3.png,17076,1784,1062,16962,1681,1176,17075,1712,1063,17151,1838,987,17071,1708,1067
test_45_2_0.png,5710,634,354,5677,777,387,5665,739,399,5719,623,345,5688,700,376
test_45_2_1.png,9657,634,760,9623,556,794,9653,601,764,9696,709,721,9678,587,739
test_45_2_2.png,18342,1701,914,18129,1482,1127,18385,1776,871,18254,1790,1002,18309,1620,947
test_45_2_3.png,19424,1478,1245,19393,1473,1276,19473,1548,1196,19548,1637,1121,19490,1469,1179
test_45_3_0.png,7984,717,500,7964,675,520,7931,611,553,7936,686,548,7963,630,521
test_45_3_1.png,10491,974,667,10456,937,702,10489,985,669,10479,951,679,10501,931,657
test_45_3_2.png,13684,1269,877,13653,1172,908,13736,1221,825,13674,1196,887,13697,1196,864
test_45_3_3.png,19454,1778,1293,19363,1724,1384,19294,1750,1453,19405,1820,1342,19413,1727,1334
test_46_0_0.png,18803,1773,780,18822,1723,761,18743,1662,840,18685,1525,898,18786,1634,797
test_46_0_1.png,19338,1761,1357,19342,1684,1353,19429,1924,1266,19369,1825,1326,19397,1762,1298
test_46_0_2.png,8688,724,374,8659,725,403,8696,776,366,8674,720,388,8690,713,372
test_46_0_3.png,0,0,0,0,0,0,0,0,0,0,0,0,0,0,0
test_46_1_0.png,20294,1167,1046,20301,1298,1039,20506,1569,834,20416,1419,924,20403,1324,937
test_46_1_1.png,18154,1613,1005,18076,1492,1083,18117,1553,1042,18164,1599,995,18151,1533,1008
test_46_1_2.png,9380,720,568,9329,691,619,9357,720,591,9318,723,630,9345,696,603
test_46_1_3.png,0,0,0,0,0,0,0,0,0,0,0,0,0,0,0
test_46_2_0.png,6034,469,438,5929,490,543,5921,474,551,6008,554,464,5979,479,493
test_46_2_1.png,7489,653,417,7405,583,501,7431,565,475,7389,586,517,7438,586,468
test_46_2_2.png,1312,207,111,1286,242,137,1270,295,153,1309,251,114,1305,243,118
test_46_2_3.png,0,0,0,0,0,0,0,0,0,0,0,0,0,0,0
test_46_3_0.png,3315,173,143,3288,2748,170,3311,1081,147,3310,2554,148,3314,1243,144
test_46_3_1.png,905,68,56,895,86,66,860,63,101,906,82,55,906,68,55
test_46_3_2.png,0,0,0,0,0,0,0,0,0,0,0,0,0,0,0
test_46_3_3.png,0,0,0,0,0,0,0,0,0,0,0,0,0,0,0
test_47_0_0.png,0,0,0,0,0,0,0,0,0,0,0,0,0,0,0
test_47_0_1.png,5209,264,209,5213,271,205,5192,268,226,5216,313,202,5212,272,206
test_47_0_2.png,0,0,0,0,0,0,0,0,0,0,0,0,0,0,0
test_47_0_3.png,5430,587,115,5449,638,96,5434,688,111,5437,587,108,5444,610,101
test_47_1_0.png,0,0,0,0,0,0,0,0,0,0,0,0,0,0,0
test_47_1_1.png,4798,296,333,4758,283,373,4812,298,319,4786,276,345,4795,280,336
test_47_1_2.png,14923,1107,701,14888,1102,736,14925,1275,699,14929,1219,695,14930,1133,694
test_47_1_3.png,15799,1730,408,15828,1665,379,15831,1718,376,15866,1727,341,15858,1691,349
test_47_2_0.png,452,19,60,455,21,57,455,13,57,468,24,44,459,19,53
test_47_2_1.png,0,0,0,0,0,0,0,0,0,0,0,0,0,0,0
test_47_2_2.png,7925,624,965,7908,596,982,7915,583,975,7861,565,1029,7912,587,978
test_47_2_3.png,14607,1320,700,14577,1246,730,14535,1131,772,14500,1171,807,14576,1200,731
test_47_3_0.png,0,0,0,0,0,0,0,0,0,0,0,0,0,0,0
test_47_3_1.png,0,0,0,0,0,0,0,0,0,0,0,0,0,0,0
test_47_3_2.png,315,32,41,301,36,55,311,35,45,287,20,69,308,27,48
test_47_3_3.png,3634,214,1676,4211,373,1099,4162,361,1148,4792,632,518,4176,339,1134
test_48_0_0.png,0,0,0,0,0,0,0,0,0,0,0,0,0,0,0
test_48_0_1.png,2215,53,138,2217,47,136,2221,57,132,2198,62,155,2214,51,139
test_48_0_2.png,506,13,80,517,17,69,409,1,177,498,14,88,505,8,81
test_48_0_3.png,4292,665,258,4278,669,272,4270,659,280,4247,613,303,4278,641,272
test_48_1_0.png,0,0,0,0,0,0,0,0,0,0,0,0,0,0,0
test_48_1_1.png,0,0,0,0,0,0,0,0,0,0,0,0,0,0,0
test_48_1_2.png,0,0,0,0,0,0,0,0,0,0,0,0,0,0,0
test_48_1_3.png,0,0,0,0,0,0,0,0,0,0,0,0,0,0,0
test_48_2_0.png,0,0,0,0,0,0,0,0,0,0,0,0,0,0,0
test_48_2_1.png,0,0,0,0,0,0,0,0,0,0,0,0,0,0,0
test_48_2_2.png,0,0,0,0,0,0,0,0,0,0,0,0,0,0,0
test_48_2_3.png,0,22,0,0,4,0,0,5,0,0,9,0,0,6,0
test_48_3_0.png,0,0,0,0,0,0,0,0,0,0,0,0,0,0,0
test_48_3_1.png,0,0,0,0,0,0,0,0,0,0,0,0,0,0,0
test_48_3_2.png,0,0,0,0,0,0,0,0,0,0,0,0,0,0,0
test_48_3_3.png,881,64,12,886,86,7,887,70,6,883,80,10,885,76,8
test_49_0_0.png,0,0,0,0,0,0,0,0,0,0,0,0,0,0,0
test_49_0_1.png,6727,725,413,6698,579,442,6701,734,439,6680,632,460,6701,656,439
test_49_0_2.png,11449,852,894,11259,682,1084,11440,733,903,11310,671,1033,11391,728,952
test_49_0_3.png,12750,989,1219,12576,846,1393,12547,866,1422,12504,822,1465,12619,843,1350
test_49_1_0.png,206,0,45,185,0,66,203,0,48,200,0,51,199,0,52
test_49_1_1.png,9344,544,422,9364,631,402,9341,607,425,9336,539,430,9341,561,425
test_49_1_2.png,14407,919,813,14283,837,937,14264,770,956,14269,795,951,14313,816,907
test_49_1_3.png,11970,1184,563,11883,1002,650,11968,1202,565,11961,1158,572,11967,1116,566
test_49_2_0.png,1658,18,113,1637,17,134,1628,18,143,1641,18,130,1642,17,129
test_49_2_1.png,6168,384,252,6183,400,237,6161,410,259,6137,342,283,6173,363,247
test_49_2_2.png,7982,523,427,7874,484,535,7885,473,524,7765,385,644,7888,459,521
test_49_2_3.png,8148,439,270,8164,464,254,8131,441,287,8158,458,260,8161,436,257
test_49_3_0.png,0,0,0,0,0,0,0,0,0,0,0,0,0,0,0
test_49_3_1.png,0,0,0,0,0,0,0,0,0,0,0,0,0,0,0
test_49_3_2.png,11045,342,914,10985,295,974,11016,276,943,11008,302,951,11029,287,930
test_49_3_3.png,17439,1353,928,17338,1339,1029,17401,1448,966,17380,1403,987,17392,1355,975
test_4_0_0.png,331,25,11,332,33,10,332,24,10,329,22,13,333,24,9
test_4_0_1.png,208,38,262,209,46,261,208,336,262,208,43,262,209,44,261
test_4_0_2.png,360,43,57,359,41,58,356,47,61,379,41,38,360,41,57
test_4_0_3.png,0,0,0,0,0,0,0,0,0,0,0,0,0,0,0
test_4_1_0.png,0,0,0,0,0,0,0,0,0,0,0,0,0,0,0
test_4_1_1.png,0,0,0,0,0,0,0,0,0,0,0,0,0,0,0
test_4_1_2.png,0,0,0,0,0,0,0,0,0,0,0,0,0,0,0
test_4_1_3.png,0,0,0,0,0,0,0,0,0,0,0,0,0,0,0
test_4_2_0.png,0,0,0,0,0,0,0,0,0,0,0,0,0,0,0
test_4_2_1.png,0,0,0,0,0,0,0,0,0,0,0,0,0,0,0
test_4_2_2.png,0,0,0,0,0,0,0,0,0,0,0,0,0,0,0
test_4_2_3.png,0,0,0,0,0,0,0,0,0,0,0,0,0,0,0
test_4_3_0.png,0,0,0,0,0,0,0,0,0,0,0,0,0,0,0
test_4_3_1.png,1462,64,132,1460,56,134,1454,63,140,1443,64,151,1457,64,137
test_4_3_2.png,3428,272,223,3457,250,194,3422,249,229,3441,257,210,3439,248,212
test_4_3_3.png,5270,297,453,5271,299,452,5146,248,577,5317,275,406,5253,264,470
test_50_0_0.png,0,0,0,0,0,0,0,0,0,0,0,0,0,0,0
test_50_0_1.png,0,0,0,0,0,0,0,0,0,0,0,0,0,0,0
test_50_0_2.png,0,0,0,0,0,0,0,0,0,0,0,0,0,0,0
test_50_0_3.png,0,0,0,0,0,0,0,0,0,0,0,0,0,0,0
test_50_1_0.png,0,0,0,0,0,0,0,0,0,0,0,0,0,0,0
test_50_1_1.png,0,0,0,0,0,0,0,0,0,0,0,0,0,0,0
test_50_1_2.png,0,0,0,0,0,0,0,0,0,0,0,0,0,0,0
test_50_1_3.png,126,23,40,147,22,19,144,33,22,152,41,14,146,22,20
test_50_2_0.png,4353,544,120,4332,644,141,4328,489,145,4289,514,184,4310,494,163
test_50_2_1.png,1073,137,97,1081,141,89,1081,128,89,1091,133,79,1084,137,86
test_50_2_2.png,1053,49,46,1045,39,54,1065,54,34,1079,72,20,1061,48,38
test_50_2_3.png,3802,775,484,3836,690,450,3734,657,552,3743,693,543,3779,704,507
test_50_3_0.png,13747,666,958,13820,751,885,13770,681,935,13736,670,969,13784,666,921
test_50_3_1.png,17533,1558,1157,17360,1396,1330,17472,1377,1218,17413,1475,1277,17462,1447,1228
test_50_3_2.png,14368,1161,925,14373,1137,920,14308,1063,985,14337,1244,956,14364,1142,929
test_50_3_3.png,3743,289,108,3740,299,111,3695,278,156,3739,346,112,3729,290,122
test_51_0_0.png,6432,1456,460,6529,1551,363,6521,1546,371,6437,1464,455,6478,1494,414
test_51_0_1.png,0,0,0,0,0,0,0,0,0,0,0,0,0,0,0
test_51_0_2.png,0,0,0,0,0,0,0,0,0,0,0,0,0,0,0
test_51_0_3.png,0,0,0,0,0,0,0,0,0,0,0,0,0,0,0
test_51_1_0.png,0,0,47,0,0,47,0,0,47,0,0,47,0,0,47
test_51_1_1.png,0,0,0,0,0,0,0,0,0,0,0,0,0,0,0
test_51_1_2.png,0,0,0,0,0,0,0,0,0,0,0,0,0,0,0
test_51_1_3.png,0,0,0,0,0,0,0,0,0,0,0,0,0,0,0
test_51_2_0.png,0,0,0,0,0,0,0,0,0,0,0,0,0,0,0
test_51_2_1.png,0,0,0,0,0,0,0,0,0,0,0,0,0,0,0
test_51_2_2.png,0,0,0,0,0,0,0,0,0,0,0,0,0,0,0
test_51_2_3.png,0,0,0,0,0,0,0,0,0,0,0,0,0,0,0
test_51_3_0.png,0,0,0,0,0,0,0,0,0,0,0,0,0,0,0
test_51_3_1.png,0,0,0,0,0,0,0,0,0,0,0,0,0,0,0
test_51_3_2.png,0,0,0,0,0,0,0,0,0,0,0,0,0,0,0
test_51_3_3.png,0,0,0,0,0,0,0,0,0,0,0,0,0,0,0
test_52_0_0.png,0,0,0,0,0,0,0,0,0,0,0,0,0,0,0
test_52_0_1.png,0,0,0,0,0,0,0,0,0,0,0,0,0,0,0
test_52_0_2.png,0,0,0,0,0,0,0,0,0,0,0,0,0,0,0
test_52_0_3.png,0,0,0,0,0,0,0,0,0,0,0,0,0,0,0
test_52_1_0.png,0,0,0,0,0,0,0,0,0,0,0,0,0,0,0
test_52_1_1.png,0,0,0,0,0,0,0,0,0,0,0,0,0,0,0
test_52_1_2.png,0,0,0,0,0,0,0,0,0,0,0,0,0,0,0
test_52_1_3.png,0,0,0,0,0,0,0,0,0,0,0,0,0,0,0
test_52_2_0.png,9090,620,1223,9034,645,1279,9111,691,1202,9094,629,1219,9084,629,1229
test_52_2_1.png,2355,64,206,2315,60,246,2296,55,265,2340,49,221,2326,53,235
test_52_2_2.png,0,0,0,0,0,0,0,0,0,0,0,0,0,0,0
test_52_2_3.png,0,0,0,0,0,0,0,0,0,0,0,0,0,0,0
test_52_3_0.png,19762,903,1375,19748,907,1389,19676,905,1461,19814,938,1323,19757,880,1380
test_52_3_1.png,7621,232,499,7675,256,445,7659,252,461,7635,240,485,7651,228,469
test_52_3_2.png,1,0,81,0,0,82,12,0,70,6,0,76,0,0,82
test_52_3_3.png,0,0,0,0,0,0,0,0,0,0,0,0,0,0,0
test_53_0_0.png,0,0,0,0,0,0,0,0,0,0,0,0,0,0,0
test_53_0_1.png,0,0,0,0,0,0,0,0,0,0,0,0,0,0,0
test_53_0_2.png,0,0,0,0,0,0,0,0,0,0,0,0,0,0,0
test_53_0_3.png,0,0,46,0,0,46,0,0,46,0,0,46,0,0,46
test_53_1_0.png,0,0,0,0,0,0,0,0,0,0,0,0,0,0,0
test_53_1_1.png,0,0,0,0,0,0,0,0,0,0,0,0,0,0,0
test_53_1_2.png,0,0,0,0,0,0,0,0,0,0,0,0,0,0,0
test_53_1_3.png,0,0,142,0,0,142,0,0,142,0,0,142,0,0,142
test_53_2_0.png,0,0,0,0,0,0,0,0,0,0,0,0,0,0,0
test_53_2_1.png,1631,74,66,1626,84,71,1608,70,89,1593,89,104,1622,78,75
test_53_2_2.png,0,588,0,0,0,0,0,0,0,0,0,0,0,0,0
test_53_2_3.png,0,0,0,0,0,0,0,0,0,0,0,0,0,0,0
test_53_3_0.png,947,5,93,944,4,96,953,4,87,939,4,101,944,4,96
test_53_3_1.png,4072,145,290,4074,144,288,4095,148,267,4032,122,330,4073,140,289
test_53_3_2.png,4067,124,313,4063,129,317,4063,144,317,4090,152,290,4071,131,309
test_53_3_3.png,0,0,0,0,0,0,0,0,0,0,0,0,0,0,0
test_54_0_0.png,6148,257,176,6126,287,198,6112,284,212,6140,279,184,6130,266,194
test_54_0_1.png,7208,344,208,7246,369,170,7160,396,256,6750,292,666,7204,307,212
test_54_0_2.png,1086,13,239,1099,4,226,1079,511,246,1073,452,252,1083,297,242
test_54_0_3.png,0,0,0,0,0,0,0,0,0,0,0,0,0,0,0
test_54_1_0.png,3576,297,150,3594,325,132,3584,288,142,3619,303,107,3609,295,117
test_54_1_1.png,6590,176,579,6487,178,682,6441,198,728,6564,238,605,6518,164,651
test_54_1_2.png,0,0,0,0,0,0,0,0,0,0,0,0,0,0,0
test_54_1_3.png,0,0,0,0,0,0,0,0,0,0,0,0,0,0,0
test_54_2_0.png,2294,649,31,2271,612,54,2275,537,50,2296,295,29,2285,557,40
test_54_2_1.png,0,0,0,0,0,0,0,0,0,0,0,0,0,0,0
test_54_2_2.png,0,0,0,0,0,0,0,0,0,0,0,0,0,0,0
test_54_2_3.png,0,0,0,0,0,0,0,0,0,0,0,0,0,0,0
test_54_3_0.png,2296,280,529,2338,332,487,2327,173,498,2336,166,489,2334,223,491
test_54_3_1.png,0,0,0,0,0,0,0,0,0,0,0,0,0,0,0
test_54_3_2.png,0,0,0,0,0,0,0,0,0,0,0,0,0,0,0
test_54_3_3.png,0,0,0,0,0,0,0,0,0,0,0,0,0,0,0
test_55_0_0.png,0,0,0,0,0,0,0,0,0,0,0,0,0,0,0
test_55_0_1.png,0,0,0,0,0,0,0,0,0,0,0,0,0,0,0
test_55_0_2.png,0,0,0,0,0,0,0,0,0,0,0,0,0,0,0
test_55_0_3.png,0,0,0,0,0,0,0,0,0,0,0,0,0,0,0
test_55_1_0.png,8409,529,236,8397,461,248,8386,419,259,8368,434,277,8401,456,244
test_55_1_1.png,3342,214,152,3337,198,157,3298,171,196,3356,202,138,3336,196,158
test_55_1_2.png,0,0,0,0,0,0,0,0,0,0,0,0,0,0,0
test_55_1_3.png,0,0,0,0,0,0,0,0,0,0,0,0,0,0,0
test_55_2_0.png,19992,1604,842,19804,1491,1030,19852,1602,982,19929,1694,905,19908,1565,926
test_55_2_1.png,12806,1205,1181,13241,1108,746,13236,1114,751,12885,1199,1102,13172,1129,815
test_55_2_2.png,3223,205,205,3203,196,225,3191,176,237,3205,204,223,3213,194,215
test_55_2_3.png,0,0,0,0,0,0,0,0,0,0,0,0,0,0,0
test_55_3_0.png,11431,897,957,11545,765,843,11428,919,960,11492,793,896,11457,781,931
test_55_3_1.png,19988,1698,1034,19955,1745,1067,19956,1536,1066,19991,1778,1031,19972,1675,1050
test_55_3_2.png,16479,1404,960,16434,1475,1005,16452,1565,987,16476,1682,963,16494,1508,945
test_55_3_3.png,13374,655,1005,13344,665,1035,13304,696,1075,13372,655,1007,13348,639,1031
test_56_0_0.png,0,0,0,0,0,0,0,0,0,0,0,0,0,0,0
test_56_0_1.png,0,0,0,0,0,0,0,0,0,0,0,0,0,0,0
test_56_0_2.png,0,0,0,0,0,0,0,0,0,0,0,0,0,0,0
test_56_0_3.png,983,253,17,965,302,35,956,197,44,966,198,34,964,222,36
test_56_1_0.png,0,0,0,0,0,0,0,0,0,0,0,0,0,0,0
test_56_1_1.png,0,0,0,0,0,0,0,0,0,0,0,0,0,0,0
test_56_1_2.png,0,0,0,0,0,0,0,0,0,0,0,0,0,0,0
test_56_1_3.png,0,0,0,0,0,0,0,0,0,0,0,0,0,0,0
test_56_2_0.png,0,2,0,0,1,0,0,0,0,0,15,0,0,1,0
test_56_2_1.png,1319,0,127,1330,0,116,1326,0,120,1316,0,130,1325,0,121
test_56_2_2.png,3645,153,296,3631,158,310,3651,144,290,3616,158,325,3637,152,304
test_56_2_3.png,0,0,0,0,0,0,0,0,0,0,0,0,0,0,0
test_56_3_0.png,0,0,0,0,0,0,0,0,0,0,0,0,0,0,0
test_56_3_1.png,1183,1007,307,1252,999,238,1172,1424,318,1119,898,371,1170,978,320
test_56_3_2.png,0,0,8,0,0,8,0,0,8,0,0,8,0,0,8
test_56_3_3.png,0,0,0,0,0,0,0,0,0,0,0,0,0,0,0
test_57_0_0.png,652,49,161,464,17,349,494,4,319,515,1,298,533,7,280
test_57_0_1.png,7556,744,739,7512,748,783,7497,724,798,7622,773,673,7544,746,751
test_57_0_2.png,8116,766,607,8162,787,561,8104,789,619,8171,796,552,8137,772,586
test_57_0_3.png,0,0,0,0,0,0,0,0,0,0,0,0,0,0,0
test_57_1_0.png,0,0,0,0,0,0,0,0,0,0,0,0,0,0,0
test_57_1_1.png,0,0,0,0,0,0,0,0,0,0,0,0,0,0,0
test_57_1_2.png,0,0,0,0,0,0,0,0,0,0,0,0,0,0,0
test_57_1_3.png,0,0,0,0,0,0,0,0,0,0,0,0,0,0,0
test_57_2_0.png,0,0,119,0,0,119,0,0,119,0,0,119,0,0,119
test_57_2_1.png,0,0,0,0,0,0,0,0,0,0,0,0,0,0,0
test_57_2_2.png,0,0,0,0,0,0,0,0,0,0,0,0,0,0,0
test_57_2_3.png,0,0,0,0,0,0,0,0,0,0,0,0,0,0,0
test_57_3_0.png,176,37,800,259,42,717,165,32,811,275,67,701,245,44,731
test_57_3_1.png,67,0,169,0,0,236,0,0,236,0,0,236,0,0,236
test_57_3_2.png,0,0,0,0,0,0,0,0,0,0,0,0,0,0,0
test_57_3_3.png,0,0,0,0,0,0,0,0,0,0,0,0,0,0,0
test_58_0_0.png,519,818,20,515,778,24,527,828,12,523,826,16,523,818,16
test_58_0_1.png,0,0,0,0,0,0,0,0,0,0,0,0,0,0,0
test_58_0_2.png,0,0,0,0,0,0,0,0,0,0,0,0,0,0,0
test_58_0_3.png,0,0,0,0,0,0,0,0,0,0,0,0,0,0,0
test_58_1_0.png,0,0,0,0,0,0,0,0,0,0,0,0,0,0,0
test_58_1_1.png,0,0,0,0,0,0,0,0,0,0,0,0,0,0,0
test_58_1_2.png,0,0,0,0,0,0,0,0,0,0,0,0,0,0,0
test_58_1_3.png,0,0,0,0,0,0,0,0,0,0,0,0,0,0,0
test_58_2_0.png,0,0,0,0,0,0,0,0,0,0,0,0,0,0,0
test_58_2_1.png,0,0,0,0,0,0,0,0,0,0,0,0,0,0,0
test_58_2_2.png,0,0,0,0,0,0,0,0,0,0,0,0,0,0,0
test_58_2_3.png,0,0,0,0,0,0,0,0,0,0,0,0,0,0,0
test_58_3_0.png,0,0,0,0,0,0,0,0,0,0,0,0,0,0,0
test_58_3_1.png,0,0,0,0,0,0,0,0,0,0,0,0,0,0,0
test_58_3_2.png,0,0,0,0,0,0,0,0,0,0,0,0,0,0,0
test_58_3_3.png,0,0,0,0,0,0,0,0,0,0,0,0,0,0,0
test_59_0_0.png,0,0,0,0,0,0,0,0,0,0,0,0,0,0,0
test_59_0_1.png,0,0,0,0,0,0,0,0,0,0,0,0,0,0,0
test_59_0_2.png,0,0,0,0,0,0,0,0,0,0,0,0,0,0,0
test_59_0_3.png,0,0,0,0,0,0,0,0,0,0,0,0,0,0,0
test_59_1_0.png,0,0,0,0,0,0,0,0,0,0,0,0,0,0,0
test_59_1_1.png,0,0,0,0,0,0,0,0,0,0,0,0,0,0,0
test_59_1_2.png,0,0,0,0,0,0,0,0,0,0,0,0,0,0,0
test_59_1_3.png,0,0,0,0,0,0,0,0,0,0,0,0,0,0,0
test_59_2_0.png,0,0,0,0,0,0,0,0,0,0,0,0,0,0,0
test_59_2_1.png,0,0,0,0,0,0,0,0,0,0,0,0,0,0,0
test_59_2_2.png,0,0,0,0,0,0,0,0,0,0,0,0,0,0,0
test_59_2_3.png,0,0,0,0,0,0,0,0,0,0,0,0,0,0,0
test_59_3_0.png,0,0,0,0,0,0,0,0,0,0,0,0,0,0,0
test_59_3_1.png,0,0,0,0,0,0,0,0,0,0,0,0,0,0,0
test_59_3_2.png,0,0,230,0,0,230,0,0,230,0,0,230,0,0,230
test_59_3_3.png,0,0,0,0,0,0,0,0,0,0,0,0,0,0,0
test_5_0_0.png,0,0,0,0,0,0,0,0,0,0,0,0,0,0,0
test_5_0_1.png,0,0,0,0,0,0,0,0,0,0,0,0,0,0,0
test_5_0_2.png,0,0,0,0,0,0,0,0,0,0,0,0,0,0,0
test_5_0_3.png,0,0,0,0,0,0,0,0,0,0,0,0,0,0,0
test_5_1_0.png,0,0,0,0,0,0,0,0,0,0,0,0,0,0,0
test_5_1_1.png,0,0,0,0,0,0,0,0,0,0,0,0,0,0,0
test_5_1_2.png,0,0,0,0,0,0,0,0,0,0,0,0,0,0,0
test_5_1_3.png,0,0,0,0,0,0,0,0,0,0,0,0,0,0,0
test_5_2_0.png,0,0,0,0,0,0,0,0,0,0,0,0,0,0,0
test_5_2_1.png,0,0,0,0,0,0,0,0,0,0,0,0,0,0,0
test_5_2_2.png,94,23,28,99,28,23,97,7,25,99,9,23,99,13,23
test_5_2_3.png,5028,302,401,5038,317,391,4999,288,430,5022,293,407,5022,293,407
test_5_3_0.png,0,0,0,0,0,0,0,0,0,0,0,0,0,0,0
test_5_3_1.png,0,0,0,0,0,0,0,0,0,0,0,0,0,0,0
test_5_3_2.png,2026,102,67,2040,108,53,2043,131,50,2039,139,54,2040,113,53
test_5_3_3.png,4693,304,235,4683,319,245,4643,269,285,4656,282,272,4675,297,253
test_60_0_0.png,0,0,0,0,0,0,0,0,0,0,0,0,0,0,0
test_60_0_1.png,0,0,0,0,0,0,0,0,0,0,0,0,0,0,0
test_60_0_2.png,0,0,0,0,0,0,0,0,0,0,0,0,0,0,0
test_60_0_3.png,0,0,0,0,0,0,0,0,0,0,0,0,0,0,0
test_60_1_0.png,0,0,0,0,0,0,0,0,0,0,0,0,0,0,0
test_60_1_1.png,0,0,0,0,0,0,0,0,0,0,0,0,0,0,0
test_60_1_2.png,0,0,0,0,0,0,0,0,0,0,0,0,0,0,0
test_60_1_3.png,0,0,0,0,0,0,0,0,0,0,0,0,0,0,0
test_60_2_0.png,0,0,0,0,0,0,0,0,0,0,0,0,0,0,0
test_60_2_1.png,0,0,0,0,0,0,0,0,0,0,0,0,0,0,0
test_60_2_2.png,0,0,0,0,0,0,0,0,0,0,0,0,0,0,0
test_60_2_3.png,0,0,0,0,0,0,0,0,0,0,0,0,0,0,0
test_60_3_0.png,0,0,0,0,0,0,0,0,0,0,0,0,0,0,0
test_60_3_1.png,0,0,0,0,0,0,0,0,0,0,0,0,0,0,0
test_60_3_2.png,0,0,0,0,0,0,0,0,0,0,0,0,0,0,0
test_60_3_3.png,0,0,0,0,0,0,0,0,0,0,0,0,0,0,0
test_61_0_0.png,0,0,0,0,0,0,0,0,0,0,0,0,0,0,0
test_61_0_1.png,0,0,0,0,0,0,0,0,0,0,0,0,0,0,0
test_61_0_2.png,0,0,0,0,0,0,0,0,0,0,0,0,0,0,0
test_61_0_3.png,0,0,0,0,0,0,0,0,0,0,0,0,0,0,0
test_61_1_0.png,0,0,0,0,0,0,0,0,0,0,0,0,0,0,0
test_61_1_1.png,0,0,0,0,0,0,0,0,0,0,0,0,0,0,0
test_61_1_2.png,0,0,0,0,0,0,0,0,0,0,0,0,0,0,0
test_61_1_3.png,0,0,185,0,0,185,0,0,185,0,0,185,0,0,185
test_61_2_0.png,0,0,0,0,0,0,0,0,0,0,0,0,0,0,0
test_61_2_1.png,0,0,0,0,0,0,0,0,0,0,0,0,0,0,0
test_61_2_2.png,0,0,0,0,0,0,0,0,0,0,0,0,0,0,0
test_61_2_3.png,0,0,0,0,0,0,0,0,0,0,0,0,0,0,0
test_61_3_0.png,0,0,0,0,0,0,0,0,0,0,0,0,0,0,0
test_61_3_1.png,0,0,0,0,0,0,0,0,0,0,0,0,0,0,0
test_61_3_2.png,0,0,0,0,0,0,0,0,0,0,0,0,0,0,0
test_61_3_3.png,0,0,0,0,0,0,0,0,0,0,0,0,0,0,0
test_62_0_0.png,0,0,0,0,0,0,0,0,0,0,0,0,0,0,0
test_62_0_1.png,0,0,0,0,0,0,0,0,0,0,0,0,0,0,0
test_62_0_2.png,0,0,0,0,0,0,0,0,0,0,0,0,0,0,0
test_62_0_3.png,0,0,0,0,0,0,0,0,0,0,0,0,0,0,0
test_62_1_0.png,0,0,0,0,0,0,0,0,0,0,0,0,0,0,0
test_62_1_1.png,0,0,0,0,0,0,0,0,0,0,0,0,0,0,0
test_62_1_2.png,0,0,0,0,0,0,0,0,0,0,0,0,0,0,0
test_62_1_3.png,0,0,0,0,0,0,0,0,0,0,0,0,0,0,0
test_62_2_0.png,0,0,0,0,0,0,0,0,0,0,0,0,0,0,0
test_62_2_1.png,0,0,0,0,0,0,0,0,0,0,0,0,0,0,0
test_62_2_2.png,0,0,0,0,0,0,0,0,0,0,0,0,0,0,0
test_62_2_3.png,0,0,0,0,0,0,0,0,0,0,0,0,0,0,0
test_62_3_0.png,0,0,0,0,0,0,0,0,0,0,0,0,0,0,0
test_62_3_1.png,0,0,0,0,0,0,0,0,0,0,0,0,0,0,0
test_62_3_2.png,0,0,0,0,0,0,0,0,0,0,0,0,0,0,0
test_62_3_3.png,0,0,0,0,0,0,0,0,0,0,0,0,0,0,0
test_63_0_0.png,0,0,0,0,0,0,0,0,0,0,0,0,0,0,0
test_63_0_1.png,0,0,0,0,0,0,0,0,0,0,0,0,0,0,0
test_63_0_2.png,0,0,0,0,0,0,0,0,0,0,0,0,0,0,0
test_63_0_3.png,0,0,0,0,0,0,0,0,0,0,0,0,0,0,0
test_63_1_0.png,0,0,262,0,0,262,0,0,262,0,0,262,0,0,262
test_63_1_1.png,0,0,0,0,0,0,0,0,0,0,0,0,0,0,0
test_63_1_2.png,0,0,0,0,0,0,0,0,0,0,0,0,0,0,0
test_63_1_3.png,0,0,0,0,0,0,0,0,0,0,0,0,0,0,0
test_63_2_0.png,0,0,0,0,0,0,0,0,0,0,0,0,0,0,0
test_63_2_1.png,0,0,0,0,0,0,0,0,0,0,0,0,0,0,0
test_63_2_2.png,0,0,0,0,0,0,0,0,0,0,0,0,0,0,0
test_63_2_3.png,0,0,0,0,0,0,0,0,0,0,0,0,0,0,0
test_63_3_0.png,0,0,0,0,0,0,0,0,0,0,0,0,0,0,0
test_63_3_1.png,0,0,0,0,0,0,0,0,0,0,0,0,0,0,0
test_63_3_2.png,0,0,0,0,0,0,0,0,0,0,0,0,0,0,0
test_63_3_3.png,0,0,0,0,0,0,0,0,0,0,0,0,0,0,0
test_64_0_0.png,0,0,0,0,0,0,0,0,0,0,0,0,0,0,0
test_64_0_1.png,0,0,0,0,0,0,0,0,0,0,0,0,0,0,0
test_64_0_2.png,0,0,0,0,0,0,0,0,0,0,0,0,0,0,0
test_64_0_3.png,0,0,0,0,0,0,0,0,0,0,0,0,0,0,0
test_64_1_0.png,0,0,0,0,0,0,0,0,0,0,0,0,0,0,0
test_64_1_1.png,0,0,0,0,0,0,0,0,0,0,0,0,0,0,0
test_64_1_2.png,0,0,0,0,0,0,0,0,0,0,0,0,0,0,0
test_64_1_3.png,0,0,0,0,0,0,0,0,0,0,0,0,0,0,0
test_64_2_0.png,0,0,0,0,0,0,0,0,0,0,0,0,0,0,0
test_64_2_1.png,0,0,0,0,0,0,0,0,0,0,0,0,0,0,0
test_64_2_2.png,0,0,0,0,0,0,0,0,0,0,0,0,0,0,0
test_64_2_3.png,0,0,0,0,0,0,0,0,0,0,0,0,0,0,0
test_64_3_0.png,0,0,0,0,0,0,0,0,0,0,0,0,0,0,0
test_64_3_1.png,0,0,0,0,0,0,0,0,0,0,0,0,0,0,0
test_64_3_2.png,0,0,0,0,0,0,0,0,0,0,0,0,0,0,0
test_64_3_3.png,0,0,0,0,0,0,0,0,0,0,0,0,0,0,0
test_65_0_0.png,0,0,0,0,0,0,0,0,0,0,0,0,0,0,0
test_65_0_1.png,0,0,0,0,0,0,0,0,0,0,0,0,0,0,0
test_65_0_2.png,0,0,0,0,0,0,0,0,0,0,0,0,0,0,0
test_65_0_3.png,0,0,0,0,0,0,0,0,0,0,0,0,0,0,0
test_65_1_0.png,0,0,0,0,0,0,0,0,0,0,0,0,0,0,0
test_65_1_1.png,0,0,0,0,0,0,0,0,0,0,0,0,0,0,0
test_65_1_2.png,0,0,0,0,0,0,0,0,0,0,0,0,0,0,0
test_65_1_3.png,0,0,0,0,0,0,0,0,0,0,0,0,0,0,0
test_65_2_0.png,0,0,0,0,0,0,0,0,0,0,0,0,0,0,0
test_65_2_1.png,0,0,0,0,0,0,0,0,0,0,0,0,0,0,0
test_65_2_2.png,0,0,0,0,0,0,0,0,0,0,0,0,0,0,0
test_65_2_3.png,0,0,0,0,0,0,0,0,0,0,0,0,0,0,0
test_65_3_0.png,0,0,0,0,0,0,0,0,0,0,0,0,0,0,0
test_65_3_1.png,0,0,0,0,0,0,0,0,0,0,0,0,0,0,0
test_65_3_2.png,0,0,0,0,0,0,0,0,0,0,0,0,0,0,0
test_65_3_3.png,0,0,0,0,0,0,0,0,0,0,0,0,0,0,0
test_66_0_0.png,0,0,0,0,0,0,0,0,0,0,0,0,0,0,0
test_66_0_1.png,0,0,0,0,0,0,0,0,0,0,0,0,0,0,0
test_66_0_2.png,0,0,0,0,0,0,0,0,0,0,0,0,0,0,0
test_66_0_3.png,0,0,0,0,0,0,0,0,0,0,0,0,0,0,0
test_66_1_0.png,0,0,0,0,0,0,0,0,0,0,0,0,0,0,0
test_66_1_1.png,0,0,0,0,0,0,0,0,0,0,0,0,0,0,0
test_66_1_2.png,0,0,0,0,0,0,0,0,0,0,0,0,0,0,0
test_66_1_3.png,0,0,0,0,0,0,0,0,0,0,0,0,0,0,0
test_66_2_0.png,0,0,0,0,0,0,0,0,0,0,0,0,0,0,0
test_66_2_1.png,0,0,0,0,0,0,0,0,0,0,0,0,0,0,0
test_66_2_2.png,0,0,0,0,0,0,0,0,0,0,0,0,0,0,0
test_66_2_3.png,0,0,0,0,0,0,0,0,0,0,0,0,0,0,0
test_66_3_0.png,0,0,0,0,0,0,0,0,0,0,0,0,0,0,0
test_66_3_1.png,0,0,0,0,0,0,0,0,0,0,0,0,0,0,0
test_66_3_2.png,0,0,0,0,0,0,0,0,0,0,0,0,0,0,0
test_66_3_3.png,0,0,0,0,0,0,0,0,0,0,0,0,0,0,0
test_67_0_0.png,0,0,0,0,0,0,0,0,0,0,0,0,0,0,0
test_67_0_1.png,0,0,0,0,0,0,0,0,0,0,0,0,0,0,0
test_67_0_2.png,3345,439,98,3349,474,94,3350,437,93,3331,427,112,3350,445,93
test_67_0_3.png,16261,1122,858,16252,980,867,16317,1111,802,16282,1468,837,16307,1015,812
test_67_1_0.png,0,0,803,565,14,238,297,5,506,726,24,77,437,5,366
test_67_1_1.png,0,0,0,0,0,0,0,0,0,0,0,0,0,0,0
test_67_1_2.png,3088,184,196,2954,179,330,3096,181,188,3044,161,240,3088,170,196
test_67_1_3.png,5928,626,240,5878,524,290,5726,618,442,5849,603,319,5885,600,283
test_67_2_0.png,387,18,245,381,22,251,386,19,246,387,20,245,386,20,246
test_67_2_1.png,0,0,0,0,0,0,0,0,0,0,0,0,0,0,0
test_67_2_2.png,6138,532,154,6098,496,194,6108,468,184,6070,424,222,6121,464,171
test_67_2_3.png,13336,1526,332,13351,1391,317,13378,1546,290,13391,1444,277,13378,1436,290
test_67_3_0.png,930,65,11,924,64,17,929,67,12,930,62,11,928,60,13
test_67_3_1.png,0,0,0,0,0,0,0,0,0,0,0,0,0,0,0
test_67_3_2.png,0,0,0,0,0,0,0,0,0,0,0,0,0,0,0
test_67_3_3.png,198,48,16,203,7,11,204,51,10,199,23,15,202,33,12
test_68_0_0.png,12419,920,545,12497,911,467,12430,874,534,12467,940,497,12441,886,523
test_68_0_1.png,1747,229,15,1743,221,19,1745,208,17,1743,212,19,1744,218,18
test_68_0_2.png,0,0,0,0,0,0,0,0,0,0,0,0,0,0,0
test_68_0_3.png,0,0,465,0,0,465,463,21,2,462,24,3,420,0,45
test_68_1_0.png,18614,1182,396,18596,1222,414,18647,1285,363,18559,1204,451,18637,1176,373
test_68_1_1.png,12445,857,447,12418,954,474,12462,1000,430,12496,954,396,12471,929,421
test_68_1_2.png,5241,522,293,5137,509,397,5207,506,327,5168,519,366,5194,508,340
test_68_1_3.png,366,4,43,382,6,27,363,1,46,360,1,49,369,3,40
test_68_2_0.png,21244,1303,590,21387,1332,447,21229,1319,605,21218,1372,616,21258,1286,576
test_68_2_1.png,9322,644,265,9324,638,263,9304,611,283,9314,641,273,9333,605,254
test_68_2_2.png,144,160,28,113,161,59,0,0,172,0,0,172,28,63,144
test_68_2_3.png,0,0,457,0,0,457,0,0,457,0,0,457,0,0,457
test_68_3_0.png,8151,942,252,8123,941,280,8084,907,319,8089,885,314,8111,894,292
test_68_3_1.png,0,0,0,0,0,0,0,0,0,0,0,0,0,0,0
test_68_3_2.png,0,0,0,0,0,0,0,0,0,0,0,0,0,0,0
test_68_3_3.png,0,0,0,0,0,0,0,0,0,0,0,0,0,0,0
test_69_0_0.png,0,0,0,0,0,0,0,0,0,0,0,0,0,0,0
test_69_0_1.png,0,0,0,0,0,0,0,0,0,0,0,0,0,0,0
test_69_0_2.png,0,0,0,0,0,0,0,0,0,0,0,0,0,0,0
test_69_0_3.png,8416,590,313,8465,641,264,8444,677,285,8345,605,384,8417,624,312
test_69_1_0.png,2535,213,47,2539,212,43,2495,180,87,2531,193,51,2537,196,45
test_69_1_1.png,865,56,239,865,62,239,865,49,239,863,68,241,867,57,237
test_69_1_2.png,56,3,11,61,4,6,58,2,9,55,3,12,60,0,7
test_69_1_3.png,10949,507,445,10908,514,486,10966,585,428,10932,509,462,10948,509,446
test_69_2_0.png,17719,907,399,17768,974,350,17796,1096,322,17721,1053,397,17754,958,364
test_69_2_1.png,15226,952,744,15183,890,787,15262,962,708,15309,1040,661,15262,924,708
test_69_2_2.png,9236,817,131,9248,745,119,9230,736,137,9233,795,134,9247,751,120
test_69_2_3.png,1016,112,11,1018,102,9,1017,108,10,1017,96,10,1017,104,10
test_69_3_0.png,18879,1164,431,18920,1206,390,18927,1296,383,18890,1151,420,18933,1163,377
test_69_3_1.png,16339,1170,384,16333,1164,390,16346,1213,377,16351,1133,372,16359,1150,364
test_69_3_2.png,19178,1244,278,19112,1138,344,19106,1131,350,19150,1189,306,19155,1143,301
test_69_3_3.png,11352,970,315,11372,975,295,11338,851,329,11294,776,373,11355,841,312
test_6_0_0.png,0,0,0,0,0,0,0,0,0,0,0,0,0,0,0
test_6_0_1.png,386,1,82,392,21,76,398,13,70,384,21,84,394,15,74
test_6_0_2.png,0,0,0,0,0,0,0,0,0,0,0,0,0,0,0
test_6_0_3.png,0,0,0,0,0,0,0,0,0,0,0,0,0,0,0
test_6_1_0.png,0,0,301,291,22,10,0,0,301,0,0,301,0,0,301
test_6_1_1.png,0,0,0,0,0,0,0,0,0,0,0,0,0,0,0
test_6_1_2.png,0,0,0,0,0,0,0,0,0,0,0,0,0,0,0
test_6_1_3.png,0,0,367,0,0,367,0,0,367,0,0,367,0,0,367
test_6_2_0.png,0,0,0,0,0,0,0,0,0,0,0,0,0,0,0
test_6_2_1.png,0,0,0,0,0,0,0,0,0,0,0,0,0,0,0
test_6_2_2.png,485,38,32,472,36,45,482,39,35,472,42,45,476,38,41
test_6_2_3.png,0,0,254,0,0,254,0,0,254,0,7,254,0,0,254
test_6_3_0.png,0,0,0,0,0,0,0,0,0,0,0,0,0,0,0
test_6_3_1.png,0,0,0,0,0,0,0,0,0,0,0,0,0,0,0
test_6_3_2.png,0,0,0,0,0,0,0,0,0,0,0,0,0,0,0
test_6_3_3.png,395,15,137,404,19,128,404,45,128,401,19,131,401,19,131
test_70_0_0.png,11682,801,395,11744,895,333,11722,858,355,11600,860,477,11712,831,365
test_70_0_1.png,4644,412,175,4631,390,188,4626,411,193,4644,405,175,4647,399,172
test_70_0_2.png,11069,1151,471,11048,1081,492,11060,1090,480,11084,1228,456,11072,1122,468
test_70_0_3.png,16384,998,874,16387,1035,871,16382,1039,876,16428,1047,830,16421,1002,837
test_70_1_0.png,16896,993,521,16966,1048,451,16953,1134,464,16906,1077,511,16938,1018,479
test_70_1_1.png,19464,1068,673,19481,1142,656,19572,1097,565,19457,1112,680,19511,1057,626
test_70_1_2.png,17637,916,614,17655,908,596,17725,963,526,17706,977,545,17708,909,543
test_70_1_3.png,13417,766,520,13427,755,510,13415,759,522,13401,689,536,13416,715,521
test_70_2_0.png,704,16,612,695,17,621,699,15,617,676,16,640,697,17,619
test_70_2_1.png,6091,355,262,6061,339,292,6063,323,290,6105,383,248,6065,331,288
test_70_2_2.png,11428,483,404,11461,478,371,11441,530,391,11444,489,388,11450,472,382
test_70_2_3.png,12399,758,565,12373,788,591,12392,761,572,12352,774,612,12401,757,563
test_70_3_0.png,16075,429,71,16123,752,23,16085,537,61,16114,665,32,16109,581,37
test_70_3_1.png,4244,388,228,4234,307,238,4257,435,215,4272,402,200,4255,371,217
test_70_3_2.png,8859,380,421,8833,307,447,8850,338,430,8903,369,377,8859,336,421
test_70_3_3.png,8340,568,526,8286,483,580,8328,488,538,8339,541,527,8338,502,528
test_71_0_0.png,4770,275,224,4776,334,218,4761,258,233,4694,234,300,4752,256,242
test_71_0_1.png,6373,484,307,6349,480,331,6360,391,320,6317,437,363,6362,448,318
test_71_0_2.png,1957,240,23,1958,243,22,1963,232,17,1962,255,18,1961,241,19
test_71_0_3.png,0,0,0,0,0,0,0,0,0,0,0,0,0,0,0
test_71_1_0.png,0,0,0,0,0,0,0,0,0,0,0,0,0,0,0
test_71_1_1.png,0,0,4929,0,0,4929,288,0,4641,937,0,3992,0,0,4929
test_71_1_2.png,3780,252,423,3795,657,408,4171,675,32,3843,580,360,3803,543,400
test_71_1_3.png,0,0,0,0,0,0,0,0,0,0,0,0,0,0,0
test_71_2_0.png,0,0,0,0,0,0,0,0,0,0,0,0,0,0,0
test_71_2_1.png,0,2,0,0,0,0,0,0,0,0,0,0,0,0,0
test_71_2_2.png,1883,161,30,975,68,938,1275,90,638,1877,160,36,1763,97,150
test_71_2_3.png,1371,100,2064,149,0,3286,882,12,2553,1273,22,2162,623,10,2812
test_71_3_0.png,0,0,0,0,0,0,0,0,0,0,0,0,0,0,0
test_71_3_1.png,0,0,0,0,0,0,0,0,0,0,0,0,0,0,0
test_71_3_2.png,1,442,779,0,378,780,253,454,527,434,688,346,24,446,756
test_71_3_3.png,43589,2280,1299,43423,1443,1465,43575,1447,1313,43682,1143,1206,43586,1412,1302
test_72_0_0.png,15648,757,640,15627,783,661,15652,848,636,15489,678,799,15631,735,657
test_72_0_1.png,7981,408,425,8043,406,363,8007,388,399,8022,400,384,8032,388,374
test_72_0_2.png,13629,1063,306,13552,1050,383,13598,1035,337,13612,992,323,13622,994,313
test_72_0_3.png,16102,686,617,16045,640,674,16126,697,593,16076,663,643,16106,635,613
test_72_1_0.png,7005,293,434,7052,342,387,7019,311,420,7017,301,422,7018,298,421
test_72_1_1.png,2141,431,123,2171,70,93,2175,170,89,2154,247,110,2161,199,103
test_72_1_2.png,7586,578,318,7611,521,293,7555,533,349,7604,670,300,7604,529,300
test_72_1_3.png,15310,643,583,15303,671,590,15311,679,582,15306,606,587,15335,615,558
test_72_2_0.png,0,0,0,0,0,0,0,0,0,0,0,0,0,0,0
test_72_2_1.png,0,0,0,0,0,0,0,0,0,0,0,0,0,0,0
test_72_2_2.png,1710,74,216,1726,92,200,1744,81,182,1712,94,214,1737,83,189
test_72_2_3.png,4934,843,2045,4604,1202,2375,4899,862,2080,4680,736,2299,4705,807,2274
test_72_3_0.png,0,0,0,0,0,0,0,0,0,0,0,0,0,0,0
test_72_3_1.png,0,0,0,0,0,0,0,0,0,0,0,0,0,0,0
test_72_3_2.png,0,0,0,0,0,0,0,0,0,0,0,0,0,0,0
test_72_3_3.png,0,0,0,0,0,0,0,0,0,0,0,0,0,0,0
test_73_0_0.png,19378,935,765,19323,893,820,19379,947,764,19383,895,760,19400,885,743
test_73_0_1.png,2568,157,153,2551,150,170,2554,162,167,2554,149,167,2569,148,152
test_73_0_2.png,0,0,0,0,0,0,0,0,0,0,0,0,0,0,0
test_73_0_3.png,0,0,0,0,0,0,0,0,0,0,0,0,0,0,0
test_73_1_0.png,15785,685,723,15647,671,861,15733,719,775,15804,725,704,15797,694,711
test_73_1_1.png,0,0,0,0,0,0,0,0,0,0,0,0,0,0,0
test_73_1_2.png,0,0,0,0,0,0,0,0,0,0,0,0,0,0,0
test_73_1_3.png,0,0,0,0,0,0,0,0,0,0,0,0,0,0,0
test_73_2_0.png,2924,156,138,2917,160,145,2926,124,136,2907,120,155,2918,138,144
test_73_2_1.png,0,0,0,0,0,0,0,0,0,0,0,0,0,0,0
test_73_2_2.png,0,0,0,0,0,0,0,0,0,0,0,0,0,0,0
test_73_2_3.png,330,31,17,326,28,21,331,26,16,319,22,28,327,27,20
test_73_3_0.png,0,0,0,0,0,0,0,0,0,0,0,0,0,0,0
test_73_3_1.png,0,0,0,0,0,0,0,0,0,0,0,0,0,0,0
test_73_3_2.png,0,0,0,0,0,0,0,0,0,0,0,0,0,0,0
test_73_3_3.png,0,0,0,0,0,0,0,0,0,0,0,0,0,0,0
test_74_0_0.png,4822,245,208,4802,246,228,4855,290,175,4856,298,174,4841,252,189
test_74_0_1.png,21074,1051,641,21088,1009,627,21166,1094,549,21115,1046,600,21124,1024,591
test_74_0_2.png,18048,993,606,18014,967,640,18000,983,654,18133,1033,521,18085,955,569
test_74_0_3.png,5527,456,244,5543,454,228,5534,419,237,5577,487,194,5569,439,202
test_74_1_0.png,944,133,26,924,116,46,918,91,52,929,103,41,938,106,32
test_74_1_1.png,3347,192,165,3290,181,222,3326,158,186,3313,159,199,3335,161,177
test_74_1_2.png,11479,564,391,11540,619,330,11574,745,296,11531,683,339,11532,631,338
test_74_1_3.png,553,37,111,551,25,113,558,33,106,533,11,131,555,25,109
test_74_2_0.png,2708,337,80,2722,335,66,2743,412,45,2726,374,62,2725,371,63
test_74_2_1.png,8856,745,271,8853,660,274,8840,664,287,8871,708,256,8877,681,250
test_74_2_2.png,6989,609,279,7000,607,268,6988,630,280,7027,582,241,7008,594,260
test_74_2_3.png,0,0,0,0,0,0,0,0,0,0,0,0,0,0,0
test_74_3_0.png,0,0,0,0,0,0,0,0,0,0,0,0,0,0,0
test_74_3_1.png,2193,147,143,2189,161,147,2207,153,129,2172,151,164,2195,151,141
test_74_3_2.png,6305,666,167,6242,674,230,6287,709,185,6225,622,247,6285,664,187
test_74_3_3.png,0,0,0,0,0,0,0,0,0,0,0,0,0,0,0
test_75_0_0.png,0,0,0,0,0,0,0,0,0,0,0,0,0,0,0
test_75_0_1.png,0,0,0,0,0,0,0,0,0,0,0,0,0,0,0
test_75_0_2.png,0,0,0,0,0,0,0,0,0,0,0,0,0,0,0
test_75_0_3.png,0,0,0,0,0,0,0,0,0,0,0,0,0,0,0
test_75_1_0.png,0,0,0,0,0,0,0,0,0,0,0,0,0,0,0
test_75_1_1.png,0,0,0,0,0,0,0,0,0,0,0,0,0,0,0
test_75_1_2.png,0,0,0,0,0,0,0,0,0,0,0,0,0,0,0
test_75_1_3.png,0,0,0,0,0,0,0,0,0,0,0,0,0,0,0
test_75_2_0.png,0,0,0,0,0,0,0,0,0,0,0,0,0,0,0
test_75_2_1.png,6469,492,571,6466,483,574,6531,644,509,6484,478,556,6498,497,542
test_75_2_2.png,11495,742,765,11529,959,731,11412,688,848,11492,918,768,11523,789,737
test_75_2_3.png,5669,237,578,5545,197,702,5592,216,655,5623,237,624,5612,213,635
test_75_3_0.png,1434,79,229,1396,66,267,1433,79,230,1336,58,327,1403,66,260
test_75_3_1.png,15126,1035,1235,14965,985,1396,15109,1042,1252,15154,1151,1207,15109,1005,1252
test_75_3_2.png,17417,1144,1746,17564,1365,1599,17582,1406,1581,17545,1244,1618,17572,1221,1591
test_75_3_3.png,11951,1038,1461,12144,1225,1268,12147,1237,1265,12197,1311,1215,12117,1150,1295
test_76_0_0.png,0,0,0,0,0,0,0,0,0,0,0,0,0,0,0
test_76_0_1.png,0,0,182,0,0,182,0,0,182,0,0,182,0,0,182
test_76_0_2.png,0,0,166,0,0,166,0,0,166,0,0,166,0,0,166
test_76_0_3.png,5659,1106,849,5545,935,963,5670,972,838,5580,1046,928,5651,1017,857
test_76_1_0.png,0,0,0,0,0,0,0,0,0,0,0,0,0,0,0
test_76_1_1.png,0,0,148,0,0,148,0,0,148,0,0,148,0,0,148
test_76_1_2.png,0,0,0,0,0,0,0,0,0,0,0,0,0,0,0
test_76_1_3.png,11,18,917,28,15,900,352,53,576,344,48,584,294,21,634
test_76_2_0.png,0,0,0,0,0,0,0,0,0,0,0,0,0,0,0
test_76_2_1.png,0,0,0,0,0,0,0,0,0,0,0,0,0,0,0
test_76_2_2.png,0,0,0,0,0,0,0,0,0,0,0,0,0,0,0
test_76_2_3.png,4499,96,217,4538,100,178,4483,63,233,4433,21,283,4474,37,242
test_76_3_0.png,0,0,0,0,0,0,0,0,0,0,0,0,0,0,0
test_76_3_1.png,682,54,226,690,72,218,515,41,393,656,51,252,680,50,228
test_76_3_2.png,0,0,0,0,0,0,0,0,0,0,0,0,0,0,0
test_76_3_3.png,0,0,0,0,0,0,0,0,0,0,0,0,0,0,0
test_77_0_0.png,6888,22,9771,6956,32,9703,7063,24,9596,7648,104,9011,6867,26,9792
test_77_0_1.png,0,0,233,83,0,150,168,5,65,185,156,48,138,0,95
test_77_0_2.png,5130,99,914,4234,55,1810,4550,33,1494,4553,60,1491,4551,48,1493
test_77_0_3.png,0,0,463,0,0,463,0,0,463,0,0,463,0,0,463
test_77_1_0.png,21892,7202,896,21820,7037,968,21662,6556,1126,21855,6858,933,21807,7024,981
test_77_1_1.png,449,803,151,0,0,600,370,6,230,423,8,177,396,6,204
test_77_1_2.png,2775,137,353,2791,173,337,2772,76,356,2759,79,369,2782,109,346
test_77_1_3.png,0,2,0,0,2,0,0,0,0,0,0,0,0,0,0
test_77_2_0.png,9511,209,1896,8404,276,3003,7663,157,3744,8694,299,2713,8261,238,3146
test_77_2_1.png,10529,550,971,10902,1874,598,8880,931,2620,9164,2664,2336,9745,1382,1755
test_77_2_2.png,4756,670,478,4798,676,436,4663,624,571,4399,131,835,4773,632,461
test_77_2_3.png,829,62,26,825,60,30,814,49,41,812,43,43,821,50,34
test_77_3_0.png,14992,1398,3835,14825,1156,4002,14835,1286,3992,14843,1310,3984,14909,1209,3918
test_77_3_1.png,18536,3022,880,18530,3086,886,18358,2437,1058,18258,2018,1158,18502,2605,914
test_77_3_2.png,19702,787,3485,19870,1552,3317,19619,440,3568,19978,887,3209,19751,630,3436
test_77_3_3.png,16214,25,869,15931,27,1152,15687,13,1396,16686,24,397,16355,22,728
test_78_0_0.png,0,0,0,0,0,0,0,0,0,0,0,0,0,0,0
test_78_0_1.png,0,0,0,0,0,0,0,0,0,0,0,0,0,0,0
test_78_0_2.png,0,0,0,0,0,0,0,0,0,0,0,0,0,0,0
test_78_0_3.png,952,196,5,955,326,2,953,180,4,941,163,16,953,180,4
test_78_1_0.png,0,0,0,0,0,0,0,0,0,0,0,0,0,0,0
test_78_1_1.png,0,0,0,0,0,0,0,0,0,0,0,0,0,0,0
test_78_1_2.png,0,0,0,0,0,0,0,0,0,0,0,0,0,0,0
test_78_1_3.png,0,0,0,0,0,0,0,0,0,0,0,0,0,0,0
test_78_2_0.png,5399,207,187,5404,206,182,5428,203,158,5422,205,164,5409,198,177
test_78_2_1.png,5372,252,107,5370,255,109,5330,225,149,5360,237,119,5365,237,114
test_78_2_2.png,0,0,0,0,0,0,0,0,0,0,0,0,0,0,0
test_78_2_3.png,0,0,0,0,0,0,0,0,0,0,0,0,0,0,0
test_78_3_0.png,11658,366,278,11594,280,342,11595,379,341,11564,450,372,11620,293,316
test_78_3_1.png,4428,71,199,4409,83,218,4380,333,247,4357,84,270,4412,77,215
test_78_3_2.png,0,0,0,0,0,0,0,0,0,0,0,0,0,0,0
test_78_3_3.png,0,0,0,0,0,0,0,0,0,0,0,0,0,0,0
test_79_0_0.png,681,15,512,266,12,927,1009,14,184,872,16,321,774,13,419
test_79_0_1.png,1296,48,723,1059,14,960,1465,89,554,1424,81,595,1313,50,706
test_79_0_2.png,2867,128,605,2870,125,602,2709,170,763,2915,143,557,2889,127,583
test_79_0_3.png,2071,29,394,2048,38,417,2038,33,427,2062,39,403,2052,36,413
test_79_1_0.png,0,0,292,0,0,292,0,0,292,0,145,292,0,0,292
test_79_1_1.png,0,0,0,0,0,0,0,0,0,0,0,0,0,0,0
test_79_1_2.png,0,502,173,0,0,173,0,0,173,0,12,173,0,0,173
test_79_1_3.png,619,169,1,599,82,21,585,61,35,605,79,15,604,88,16
test_79_2_0.png,0,0,0,0,0,0,0,0,0,0,0,0,0,0,0
test_79_2_1.png,3033,204,468,2906,214,595,2997,176,504,2982,221,519,2988,187,513
test_79_2_2.png,1485,259,101,1469,285,117,1490,267,96,1479,240,107,1481,258,105
test_79_2_3.png,2847,180,463,2829,128,481,2814,163,496,2789,149,521,2821,147,489
test_79_3_0.png,936,319,1830,1210,141,1556,44,0,2722,302,238,2464,760,166,2006
test_79_3_1.png,0,0,0,0,0,0,0,0,0,0,0,0,0,0,0
test_79_3_2.png,1865,56,188,1878,45,175,1855,36,198,1883,44,170,1870,42,183
test_79_3_3.png,4828,264,684,4726,275,786,4854,280,658,4875,287,637,4820,275,692
test_7_0_0.png,0,0,0,0,0,0,0,0,0,0,0,0,0,0,0
test_7_0_1.png,0,0,0,0,0,0,0,0,0,0,0,0,0,0,0
test_7_0_2.png,8163,703,420,8115,664,468,8185,836,398,8201,793,382,8190,725,393
test_7_0_3.png,0,0,0,0,0,0,0,0,0,0,0,0,0,0,0
test_7_1_0.png,8650,602,730,8664,622,716,8672,650,708,8642,624,738,8661,610,719
test_7_1_1.png,5181,574,236,5213,536,204,5192,553,225,5220,593,197,5205,564,212
test_7_1_2.png,8612,786,349,8578,781,383,8583,835,378,8575,774,386,8587,781,374
test_7_1_3.png,12249,1050,768,12255,1052,762,12125,1013,892,12140,1003,877,12201,1014,816
test_7_2_0.png,14631,1480,600,14548,1430,683,14639,1559,592,14490,1297,741,14572,1418,659
test_7_2_1.png,16151,1493,1686,16135,1564,1702,16102,1551,1735,16191,1595,1646,16162,1527,1675
test_7_2_2.png,4381,341,141,4383,349,139,4364,348,158,4381,325,141,4379,338,143
test_7_2_3.png,6054,488,418,6046,496,426,5993,449,479,5998,464,474,6011,468,461
test_7_3_0.png,4310,456,186,4277,398,219,4255,418,241,4261,410,235,4278,413,218
test_7_3_1.png,8332,1264,280,8350,1304,262,8302,1156,310,8318,1309,294,8333,1252,279
test_7_3_2.png,583,55,15,582,27,16,587,29,11,581,23,17,584,27,14
test_7_3_3.png,9710,941,1009,9693,899,1026,9775,836,944,9869,941,850,9826,884,893
test_80_0_0.png,12133,1467,1710,12218,1410,1625,12208,1547,1635,12198,1579,1645,12225,1536,1618
test_80_0_1.png,19763,1791,1274,19648,1678,1389,19561,1634,1476,19236,1543,1801,19632,1633,1405
test_80_0_2.png,20806,2317,1003,20624,1914,1185,20668,2449,1141,20759,2584,1050,20799,2202,1010
test_80_0_3.png,21303,2582,1154,21247,2381,1210,21198,2507,1259,21430,2680,1027,21363,2453,1094
test_80_1_0.png,7801,877,718,7789,873,730,7747,725,772,7689,712,830,7776,805,743
test_80_1_1.png,17280,2547,1182,17296,2609,1166,17356,2716,1106,17381,2671,1081,17369,2610,1093
test_80_1_2.png,13279,1880,1629,13195,1822,1713,13365,1861,1543,13346,1982,1562,13322,1832,1586
test_80_1_3.png,10126,1335,2642,9468,1249,3300,9878,1356,2890,10087,1613,2681,9675,1349,3093
test_80_2_0.png,3566,463,299,3574,475,291,3541,447,324,3502,454,363,3557,452,308
test_80_2_1.png,13985,1234,1445,13738,1770,1692,13735,938,1695,14035,908,1395,13873,892,1557
test_80_2_2.png,3358,242,1022,3495,335,885,3422,275,958,3403,328,977,3411,286,969
test_80_2_3.png,15602,1492,1339,14006,1646,2935,15305,1467,1636,14803,1545,2138,15182,1485,1759
test_80_3_0.png,7558,476,1032,7407,363,1183,7535,533,1055,7437,472,1153,7533,445,1057
test_80_3_1.png,10453,517,1013,10564,577,902,10805,1455,661,10909,1245,557,10743,684,723
test_80_3_2.png,0,0,200,0,0,200,0,0,200,0,0,200,0,0,200
test_80_3_3.png,11996,1548,2749,11090,1516,3655,13025,1530,1720,11772,1522,2973,11794,1510,2951
test_81_0_0.png,1657,176,91,1676,155,72,1652,185,96,1651,201,97,1665,175,83
test_81_0_1.png,1740,2,128,1767,14,101,1767,11,101,1776,27,92,1771,12,97
test_81_0_2.png,0,0,0,0,0,0,0,0,0,0,0,0,0,0,0
test_81_0_3.png,0,0,0,0,0,0,0,0,0,0,0,0,0,0,0
test_81_1_0.png,0,0,0,0,0,0,0,0,0,0,0,0,0,0,0
test_81_1_1.png,0,0,0,0,0,0,0,0,0,0,0,0,0,0,0
test_81_1_2.png,0,0,0,0,0,0,0,0,0,0,0,0,0,0,0
test_81_1_3.png,2300,228,861,2126,228,1035,2339,251,822,2019,214,1142,2305,216,856
test_81_2_0.png,0,0,0,0,0,0,0,0,0,0,0,0,0,0,0
test_81_2_1.png,0,0,0,0,0,0,0,0,0,0,0,0,0,0,0
test_81_2_2.png,0,0,0,0,0,0,0,0,0,0,0,0,0,0,0
test_81_2_3.png,1765,938,10,1745,906,30,1754,907,21,1727,829,48,1750,894,25
test_81_3_0.png,0,0,0,0,0,0,0,0,0,0,0,0,0,0,0
test_81_3_1.png,306,17,336,235,1,407,59,3,583,83,5,559,179,0,463
test_81_3_2.png,0,0,0,0,0,0,0,0,0,0,0,0,0,0,0
test_81_3_3.png,0,0,0,0,0,0,0,0,0,0,0,0,0,0,0
test_82_0_0.png,0,0,0,0,0,0,0,0,0,0,0,0,0,0,0
test_82_0_1.png,0,0,0,0,0,0,0,4,0,0,0,0,0,0,0
test_82_0_2.png,0,0,0,0,0,0,0,0,0,0,0,0,0,0,0
test_82_0_3.png,0,0,0,0,0,0,0,0,0,0,0,0,0,0,0
test_82_1_0.png,0,0,0,0,0,0,0,0,0,0,0,0,0,0,0
test_82_1_1.png,0,0,6094,0,0,6094,0,0,6094,0,0,6094,0,0,6094
test_82_1_2.png,5,0,11254,0,0,11259,0,0,11259,0,0,11259,0,0,11259
test_82_1_3.png,0,0,0,0,0,0,0,0,0,0,0,0,0,0,0
test_82_2_0.png,0,0,783,0,0,783,0,263,783,0,0,783,0,0,783
test_82_2_1.png,2814,224,568,2821,601,561,2735,60,647,2771,378,611,2794,260,588
test_82_2_2.png,18142,3072,4059,16312,1764,5889,16311,1918,5890,16345,1476,5856,16674,1584,5527
test_82_2_3.png,0,0,576,0,0,576,0,0,576,0,0,576,0,0,576
test_82_3_0.png,0,0,0,0,0,0,0,0,0,0,0,0,0,0,0
test_82_3_1.png,0,0,1357,0,0,1357,0,0,1357,0,0,1357,0,0,1357
test_82_3_2.png,2260,158,129,2101,90,288,2179,82,210,2093,103,296,2162,88,227
test_82_3_3.png,5112,1476,408,5179,1677,341,5047,921,473,5088,1066,432,5106,1307,414
test_83_0_0.png,0,0,0,0,0,0,0,0,0,0,0,0,0,0,0
test_83_0_1.png,0,0,0,0,0,0,0,0,0,0,0,0,0,0,0
test_83_0_2.png,0,0,0,0,0,0,0,0,0,0,0,0,0,0,0
test_83_0_3.png,0,0,0,0,0,0,0,0,0,0,0,0,0,0,0
test_83_1_0.png,0,0,0,0,0,0,0,0,0,0,0,0,0,0,0
test_83_1_1.png,0,0,0,0,0,0,0,0,0,0,0,0,0,0,0
test_83_1_2.png,0,0,0,0,0,0,0,0,0,0,0,0,0,0,0
test_83_1_3.png,0,0,0,0,0,0,0,0,0,0,0,0,0,0,0
test_83_2_0.png,0,0,0,0,0,0,0,0,0,0,0,0,0,0,0
test_83_2_1.png,9651,432,1305,9792,520,1164,9842,639,1114,9733,504,1223,9779,488,1177
test_83_2_2.png,1250,22,314,1220,18,344,1184,9,380,1191,8,373,1211,11,353
test_83_2_3.png,0,0,0,0,0,0,0,0,0,0,0,0,0,0,0
test_83_3_0.png,6002,439,1188,5937,391,1253,5912,394,1278,6174,493,1016,6039,392,1151
test_83_3_1.png,19525,1591,4096,19703,1701,3918,19839,2332,3782,19766,1543,3855,19735,1639,3886
test_83_3_2.png,5918,169,822,5884,202,856,5384,113,1356,5853,254,887,5882,168,858
test_83_3_3.png,0,167,0,0,158,0,0,165,0,0,165,0,0,162,0
test_84_0_0.png,0,0,0,0,0,0,0,0,0,0,0,0,0,0,0
test_84_0_1.png,66,4,42,64,1,44,64,2,44,68,0,40,65,1,43
test_84_0_2.png,1250,712,157,1254,252,153,1265,535,142,1235,392,172,1255,497,152
test_84_0_3.png,1806,115,1119,1838,135,1087,2026,175,899,2001,166,924,1885,119,1040
test_84_1_0.png,0,0,0,0,0,0,0,0,0,0,0,0,0,0,0
test_84_1_1.png,4696,341,683,4772,372,607,4836,586,543,4816,637,563,4803,464,576
test_84_1_2.png,11095,1324,1685,11203,1113,1577,11075,1528,1705,10945,1118,1835,11080,1212,1700
test_84_1_3.png,5392,748,799,5424,799,767,5415,882,776,5405,807,786,5406,795,785
test_84_2_0.png,0,0,0,0,0,0,0,0,0,0,0,0,0,0,0
test_84_2_1.png,3710,514,921,3696,357,935,3713,548,918,3698,235,933,3709,303,922
test_84_2_2.png,8537,475,1680,8479,373,1738,8491,307,1726,8428,211,1789,8483,302,1734
test_84_2_3.png,2132,177,883,2201,191,814,2285,181,730,2301,144,714,2210,168,805
test_84_3_0.png,0,0,0,0,0,0,0,0,0,0,0,0,0,0,0
test_84_3_1.png,1317,253,328,1327,211,318,1270,294,375,1288,301,357,1307,251,338
test_84_3_2.png,2083,206,235,2090,65,228,1914,30,404,1999,43,319,2034,51,284
test_84_3_3.png,0,0,0,0,0,0,0,0,0,0,0,0,0,0,0
test_85_0_0.png,0,0,0,0,0,0,0,0,0,0,0,0,0,0,0
test_85_0_1.png,0,0,308,0,0,308,0,0,308,0,0,308,0,0,308
test_85_0_2.png,0,0,0,0,0,0,0,0,0,0,0,0,0,0,0
test_85_0_3.png,0,0,0,0,0,0,0,0,0,0,0,0,0,0,0
test_85_1_0.png,8767,359,989,8718,321,1038,8779,341,977,8648,349,1108,8735,334,1021
test_85_1_1.png,1808,26,194,1794,28,208,1780,39,222,1794,26,208,1796,25,206
test_85_1_2.png,0,0,0,0,0,0,0,0,0,0,0,0,0,0,0
test_85_1_3.png,0,0,0,0,0,0,0,0,0,0,0,0,0,0,0
test_85_2_0.png,13666,1058,1367,13503,1030,1530,13616,1158,1417,13558,1121,1475,13602,1068,1431
test_85_2_1.png,9139,782,1293,9341,906,1091,9226,695,1206,9248,845,1184,9231,827,1201
test_85_2_2.png,0,0,0,0,0,0,0,0,0,0,0,0,0,0,0
test_85_2_3.png,0,0,0,0,0,0,0,0,0,0,0,0,0,0,0
test_85_3_0.png,6073,539,521,6080,490,514,6113,499,481,6073,541,521,6088,514,506
test_85_3_1.png,2616,146,595,2650,168,561,2629,190,582,2613,165,598,2630,151,581
test_85_3_2.png,0,0,0,0,0,0,0,0,0,0,0,0,0,0,0
test_85_3_3.png,710,65,825,595,0,940,1048,195,487,947,255,588,798,91,737
test_86_0_0.png,0,0,0,0,0,0,0,0,0,0,0,0,0,0,0
test_86_0_1.png,110,0,633,399,38,344,567,436,176,0,386,743,258,215,485
test_86_0_2.png,0,88,0,0,0,0,0,0,0,0,33,0,0,0,0
test_86_0_3.png,0,0,0,0,0,0,0,0,0,0,0,0,0,0,0
test_86_1_0.png,403,253,17,385,18,35,389,209,31,404,1714,16,396,21,24
test_86_1_1.png,0,0,0,0,0,0,0,0,0,0,0,0,0,0,0
test_86_1_2.png,0,0,0,0,0,0,0,0,0,0,0,0,0,0,0
test_86_1_3.png,0,0,0,0,0,0,0,0,0,0,0,0,0,0,0
test_86_2_0.png,0,736,53,0,768,53,0,122,53,22,513,31,0,591,53
test_86_2_1.png,703,30,48,704,279,47,708,109,43,702,38,49,705,32,46
test_86_2_2.png,0,0,0,0,0,0,0,2,0,0,0,0,0,0,0
test_86_2_3.png,0,0,0,0,0,0,0,0,0,0,0,0,0,0,0
test_86_3_0.png,0,0,227,0,0,227,0,0,227,0,0,227,0,0,227
test_86_3_1.png,0,0,0,0,0,0,0,0,0,0,0,0,0,0,0
test_86_3_2.png,0,807,0,0,790,0,0,830,0,0,830,0,0,813,0
test_86_3_3.png,0,0,0,0,0,0,0,0,0,0,0,0,0,0,0
test_87_0_0.png,4098,658,669,3998,640,769,3932,601,835,3959,638,808,3998,636,769
test_87_0_1.png,14368,535,2470,14297,539,2541,14395,566,2443,14249,553,2589,14341,517,2497
test_87_0_2.png,10675,543,1638,10748,507,1565,10781,613,1532,10778,594,1535,10772,535,1541
test_87_0_3.png,0,0,0,0,0,0,0,0,0,0,0,0,0,0,0
test_87_1_0.png,15114,654,2655,15066,680,2703,15037,694,2732,14923,619,2846,15040,644,2729
test_87_1_1.png,23000,664,3830,22985,774,3845,23005,720,3825,22636,585,4194,22932,655,3898
test_87_1_2.png,11871,794,2285,11911,1066,2245,11990,863,2166,11855,859,2301,11930,878,2226
test_87_1_3.png,430,0,66,415,2,81,404,55,92,428,60,68,416,5,80
test_87_2_0.png,5684,448,542,5715,425,511,5719,455,507,5767,410,459,5729,418,497
test_87_2_1.png,7092,291,1144,7122,308,1114,7108,495,1128,7132,318,1104,7097,299,1139
test_87_2_2.png,2540,117,1024,2524,125,1040,2472,104,1092,2522,106,1042,2515,115,1049
test_87_2_3.png,0,0,0,0,0,0,0,0,0,0,0,0,0,0,0
test_87_3_0.png,0,0,0,0,158,0,0,208,0,0,0,0,0,0,0
test_87_3_1.png,0,0,0,0,0,0,0,0,0,0,0,0,0,0,0
test_87_3_2.png,0,0,0,0,0,0,0,0,0,0,0,0,0,0,0
test_87_3_3.png,0,0,0,0,0,0,0,0,0,0,0,0,0,0,0
test_88_0_0.png,0,0,573,0,0,573,0,0,573,0,0,573,0,0,573
test_88_0_1.png,0,0,0,0,0,0,0,0,0,0,0,0,0,0,0
test_88_0_2.png,0,0,0,0,0,0,0,0,0,0,0,0,0,0,0
test_88_0_3.png,0,0,0,0,0,0,0,0,0,0,0,0,0,0,0
test_88_1_0.png,0,0,0,0,0,0,0,0,0,0,0,0,0,0,0
test_88_1_1.png,0,0,0,0,0,0,0,0,0,0,0,0,0,0,0
test_88_1_2.png,0,0,0,0,0,0,0,0,0,0,0,0,0,0,0
test_88_1_3.png,0,0,0,0,0,0,0,0,0,0,0,0,0,0,0
test_88_2_0.png,0,0,0,0,0,0,0,0,0,0,0,0,0,0,0
test_88_2_1.png,0,0,0,0,0,0,0,0,0,0,0,0,0,0,0
test_88_2_2.png,0,0,0,0,0,0,0,0,0,0,0,0,0,0,0
test_88_2_3.png,0,0,0,0,0,0,0,0,0,0,0,0,0,0,0
test_88_3_0.png,0,0,0,0,0,0,0,0,0,0,0,0,0,0,0
test_88_3_1.png,0,0,0,0,0,0,0,0,0,0,0,0,0,0,0
test_88_3_2.png,0,0,0,0,0,0,0,0,0,0,0,0,0,0,0
test_88_3_3.png,0,0,0,0,0,0,0,0,0,0,0,0,0,0,0
test_89_0_0.png,0,0,0,0,0,0,0,0,0,0,0,0,0,0,0
test_89_0_1.png,0,0,0,0,0,0,0,0,0,0,0,0,0,0,0
test_89_0_2.png,0,0,0,0,0,0,0,0,0,0,0,0,0,0,0
test_89_0_3.png,0,1663,0,0,1613,0,0,1640,0,0,1493,0,0,1626,0
test_89_1_0.png,0,0,0,0,0,0,0,0,0,0,0,0,0,0,0
test_89_1_1.png,0,0,0,0,0,0,0,0,0,0,0,0,0,0,0
test_89_1_2.png,0,0,0,0,0,0,0,0,0,0,0,0,0,0,0
test_89_1_3.png,0,0,0,0,0,0,0,0,0,0,0,0,0,0,0
test_89_2_0.png,0,0,0,0,0,0,0,0,0,0,0,0,0,0,0
test_89_2_1.png,21995,329,429,21756,295,668,22028,743,396,21706,225,718,21938,278,486
test_89_2_2.png,28996,246,2122,28135,146,2983,30032,263,1086,29508,231,1610,29403,200,1715
test_89_2_3.png,0,0,0,0,0,0,0,0,0,0,0,0,0,0,0
test_89_3_0.png,0,0,0,0,0,0,0,0,0,0,0,0,0,0,0
test_89_3_1.png,0,137,168,0,0,168,0,0,168,0,6,168,0,0,168
test_89_3_2.png,2560,19,97,2562,19,95,2556,18,101,2558,23,99,2559,19,98
test_89_3_3.png,1242,56,115,1260,50,97,1243,56,114,1236,54,121,1246,53,111
test_8_0_0.png,2927,249,61,2938,259,50,2915,233,73,2897,225,91,2923,243,65
test_8_0_1.png,0,0,0,0,0,0,0,0,0,0,0,0,0,0,0
test_8_0_2.png,1239,58,143,1214,50,168,1197,52,185,1189,33,193,1214,52,168
test_8_0_3.png,2892,252,132,2871,267,153,2910,305,114,2908,268,116,2903,270,121
test_8_1_0.png,0,0,0,0,0,0,0,0,0,0,0,0,0,0,0
test_8_1_1.png,0,0,0,0,0,0,0,0,0,0,0,0,0,0,0
test_8_1_2.png,0,0,0,0,0,0,0,0,0,0,0,0,0,0,0
test_8_1_3.png,0,0,0,0,0,0,0,0,0,0,0,0,0,0,0
test_8_2_0.png,4926,400,252,4918,427,260,4905,381,273,4861,344,317,4906,379,272
test_8_2_1.png,7616,478,484,7680,497,420,7535,400,565,7532,377,568,7598,427,502
test_8_2_2.png,9225,606,441,9310,731,356,9170,538,496,9205,543,461,9242,553,424
test_8_2_3.png,635,202,6,637,190,4,639,199,2,639,209,2,638,197,3
test_8_3_0.png,9664,486,626,9669,531,621,9669,442,621,9610,391,680,9670,449,620
test_8_3_1.png,16750,1113,1107,16747,1108,1110,16630,1124,1227,16700,1134,1157,16718,1107,1139
test_8_3_2.png,16634,1045,1100,16663,1098,1071,16789,1138,945,16572,946,1162,16678,1034,1056
test_8_3_3.png,8026,382,413,8080,445,359,8057,442,382,8049,454,390,8067,415,372
test_90_0_0.png,0,0,0,0,0,0,0,0,0,0,0,0,0,0,0
test_90_0_1.png,0,0,0,0,0,0,0,0,0,0,0,0,0,0,0
test_90_0_2.png,0,0,0,0,0,0,0,0,0,0,0,0,0,0,0
test_90_0_3.png,0,0,0,0,0,0,0,0,0,0,0,0,0,0,0
test_90_1_0.png,0,0,0,0,0,0,0,0,0,0,0,0,0,0,0
test_90_1_1.png,0,0,0,0,0,0,0,0,0,0,0,0,0,0,0
test_90_1_2.png,0,0,0,0,0,0,0,0,0,0,0,0,0,0,0
test_90_1_3.png,0,0,0,0,0,0,0,0,0,0,0,0,0,0,0
test_90_2_0.png,0,0,0,0,0,0,0,0,0,0,0,0,0,0,0
test_90_2_1.png,0,0,0,0,0,0,0,0,0,0,0,0,0,0,0
test_90_2_2.png,0,0,0,0,0,0,0,0,0,0,0,0,0,0,0
test_90_2_3.png,0,0,0,0,0,0,0,0,0,0,0,0,0,0,0
test_90_3_0.png,0,0,0,0,0,0,0,0,0,0,0,0,0,0,0
test_90_3_1.png,0,0,0,0,0,0,0,0,0,0,0,0,0,0,0
test_90_3_2.png,0,0,0,0,0,0,0,0,0,0,0,0,0,0,0
test_90_3_3.png,0,0,0,0,0,0,0,0,0,0,0,0,0,0,0
test_91_0_0.png,3477,242,242,3486,250,233,3480,251,239,3464,218,255,3478,236,241
test_91_0_1.png,0,0,0,0,0,0,0,0,0,0,0,0,0,0,0
test_91_0_2.png,310,47,28,296,36,42,269,14,69,217,13,121,284,25,54
test_91_0_3.png,0,0,754,0,0,754,2,0,752,0,0,754,0,0,754
test_91_1_0.png,2495,90,494,2511,87,478,2382,81,607,2539,97,450,2508,82,481
test_91_1_1.png,0,0,0,0,0,0,0,0,0,0,0,0,0,0,0
test_91_1_2.png,0,0,0,0,0,0,0,0,0,0,0,0,0,0,0
test_91_1_3.png,1666,60,137,1671,59,132,1688,67,115,1610,47,193,1657,54,146
test_91_2_0.png,0,0,0,0,0,0,0,0,0,0,0,0,0,0,0
test_91_2_1.png,0,0,0,0,0,0,0,0,0,0,0,0,0,0,0
test_91_2_2.png,0,0,0,0,0,0,0,0,0,0,0,0,0,0,0
test_91_2_3.png,0,0,0,0,0,0,0,0,0,0,0,0,0,0,0
test_91_3_0.png,0,0,0,0,0,0,0,0,0,0,0,0,0,0,0
test_91_3_1.png,0,0,0,0,0,0,0,0,0,0,0,0,0,0,0
test_91_3_2.png,0,0,0,0,0,0,0,0,0,0,0,0,0,0,0
test_91_3_3.png,0,0,0,0,0,0,0,0,0,0,0,0,0,0,0
test_92_0_0.png,0,0,0,0,0,0,0,0,0,0,0,0,0,0,0
test_92_0_1.png,0,0,0,0,0,0,0,0,0,0,0,0,0,0,0
test_92_0_2.png,0,0,0,0,0,0,0,0,0,0,0,0,0,0,0
test_92_0_3.png,0,0,0,0,0,0,0,0,0,0,0,0,0,0,0
test_92_1_0.png,8509,293,802,8494,338,817,8465,310,846,8429,301,882,8474,299,837
test_92_1_1.png,3844,245,184,3834,262,194,3789,196,239,3806,215,222,3831,229,197
test_92_1_2.png,0,0,0,0,0,0,0,0,0,0,0,0,0,0,0
test_92_1_3.png,0,0,0,0,0,0,0,0,0,0,0,0,0,0,0
test_92_2_0.png,25138,1150,2555,25252,1192,2441,25233,1217,2460,25567,1490,2126,25283,1172,2410
test_92_2_1.png,3857,194,455,3942,184,370,3946,230,366,3920,164,392,3916,179,396
test_92_2_2.png,0,0,0,0,0,0,0,0,0,0,0,0,0,0,0
test_92_2_3.png,7982,240,1216,8107,233,1091,7968,226,1230,7982,220,1216,8009,222,1189
test_92_3_0.png,11515,293,1428,11864,382,1079,11733,393,1210,11835,383,1108,11726,330,1217
test_92_3_1.png,0,0,0,0,0,0,0,0,0,0,0,0,0,0,0
test_92_3_2.png,7148,112,765,7242,142,671,7268,179,645,7164,152,749,7213,139,700
test_92_3_3.png,21097,1046,2110,21052,1074,2155,21210,1061,1997,21054,974,2153,21101,985,2106
test_93_0_0.png,0,0,0,0,0,0,0,0,0,0,0,0,0,0,0
test_93_0_1.png,0,0,0,0,0,0,0,0,0,0,0,0,0,0,0
test_93_0_2.png,0,0,0,0,0,0,0,0,0,0,0,0,0,0,0
test_93_0_3.png,0,0,0,0,0,0,0,0,0,0,0,0,0,0,0
test_93_1_0.png,0,0,0,0,0,0,0,0,0,0,0,0,0,0,0
test_93_1_1.png,0,0,0,0,0,0,0,0,0,0,0,0,0,0,0
test_93_1_2.png,0,0,0,0,0,0,0,0,0,0,0,0,0,0,0
test_93_1_3.png,0,0,0,0,0,0,0,0,0,0,0,0,0,0,0
test_93_2_0.png,464,0,181,453,0,192,456,0,189,462,0,183,457,0,188
test_93_2_1.png,0,0,0,0,0,0,0,0,0,0,0,0,0,0,0
test_93_2_2.png,0,0,0,0,0,0,0,0,0,0,0,0,0,0,0
test_93_2_3.png,0,0,0,0,0,0,0,0,0,0,0,0,0,0,0
test_93_3_0.png,3580,298,444,3650,415,374,3620,346,404,3566,253,458,3610,329,414
test_93_3_1.png,0,0,0,0,0,0,0,0,0,0,0,0,0,0,0
test_93_3_2.png,0,0,0,0,0,0,0,0,0,0,0,0,0,0,0
test_93_3_3.png,0,0,0,0,0,0,0,0,0,0,0,0,0,0,0
test_94_0_0.png,0,0,0,0,0,0,0,0,0,0,0,0,0,0,0
test_94_0_1.png,0,0,0,0,0,0,0,0,0,0,0,0,0,0,0
test_94_0_2.png,0,0,0,0,0,0,0,0,0,0,0,0,0,0,0
test_94_0_3.png,0,0,0,0,0,0,0,0,0,0,0,0,0,0,0
test_94_1_0.png,0,0,0,0,0,0,0,0,0,0,0,0,0,0,0
test_94_1_1.png,0,0,0,0,0,0,0,0,0,0,0,0,0,0,0
test_94_1_2.png,0,0,0,0,0,0,0,0,0,0,0,0,0,0,0
test_94_1_3.png,0,0,0,0,0,0,0,0,0,0,0,0,0,0,0
test_94_2_0.png,0,0,0,0,0,0,0,0,0,0,0,0,0,0,0
test_94_2_1.png,0,0,0,0,0,0,0,0,0,0,0,0,0,0,0
test_94_2_2.png,0,0,0,0,0,0,0,0,0,0,0,0,0,0,0
test_94_2_3.png,0,0,561,0,0,561,0,0,561,0,0,561,0,0,561
test_94_3_0.png,0,0,0,0,0,0,0,0,0,0,0,0,0,0,0
test_94_3_1.png,0,0,0,0,0,0,0,0,0,0,0,0,0,0,0
test_94_3_2.png,0,0,0,0,0,0,0,0,0,0,0,0,0,0,0
test_94_3_3.png,0,0,0,0,0,0,0,0,0,0,0,0,0,0,0
test_95_0_0.png,0,0,0,0,0,0,0,0,0,0,0,0,0,0,0
test_95_0_1.png,0,0,0,0,0,0,0,0,0,0,0,0,0,0,0
test_95_0_2.png,0,0,0,0,0,0,0,0,0,0,0,0,0,0,0
test_95_0_3.png,0,0,0,0,0,0,0,0,0,0,0,0,0,0,0
test_95_1_0.png,0,0,0,0,0,0,0,0,0,0,0,0,0,0,0
test_95_1_1.png,0,0,0,0,0,0,0,0,0,0,0,0,0,0,0
test_95_1_2.png,0,0,0,0,0,0,0,0,0,0,0,0,0,0,0
test_95_1_3.png,0,0,0,0,0,0,0,0,0,0,0,0,0,0,0
test_95_2_0.png,0,0,0,0,0,0,0,0,0,0,0,0,0,0,0
test_95_2_1.png,0,0,0,0,0,0,0,0,0,0,0,0,0,0,0
test_95_2_2.png,0,0,0,0,0,0,0,0,0,0,0,0,0,0,0
test_95_2_3.png,0,0,0,0,0,0,0,0,0,0,0,0,0,0,0
test_95_3_0.png,48,0,77,22,0,103,124,11,1,120,1,5,112,0,13
test_95_3_1.png,0,0,0,0,0,0,0,0,0,0,0,0,0,0,0
test_95_3_2.png,0,0,0,0,0,0,0,0,0,0,0,0,0,0,0
test_95_3_3.png,0,0,0,0,0,0,0,0,0,0,0,0,0,0,0
test_96_0_0.png,1474,126,19,1466,134,27,1469,138,24,1470,132,23,1470,126,23
test_96_0_1.png,0,0,0,0,0,0,0,0,0,0,0,0,0,0,0
test_96_0_2.png,0,0,0,0,0,0,0,0,0,0,0,0,0,0,0
test_96_0_3.png,0,0,19,0,0,19,0,0,19,0,0,19,0,0,19
test_96_1_0.png,0,0,0,0,0,0,0,0,0,0,0,0,0,0,0
test_96_1_1.png,0,0,0,0,0,0,0,0,0,0,0,0,0,0,0
test_96_1_2.png,0,0,0,0,0,0,0,0,0,0,0,0,0,0,0
test_96_1_3.png,0,0,0,0,0,0,0,0,0,0,0,0,0,0,0
test_96_2_0.png,0,0,0,0,0,0,0,0,0,0,0,0,0,0,0
test_96_2_1.png,0,0,0,0,0,0,0,0,0,0,0,0,0,0,0
test_96_2_2.png,0,0,0,0,0,0,0,0,0,0,0,0,0,0,0
test_96_2_3.png,0,0,0,0,0,0,0,0,0,0,0,0,0,0,0
test_96_3_0.png,0,0,0,0,0,0,0,0,0,0,0,0,0,0,0
test_96_3_1.png,0,0,0,0,0,0,0,0,0,0,0,0,0,0,0
test_96_3_2.png,0,0,0,0,0,0,0,0,0,0,0,0,0,0,0
test_96_3_3.png,0,0,0,0,0,0,0,0,0,0,0,0,0,0,0
test_97_0_0.png,0,0,41,0,0,41,0,0,41,0,0,41,0,0,41
test_97_0_1.png,0,0,0,0,0,0,0,0,0,0,0,0,0,0,0
test_97_0_2.png,0,0,0,0,0,0,0,0,0,0,0,0,0,0,0
test_97_0_3.png,0,0,0,0,0,0,0,0,0,0,0,0,0,0,0
test_97_1_0.png,0,0,0,0,0,0,0,0,0,0,0,0,0,0,0
test_97_1_1.png,0,0,0,0,0,0,0,0,0,0,0,0,0,0,0
test_97_1_2.png,0,0,0,0,0,0,0,0,0,0,0,0,0,0,0
test_97_1_3.png,0,0,0,0,0,0,0,0,0,0,0,0,0,0,0
test_97_2_0.png,426,6,42,431,3,37,443,8,25,431,9,37,428,7,40
test_97_2_1.png,129,23,42,112,7,59,129,23,42,141,55,30,129,23,42
test_97_2_2.png,0,0,0,0,0,0,0,0,0,0,0,0,0,0,0
test_97_2_3.png,0,0,0,0,0,0,0,0,0,0,0,0,0,0,0
test_97_3_0.png,317,92,6,319,109,4,319,108,4,318,107,5,319,106,4
test_97_3_1.png,283,32,5,284,43,4,286,29,2,286,30,2,285,33,3
test_97_3_2.png,0,0,0,0,0,0,0,0,0,0,0,0,0,0,0
test_97_3_3.png,0,0,0,0,0,0,0,0,0,0,0,0,0,0,0
test_98_0_0.png,0,0,0,0,0,0,0,0,0,0,0,0,0,0,0
test_98_0_1.png,0,0,0,0,0,0,0,0,0,0,0,0,0,0,0
test_98_0_2.png,0,0,0,0,0,0,0,0,0,0,0,0,0,0,0
test_98_0_3.png,0,0,0,0,0,0,0,0,0,0,0,0,0,0,0
test_98_1_0.png,0,0,0,0,0,0,0,0,0,0,0,0,0,0,0
test_98_1_1.png,0,0,0,0,0,0,0,0,0,0,0,0,0,0,0
test_98_1_2.png,0,0,0,0,0,0,0,0,0,0,0,0,0,0,0
test_98_1_3.png,0,0,0,0,0,0,0,0,0,0,0,0,0,0,0
test_98_2_0.png,0,0,0,0,0,0,0,0,0,0,0,0,0,0,0
test_98_2_1.png,0,0,0,0,0,0,0,0,0,0,0,0,0,0,0
test_98_2_2.png,0,0,0,0,0,0,0,0,0,0,0,0,0,0,0
test_98_2_3.png,0,0,0,0,0,0,0,0,0,0,0,0,0,0,0
test_98_3_0.png,0,0,0,0,0,0,0,0,0,0,0,0,0,0,0
test_98_3_1.png,471,2,45,462,0,54,471,4,45,457,1,59,469,1,47
test_98_3_2.png,0,0,0,0,0,0,0,0,0,0,0,0,0,0,0
test_98_3_3.png,0,0,0,0,0,0,0,0,0,0,0,0,0,0,0
test_99_0_0.png,0,0,0,0,0,0,0,0,0,0,0,0,0,0,0
test_99_0_1.png,0,0,0,0,0,0,0,0,0,0,0,0,0,0,0
test_99_0_2.png,0,0,0,0,0,0,0,0,0,0,0,0,0,0,0
test_99_0_3.png,0,0,0,0,0,0,0,0,0,0,0,0,0,0,0
test_99_1_0.png,0,0,0,0,0,0,0,0,0,0,0,0,0,0,0
test_99_1_1.png,0,0,0,0,0,0,0,0,0,0,0,0,0,0,0
test_99_1_2.png,0,0,0,0,0,0,0,0,0,0,0,0,0,0,0
test_99_1_3.png,0,0,0,0,0,0,0,0,0,0,0,0,0,0,0
test_99_2_0.png,0,0,0,0,0,0,0,0,0,0,0,0,0,0,0
test_99_2_1.png,0,0,0,0,0,0,0,0,0,0,0,0,0,0,0
test_99_2_2.png,0,0,0,0,0,0,0,0,0,0,0,0,0,0,0
test_99_2_3.png,0,0,0,0,0,0,0,0,0,0,0,0,0,0,0
test_99_3_0.png,0,0,97,0,0,97,0,0,97,0,0,97,0,0,97
test_99_3_1.png,0,0,143,0,0,143,0,0,143,0,0,143,0,0,143
test_99_3_2.png,0,0,0,0,0,0,0,0,0,0,0,0,0,0,0
test_99_3_3.png,0,0,0,0,0,0,0,0,0,0,0,0,0,0,0
test_9_0_0.png,2391,158,158,2377,157,172,2409,177,140,2390,163,159,2395,161,154
test_9_0_1.png,0,0,0,0,0,0,0,0,0,0,0,0,0,0,0
test_9_0_2.png,0,0,0,0,0,0,0,0,0,0,0,0,0,0,0
test_9_0_3.png,0,0,0,0,0,0,0,0,0,0,0,0,0,0,0
test_9_1_0.png,2699,188,159,2684,176,174,2693,190,165,2686,145,172,2697,165,161
test_9_1_1.png,0,0,0,0,0,0,0,0,0,0,0,0,0,0,0
test_9_1_2.png,0,0,0,0,0,0,0,0,0,0,0,0,0,0,0
test_9_1_3.png,0,0,0,0,0,0,0,0,0,0,0,0,0,0,0
test_9_2_0.png,1132,63,131,1145,207,118,1111,84,152,1073,133,190,1136,110,127
test_9_2_1.png,0,0,0,0,0,0,0,0,0,0,0,0,0,0,0
test_9_2_2.png,0,0,0,0,0,0,0,0,0,0,0,0,0,0,0
test_9_2_3.png,0,0,0,0,0,0,0,0,0,0,0,0,0,0,0
test_9_3_0.png,1219,90,880,1281,105,818,1288,121,811,1298,111,801,1291,101,808
test_9_3_1.png,0,0,0,0,0,0,0,0,0,0,0,0,0,0,0
test_9_3_2.png,0,0,0,0,0,0,0,0,0,0,0,0,0,0,0
test_9_3_3.png,0,0,0,0,0,0,0,0,0,0,0,0,0,0,0
