image,original_tp,original_fp,original_fn,flip_w_tp,flip_w_fp,flip_w_fn,flip_h_tp,flip_h_fp,flip_h_fn,flip_hw_tp,flip_hw_fp,flip_hw_fn,tta_tp,tta_fp,tta_fn
test_100_0_0.png,0,0,0,0,0,0,0,0,0,0,0,0,0,0,0
test_100_0_1.png,0,0,1131,0,0,1131,0,0,1131,0,0,1131,0,0,1131
test_100_0_2.png,0,0,219,0,0,219,0,0,219,0,0,219,0,0,219
test_100_0_3.png,6805,396,414,6800,414,419,6774,342,445,6848,406,371,6818,361,401
test_100_1_0.png,341,0,106,343,0,104,364,0,83,346,1,101,346,0,101
test_100_1_1.png,0,0,0,0,0,0,0,0,0,0,0,0,0,0,0
test_100_1_2.png,5652,346,518,5598,292,572,5603,356,567,5672,463,498,5631,328,539
test_100_1_3.png,17359,775,1527,17314,835,1572,17262,752,1624,17344,858,1542,17314,762,1572
test_100_2_0.png,0,0,0,0,0,0,0,0,0,0,0,0,0,0,0
test_100_2_1.png,1845,55,289,1859,58,275,1857,69,277,1866,60,268,1861,61,273
test_100_2_2.png,15057,554,1032,15079,641,1010,15056,628,1033,15074,578,1015,15076,577,1013
test_100_2_3.png,17646,763,1197,17757,914,1086,17757,819,1086,17653,784,1190,17730,786,1113
test_100_3_0.png,0,0,0,0,0,0,0,0,0,0,0,0,0,0,0
test_100_3_1.png,10954,465,812,10997,581,769,11034,625,732,11086,531,680,11022,512,744
test_100_3_2.png,19420,840,996,19426,1018,990,19530,1036,886,19377,815,1039,19447,873,969
test_100_3_3.png,14338,376,1185,14351,400,1172,14384,404,1139,14388,421,1135,14383,375,1140
test_101_0_0.png,0,0,0,0,0,0,0,0,0,0,0,0,0,0,0
test_101_0_1.png,11550,1088,136,11557,1059,129,11541,1037,145,11533,883,153,11560,998,126
test_101_0_2.png,0,84,0,0,0,0,0,74,0,0,0,0,0,0,0
test_101_0_3.png,0,0,0,0,0,0,0,0,0,0,0,0,0,0,0
test_101_1_0.png,0,0,211,0,0,211,0,0,211,0,0,211,0,0,211
test_101_1_1.png,0,0,0,0,0,0,0,0,0,0,0,0,0,0,0
test_101_1_2.png,0,0,0,0,0,0,0,0,0,0,0,0,0,0,0
test_101_1_3.png,0,0,486,0,0,486,0,0,486,0,0,486,0,0,486
test_101_2_0.png,1475,53,211,1512,53,174,973,43,713,971,40,715,1196,45,490
test_101_2_1.png,7297,67,598,7282,54,613,7289,60,606,7284,65,611,7287,61,608
test_101_2_2.png,1037,37,117,1057,39,97,1070,58,84,1050,30,104,1055,35,99
test_101_2_3.png,6501,139,574,6608,175,467,6497,190,578,6562,145,513,6563,148,512
test_101_3_0.png,227,0,1495,408,19,1314,164,0,1558,0,0,1722,139,0,1583
test_101_3_1.png,7671,761,693,7599,763,765,7540,783,824,7816,781,548,7649,747,715
test_101_3_2.png,5136,153,474,5133,121,477,5138,175,472,5147,143,463,5144,136,466
test_101_3_3.png,3243,156,244,3256,171,231,3298,246,189,3259,162,228,3271,162,216
test_102_0_0.png,0,228,0,0,195,0,0,240,0,0,206,0,0,220,0
test_102_0_1.png,2344,5,99,2344,7,99,2335,6,108,2344,7,99,2340,7,103
test_102_0_2.png,20619,311,207,20596,357,230,20535,329,291,20601,309,225,20594,298,232
test_102_0_3.png,15852,677,314,15797,536,369,15713,192,453,15680,262,486,15781,333,385
test_102_1_0.png,2191,164,173,2187,137,177,2192,136,172,2199,169,165,2193,146,171
test_102_1_1.png,18556,916,23,18535,672,44,18510,1063,69,18513,943,66,18526,863,53
test_102_1_2.png,14505,684,96,14426,250,175,14360,210,241,14493,391,108,14471,296,130
test_102_1_3.png,2730,1,122,2713,0,139,2734,0,118,2720,1,132,2726,1,126
test_102_2_0.png,13450,297,103,13449,383,104,13424,328,129,13391,126,162,13438,283,115
test_102_2_1.png,2086,95,37,2096,75,27,2112,333,11,2088,100,35,2094,105,29
test_102_2_2.png,0,0,0,0,0,0,0,0,0,0,0,0,0,0,0
test_102_2_3.png,0,0,0,0,0,0,0,0,0,0,0,0,0,0,0
test_102_3_0.png,11243,413,740,11202,366,781,11410,714,573,11310,544,673,11288,462,695
test_102_3_1.png,0,0,0,0,0,0,0,0,0,0,0,0,0,0,0
test_102_3_2.png,0,0,0,0,0,0,0,0,0,0,0,0,0,0,0
test_102_3_3.png,0,0,0,0,0,0,0,0,0,0,0,0,0,0,0
test_103_0_0.png,1831,181,1481,1295,48,2017,1442,80,1870,2560,140,752,1619,73,1693
test_103_0_1.png,0,0,3712,0,0,3712,0,0,3712,0,0,3712,0,0,3712
test_103_0_2.png,0,0,0,0,0,0,0,0,0,0,0,0,0,0,0
test_103_0_3.png,4800,1525,69,4812,537,57,4696,1151,173,4743,186,126,4782,575,87
test_103_1_0.png,1139,353,3958,1205,100,3892,1126,152,3971,826,75,4271,1133,100,3964
test_103_1_1.png,0,0,1218,0,0,1218,0,0,1218,0,0,1218,0,0,1218
test_103_1_2.png,0,0,0,0,0,0,0,0,0,0,0,0,0,0,0
test_103_1_3.png,0,0,0,0,138,0,0,0,0,0,0,0,0,0,0
test_103_2_0.png,0,0,0,0,0,0,0,0,0,0,0,0,0,0,0
test_103_2_1.png,0,0,0,0,0,0,0,0,0,0,0,0,0,0,0
test_103_2_2.png,0,0,0,0,0,0,0,0,0,0,0,0,0,0,0
test_103_2_3.png,0,0,0,0,2,0,0,0,0,0,0,0,0,0,0
test_103_3_0.png,0,0,0,0,0,0,0,0,0,0,0,0,0,0,0
test_103_3_1.png,0,0,0,0,0,0,0,73,0,0,0,0,0,0,0
test_103_3_2.png,0,0,0,0,0,0,0,0,0,0,0,0,0,0,0
test_103_3_3.png,0,306,0,0,289,0,0,0,0,0,0,0,0,0,0
test_104_0_0.png,0,0,0,0,0,0,0,0,0,0,0,0,0,0,0
test_104_0_1.png,0,0,0,0,0,0,0,0,0,0,0,0,0,0,0
test_104_0_2.png,0,0,0,0,0,0,0,0,0,0,0,0,0,0,0
test_104_0_3.png,0,0,0,0,0,0,0,0,0,0,0,0,0,0,0
test_104_1_0.png,0,0,0,0,0,0,0,0,0,0,0,0,0,0,0
test_104_1_1.png,0,0,0,0,0,0,0,0,0,0,0,0,0,0,0
test_104_1_2.png,0,0,0,0,0,0,0,0,0,0,0,0,0,0,0
test_104_1_3.png,0,0,0,0,0,0,0,0,0,0,0,0,0,0,0
test_104_2_0.png,17833,2501,310,17922,1816,221,17899,2874,244,17871,2635,272,17881,2622,262
test_104_2_1.png,0,0,0,0,0,0,0,0,0,0,184,0,0,0,0
test_104_2_2.png,0,0,0,0,0,0,0,0,0,0,0,0,0,0,0
test_104_2_3.png,0,0,0,0,0,0,0,0,0,0,0,0,0,0,0
test_104_3_0.png,198,940,708,186,955,720,193,848,713,201,930,705,199,933,707
test_104_3_1.png,0,0,0,0,0,0,0,0,0,0,0,0,0,0,0
test_104_3_2.png,0,0,0,0,0,0,0,0,0,0,0,0,0,0,0
test_104_3_3.png,0,477,0,0,244,0,0,758,0,0,384,0,0,459,0
test_105_0_0.png,0,0,0,0,0,0,0,0,0,0,0,0,0,0,0
test_105_0_1.png,0,0,0,0,0,0,0,0,0,0,0,0,0,0,0
test_105_0_2.png,0,0,0,0,0,0,0,0,0,0,0,0,0,0,0
test_105_0_3.png,0,0,0,0,0,0,0,0,0,0,0,0,0,0,0
test_105_1_0.png,2307,81,208,2292,55,223,2314,67,201,2300,68,215,2309,65,206
test_105_1_1.png,0,0,0,0,0,0,0,0,0,0,0,0,0,0,0
test_105_1_2.png,0,0,35,0,0,35,0,0,35,0,0,35,0,0,35
test_105_1_3.png,11834,714,1173,11853,760,1154,12001,932,1006,11930,875,1077,11930,779,1077
test_105_2_0.png,8124,612,707,8165,579,666,8061,565,770,8230,589,601,8160,571,671
test_105_2_1.png,0,0,0,0,0,0,0,0,0,0,0,0,0,0,0
test_105_2_2.png,1356,113,188,1368,159,176,1330,245,214,1337,118,207,1350,117,194
test_105_2_3.png,1865,981,236,1803,885,298,1933,837,168,1938,879,163,1923,867,178
test_105_3_0.png,12582,893,1078,12745,956,915,12692,957,968,12689,970,971,12692,916,968
test_105_3_1.png,2987,142,163,2992,171,158,2961,144,189,2965,138,185,2987,142,163
test_105_3_2.png,1080,52,88,1116,82,52,1117,70,51,1125,68,43,1120,62,48
test_105_3_3.png,6371,503,503,6352,495,522,6281,434,593,6355,452,519,6348,459,526
test_106_0_0.png,369,29,338,0,0,707,0,0,707,0,0,707,0,0,707
test_106_0_1.png,0,0,0,0,0,0,0,0,0,0,0,0,0,0,0
test_106_0_2.png,3290,327,282,3294,322,278,3260,307,312,3265,303,307,3280,305,292
test_106_0_3.png,16536,1216,992,16553,1221,975,16490,1195,1038,16337,1059,1191,16527,1148,1001
test_106_1_0.png,0,0,0,0,0,0,0,0,0,0,0,0,0,0,0
test_106_1_1.png,0,0,0,0,0,0,0,0,0,0,0,0,0,0,0
test_106_1_2.png,0,0,0,0,0,0,0,0,0,0,0,0,0,0,0
test_106_1_3.png,0,0,0,0,0,0,0,0,0,0,0,0,0,0,0
test_106_2_0.png,0,0,0,0,0,0,0,0,0,0,0,0,0,0,0
test_106_2_1.png,0,0,0,0,0,0,0,0,0,0,0,0,0,0,0
test_106_2_2.png,0,0,0,0,0,0,0,0,0,0,0,0,0,0,0
test_106_2_3.png,0,0,787,0,30,787,0,0,787,0,0,787,0,0,787
test_106_3_0.png,0,224,0,0,193,0,0,243,0,0,10,0,0,200,0
test_106_3_1.png,0,0,0,0,0,0,0,0,0,0,0,0,0,0,0
test_106_3_2.png,0,0,0,0,31,0,0,0,0,0,0,0,0,0,0
test_106_3_3.png,1405,16,181,1336,18,250,1422,138,164,1402,29,184,1404,18,182
test_107_0_0.png,289,14,26,104,0,211,287,10,28,5,0,310,276,6,39
test_107_0_1.png,0,0,0,0,0,0,0,0,0,0,0,0,0,0,0
test_107_0_2.png,0,0,0,0,0,0,0,0,0,0,0,0,0,0,0
test_107_0_3.png,271,3,60,275,10,56,275,10,56,258,6,73,274,9,57
test_107_1_0.png,0,251,0,0,241,0,0,248,0,0,221,0,0,242,0
test_107_1_1.png,0,0,0,0,0,0,0,0,0,0,0,0,0,0,0
test_107_1_2.png,0,123,0,0,72,0,0,135,0,0,114,0,0,114,0
test_107_1_3.png,0,0,0,0,0,0,0,0,0,0,0,0,0,0,0
test_107_2_0.png,0,0,0,0,0,0,0,0,0,0,0,0,0,0,0
test_107_2_1.png,0,0,0,0,0,0,0,0,0,0,0,0,0,0,0
test_107_2_2.png,768,35,4,767,48,5,766,39,6,770,38,2,767,32,5
test_107_2_3.png,0,0,0,0,0,0,0,0,0,0,0,0,0,0,0
test_107_3_0.png,0,0,0,0,0,0,0,0,0,0,0,0,0,0,0
test_107_3_1.png,0,298,0,0,252,0,0,2,0,0,0,0,0,27,0
test_107_3_2.png,106,0,774,343,0,537,0,0,880,0,0,880,0,0,880
test_107_3_3.png,0,0,0,0,0,0,0,0,0,0,0,0,0,0,0
test_108_0_0.png,0,0,0,0,0,0,0,0,0,0,0,0,0,0,0
test_108_0_1.png,0,0,0,0,0,0,0,0,0,0,0,0,0,0,0
test_108_0_2.png,0,0,0,0,0,0,0,0,0,0,0,0,0,0,0
test_108_0_3.png,0,0,0,0,0,0,0,0,0,0,0,0,0,0,0
test_108_1_0.png,0,0,0,0,0,0,0,0,0,0,0,0,0,0,0
test_108_1_1.png,0,0,0,0,0,0,0,0,0,0,0,0,0,0,0
test_108_1_2.png,0,0,0,0,0,0,0,0,0,0,0,0,0,0,0
test_108_1_3.png,0,0,0,0,0,0,0,0,0,0,0,0,0,0,0
test_108_2_0.png,0,0,0,0,0,0,0,0,0,0,0,0,0,0,0
test_108_2_1.png,0,0,0,0,0,0,0,0,0,0,0,0,0,0,0
test_108_2_2.png,0,0,0,0,0,0,0,0,0,0,0,0,0,0,0
test_108_2_3.png,0,0,0,0,0,0,0,0,0,0,0,0,0,0,0
test_108_3_0.png,0,0,0,0,0,0,0,0,0,0,0,0,0,0,0
test_108_3_1.png,0,0,0,0,0,0,0,0,0,0,0,0,0,0,0
test_108_3_2.png,0,0,0,0,0,0,0,0,0,0,0,0,0,0,0
test_108_3_3.png,0,0,0,0,0,0,0,0,0,0,0,0,0,0,0
test_109_0_0.png,0,0,0,0,0,0,0,0,0,0,0,0,0,0,0
test_109_0_1.png,0,0,0,0,0,0,0,0,0,0,0,0,0,0,0
test_109_0_2.png,0,0,0,0,0,0,0,0,0,0,0,0,0,0,0
test_109_0_3.png,0,0,0,0,0,0,0,0,0,0,0,0,0,0,0
test_109_1_0.png,0,0,0,0,0,0,0,0,0,0,0,0,0,0,0
test_109_1_1.png,0,0,0,0,0,0,0,0,0,0,0,0,0,0,0
test_109_1_2.png,0,0,0,0,0,0,0,0,0,0,0,0,0,0,0
test_109_1_3.png,0,0,0,0,0,0,0,0,0,0,0,0,0,0,0
test_109_2_0.png,0,0,0,0,0,0,0,0,0,0,0,0,0,0,0
test_109_2_1.png,0,0,0,0,0,0,0,0,0,0,0,0,0,0,0
test_109_2_2.png,3831,194,91,3839,227,83,3867,252,55,3832,227,90,3835,219,87
test_109_2_3.png,0,0,0,0,0,0,0,0,0,0,0,0,0,0,0
test_109_3_0.png,0,0,769,0,0,769,0,0,769,0,0,769,0,0,769
test_109_3_1.png,0,0,0,0,0,0,0,0,0,0,0,0,0,0,0
test_109_3_2.png,0,0,0,0,0,0,0,0,0,0,0,0,0,0,0
test_109_3_3.png,0,0,0,0,0,0,0,0,0,0,0,0,0,0,0
test_10_0_0.png,0,0,0,0,0,0,0,0,0,0,0,0,0,0,0
test_10_0_1.png,0,0,0,0,0,0,0,0,0,0,0,0,0,0,0
test_10_0_2.png,0,0,0,0,0,0,0,0,0,0,0,0,0,0,0
test_10_0_3.png,0,0,0,0,0,0,0,0,0,0,0,0,0,0,0
test_10_1_0.png,1151,51,51,1131,56,71,1143,45,59,1144,47,58,1146,47,56
test_10_1_1.png,2847,140,159,2862,123,144,2875,128,131,2886,151,120,2871,138,135
test_10_1_2.png,0,0,0,0,0,0,0,0,0,0,0,0,0,0,0
test_10_1_3.png,0,0,0,0,0,0,0,0,0,0,0,0,0,0,0
test_10_2_0.png,6996,827,402,6976,852,422,6973,885,425,6927,683,471,6978,805,420
test_10_2_1.png,13999,1416,744,13994,1550,749,13935,1457,808,13881,1380,862,13972,1417,771
test_10_2_2.png,11442,1643,437,11463,1546,416,11438,1668,441,11452,1671,427,11471,1604,408
test_10_2_3.png,7002,706,259,7024,720,237,7019,732,242,7000,765,261,7011,732,250
test_10_3_0.png,16430,2074,479,16446,2159,463,16399,1979,510,16390,2040,519,16428,2037,481
test_10_3_1.png,9345,1425,489,9388,1603,446,9449,1552,385,9367,1474,467,9399,1498,435
test_10_3_2.png,9354,1031,436,9365,1171,425,9318,1036,472,9350,1027,440,9350,1049,440
test_10_3_3.png,18720,2219,988,18570,2188,1138,18681,2307,1027,18520,2304,1188,18660,2233,1048
test_110_0_0.png,0,0,0,0,0,0,0,0,0,0,0,0,0,0,0
test_110_0_1.png,0,0,0,0,0,0,0,0,0,0,0,0,0,0,0
test_110_0_2.png,0,0,0,0,0,0,0,0,0,0,0,0,0,0,0
test_110_0_3.png,0,0,0,0,0,0,0,0,0,0,0,0,0,0,0
test_110_1_0.png,0,0,0,0,0,0,0,0,0,0,0,0,0,0,0
test_110_1_1.png,0,0,0,0,0,0,0,0,0,0,0,0,0,0,0
test_110_1_2.png,0,0,0,0,0,0,0,0,0,0,0,0,0,0,0
test_110_1_3.png,2548,234,185,2531,165,202,2537,261,196,2546,232,187,2543,224,190
test_110_2_0.png,4591,101,1242,4466,123,1367,4325,86,1508,4037,106,1796,4396,92,1437
test_110_2_1.png,0,0,0,0,0,0,0,0,0,0,0,0,0,0,0
test_110_2_2.png,0,0,0,0,0,0,0,0,0,0,0,0,0,0,0
test_110_2_3.png,0,0,62,0,0,62,0,0,62,0,0,62,0,0,62
test_110_3_0.png,0,0,0,0,0,0,0,0,0,0,0,0,0,0,0
test_110_3_1.png,0,0,0,0,0,0,0,0,0,0,0,0,0,0,0
test_110_3_2.png,0,0,0,0,0,0,0,0,0,0,0,0,0,0,0
test_110_3_3.png,41,0,118,54,0,105,6,0,153,0,0,159,31,0,128
test_111_0_0.png,0,0,0,0,0,0,0,0,0,0,0,0,0,0,0
test_111_0_1.png,0,0,0,0,0,0,0,0,0,0,0,0,0,0,0
test_111_0_2.png,4542,154,317,4526,136,333,4504,193,355,4502,300,357,4540,144,319
test_111_0_3.png,0,0,12,0,0,12,0,133,12,0,50,12,0,0,12
test_111_1_0.png,0,0,0,0,0,0,0,0,0,0,0,0,0,0,0
test_111_1_1.png,0,0,625,0,0,625,398,19,227,109,0,516,0,0,625
test_111_1_2.png,2439,174,214,2422,139,231,2453,214,200,2443,133,210,2441,155,212
test_111_1_3.png,1164,661,618,1555,478,227,1146,443,636,1613,466,169,1406,536,376
test_111_2_0.png,0,0,0,0,0,0,0,0,0,0,0,0,0,0,0
test_111_2_1.png,0,0,0,0,0,0,0,0,0,0,0,0,0,0,0
test_111_2_2.png,0,0,0,0,0,0,0,0,0,0,0,0,0,0,0
test_111_2_3.png,1162,50,2024,1365,106,1821,1108,42,2078,603,36,2583,1069,51,2117
test_111_3_0.png,14216,1175,1213,14338,1344,1091,14214,1398,1215,14405,1428,1024,14288,1256,1141
test_111_3_1.png,2286,261,254,2248,340,292,2229,272,311,2235,320,305,2267,302,273
test_111_3_2.png,0,0,0,0,0,0,0,0,0,0,0,0,0,0,0
test_111_3_3.png,0,0,0,0,0,0,0,0,0,0,0,0,0,0,0
test_112_0_0.png,0,0,0,0,0,0,0,0,0,0,0,0,0,0,0
test_112_0_1.png,0,0,0,0,0,0,0,0,0,0,0,0,0,0,0
test_112_0_2.png,0,5,0,0,0,0,0,36,0,0,188,0,0,1,0
test_112_0_3.png,0,0,0,0,0,0,0,0,0,0,0,0,0,0,0
test_112_1_0.png,927,87,650,951,112,626,930,128,647,934,124,643,930,94,647
test_112_1_1.png,0,0,0,0,0,0,0,0,0,0,0,0,0,0,0
test_112_1_2.png,0,0,0,0,0,0,0,0,0,0,0,0,0,0,0
test_112_1_3.png,0,0,0,0,0,0,0,0,0,0,0,0,0,0,0
test_112_2_0.png,0,0,0,0,0,0,0,0,0,0,0,0,0,0,0
test_112_2_1.png,334,59,16,341,61,9,296,24,54,308,25,42,322,46,28
test_112_2_2.png,3749,153,251,3720,164,280,3631,158,369,2801,132,1199,3649,145,351
test_112_2_3.png,2425,1,593,2485,19,533,1003,0,2015,1597,1,1421,2158,1,860
test_112_3_0.png,0,0,0,0,0,0,0,0,0,0,0,0,0,0,0
test_112_3_1.png,0,0,0,0,0,0,0,0,0,0,0,0,0,0,0
test_112_3_2.png,0,235,0,0,247,0,0,240,0,0,240,0,0,239,0
test_112_3_3.png,0,0,0,0,0,0,0,0,0,0,0,0,0,0,0
test_113_0_0.png,0,0,0,0,0,0,0,38,0,0,0,0,0,0,0
test_113_0_1.png,58,10,22,79,41,1,79,16,1,41,0,39,73,9,7
test_113_0_2.png,2339,76,158,2266,64,231,2259,73,238,2265,76,232,2286,71,211
test_113_0_3.png,0,0,0,0,0,0,0,0,0,0,0,0,0,0,0
test_113_1_0.png,0,0,0,0,0,0,0,0,0,0,0,0,0,0,0
test_113_1_1.png,1190,29,281,1354,33,117,0,0,1471,1313,18,158,1270,23,201
test_113_1_2.png,1192,0,181,1222,3,151,1207,3,166,1210,2,163,1205,1,168
test_113_1_3.png,9403,549,728,9415,627,716,9254,537,877,9395,511,736,9396,543,735
test_113_2_0.png,0,0,0,0,0,0,0,0,0,0,0,0,0,0,0
test_113_2_1.png,0,0,0,0,0,0,0,0,0,0,0,0,0,0,0
test_113_2_2.png,0,0,0,0,0,0,0,0,0,0,0,0,0,0,0
test_113_2_3.png,16564,1200,1786,17591,1257,759,15065,1192,3285,16155,1331,2195,16332,1200,2018
test_113_3_0.png,0,0,272,0,0,272,0,0,272,0,0,272,0,0,272
test_113_3_1.png,0,0,0,0,0,0,0,0,0,0,0,0,0,0,0
test_113_3_2.png,0,0,0,0,0,0,0,0,0,0,0,0,0,0,0
test_113_3_3.png,21004,854,842,21010,936,836,20882,784,964,20957,789,889,21023,849,823
test_114_0_0.png,0,0,0,0,0,0,0,0,0,0,0,0,0,0,0
test_114_0_1.png,0,0,185,1,0,184,0,0,185,0,0,185,0,0,185
test_114_0_2.png,929,258,19,919,244,29,929,240,19,916,275,32,929,243,19
test_114_0_3.png,1000,286,158,968,486,190,659,43,499,926,194,232,981,133,177
test_114_1_0.png,2624,1114,434,2807,1201,251,2589,957,469,2535,1067,523,2652,1069,406
test_114_1_1.png,15824,1299,1159,16182,1731,801,16204,1672,779,16030,1362,953,16108,1449,875
test_114_1_2.png,3678,1167,68,3712,1132,34,3716,1235,30,3741,1406,5,3721,1222,25
test_114_1_3.png,533,446,35,533,466,35,541,513,27,543,438,25,542,465,26
test_114_2_0.png,162,4,10,155,2,17,153,7,19,159,4,13,157,5,15
test_114_2_1.png,1437,103,46,1432,90,51,1454,81,29,1451,90,32,1439,89,44
test_114_2_2.png,0,0,0,0,0,0,0,0,0,0,0,0,0,0,0
test_114_2_3.png,1048,111,28,1047,435,29,1039,84,37,1057,75,19,1048,88,28
test_114_3_0.png,0,0,0,0,0,0,0,0,0,0,0,0,0,0,0
test_114_3_1.png,1954,370,159,1950,370,163,1953,395,160,1956,400,157,1951,372,162
test_114_3_2.png,1784,34,171,1774,21,181,1766,24,189,1753,26,202,1769,24,186
test_114_3_3.png,741,57,604,868,50,477,616,41,729,616,37,729,639,44,706
test_115_0_0.png,9276,313,732,9310,323,698,9360,360,648,9325,333,683,9320,321,688
test_115_0_1.png,22005,1179,1343,21825,1041,1523,21923,1173,1425,21970,1112,1378,21959,1091,1389
test_115_0_2.png,22977,692,2310,22859,608,2428,22975,699,2312,22913,649,2374,22965,620,2322
test_115_0_3.png,22314,694,1807,22264,709,1857,22255,766,1866,22204,746,1917,22282,708,1839
test_115_1_0.png,0,0,0,0,0,0,0,0,0,0,0,0,0,0,0
test_115_1_1.png,13334,527,833,13323,553,844,13283,546,884,13247,639,920,13306,552,861
test_115_1_2.png,25395,947,2227,25373,959,2249,25269,950,2353,25381,990,2241,25397,912,2225
test_115_1_3.png,20897,962,2092,20946,876,2043,20867,991,2122,20832,959,2157,20923,925,2066
test_115_2_0.png,4278,637,156,4292,354,142,4293,354,141,4281,365,153,4287,349,147
test_115_2_1.png,457,6,169,445,4,181,454,7,172,453,9,173,453,4,173
test_115_2_2.png,5622,159,603,5621,175,604,5613,130,612,5629,162,596,5628,144,597
test_115_2_3.png,9654,324,731,9641,371,744,9644,371,741,9512,296,873,9623,317,762
test_115_3_0.png,8078,386,320,8022,396,376,8020,417,378,8110,476,288,8070,396,328
test_115_3_1.png,1501,126,26,1501,131,26,1501,133,26,1505,169,22,1501,138,26
test_115_3_2.png,0,0,0,0,0,0,0,0,0,0,0,0,0,0,0
test_115_3_3.png,1523,71,159,1527,89,155,1533,117,149,1533,97,149,1534,82,148
test_116_0_0.png,0,0,0,0,119,0,0,0,0,0,0,0,0,0,0
test_116_0_1.png,0,0,0,0,0,0,0,0,0,0,0,0,0,0,0
test_116_0_2.png,0,0,0,0,212,0,0,0,0,0,0,0,0,0,0
test_116_0_3.png,0,0,325,0,0,325,0,0,325,0,0,325,0,0,325
test_116_1_0.png,9921,167,184,9928,132,177,9900,220,205,9915,227,190,9917,146,188
test_116_1_1.png,0,0,0,0,0,0,0,0,0,0,0,0,0,0,0
test_116_1_2.png,0,0,0,0,85,0,0,12,0,0,37,0,0,21,0
test_116_1_3.png,0,0,0,0,0,0,0,0,0,0,0,0,0,0,0
test_116_2_0.png,556,14,1683,596,16,1643,563,10,1676,599,15,1640,578,14,1661
test_116_2_1.png,0,835,67,0,218,67,0,0,67,0,0,67,0,20,67
test_116_2_2.png,0,141,0,0,0,0,0,0,0,0,0,0,0,0,0
test_116_2_3.png,0,0,0,0,0,0,0,0,0,0,0,0,0,0,0
test_116_3_0.png,0,0,0,0,0,0,0,0,0,0,0,0,0,0,0
test_116_3_1.png,0,0,0,0,0,0,0,0,0,0,0,0,0,0,0
test_116_3_2.png,0,0,0,0,0,0,0,0,0,0,0,0,0,0,0
test_116_3_3.png,0,0,0,0,0,0,0,0,0,0,0,0,0,0,0
test_117_0_0.png,0,0,0,0,0,0,0,0,0,0,0,0,0,0,0
test_117_0_1.png,0,0,0,0,0,0,0,0,0,0,0,0,0,0,0
test_117_0_2.png,0,0,0,0,0,0,0,0,0,0,0,0,0,0,0
test_117_0_3.png,0,0,0,0,0,0,0,0,0,0,0,0,0,0,0
test_117_1_0.png,0,0,0,0,0,0,0,0,0,0,0,0,0,0,0
test_117_1_1.png,0,0,0,0,0,0,0,0,0,0,0,0,0,0,0
test_117_1_2.png,0,0,0,0,0,0,0,0,0,0,0,0,0,0,0
test_117_1_3.png,0,0,0,0,0,0,0,0,0,0,0,0,0,0,0
test_117_2_0.png,0,0,0,0,0,0,0,0,0,0,0,0,0,0,0
test_117_2_1.png,0,0,0,0,0,0,0,0,0,0,0,0,0,0,0
test_117_2_2.png,0,0,0,0,0,0,0,0,0,0,0,0,0,0,0
test_117_2_3.png,0,0,0,0,0,0,0,0,0,0,0,0,0,0,0
test_117_3_0.png,0,0,0,0,0,0,0,0,0,0,0,0,0,0,0
test_117_3_1.png,0,0,0,0,0,0,0,0,0,0,0,0,0,0,0
test_117_3_2.png,0,0,0,0,0,0,0,0,0,0,0,0,0,0,0
test_117_3_3.png,0,0,0,0,0,0,0,0,0,0,0,0,0,0,0
test_118_0_0.png,6799,240,809,6777,172,831,6906,296,702,6722,182,886,6799,181,809
test_118_0_1.png,17519,827,1050,17535,911,1034,17531,818,1038,17522,890,1047,17537,817,1032
test_118_0_2.png,12083,874,747,11880,628,950,11931,711,899,11855,628,975,11957,667,873
test_118_0_3.png,0,0,122,0,129,122,0,0,122,0,7,122,0,0,122
test_118_1_0.png,8897,364,676,8936,389,637,8886,392,687,8811,329,762,8891,351,682
test_118_1_1.png,14447,696,1232,14375,625,1304,14494,728,1185,14410,640,1269,14433,647,1246
test_118_1_2.png,1400,18,225,1391,20,234,1417,29,208,1370,17,255,1392,17,233
test_118_1_3.png,0,0,265,0,0,265,0,0,265,0,0,265,0,0,265
test_118_2_0.png,12033,582,891,12023,546,901,11984,579,940,11977,559,947,11989,562,935
test_118_2_1.png,16339,894,851,16420,919,770,16291,820,899,16463,1040,727,16389,890,801
test_118_2_2.png,11064,503,766,11055,485,775,11037,448,793,11016,463,814,11056,465,774
test_118_2_3.png,579,72,95,584,66,90,528,42,146,529,38,145,554,54,120
test_118_3_0.png,4250,173,178,4269,155,159,4281,251,147,4279,285,149,4274,180,154
test_118_3_1.png,6554,973,143,6543,884,154,6473,755,224,6522,881,175,6531,860,166
test_118_3_2.png,13984,785,763,13987,802,760,14005,826,742,13935,815,812,13989,793,758
test_118_3_3.png,13870,495,854,13807,468,917,13886,551,838,13877,529,847,13869,487,855
test_119_0_0.png,0,0,0,0,0,0,0,0,0,0,0,0,0,0,0
test_119_0_1.png,601,36,161,601,25,161,598,25,164,599,35,163,601,31,161
test_119_0_2.png,0,0,0,0,0,0,0,0,0,0,0,0,0,0,0
test_119_0_3.png,0,0,0,0,0,0,0,0,0,0,0,0,0,0,0
test_119_1_0.png,599,72,214,658,71,155,593,84,220,559,53,254,583,68,230
test_119_1_1.png,2742,85,520,2759,37,503,2731,41,531,2757,85,505,2753,56,509
test_119_1_2.png,10392,297,916,10450,318,858,10457,357,851,10439,393,869,10446,325,862
test_119_1_3.png,6857,193,569,6940,382,486,6798,154,628,6917,336,509,6895,223,531
test_119_2_0.png,3558,308,2404,3632,329,2330,3496,255,2466,3684,290,2278,3518,277,2444
test_119_2_1.png,2361,62,182,2368,90,175,1912,82,631,2232,87,311,2294,56,249
test_119_2_2.png,9126,393,1055,9162,426,1019,9034,366,1147,9175,404,1006,9117,355,1064
test_119_2_3.png,9208,309,798,9241,322,765,9300,324,706,9229,328,777,9231,296,775
test_119_3_0.png,14461,1505,477,14463,1378,475,14356,1457,582,14371,1430,567,14402,1368,536
test_119_3_1.png,9576,987,598,9515,868,659,9532,867,642,9478,876,696,9527,860,647
test_119_3_2.png,26,0,495,0,0,521,0,0,521,42,0,479,0,0,521
test_119_3_3.png,637,94,4,616,102,25,632,98,9,629,96,12,631,87,10
test_11_0_0.png,0,0,0,0,0,0,0,0,0,0,0,0,0,0,0
test_11_0_1.png,0,0,0,0,0,0,0,0,0,0,0,0,0,0,0
test_11_0_2.png,0,0,0,0,0,0,0,0,0,0,0,0,0,0,0
test_11_0_3.png,0,0,0,0,0,0,0,0,0,0,0,0,0,0,0
test_11_1_0.png,0,0,0,0,0,0,0,0,0,0,0,0,0,0,0
test_11_1_1.png,0,0,0,0,0,0,0,0,0,0,0,0,0,0,0
test_11_1_2.png,0,0,0,0,0,0,0,0,0,0,0,0,0,0,0
test_11_1_3.png,0,0,0,0,0,0,0,0,0,0,0,0,0,0,0
test_11_2_0.png,0,0,0,0,0,0,0,0,0,0,0,0,0,0,0
test_11_2_1.png,0,0,0,0,0,0,0,0,0,0,0,0,0,0,0
test_11_2_2.png,1920,159,59,1902,129,77,1901,139,78,1890,136,89,1903,138,76
test_11_2_3.png,1081,123,33,1083,96,31,1078,120,36,1074,112,40,1082,112,32
test_11_3_0.png,0,0,0,0,0,0,0,0,0,0,0,0,0,0,0
test_11_3_1.png,4906,573,254,4883,447,277,4895,536,265,4897,483,263,4897,500,263
test_11_3_2.png,679,48,10,665,53,24,674,61,15,677,66,12,676,58,13
test_11_3_3.png,2177,207,116,1833,151,460,1229,374,1064,1224,140,1069,1230,135,1063
test_120_0_0.png,0,0,0,0,0,0,0,0,0,0,0,0,0,0,0
test_120_0_1.png,0,0,0,0,0,0,0,0,0,0,0,0,0,0,0
test_120_0_2.png,18429,916,814,18534,1076,709,18558,1094,685,18552,1112,691,18539,1030,704
test_120_0_3.png,7189,312,564,7206,290,547,7185,358,568,7246,336,507,7229,305,524
test_120_1_0.png,0,0,0,0,0,0,0,0,0,0,0,0,0,0,0
test_120_1_1.png,0,0,0,0,0,0,0,0,0,0,0,0,0,0,0
test_120_1_2.png,12327,597,731,12432,590,626,12439,680,619,12322,587,736,12385,591,673
test_120_1_3.png,16687,1284,612,16753,1352,546,16693,1187,606,16532,1115,767,16693,1195,606
test_120_2_0.png,0,0,0,0,0,0,0,0,0,0,0,0,0,0,0
test_120_2_1.png,2971,178,134,2967,184,138,2981,190,124,2978,181,127,2978,180,127
test_120_2_2.png,16334,1125,983,16444,1176,873,16544,1168,773,16615,1389,702,16475,1179,842
test_120_2_3.png,17902,1070,671,17950,1120,623,17995,1102,578,17945,1128,628,17983,1054,590
test_120_3_0.png,0,0,0,0,0,0,0,0,0,0,0,0,0,0,0
test_120_3_1.png,11884,711,459,11937,773,406,11889,724,454,11866,693,477,11900,727,443
test_120_3_2.png,12011,858,623,12048,863,586,12039,712,595,12009,798,625,12026,758,608
test_120_3_3.png,5428,1203,304,5465,1251,267,5412,1192,320,5486,1307,246,5440,1242,292
test_121_0_0.png,0,0,0,0,0,0,0,0,0,0,0,0,0,0,0
test_121_0_1.png,0,0,0,0,0,0,0,0,0,0,0,0,0,0,0
test_121_0_2.png,0,0,0,0,0,0,0,0,0,0,0,0,0,0,0
test_121_0_3.png,0,0,0,0,0,0,0,0,0,0,0,0,0,0,0
test_121_1_0.png,0,0,0,0,0,0,0,0,0,0,0,0,0,0,0
test_121_1_1.png,0,0,0,0,0,0,0,0,0,0,0,0,0,0,0
test_121_1_2.png,0,0,0,0,0,0,0,0,0,0,0,0,0,0,0
test_121_1_3.png,0,0,0,0,0,0,0,0,0,0,0,0,0,0,0
test_121_2_0.png,0,0,0,0,0,0,0,0,0,0,0,0,0,0,0
test_121_2_1.png,0,0,0,0,0,0,0,0,0,0,0,0,0,0,0
test_121_2_2.png,0,0,0,0,0,0,0,0,0,0,0,0,0,0,0
test_121_2_3.png,0,0,0,0,0,0,0,0,0,0,0,0,0,0,0
test_121_3_0.png,11645,1149,1530,11698,1134,1477,11088,805,2087,11222,980,1953,11501,1002,1674
test_121_3_1.png,11374,1288,1455,11308,1403,1521,11301,1249,1528,11108,1143,1721,11291,1281,1538
test_121_3_2.png,0,0,29,0,0,29,0,0,29,0,0,29,0,0,29
test_121_3_3.png,0,0,0,0,0,0,0,0,0,0,0,0,0,0,0
test_122_0_0.png,0,0,0,0,0,0,0,0,0,0,0,0,0,0,0
test_122_0_1.png,0,0,0,0,0,0,0,0,0,0,0,0,0,0,0
test_122_0_2.png,0,0,0,0,0,0,0,0,0,0,0,0,0,0,0
test_122_0_3.png,0,0,0,0,0,0,0,0,0,0,0,0,0,0,0
test_122_1_0.png,0,0,0,0,0,0,0,0,0,0,0,0,0,0,0
test_122_1_1.png,0,0,0,0,0,0,0,0,0,0,0,0,0,0,0
test_122_1_2.png,0,0,0,0,0,0,0,0,0,0,0,0,0,0,0
test_122_1_3.png,0,0,0,0,0,0,0,0,0,0,0,0,0,0,0
test_122_2_0.png,0,0,0,0,0,0,0,0,0,0,0,0,0,0,0
test_122_2_1.png,0,0,0,0,0,0,0,0,0,0,0,0,0,0,0
test_122_2_2.png,0,0,0,0,0,0,0,0,0,0,0,0,0,0,0
test_122_2_3.png,0,0,0,0,0,0,0,0,0,0,0,0,0,0,0
test_122_3_0.png,0,0,0,0,0,0,0,0,0,0,0,0,0,0,0
test_122_3_1.png,0,0,0,0,0,0,0,0,0,0,0,0,0,0,0
test_122_3_2.png,0,0,0,0,0,0,0,0,0,0,0,0,0,0,0
test_122_3_3.png,0,0,0,0,0,0,0,0,0,0,0,0,0,0,0
test_123_0_0.png,0,0,0,0,0,0,0,0,0,0,0,0,0,0,0
test_123_0_1.png,0,0,0,0,0,0,0,0,0,0,0,0,0,0,0
test_123_0_2.png,0,0,0,0,0,0,0,0,0,0,0,0,0,0,0
test_123_0_3.png,0,0,53,0,0,53,0,0,53,0,0,53,0,0,53
test_123_1_0.png,0,0,0,0,0,0,0,0,0,0,0,0,0,0,0
test_123_1_1.png,0,0,0,0,0,0,0,0,0,0,0,0,0,0,0
test_123_1_2.png,0,0,0,0,0,0,0,0,0,0,0,0,0,0,0
test_123_1_3.png,3587,193,245,3603,189,229,3529,187,303,3553,202,279,3574,184,258
test_123_2_0.png,0,0,0,0,0,0,0,0,0,0,0,0,0,0,0
test_123_2_1.png,0,0,0,0,0,0,0,0,0,0,0,0,0,0,0
test_123_2_2.png,0,0,0,0,0,0,0,0,0,0,0,0,0,0,0
test_123_2_3.png,0,0,0,0,0,0,0,0,0,0,0,0,0,0,0
test_123_3_0.png,0,0,0,0,0,0,0,0,0,0,0,0,0,0,0
test_123_3_1.png,0,0,0,0,0,0,0,0,0,0,0,0,0,0,0
test_123_3_2.png,0,0,0,0,0,0,0,0,0,0,0,0,0,0,0
test_123_3_3.png,0,0,0,0,0,0,0,0,0,0,0,0,0,0,0
test_124_0_0.png,11219,677,730,11294,775,655,11282,779,667,11240,681,709,11274,712,675
test_124_0_1.png,8554,470,525,8625,572,454,8561,522,518,8577,556,502,8575,525,504
test_124_0_2.png,58,0,20,40,0,38,47,0,31,56,0,22,53,0,25
test_124_0_3.png,0,0,0,0,0,0,0,0,0,0,0,0,0,0,0
test_124_1_0.png,513,40,23,508,35,28,512,50,24,508,41,28,510,41,26
test_124_1_1.png,0,0,0,0,0,0,0,0,0,0,0,0,0,0,0
test_124_1_2.png,0,0,0,0,0,0,0,0,0,0,0,0,0,0,0
test_124_1_3.png,0,0,0,0,0,0,0,0,0,0,0,0,0,0,0
test_124_2_0.png,0,0,0,0,0,0,0,0,0,0,0,0,0,0,0
test_124_2_1.png,0,0,0,0,0,0,0,0,0,0,0,0,0,0,0
test_124_2_2.png,0,0,0,0,0,0,0,0,0,0,0,0,0,0,0
test_124_2_3.png,0,0,0,0,0,0,0,0,0,0,0,0,0,0,0
test_124_3_0.png,0,0,0,0,0,0,0,0,0,0,0,0,0,0,0
test_124_3_1.png,0,0,0,0,0,0,0,0,0,0,0,0,0,0,0
test_124_3_2.png,0,0,0,0,35,0,0,0,0,0,0,0,0,0,0
test_124_3_3.png,0,0,0,0,0,0,0,0,0,0,0,0,0,0,0
test_125_0_0.png,0,0,0,0,0,0,0,0,0,0,0,0,0,0,0
test_125_0_1.png,0,0,0,0,0,0,0,0,0,0,0,0,0,0,0
test_125_0_2.png,0,0,0,0,0,0,0,0,0,0,0,0,0,0,0
test_125_0_3.png,0,0,0,0,0,0,0,0,0,0,0,0,0,0,0
test_125_1_0.png,0,0,0,0,0,0,0,0,0,0,0,0,0,0,0
test_125_1_1.png,0,0,0,0,0,0,0,0,0,0,0,0,0,0,0
test_125_1_2.png,0,0,0,0,0,0,0,0,0,0,0,0,0,0,0
test_125_1_3.png,0,0,0,0,0,0,0,0,0,0,0,0,0,0,0
test_125_2_0.png,0,0,0,0,0,0,0,0,0,0,0,0,0,0,0
test_125_2_1.png,0,0,0,0,0,0,0,0,0,0,0,0,0,0,0
test_125_2_2.png,0,0,0,0,0,0,0,0,0,0,0,0,0,0,0
test_125_2_3.png,0,0,0,0,0,0,0,0,0,0,0,0,0,0,0
test_125_3_0.png,0,0,0,0,0,0,0,0,0,0,0,0,0,0,0
test_125_3_1.png,0,0,0,0,0,0,0,0,0,0,0,0,0,0,0
test_125_3_2.png,0,0,0,0,0,0,0,0,0,0,0,0,0,0,0
test_125_3_3.png,0,0,0,0,0,0,0,0,0,0,0,0,0,0,0
test_126_0_0.png,0,0,0,0,0,0,0,0,0,0,0,0,0,0,0
test_126_0_1.png,3867,248,448,3844,237,471,3878,216,437,3858,202,457,3859,214,456
test_126_0_2.png,8311,409,637,8284,428,664,8100,323,848,8180,360,768,8228,359,720
test_126_0_3.png,9246,528,1619,9335,559,1530,9230,480,1635,9234,460,1631,9260,491,1605
test_126_1_0.png,770,14,96,780,11,86,791,13,75,774,10,92,778,12,88
test_126_1_1.png,0,0,0,0,0,0,0,0,0,0,0,0,0,0,0
test_126_1_2.png,987,21,71,994,23,64,1005,20,53,995,16,63,993,17,65
test_126_1_3.png,14497,1084,1552,14534,1122,1515,14336,933,1713,14506,1089,1543,14483,1020,1566
test_126_2_0.png,641,71,38,633,74,46,642,53,37,648,65,31,644,64,35
test_126_2_1.png,0,0,0,0,0,0,0,0,0,0,0,0,0,0,0
test_126_2_2.png,0,0,0,0,0,0,0,0,0,0,0,0,0,0,0
test_126_2_3.png,2188,296,659,2193,308,654,1460,150,1387,1375,215,1472,1804,255,1043
test_126_3_0.png,0,0,0,0,0,0,0,0,0,0,0,0,0,0,0
test_126_3_1.png,940,25,76,936,24,80,940,30,76,924,28,92,933,28,83
test_126_3_2.png,0,0,0,0,0,0,0,0,0,0,0,0,0,0,0
test_126_3_3.png,0,0,0,0,0,0,0,0,0,0,0,0,0,0,0
test_127_0_0.png,0,0,0,0,0,0,0,0,0,0,0,0,0,0,0
test_127_0_1.png,5573,269,392,5578,248,387,5608,275,357,5607,272,358,5592,262,373
test_127_0_2.png,9593,712,770,9551,703,812,9494,623,869,9507,649,856,9533,657,830
test_127_0_3.png,6757,233,1056,6808,252,1005,6686,237,1127,6737,243,1076,6734,233,1079
test_127_1_0.png,0,0,0,0,0,0,0,0,0,0,0,0,0,0,0
test_127_1_1.png,0,0,0,0,0,0,0,0,0,0,0,0,0,0,0
test_127_1_2.png,555,50,34,571,30,18,551,50,38,559,73,30,558,33,31
test_127_1_3.png,0,83,2,0,0,2,0,60,2,0,42,2,0,41,2
test_127_2_0.png,0,0,0,0,0,0,0,0,0,0,0,0,0,0,0
test_127_2_1.png,0,0,0,0,0,0,0,0,0,0,0,0,0,0,0
test_127_2_2.png,0,0,0,0,0,0,0,0,0,0,0,0,0,0,0
test_127_2_3.png,0,0,0,0,0,0,0,0,0,0,0,0,0,0,0
test_127_3_0.png,0,0,0,0,0,0,0,0,0,0,0,0,0,0,0
test_127_3_1.png,0,0,0,0,0,0,0,0,0,0,0,0,0,0,0
test_127_3_2.png,0,0,0,0,0,0,0,0,0,0,0,0,0,0,0
test_127_3_3.png,0,0,0,0,0,0,0,0,0,0,0,0,0,0,0
test_128_0_0.png,0,0,0,0,0,0,0,0,0,0,0,0,0,0,0
test_128_0_1.png,0,0,0,0,0,0,0,0,0,0,0,0,0,0,0
test_128_0_2.png,0,0,0,0,0,0,0,0,0,0,0,0,0,0,0
test_128_0_3.png,0,0,0,0,0,0,0,0,0,0,0,0,0,0,0
test_128_1_0.png,0,0,0,0,0,0,0,0,0,0,0,0,0,0,0
test_128_1_1.png,0,0,0,0,0,0,0,0,0,0,0,0,0,0,0
test_128_1_2.png,0,0,0,0,0,0,0,0,0,0,0,0,0,0,0
test_128_1_3.png,0,0,0,0,0,0,0,0,0,0,0,0,0,0,0
test_128_2_0.png,0,0,301,0,0,301,0,0,301,0,0,301,0,0,301
test_128_2_1.png,0,907,0,0,907,0,0,868,0,0,861,0,0,897,0
test_128_2_2.png,0,0,0,0,0,0,0,0,0,0,0,0,0,0,0
test_128_2_3.png,0,0,0,0,0,0,0,0,0,0,0,0,0,0,0
test_128_3_0.png,0,0,0,0,0,0,0,0,0,0,0,0,0,0,0
test_128_3_1.png,0,0,0,0,0,0,0,0,0,0,0,0,0,0,0
test_128_3_2.png,0,0,230,0,0,230,0,0,230,0,0,230,0,0,230
test_128_3_3.png,0,0,0,0,0,0,0,0,0,0,0,0,0,0,0
test_12_0_0.png,0,0,0,0,0,0,0,0,0,0,0,0,0,0,0
test_12_0_1.png,0,0,0,0,0,0,0,0,0,0,0,0,0,0,0
test_12_0_2.png,0,0,0,0,0,0,0,0,0,0,0,0,0,0,0
test_12_0_3.png,0,0,0,0,0,0,0,0,0,0,0,0,0,0,0
test_12_1_0.png,9175,1425,750,9244,1576,681,9172,1351,753,9147,1325,778,9194,1356,731
test_12_1_1.png,3048,285,121,3062,336,107,3061,370,108,3030,528,139,3051,300,118
test_12_1_2.png,0,0,0,0,0,0,0,0,0,0,0,0,0,0,0
test_12_1_3.png,0,0,0,0,0,0,0,0,0,0,0,0,0,0,0
test_12_2_0.png,6710,587,638,6735,543,613,6626,522,722,6639,521,709,6669,526,679
test_12_2_1.png,9869,1562,861,9840,1560,890,9801,1445,929,9763,1607,967,9835,1539,895
test_12_2_2.png,11685,1177,780,11649,1202,816,11648,1268,817,11653,1315,812,11672,1192,793
test_12_2_3.png,14015,1620,929,14016,1604,928,13945,1467,999,13939,1475,1005,13989,1525,955
test_12_3_0.png,7900,660,592,7998,782,494,7873,726,619,7876,716,616,7904,697,588
test_12_3_1.png,12240,1128,981,12301,1255,920,12367,1432,854,12296,1193,925,12313,1185,908
test_12_3_2.png,13636,2051,603,13560,1933,679,13479,2073,760,13501,1740,738,13562,1903,677
test_12_3_3.png,9846,1939,673,9870,1940,649,9856,1918,663,9789,1925,730,9837,1897,682
test_13_0_0.png,2880,320,140,2834,332,186,2863,283,157,2830,240,190,2873,259,147
test_13_0_1.png,13191,991,794,13220,1198,765,13108,1026,877,13174,978,811,13184,1028,801
test_13_0_2.png,11316,1271,393,11301,1334,408,11291,1373,418,11277,1220,432,11301,1286,408
test_13_0_3.png,4793,1003,176,4784,932,185,4645,568,324,4572,619,397,4740,621,229
test_13_1_0.png,0,0,0,0,0,0,0,0,0,0,0,0,0,0,0
test_13_1_1.png,9369,1054,564,9461,1120,472,9401,1046,532,9348,983,585,9422,1035,511
test_13_1_2.png,14915,1032,1300,15005,1117,1210,14818,1061,1397,14855,1146,1360,14913,1062,1302
test_13_1_3.png,13769,1734,799,13956,1717,612,13811,1729,757,13911,1652,657,13888,1657,680
test_13_2_0.png,236,37,26,228,26,34,226,21,36,229,12,33,231,22,31
test_13_2_1.png,0,0,29,0,0,29,0,0,29,0,0,29,0,0,29
test_13_2_2.png,14620,1135,1123,14572,1319,1171,14365,1094,1378,14431,1145,1312,14543,1125,1200
test_13_2_3.png,7545,779,569,7570,799,544,7547,809,567,7158,758,956,7536,782,578
test_13_3_0.png,682,46,4,684,53,2,684,57,2,685,64,1,684,52,2
test_13_3_1.png,0,0,0,0,0,0,0,0,0,0,0,0,0,0,0
test_13_3_2.png,1341,78,260,1491,108,110,1315,87,286,1479,97,122,1434,87,167
test_13_3_3.png,1835,167,89,1823,155,101,1802,177,122,1641,124,283,1822,159,102
test_14_0_0.png,13957,1070,1088,13834,927,1211,13807,1022,1238,13807,969,1238,13852,973,1193
test_14_0_1.png,8465,875,495,8440,883,520,8397,879,563,8359,914,601,8443,873,517
test_14_0_2.png,1686,79,103,1676,78,113,1727,140,62,1711,143,78,1704,89,85
test_14_0_3.png,0,0,0,0,0,0,0,0,0,0,0,0,0,0,0
test_14_1_0.png,16709,1694,980,16590,1742,1099,16539,1678,1150,16574,1689,1115,16620,1664,1069
test_14_1_1.png,18022,2173,971,18034,2301,959,18138,2343,855,17900,2145,1093,18021,2198,972
test_14_1_2.png,7456,617,460,7451,657,465,7357,574,559,7410,621,506,7426,600,490
test_14_1_3.png,0,0,0,0,0,0,0,0,0,0,0,0,0,0,0
test_14_2_0.png,15261,1291,1170,15296,1350,1135,15236,1270,1195,15124,1347,1307,15250,1278,1181
test_14_2_1.png,10977,879,590,10935,959,632,10823,773,744,10907,866,660,10928,856,639
test_14_2_2.png,408,44,47,421,59,34,421,56,34,404,54,51,416,54,39
test_14_2_3.png,0,228,0,0,145,0,0,225,0,0,206,0,0,213,0
test_14_3_0.png,10432,924,387,10443,1064,376,10420,1056,399,10428,1119,391,10440,1019,379
test_14_3_1.png,3318,226,510,3308,224,520,3320,237,508,3354,247,474,3319,230,509
test_14_3_2.png,0,0,0,0,0,0,0,0,0,0,0,0,0,0,0
test_14_3_3.png,0,0,0,0,0,0,0,0,0,0,0,0,0,0,0
test_15_0_0.png,0,0,0,0,0,0,0,0,0,0,0,0,0,0,0
test_15_0_1.png,0,113,141,0,0,141,0,0,141,0,0,141,0,0,141
test_15_0_2.png,0,0,0,0,0,0,0,0,0,0,0,0,0,0,0
test_15_0_3.png,5442,247,570,5437,280,575,5350,282,662,5293,246,719,5399,231,613
test_15_1_0.png,0,0,0,0,0,0,0,0,0,0,0,0,0,0,0
test_15_1_1.png,0,0,0,0,0,0,0,0,0,0,0,0,0,0,0
test_15_1_2.png,0,0,0,0,0,0,0,0,0,0,0,0,0,0,0
test_15_1_3.png,0,0,0,0,0,0,0,0,0,0,0,0,0,0,0
test_15_2_0.png,0,0,0,0,0,0,0,0,0,0,0,0,0,0,0
test_15_2_1.png,0,0,0,0,0,0,0,0,0,0,0,0,0,0,0
test_15_2_2.png,0,0,0,0,0,0,0,0,0,0,0,0,0,0,0
test_15_2_3.png,3728,184,417,3685,179,460,3733,189,412,3705,202,440,3718,184,427
test_15_3_0.png,1166,6,559,1239,7,486,1210,9,515,1255,9,470,1229,8,496
test_15_3_1.png,0,0,0,0,0,0,0,0,0,0,0,0,0,0,0
test_15_3_2.png,679,21,63,683,24,59,445,10,297,532,15,210,630,11,112
test_15_3_3.png,104,11,10,40,0,74,102,10,12,49,0,65,100,9,14
test_16_0_0.png,5292,24,113,5294,14,111,5285,8,120,5292,19,113,5291,17,114
test_16_0_1.png,43739,549,509,43755,468,493,43733,475,515,43760,510,488,43749,498,499
test_16_0_2.png,1063,136,0,1063,139,0,1063,141,0,1063,161,0,1063,145,0
test_16_0_3.png,0,0,0,0,0,0,0,0,0,0,0,0,0,0,0
test_16_1_0.png,3258,41,479,3399,54,338,3453,118,284,3438,115,299,3415,74,322
test_16_1_1.png,1299,140,136,1307,156,128,1125,108,310,1308,139,127,1305,140,130
test_16_1_2.png,0,0,0,0,0,0,0,0,0,0,0,0,0,0,0
test_16_1_3.png,0,0,0,0,0,0,0,0,0,0,0,0,0,0,0
test_16_2_0.png,318,25,231,112,14,437,111,20,438,113,14,436,112,15,437
test_16_2_1.png,1448,116,30,1450,120,28,1451,133,27,1448,117,30,1449,119,29
test_16_2_2.png,0,0,0,0,0,0,0,0,0,0,0,0,0,0,0
test_16_2_3.png,0,0,0,0,0,0,0,0,0,0,0,0,0,0,0
test_16_3_0.png,1715,82,121,1195,75,641,1239,93,597,1265,95,571,1236,81,600
test_16_3_1.png,0,0,0,0,0,0,0,0,0,0,0,0,0,0,0
test_16_3_2.png,0,0,0,0,0,0,0,0,0,0,0,0,0,0,0
test_16_3_3.png,0,0,0,0,0,0,0,0,0,0,0,0,0,0,0
test_17_0_0.png,0,0,0,0,0,0,0,0,0,0,0,0,0,0,0
test_17_0_1.png,0,0,0,0,0,0,0,0,0,0,0,0,0,0,0
test_17_0_2.png,0,0,0,0,0,0,0,0,0,0,0,0,0,0,0
test_17_0_3.png,0,0,0,0,0,0,0,0,0,0,0,0,0,0,0
test_17_1_0.png,0,0,0,0,0,0,0,0,0,0,0,0,0,0,0
test_17_1_1.png,0,0,0,0,0,0,0,0,0,0,0,0,0,0,0
test_17_1_2.png,0,0,0,0,0,0,0,0,0,0,0,0,0,0,0
test_17_1_3.png,0,0,0,0,0,0,0,0,0,0,0,0,0,0,0
test_17_2_0.png,5632,314,774,5782,369,624,5734,394,672,5895,926,511,5779,357,627
test_17_2_1.png,3726,278,456,3867,385,315,3807,262,375,3806,317,376,3805,309,377
test_17_2_2.png,4639,185,352,4738,238,253,4698,219,293,4699,248,292,4709,214,282
test_17_2_3.png,0,0,0,0,0,0,0,0,0,0,0,0,0,0,0
test_17_3_0.png,4515,325,462,4439,280,538,4490,328,487,4495,288,482,4490,301,487
test_17_3_1.png,4901,259,462,4955,303,408,5034,345,329,5066,365,297,4982,292,381
test_17_3_2.png,8127,677,471,8116,681,482,8172,686,426,8060,623,538,8131,657,467
test_17_3_3.png,1478,146,118,1478,160,118,1499,106,97,1515,200,81,1491,119,105
test_18_0_0.png,0,0,0,0,115,0,0,0,0,0,368,0,0,2,0
test_18_0_1.png,0,0,0,0,0,0,0,0,0,0,0,0,0,0,0
test_18_0_2.png,11995,2415,622,12013,2343,604,12042,2489,575,12058,2560,559,12037,2397,580
test_18_0_3.png,13055,2120,234,13000,1757,289,13045,1929,244,13000,1764,289,13046,1844,243
test_18_1_0.png,0,0,0,0,0,0,0,0,0,0,0,0,0,0,0
test_18_1_1.png,0,0,0,0,0,0,0,0,0,0,0,0,0,0,0
test_18_1_2.png,2349,218,319,2424,265,244,2331,291,337,2350,264,318,2340,261,328
test_18_1_3.png,16148,3085,173,16128,2991,193,16158,3343,163,16128,2773,193,16160,2990,161
test_18_2_0.png,0,0,98,0,0,98,0,0,98,0,0,98,0,0,98
test_18_2_1.png,542,54,2789,386,32,2945,4,763,3327,5,1320,3326,352,7,2979
test_18_2_2.png,0,0,0,0,0,0,0,0,0,0,0,0,0,0,0
test_18_2_3.png,9209,2091,466,9264,2141,411,9386,2181,289,9039,2064,636,9270,2082,405
test_18_3_0.png,3749,498,1978,3777,541,1950,3717,400,2010,3760,331,1967,3738,481,1989
test_18_3_1.png,0,0,640,0,0,640,0,0,640,0,0,640,0,0,640
test_18_3_2.png,3072,342,978,3374,460,676,3075,356,975,3001,250,1049,3050,289,1000
test_18_3_3.png,913,91,110,818,132,205,651,112,372,584,119,439,711,113,312
test_19_0_0.png,0,0,1478,0,0,1478,0,0,1478,0,0,1478,0,0,1478
test_19_0_1.png,0,0,0,0,0,0,0,0,0,0,0,0,0,0,0
test_19_0_2.png,0,0,0,0,0,0,0,167,0,0,0,0,0,0,0
test_19_0_3.png,0,0,0,0,0,0,0,0,0,0,0,0,0,0,0
test_19_1_0.png,0,0,1364,0,0,1364,0,0,1364,0,0,1364,0,0,1364
test_19_1_1.png,0,0,0,0,120,0,0,197,0,0,0,0,0,0,0
test_19_1_2.png,0,0,0,0,0,0,0,0,0,0,0,0,0,0,0
test_19_1_3.png,0,0,66,0,0,66,0,0,66,0,0,66,0,0,66
test_19_2_0.png,2468,226,1501,2682,183,1287,2504,378,1465,2538,199,1431,2564,216,1405
test_19_2_1.png,6120,502,1056,6583,434,593,6783,778,393,6759,764,417,6702,603,474
test_19_2_2.png,0,0,29,0,0,29,0,0,29,0,0,29,0,0,29
test_19_2_3.png,1245,172,223,689,13,779,1264,207,204,821,176,647,1113,131,355
test_19_3_0.png,4668,310,231,4666,301,233,4709,806,190,4700,491,199,4688,310,211
test_19_3_1.png,13205,1177,967,13295,1248,877,13246,1250,926,13220,1139,952,13255,1125,917
test_19_3_2.png,14658,1124,965,14598,977,1025,14784,1341,839,14560,1123,1063,14643,1087,980
test_19_3_3.png,4711,618,209,4813,562,107,3966,474,954,4436,608,484,4668,579,252
test_1_0_0.png,0,0,0,0,0,0,0,0,0,0,0,0,0,0,0
test_1_0_1.png,0,0,0,0,0,0,0,0,0,0,0,0,0,0,0
test_1_0_2.png,0,0,0,0,0,0,0,0,0,0,0,0,0,0,0
test_1_0_3.png,11837,725,1352,11957,810,1232,11845,732,1344,11751,641,1438,11827,730,1362
test_1_1_0.png,0,0,0,0,0,0,0,0,0,0,0,0,0,0,0
test_1_1_1.png,0,0,0,0,0,0,0,0,0,0,0,0,0,0,0
test_1_1_2.png,0,0,0,0,0,0,0,0,0,0,0,0,0,0,0
test_1_1_3.png,0,0,0,0,0,0,0,0,0,0,0,0,0,0,0
test_1_2_0.png,0,0,0,0,0,0,0,0,0,0,0,0,0,0,0
test_1_2_1.png,0,0,0,0,0,0,0,0,0,0,0,0,0,0,0
test_1_2_2.png,0,0,0,0,0,0,0,0,0,0,0,0,0,0,0
test_1_2_3.png,0,0,0,0,0,0,0,0,0,0,0,0,0,0,0
test_1_3_0.png,0,0,0,0,0,0,0,0,0,0,0,0,0,0,0
test_1_3_1.png,0,0,0,0,0,0,0,0,0,0,0,0,0,0,0
test_1_3_2.png,0,0,0,0,0,0,0,0,0,0,0,0,0,0,0
test_1_3_3.png,0,0,0,0,0,0,0,0,0,0,0,0,0,0,0
test_20_0_0.png,7156,610,426,7211,877,371,7134,892,448,7219,1046,363,7214,799,368
test_20_0_1.png,19786,1653,1133,19974,1863,945,19990,1997,929,19999,1980,920,19940,1773,979
test_20_0_2.png,14216,945,1770,15242,1299,744,14730,1387,1256,15227,1104,759,15176,1126,810
test_20_0_3.png,21021,1774,1310,21569,1494,762,21191,1698,1140,21578,1869,753,21404,1609,927
test_20_1_0.png,19529,1306,890,19488,1155,931,19633,1466,786,19602,1302,817,19571,1270,848
test_20_1_1.png,19701,1696,680,19741,1654,640,19631,1611,750,19670,1621,711,19704,1604,677
test_20_1_2.png,10061,770,574,10069,793,566,9950,650,685,10036,798,599,10040,712,595
test_20_1_3.png,4599,451,171,4614,629,156,4519,448,251,4600,523,170,4611,486,159
test_20_2_0.png,21940,2152,615,21844,1782,711,21785,1741,770,21819,1936,736,21862,1857,693
test_20_2_1.png,18823,1627,1144,18835,1816,1132,19051,1777,916,19034,1785,933,19009,1707,958
test_20_2_2.png,0,0,0,0,0,0,0,0,0,0,0,0,0,0,0
test_20_2_3.png,0,0,0,0,0,0,0,0,0,0,0,0,0,0,0
test_20_3_0.png,23333,1728,837,23419,1878,751,23337,1742,833,23312,1764,858,23371,1725,799
test_20_3_1.png,20037,1073,1086,20012,999,1111,20056,1090,1067,20026,1002,1097,20052,991,1071
test_20_3_2.png,4719,451,312,4727,508,304,4746,476,285,4737,459,294,4733,450,298
test_20_3_3.png,0,0,0,0,0,0,0,0,0,0,0,0,0,0,0
test_21_0_0.png,5650,368,1025,5332,368,1343,5736,620,939,5765,540,910,5704,433,971
test_21_0_1.png,9032,753,723,9152,950,603,9295,1364,460,9315,1221,440,9237,1017,518
test_21_0_2.png,13473,1681,740,13463,1288,750,13496,1703,717,13545,1502,668,13512,1550,701
test_21_0_3.png,10292,335,760,10289,326,763,10269,318,783,10319,336,733,10305,316,747
test_21_1_0.png,7332,874,1422,7083,679,1671,7611,1124,1143,7774,1302,980,7483,979,1271
test_21_1_1.png,9808,792,978,9698,742,1088,9941,890,845,9860,823,926,9906,754,880
test_21_1_2.png,16792,834,908,16921,987,779,16855,816,845,16978,855,722,16913,833,787
test_21_1_3.png,17056,1245,1412,17193,1255,1275,17183,1190,1285,17146,1209,1322,17165,1214,1303
test_21_2_0.png,1911,98,329,2150,104,90,1766,79,474,1760,78,480,1862,83,378
test_21_2_1.png,17273,580,1384,17818,562,839,17530,649,1127,17278,506,1379,17521,545,1136
test_21_2_2.png,16436,893,976,16402,481,1010,16361,1130,1051,16370,840,1042,16426,833,986
test_21_2_3.png,610,34,96,619,38,87,619,44,87,615,34,91,616,39,90
test_21_3_0.png,669,7,1818,1464,65,1023,330,0,2157,1503,42,984,1007,17,1480
test_21_3_1.png,4519,720,1800,4411,699,1908,4559,733,1760,4650,713,1669,4521,718,1798
test_21_3_2.png,6977,307,853,6840,236,990,6787,302,1043,6666,263,1164,6824,258,1006
test_21_3_3.png,4492,426,90,4502,471,80,4500,506,82,4446,282,136,4495,411,87
test_22_0_0.png,0,0,0,0,0,0,0,0,0,0,0,0,0,0,0
test_22_0_1.png,0,0,0,0,0,0,0,0,0,0,0,0,0,0,0
test_22_0_2.png,0,0,0,0,0,0,0,0,0,0,0,0,0,0,0
test_22_0_3.png,0,0,0,0,0,0,0,0,0,0,0,0,0,0,0
test_22_1_0.png,0,0,0,0,0,0,0,0,0,0,0,0,0,0,0
test_22_1_1.png,0,0,0,0,0,0,0,0,0,0,0,0,0,0,0
test_22_1_2.png,0,0,0,0,0,0,0,0,0,0,0,0,0,0,0
test_22_1_3.png,0,0,6,0,0,6,0,0,6,0,0,6,0,0,6
test_22_2_0.png,2921,343,55,2913,327,63,2923,405,53,2649,348,327,2911,362,65
test_22_2_1.png,0,0,0,0,0,0,0,0,0,0,0,0,0,0,0
test_22_2_2.png,1114,85,353,1293,108,174,1189,130,278,1206,121,261,1194,107,273
test_22_2_3.png,7921,318,1487,8102,334,1306,7905,349,1503,7925,262,1483,7918,275,1490
test_22_3_0.png,6332,1090,913,6344,719,901,5078,356,2167,5192,891,2053,5920,835,1325
test_22_3_1.png,10706,835,1839,10776,863,1769,10160,933,2385,10071,1009,2474,10663,858,1882
test_22_3_2.png,7850,543,1607,7821,564,1636,7939,880,1518,7938,926,1519,7903,679,1554
test_22_3_3.png,7180,1104,455,7058,807,577,7348,1138,287,7071,911,564,7113,889,522
test_23_0_0.png,4175,305,169,4155,335,189,4210,358,134,4235,387,109,4195,322,149
test_23_0_1.png,5795,211,808,5946,254,657,5982,344,621,5686,335,917,5886,267,717
test_23_0_2.png,0,0,0,0,0,0,0,0,0,0,0,0,0,0,0
test_23_0_3.png,0,0,0,0,0,0,0,0,0,0,0,0,0,0,0
test_23_1_0.png,7711,584,644,7667,477,688,7642,690,713,7698,467,657,7695,423,660
test_23_1_1.png,9925,842,803,9950,817,778,9967,764,761,9998,737,730,9925,750,803
test_23_1_2.png,323,2,231,299,2,255,334,5,220,299,1,255,315,1,239
test_23_1_3.png,0,172,0,0,147,0,0,202,0,0,196,0,0,183,0
test_23_2_0.png,8715,1136,1471,8079,1168,2107,9263,1621,923,9024,1463,1162,8969,1248,1217
test_23_2_1.png,8108,414,1827,8049,439,1886,8599,654,1336,8664,627,1271,8325,511,1610
test_23_2_2.png,3392,111,163,3381,106,174,3420,153,135,3391,158,164,3398,120,157
test_23_2_3.png,0,0,0,0,0,0,0,0,0,0,0,0,0,0,0
test_23_3_0.png,6615,592,491,6548,453,558,6715,704,391,6653,634,453,6664,528,442
test_23_3_1.png,2567,211,753,2661,218,659,2637,139,683,2615,105,705,2612,118,708
test_23_3_2.png,0,0,0,0,0,0,0,0,0,0,0,0,0,0,0
test_23_3_3.png,0,0,0,0,0,0,0,0,0,0,0,0,0,0,0
test_24_0_0.png,31,15,462,96,11,397,367,41,126,186,22,307,141,18,352
test_24_0_1.png,0,0,0,0,0,0,0,0,0,0,0,0,0,0,0
test_24_0_2.png,2632,544,85,2615,255,102,2606,453,111,2648,356,69,2631,386,86
test_24_0_3.png,652,32,28,652,33,28,659,58,21,645,29,35,655,37,25
test_24_1_0.png,2094,123,138,2090,85,142,2124,211,108,2119,148,113,2107,121,125
test_24_1_1.png,2832,570,47,2818,558,61,2822,636,57,2827,663,52,2826,585,53
test_24_1_2.png,1959,225,95,1948,124,106,1947,122,107,1947,158,107,1954,132,100
test_24_1_3.png,3142,329,313,3155,348,300,3194,427,261,3214,485,241,3169,354,286
test_24_2_0.png,6797,640,300,6753,1042,344,6781,947,316,6759,656,338,6778,691,319
test_24_2_1.png,3933,549,205,3949,543,189,3997,601,141,3963,582,175,3987,539,151
test_24_2_2.png,2954,381,157,3039,344,72,2962,475,149,2988,470,123,2970,411,141
test_24_2_3.png,6243,543,310,6255,620,298,6208,447,345,6261,485,292,6254,547,299
test_24_3_0.png,474,100,103,286,46,291,358,37,219,485,88,92,426,62,151
test_24_3_1.png,8988,628,387,8970,619,405,9018,570,357,9016,632,359,9020,584,355
test_24_3_2.png,9359,1517,736,9343,1555,752,9325,1640,770,9383,1555,712,9353,1546,742
test_24_3_3.png,2884,417,330,2850,282,364,2770,406,444,2765,449,449,2765,389,449
test_25_0_0.png,958,670,88,905,980,141,932,798,114,888,622,158,927,723,119
test_25_0_1.png,0,0,470,0,0,470,0,0,470,0,0,470,0,0,470
test_25_0_2.png,0,0,0,0,0,0,0,0,0,0,0,0,0,0,0
test_25_0_3.png,0,0,1575,18,0,1557,0,0,1575,0,0,1575,0,0,1575
test_25_1_0.png,5220,458,317,5072,459,465,5292,669,245,5312,729,225,5270,507,267
test_25_1_1.png,1705,157,139,1710,142,134,1720,164,124,1714,207,130,1712,158,132
test_25_1_2.png,774,97,220,620,42,374,774,58,220,474,56,520,701,51,293
test_25_1_3.png,538,69,441,550,104,429,535,68,444,531,79,448,536,71,443
test_25_2_0.png,5313,340,963,5483,480,793,5669,574,607,5619,642,657,5539,519,737
test_25_2_1.png,3912,327,138,3929,356,121,3921,412,129,3911,316,139,3922,341,128
test_25_2_2.png,4685,851,317,4682,754,320,4750,891,252,4744,835,258,4719,801,283
test_25_2_3.png,3285,645,287,3245,670,327,3287,670,285,3313,629,259,3303,604,269
test_25_3_0.png,2583,546,64,2504,443,143,2558,271,89,2574,487,73,2571,464,76
test_25_3_1.png,5842,602,283,5846,864,279,5830,621,295,5798,653,327,5850,624,275
test_25_3_2.png,3558,233,341,3575,202,324,3560,258,339,3548,230,351,3571,234,328
test_25_3_3.png,0,0,0,0,0,0,0,0,0,0,4,0,0,0,0
test_26_0_0.png,1461,72,135,1487,73,109,1435,55,161,1482,121,114,1469,66,127
test_26_0_1.png,1042,334,23,1047,465,18,1040,407,25,1044,456,21,1043,421,22
test_26_0_2.png,2031,133,58,2036,315,53,1950,97,139,2022,178,67,2025,139,64
test_26_0_3.png,3286,153,357,3277,68,366,3387,215,256,3103,182,540,3302,174,341
test_26_1_0.png,1398,276,106,1411,389,93,1287,208,217,1363,408,141,1379,300,125
test_26_1_1.png,0,0,0,0,0,0,0,0,0,0,0,0,0,0,0
test_26_1_2.png,0,0,0,0,0,0,0,0,0,0,0,0,0,0,0
test_26_1_3.png,3764,262,137,3766,298,135,3770,339,131,3761,222,140,3771,260,130
test_26_2_0.png,599,11,140,647,24,92,156,0,583,580,1,159,591,2,148
test_26_2_1.png,0,0,0,0,0,0,0,0,0,0,0,0,0,0,0
test_26_2_2.png,0,965,249,105,1043,144,113,952,136,112,1069,137,107,1011,142
test_26_2_3.png,4741,716,425,4760,735,406,4705,534,461,4766,676,400,4744,655,422
test_26_3_0.png,822,37,705,946,36,581,991,68,536,955,42,572,945,42,582
test_26_3_1.png,0,0,0,0,0,0,0,0,0,0,0,0,0,0,0
test_26_3_2.png,2939,328,83,2902,250,120,2921,186,101,2931,285,91,2929,259,93
test_26_3_3.png,6947,581,1228,7138,624,1037,7051,694,1124,6956,601,1219,7037,581,1138
test_27_0_0.png,1768,67,64,1794,75,38,1785,76,47,1779,63,53,1788,65,44
test_27_0_1.png,2975,607,546,3168,491,353,3254,340,267,3239,355,282,3202,396,319
test_27_0_2.png,0,0,150,7,0,143,56,0,94,0,0,150,0,0,150
test_27_0_3.png,3429,92,925,3588,119,766,3189,66,1165,3167,96,1187,3344,80,1010
test_27_1_0.png,4879,141,88,4859,98,108,4881,131,86,4900,139,67,4879,119,88
test_27_1_1.png,1024,72,25,1017,49,32,1015,51,34,1009,55,40,1019,58,30
test_27_1_2.png,0,0,0,0,0,0,0,0,0,0,0,0,0,0,0
test_27_1_3.png,0,258,0,0,268,0,0,261,0,0,249,0,0,252,0
test_27_2_0.png,13270,1276,646,13189,986,727,13044,1016,872,13167,1252,749,13160,1121,756
test_27_2_1.png,5517,744,1097,5497,741,1117,5615,616,999,5755,608,859,5503,658,1111
test_27_2_2.png,2202,166,338,2299,188,241,2148,123,392,2133,187,407,2195,159,345
test_27_2_3.png,0,0,0,0,0,0,0,0,0,0,0,0,0,0,0
test_27_3_0.png,18049,2130,1884,18019,1959,1914,18118,2318,1815,18305,2474,1628,18138,2188,1795
test_27_3_1.png,8235,1917,508,8206,1821,537,8235,1640,508,8120,1578,623,8217,1782,526
test_27_3_2.png,0,0,0,0,0,0,0,0,0,0,0,0,0,0,0
test_27_3_3.png,0,63,0,0,72,0,0,0,0,0,27,0,0,36,0
test_28_0_0.png,0,0,0,0,0,0,0,0,0,0,0,0,0,0,0
test_28_0_1.png,0,0,0,0,0,0,0,0,0,0,0,0,0,0,0
test_28_0_2.png,0,0,0,0,0,0,0,0,0,0,0,0,0,0,0
test_28_0_3.png,3744,230,261,3757,186,248,3723,161,282,3736,165,269,3740,145,265
test_28_1_0.png,3498,147,327,3512,163,313,3506,153,319,3514,165,311,3516,153,309
test_28_1_1.png,0,0,0,0,0,0,0,0,0,0,0,0,0,0,0
test_28_1_2.png,0,0,0,0,0,0,0,0,0,0,0,0,0,0,0
test_28_1_3.png,0,0,0,0,0,0,0,0,0,0,0,0,0,0,0
test_28_2_0.png,14738,1253,1040,14708,1202,1070,14809,1452,969,14771,1331,1007,14764,1263,1014
test_28_2_1.png,10706,1065,797,10792,1070,711,10755,1397,748,10747,1342,756,10752,1170,751
test_28_2_2.png,5379,355,402,4876,262,905,5195,1835,586,4985,1487,796,4979,439,802
test_28_2_3.png,0,0,0,0,0,0,0,0,0,0,0,0,0,0,0
test_28_3_0.png,14452,1148,1194,14463,1035,1183,14473,1169,1173,14500,1221,1146,14515,1088,1131
test_28_3_1.png,17420,2157,615,17444,2001,591,17558,2175,477,17464,2137,571,17508,2061,527
test_28_3_2.png,14429,1304,1556,14348,1155,1637,14493,1596,1492,13486,1075,2499,14468,1177,1517
test_28_3_3.png,11516,1123,727,11227,1065,1016,11315,1198,928,11269,1135,974,11273,1091,970
test_29_0_0.png,0,0,0,0,0,0,0,0,0,0,0,0,0,0,0
test_29_0_1.png,0,0,0,0,0,0,0,0,0,0,0,0,0,0,0
test_29_0_2.png,2163,100,534,2560,134,137,2471,220,226,2282,99,415,2367,92,330
test_29_0_3.png,2871,207,411,3003,216,279,3006,238,276,3090,285,192,3004,231,278
test_29_1_0.png,1251,69,76,1236,56,91,1253,53,74,1247,51,80,1248,55,79
test_29_1_1.png,20287,1496,626,20210,1288,703,20439,1605,474,20350,1641,563,20345,1444,568
test_29_1_2.png,17917,915,945,18054,1010,808,18164,1296,698,18079,1260,783,18075,1074,787
test_29_1_3.png,8159,396,473,8216,409,416,8116,419,516,8195,448,437,8193,398,439
test_29_2_0.png,16248,1043,353,16236,905,365,16293,1099,308,16221,1054,380,16282,977,319
test_29_2_1.png,15503,978,803,15650,1087,656,15635,1060,671,15577,1021,729,15611,993,695
test_29_2_2.png,12662,966,611,12686,822,587,12804,1095,469,12794,1156,479,12754,967,519
test_29_2_3.png,6550,115,885,6590,157,845,6576,242,859,6488,144,947,6549,139,886
test_29_3_0.png,10179,936,592,10137,845,634,10315,1044,456,10270,1027,501,10240,942,531
test_29_3_1.png,14926,1331,1108,14879,971,1155,14719,988,1315,14722,929,1312,14855,1049,1179
test_29_3_2.png,3635,195,196,3605,156,226,3670,271,161,3687,268,144,3661,209,170
test_29_3_3.png,2696,98,410,2739,97,367,2772,155,334,2726,119,380,2745,110,361
test_2_0_0.png,15425,1285,1077,15486,1419,1016,15383,1386,1119,15555,1436,947,15476,1347,1026
test_2_0_1.png,16471,1124,1035,16473,1144,1033,16452,1210,1054,16459,1160,1047,16472,1159,1034
test_2_0_2.png,11466,1037,536,11347,975,655,11301,983,701,11336,984,666,11361,968,641
test_2_0_3.png,2415,193,138,2407,188,146,2404,233,149,2402,217,151,2410,190,143
test_2_1_0.png,0,0,0,0,0,0,0,0,0,0,0,0,0,0,0
test_2_1_1.png,0,0,0,0,0,0,0,0,0,0,0,0,0,0,0
test_2_1_2.png,0,0,0,0,0,0,0,0,0,0,0,0,0,0,0
test_2_1_3.png,0,0,0,0,0,0,0,0,0,0,0,0,0,0,0
test_2_2_0.png,0,0,0,0,0,0,0,0,0,0,0,0,0,0,0
test_2_2_1.png,0,0,0,0,0,0,0,0,0,0,0,0,0,0,0
test_2_2_2.png,0,0,0,0,0,0,0,0,0,0,0,0,0,0,0
test_2_2_3.png,0,8,0,0,0,0,0,5,0,0,0,0,0,0,0
test_2_3_0.png,0,0,0,0,0,0,0,0,0,0,0,0,0,0,0
test_2_3_1.png,0,0,0,0,0,0,0,0,0,0,0,0,0,0,0
test_2_3_2.png,0,244,0,0,0,0,0,357,0,0,0,0,0,46,0
test_2_3_3.png,1672,101,86,1686,85,72,1676,102,82,1673,85,85,1678,93,80
test_30_0_0.png,0,0,0,0,0,0,0,0,0,0,0,0,0,0,0
test_30_0_1.png,340,29,11,339,33,12,342,34,9,347,38,4,343,35,8
test_30_0_2.png,0,0,0,0,0,0,0,0,0,0,0,0,0,0,0
test_30_0_3.png,0,0,0,0,0,0,0,0,0,0,0,0,0,0,0
test_30_1_0.png,3481,204,617,3402,104,696,3471,171,627,3435,179,663,3447,152,651
test_30_1_1.png,773,502,104,758,578,119,765,655,112,774,640,103,766,588,111
test_30_1_2.png,0,0,0,0,0,0,0,0,0,0,0,0,0,0,0
test_30_1_3.png,0,0,0,0,0,0,0,0,0,0,0,0,0,0,0
test_30_2_0.png,1435,520,183,1432,485,186,1486,673,132,1484,534,134,1446,530,172
test_30_2_1.png,3432,262,441,3589,271,284,3524,354,349,3517,326,356,3510,278,363
test_30_2_2.png,4978,440,531,5021,567,488,4986,569,523,4866,567,643,4972,495,537
test_30_2_3.png,4094,858,358,4033,687,419,3967,884,485,3956,674,496,4017,766,435
test_30_3_0.png,3612,185,690,3593,175,709,3657,308,645,3533,155,769,3606,186,696
test_30_3_1.png,10154,526,1160,10475,805,839,10381,693,933,10504,813,810,10441,663,873
test_30_3_2.png,12073,1237,764,12023,1219,814,11974,1055,863,11963,1139,874,12028,1080,809
test_30_3_3.png,12852,848,1105,12952,781,1005,13090,906,867,12977,821,980,12994,803,963
test_31_0_0.png,6494,309,744,6552,303,686,6466,704,772,6499,562,739,6494,396,744
test_31_0_1.png,5467,617,435,5431,485,471,5545,575,357,5505,614,397,5490,549,412
test_31_0_2.png,0,0,0,0,0,0,0,0,0,0,0,0,0,0,0
test_31_0_3.png,8406,536,635,8312,497,729,8204,572,837,8290,589,751,8334,536,707
test_31_1_0.png,14606,1149,3544,13916,1166,4234,13996,996,4154,13582,1002,4568,13941,974,4209
test_31_1_1.png,2996,77,447,2916,54,527,3043,42,400,2981,48,462,3011,49,432
test_31_1_2.png,587,10,53,612,26,28,616,18,24,603,11,37,606,13,34
test_31_1_3.png,3629,1720,165,3548,1672,246,3561,168,233,3592,1654,202,3591,1647,203
test_31_2_0.png,43,658,1026,42,636,1027,44,636,1025,43,625,1026,43,635,1026
test_31_2_1.png,4587,215,277,4602,211,262,4654,272,210,4648,287,216,4631,231,233
test_31_2_2.png,4168,926,80,4188,999,60,4165,903,83,4190,1190,58,4182,975,66
test_31_2_3.png,388,237,9,380,17,17,392,13,5,384,7,13,386,11,11
test_31_3_0.png,9371,501,1235,9436,622,1170,9406,552,1200,9373,525,1233,9411,520,1195
test_31_3_1.png,2853,90,1721,2884,76,1690,2770,76,1804,2931,90,1643,2874,67,1700
test_31_3_2.png,2338,64,202,2404,119,136,2401,98,139,2387,70,153,2388,70,152
test_31_3_3.png,3221,64,825,3287,71,759,3259,88,787,3273,87,773,3254,58,792
test_32_0_0.png,0,0,0,0,0,0,0,0,0,0,0,0,0,0,0
test_32_0_1.png,0,0,0,0,0,0,0,0,0,0,0,0,0,0,0
test_32_0_2.png,450,12,15,438,2,27,452,89,13,452,92,13,453,43,12
test_32_0_3.png,1401,37,24,1396,30,29,1390,49,35,1381,23,44,1398,31,27
test_32_1_0.png,0,0,1498,0,0,1498,0,0,1498,0,0,1498,0,0,1498
test_32_1_1.png,0,0,0,0,0,0,0,0,0,0,0,0,0,0,0
test_32_1_2.png,0,0,0,0,0,0,0,0,0,0,0,0,0,0,0
test_32_1_3.png,0,0,0,0,0,0,0,158,0,0,333,0,0,0,0
test_32_2_0.png,0,0,667,0,0,667,0,0,667,0,0,667,0,0,667
test_32_2_1.png,1541,172,32,1543,116,30,1486,57,87,1485,70,88,1512,95,61
test_32_2_2.png,0,0,240,58,3,182,118,6,122,0,0,240,3,0,237
test_32_2_3.png,3183,270,207,3220,270,170,3220,266,170,3189,261,201,3212,260,178
test_32_3_0.png,0,0,0,0,0,0,0,0,0,0,0,0,0,0,0
test_32_3_1.png,0,0,0,0,0,0,0,0,0,0,0,0,0,0,0
test_32_3_2.png,353,60,3,356,73,0,350,38,6,353,41,3,355,49,1
test_32_3_3.png,6004,315,301,5959,311,346,6053,509,252,6023,397,282,6025,350,280
test_33_0_0.png,2231,67,377,2070,47,538,674,8,1934,258,9,2350,1528,33,1080
test_33_0_1.png,0,0,0,0,0,0,0,77,0,0,0,0,0,0,0
test_33_0_2.png,0,0,0,0,0,0,0,0,0,0,0,0,0,0,0
test_33_0_3.png,0,0,0,0,0,0,0,0,0,0,0,0,0,0,0
test_33_1_0.png,0,0,0,0,0,0,0,285,0,0,0,0,0,0,0
test_33_1_1.png,0,0,0,0,0,0,0,0,0,0,0,0,0,0,0
test_33_1_2.png,9756,638,972,9638,364,1090,9723,501,1005,9590,415,1138,9694,431,1034
test_33_1_3.png,5978,1041,1277,6477,1058,778,6333,1000,922,6416,964,839,6415,955,840
test_33_2_0.png,0,339,0,0,0,0,0,0,0,0,0,0,0,0,0
test_33_2_1.png,1221,60,216,1179,43,258,1214,100,223,1185,66,252,1203,64,234
test_33_2_2.png,12068,1257,483,12085,1101,466,12043,1119,508,12030,976,521,12070,1082,481
test_33_2_3.png,17569,1453,906,17564,1301,911,17756,1673,719,17443,1103,1032,17598,1266,877
test_33_3_0.png,3450,409,935,3415,419,970,2695,418,1690,2944,240,1441,3360,351,1025
test_33_3_1.png,9590,540,1229,9688,572,1131,9871,818,948,9716,948,1103,9752,667,1067
test_33_3_2.png,0,0,0,0,0,0,0,0,0,0,0,0,0,0,0
test_33_3_3.png,3207,112,503,3104,81,606,3254,161,456,3068,135,642,3167,120,543
test_34_0_0.png,15046,1492,1817,14622,1264,2241,14833,1247,2030,14519,1386,2344,14764,1295,2099
test_34_0_1.png,10930,868,1779,11916,954,793,11416,1008,1293,10933,1074,1776,11219,925,1490
test_34_0_2.png,852,79,383,935,84,300,816,37,419,441,16,794,810,42,425
test_34_0_3.png,0,0,0,0,0,0,0,0,0,0,0,0,0,0,0
test_34_1_0.png,5832,223,1926,5788,242,1970,5770,305,1988,5534,234,2224,5749,222,2009
test_34_1_1.png,10854,713,588,10884,571,558,11050,908,392,10972,1005,470,10986,739,456
test_34_1_2.png,437,45,77,453,48,61,456,97,58,433,36,81,449,42,65
test_34_1_3.png,4845,210,189,4865,225,169,4848,182,186,4808,160,226,4849,194,185
test_34_2_0.png,5346,1050,703,5328,719,721,5474,1571,575,5282,410,767,5386,818,663
test_34_2_1.png,15910,1228,1743,16103,1060,1550,15923,1188,1730,16031,1224,1622,16027,1129,1626
test_34_2_2.png,11816,732,780,11814,739,782,11843,886,753,11807,835,789,11847,785,749
test_34_2_3.png,7828,521,894,8194,610,528,8437,774,285,7952,581,770,7996,569,726
test_34_3_0.png,3463,127,161,3444,123,180,3513,172,111,3496,145,128,3485,139,139
test_34_3_1.png,7363,749,326,6932,1001,757,7323,559,366,7158,387,531,7244,468,445
test_34_3_2.png,10062,642,322,10062,828,322,10088,599,296,10035,579,349,10066,658,318
test_34_3_3.png,17023,971,662,17177,1043,508,17127,1140,558,17132,1005,553,17111,943,574
test_35_0_0.png,0,0,0,0,0,0,0,0,0,0,0,0,0,0,0
test_35_0_1.png,0,0,0,0,0,0,0,0,0,0,0,0,0,0,0
test_35_0_2.png,0,0,0,0,0,0,0,0,0,0,0,0,0,0,0
test_35_0_3.png,10912,675,482,10954,812,440,10894,664,500,10941,751,453,10938,696,456
test_35_1_0.png,0,0,0,0,0,0,0,0,0,0,0,0,0,0,0
test_35_1_1.png,0,0,0,0,0,0,0,0,0,0,0,0,0,0,0
test_35_1_2.png,4840,524,117,4809,494,148,4765,465,192,4723,480,234,4804,483,153
test_35_1_3.png,16479,1586,377,16508,1766,348,16450,1632,406,16478,1826,378,16493,1644,363
test_35_2_0.png,0,0,0,0,0,0,0,0,0,0,0,0,0,0,0
test_35_2_1.png,6892,456,355,6887,531,360,6850,444,397,7002,521,245,6896,436,351
test_35_2_2.png,16695,1127,848,16717,1282,826,16779,1346,764,16762,1402,781,16766,1265,777
test_35_2_3.png,10649,919,372,10616,889,405,10679,945,342,10616,849,405,10655,881,366
test_35_3_0.png,0,0,0,0,0,0,0,0,0,0,0,0,0,0,0
test_35_3_1.png,8628,772,411,8638,785,401,8678,900,361,8675,814,364,8662,748,377
test_35_3_2.png,14279,1270,615,14265,1247,629,14317,1267,577,14298,1302,596,14294,1234,600
test_35_3_3.png,8263,735,727,8334,848,656,8214,752,776,8291,834,699,8294,743,696
test_36_0_0.png,0,0,0,0,0,0,0,0,0,0,0,0,0,0,0
test_36_0_1.png,0,0,0,0,0,0,0,0,0,0,0,0,0,0,0
test_36_0_2.png,0,0,0,0,0,0,0,0,0,0,0,0,0,0,0
test_36_0_3.png,0,0,0,0,0,0,0,0,0,0,0,0,0,0,0
test_36_1_0.png,0,0,0,0,0,0,0,0,0,0,0,0,0,0,0
test_36_1_1.png,0,0,0,0,0,0,0,0,0,0,0,0,0,0,0
test_36_1_2.png,0,0,0,0,0,0,0,0,0,0,0,0,0,0,0
test_36_1_3.png,0,0,0,0,0,0,0,0,0,0,0,0,0,0,0
test_36_2_0.png,0,0,0,0,0,0,0,0,0,0,0,0,0,0,0
test_36_2_1.png,0,0,0,0,0,0,0,0,0,0,0,0,0,0,0
test_36_2_2.png,0,0,0,0,0,0,0,0,0,0,0,0,0,0,0
test_36_2_3.png,249,16,3,250,27,2,249,42,3,247,25,5,249,27,3
test_36_3_0.png,0,0,0,0,0,0,0,0,0,0,0,0,0,0,0
test_36_3_1.png,0,240,0,0,268,0,0,237,0,0,206,0,0,240,0
test_36_3_2.png,3525,382,222,3539,372,208,3501,361,246,3540,357,207,3539,360,208
test_36_3_3.png,12098,1067,468,12067,1027,499,12104,1111,462,12113,1216,453,12099,1058,467
test_37_0_0.png,16033,2607,621,16017,2891,637,15985,2793,669,15869,2782,785,16017,2734,637
test_37_0_1.png,5975,884,403,5875,848,503,5856,1055,522,5341,602,1037,5848,761,530
test_37_0_2.png,3840,816,1094,3862,850,1072,3810,848,1124,3955,868,979,3875,824,1059
test_37_0_3.png,0,0,0,0,0,0,0,0,0,0,0,0,0,0,0
test_37_1_0.png,15426,2151,1229,15458,2311,1197,15551,2411,1104,15317,2047,1338,15455,2195,1200
test_37_1_1.png,11845,1790,1515,11703,1750,1657,11824,1726,1536,11752,1647,1608,11817,1690,1543
test_37_1_2.png,4331,473,1061,4262,370,1130,4176,433,1216,4268,485,1124,4256,409,1136
test_37_1_3.png,0,0,0,0,0,0,0,0,0,0,0,0,0,0,0
test_37_2_0.png,4119,572,282,4034,614,367,4086,588,315,4013,604,388,4106,563,295
test_37_2_1.png,0,0,0,0,0,0,0,0,0,0,0,0,0,0,0
test_37_2_2.png,0,0,312,0,0,312,0,0,312,0,0,312,0,0,312
test_37_2_3.png,0,0,0,0,0,0,0,0,0,0,0,0,0,0,0
test_37_3_0.png,0,0,0,0,0,0,0,0,0,0,0,0,0,0,0
test_37_3_1.png,0,0,0,0,0,0,0,0,0,0,0,0,0,0,0
test_37_3_2.png,0,0,0,0,0,0,0,0,0,0,0,0,0,0,0
test_37_3_3.png,0,0,0,0,0,0,0,0,0,0,0,0,0,0,0
test_38_0_0.png,3992,194,275,4019,236,248,4033,214,234,3995,190,272,4024,191,243
test_38_0_1.png,8215,822,190,8122,993,283,8178,776,227,8148,854,257,8199,813,206
test_38_0_2.png,9019,666,606,9079,693,546,9010,653,615,9046,695,579,9062,660,563
test_38_0_3.png,15016,1276,787,14985,1226,818,15008,1250,795,14879,1219,924,15013,1203,790
test_38_1_0.png,13177,1038,625,13239,1170,563,13289,1231,513,13251,1341,551,13249,1096,553
test_38_1_1.png,10542,1020,847,10423,970,966,10554,1082,835,10334,1026,1055,10498,1008,891
test_38_1_2.png,10391,858,449,10429,949,411,10466,1178,374,10556,1254,284,10498,969,342
test_38_1_3.png,7018,604,316,7063,675,271,7022,623,312,6968,615,366,7035,617,299
test_38_2_0.png,990,72,55,1013,96,32,1007,85,38,1000,75,45,1006,80,39
test_38_2_1.png,2017,162,173,2015,132,175,2002,137,188,1983,132,207,2006,124,184
test_38_2_2.png,12245,1162,481,12318,1226,408,12268,1213,458,12299,1229,427,12301,1156,425
test_38_2_3.png,14796,1205,522,14835,1211,483,14868,1319,450,14926,1438,392,14864,1253,454
test_38_3_0.png,0,24,0,0,17,0,0,25,0,0,0,0,0,20,0
test_38_3_1.png,0,0,0,0,0,0,0,0,0,0,0,0,0,0,0
test_38_3_2.png,9357,927,631,9314,889,674,9309,903,679,9169,772,819,9316,863,672
test_38_3_3.png,14601,1271,679,14529,1195,751,14400,1271,880,14629,1430,651,14566,1243,714
test_39_0_0.png,0,0,0,0,0,0,0,0,0,0,0,0,0,0,0
test_39_0_1.png,0,0,0,0,0,0,0,0,0,0,0,0,0,0,0
test_39_0_2.png,0,0,0,0,0,0,0,0,0,0,0,0,0,0,0
test_39_0_3.png,0,0,308,0,0,308,0,0,308,0,0,308,0,0,308
test_39_1_0.png,0,0,0,0,0,0,0,0,0,0,0,0,0,0,0
test_39_1_1.png,0,0,0,0,0,0,0,0,0,0,0,0,0,0,0
test_39_1_2.png,0,0,0,0,0,0,0,0,0,0,2,0,0,0,0
test_39_1_3.png,0,0,0,0,0,0,0,0,0,0,0,0,0,0,0
test_39_2_0.png,0,0,0,0,0,0,0,0,0,0,0,0,0,0,0
test_39_2_1.png,4070,296,210,4097,405,183,4065,283,215,4016,270,264,4082,290,198
test_39_2_2.png,1156,31,241,1288,42,109,1198,33,199,1209,37,188,1216,30,181
test_39_2_3.png,0,0,0,0,0,0,0,0,0,0,0,0,0,0,0
test_39_3_0.png,12392,1299,1179,11659,1297,1912,11868,1389,1703,11902,1446,1669,11878,1246,1693
test_39_3_1.png,18397,1624,1494,18671,3861,1220,18242,2471,1649,18389,3550,1502,18437,3175,1454
test_39_3_2.png,11887,860,1080,11858,1049,1109,11847,989,1120,11786,907,1181,11863,919,1104
test_39_3_3.png,0,0,0,0,0,0,0,0,0,0,0,0,0,0,0
test_3_0_0.png,235,0,147,317,3,65,277,0,105,162,0,220,267,0,115
test_3_0_1.png,0,0,0,0,0,0,0,0,0,0,0,0,0,0,0
test_3_0_2.png,0,0,0,0,0,0,0,0,0,0,0,0,0,0,0
test_3_0_3.png,0,0,0,0,0,0,0,0,0,0,0,0,0,0,0
test_3_1_0.png,0,0,460,0,0,460,0,0,460,0,0,460,0,0,460
test_3_1_1.png,0,0,0,0,0,0,0,0,0,0,0,0,0,0,0
test_3_1_2.png,0,0,0,0,0,0,0,0,0,0,0,0,0,0,0
test_3_1_3.png,0,0,0,0,0,0,0,0,0,0,0,0,0,0,0
test_3_2_0.png,0,195,0,0,185,0,0,195,0,0,191,0,0,190,0
test_3_2_1.png,0,0,0,0,0,0,0,0,0,0,0,0,0,0,0
test_3_2_2.png,0,0,0,0,0,0,0,0,0,0,0,0,0,0,0
test_3_2_3.png,418,54,30,412,22,36,413,51,35,415,19,33,416,50,32
test_3_3_0.png,613,13,28,614,16,27,610,18,31,609,14,32,611,15,30
test_3_3_1.png,1604,61,129,1589,78,144,1593,68,140,1583,60,150,1591,63,142
test_3_3_2.png,2000,110,40,1989,120,51,1970,114,70,1974,105,66,1983,107,57
test_3_3_3.png,1569,326,23,1575,285,17,1501,257,91,1559,261,33,1564,287,28
test_40_0_0.png,0,346,130,0,346,130,0,335,130,0,342,130,0,341,130
test_40_0_1.png,13950,1135,472,13987,1131,435,14044,1256,378,13917,1146,505,13980,1145,442
test_40_0_2.png,9454,769,330,9417,661,367,9370,735,414,9344,629,440,9401,680,383
test_40_0_3.png,0,0,64,0,0,64,0,0,64,0,0,64,0,0,64
test_40_1_0.png,0,184,569,382,202,187,546,210,23,477,99,92,439,196,130
test_40_1_1.png,0,0,0,0,0,0,0,0,0,0,0,0,0,0,0
test_40_1_2.png,0,0,0,0,0,0,0,0,0,0,0,0,0,0,0
test_40_1_3.png,0,0,0,0,0,0,0,0,0,0,0,0,0,0,0
test_40_2_0.png,0,0,0,0,0,0,0,0,0,0,0,0,0,0,0
test_40_2_1.png,0,0,0,0,0,0,0,0,0,0,0,0,0,0,0
test_40_2_2.png,0,0,0,0,0,0,0,0,0,0,0,0,0,0,0
test_40_2_3.png,0,0,0,0,0,0,0,0,0,0,0,0,0,0,0
test_40_3_0.png,0,0,0,0,0,0,0,0,0,0,0,0,0,0,0
test_40_3_1.png,0,0,0,0,0,0,0,0,0,0,0,0,0,0,0
test_40_3_2.png,0,0,0,0,0,0,0,0,0,0,0,0,0,0,0
test_40_3_3.png,0,0,0,0,0,0,0,0,0,0,0,0,0,0,0
test_41_0_0.png,0,0,0,0,0,0,0,0,0,0,0,0,0,0,0
test_41_0_1.png,0,0,0,0,0,0,0,0,0,0,0,0,0,0,0
test_41_0_2.png,6192,139,515,6155,144,552,6176,119,531,6310,148,397,6197,120,510
test_41_0_3.png,5643,317,257,5625,366,275,5666,401,234,5624,341,276,5647,334,253
test_41_1_0.png,0,0,0,0,0,0,0,0,0,0,0,0,0,0,0
test_41_1_1.png,0,0,0,0,0,0,0,0,0,0,0,0,0,0,0
test_41_1_2.png,1711,148,92,1729,274,74,1723,221,80,1708,246,95,1718,233,85
test_41_1_3.png,13387,882,510,13350,818,547,13454,1033,443,13448,956,449,13423,861,474
test_41_2_0.png,0,0,0,0,0,0,0,0,0,0,0,0,0,0,0
test_41_2_1.png,3079,131,500,3154,183,425,3187,174,392,3156,141,423,3145,157,434
test_41_2_2.png,16576,977,988,16600,1089,964,16412,1217,1152,16318,1149,1246,16510,1070,1054
test_41_2_3.png,20180,1424,868,20196,1375,852,20142,1266,906,20157,1413,891,20182,1331,866
test_41_3_0.png,7710,465,375,7730,511,355,7565,412,520,7596,445,489,7642,456,443
test_41_3_1.png,15278,1548,538,15084,1353,732,15264,1520,552,15173,1461,643,15234,1413,582
test_41_3_2.png,20719,1270,758,20833,1360,644,20761,1270,716,20770,1302,707,20781,1246,696
test_41_3_3.png,19940,1059,975,19979,1103,936,19944,1105,971,19997,1147,918,19968,1064,947
test_42_0_0.png,560,44,419,571,45,408,573,40,406,547,35,432,563,39,416
test_42_0_1.png,0,0,0,0,0,0,0,8,0,0,0,0,0,0,0
test_42_0_2.png,0,0,0,0,0,0,0,0,0,0,0,0,0,0,0
test_42_0_3.png,0,0,0,0,0,0,0,0,0,0,0,0,0,0,0
test_42_1_0.png,2665,161,136,2650,176,151,2637,158,164,2657,165,144,2654,159,147
test_42_1_1.png,1412,109,55,1414,104,53,1412,115,55,1404,90,63,1411,106,56
test_42_1_2.png,0,34,0,0,49,0,0,0,0,0,0,0,0,0,0
test_42_1_3.png,6659,596,319,6694,649,284,6680,546,298,6690,563,288,6678,578,300
test_42_2_0.png,7748,966,257,7714,923,291,7666,903,339,7667,914,338,7722,919,283
test_42_2_1.png,4174,270,256,4178,274,252,4123,227,307,4150,181,280,4159,222,271
test_42_2_2.png,10735,1049,343,10759,1111,319,10613,901,465,10574,812,504,10692,928,386
test_42_2_3.png,15663,1490,700,15684,1536,679,15738,1591,625,15646,1540,717,15688,1492,675
test_42_3_0.png,0,0,0,0,0,0,0,0,0,0,0,0,0,0,0
test_42_3_1.png,0,0,0,0,0,0,0,0,0,0,0,0,0,0,0
test_42_3_2.png,627,25,68,614,9,81,627,18,68,594,4,101,620,14,75
test_42_3_3.png,1623,71,165,1590,51,198,1615,70,173,1589,62,199,1607,64,181
test_43_0_0.png,2237,126,118,2159,97,196,2202,103,153,2160,94,195,2192,103,163
test_43_0_1.png,2169,160,238,2040,194,367,2052,136,355,2173,196,234,2134,144,273
test_43_0_2.png,1913,116,180,1852,65,241,1641,84,452,1562,23,531,1799,63,294
test_43_0_3.png,2240,317,156,2252,294,144,2054,127,342,2230,195,166,2233,219,163
test_43_1_0.png,0,0,0,0,0,0,0,0,0,0,0,0,0,0,0
test_43_1_1.png,0,0,0,0,0,0,0,0,0,0,0,0,0,0,0
test_43_1_2.png,0,0,0,0,0,0,0,0,0,0,0,0,0,0,0
test_43_1_3.png,1861,353,12,1857,93,16,1862,132,11,1860,94,13,1861,113,12
test_43_2_0.png,0,0,0,0,0,0,0,0,0,0,0,0,0,0,0
test_43_2_1.png,0,0,0,0,0,0,0,0,0,0,0,0,0,0,0
test_43_2_2.png,0,0,0,0,0,0,0,0,0,0,0,0,0,0,0
test_43_2_3.png,78,2,509,550,77,37,151,8,436,581,96,6,508,52,79
test_43_3_0.png,0,0,0,0,0,0,0,0,0,0,0,0,0,0,0
test_43_3_1.png,4951,740,327,4842,676,436,4928,738,350,4822,675,456,4917,691,361
test_43_3_2.png,9784,1263,435,9619,1273,600,9721,1210,498,9758,1310,461,9755,1252,464
test_43_3_3.png,5807,756,410,5869,726,348,5864,694,353,5585,655,632,5851,707,366
test_44_0_0.png,0,0,0,0,0,0,0,0,0,0,0,0,0,0,0
test_44_0_1.png,0,0,0,0,0,0,0,0,0,0,0,0,0,0,0
test_44_0_2.png,0,0,0,0,0,0,0,0,0,0,0,0,0,0,0
test_44_0_3.png,558,23,34,567,39,25,566,27,26,570,41,22,567,32,25
test_44_1_0.png,0,0,0,0,0,0,0,0,0,0,0,0,0,0,0
test_44_1_1.png,0,0,0,0,0,0,0,0,0,0,0,0,0,0,0
test_44_1_2.png,0,0,0,0,0,0,0,0,0,0,0,0,0,0,0
test_44_1_3.png,1983,105,99,1978,101,104,1961,90,121,1987,112,95,1980,96,102
test_44_2_0.png,0,0,0,0,0,0,0,0,0,0,0,0,0,0,0
test_44_2_1.png,0,0,0,0,0,0,0,0,0,0,0,0,0,0,0
test_44_2_2.png,2447,321,214,2469,391,192,2501,380,160,2477,322,184,2484,355,177
test_44_2_3.png,15024,1388,751,15007,1365,768,15029,1360,746,15004,1379,771,15028,1341,747
test_44_3_0.png,0,0,0,0,0,0,0,0,0,0,0,0,0,0,0
test_44_3_1.png,0,0,0,0,0,0,0,0,0,0,0,0,0,0,0
test_44_3_2.png,0,0,0,0,0,0,0,0,0,0,0,0,0,0,0
test_44_3_3.png,8999,661,576,8995,761,580,9020,704,555,8631,729,944,8946,686,629
test_45_0_0.png,15404,1415,917,15090,1366,1231,15485,1631,836,15159,1445,1162,15385,1421,936
test_45_0_1.png,18517,2419,889,18497,2513,909,18531,2492,875,18301,2420,1105,18505,2397,901
test_45_0_2.png,16870,2013,914,16884,1981,900,16812,1889,972,16799,1993,985,16880,1920,904
test_45_0_3.png,19410,2614,1169,19389,2356,1190,19323,2360,1256,19408,2388,1171,19408,2369,1171
test_45_1_0.png,17479,1775,1085,17567,1965,997,17438,1577,1126,17616,1781,948,17566,1741,998
test_45_1_1.png,19167,1628,1253,19271,1954,1149,19128,1662,1292,19207,1814,1213,19197,1722,1223
test_45_1_2.png,20010,2142,945,20171,2415,784,20093,2372,862,20007,2183,948,20089,2225,866
test_45_1_3.png,17144,1931,994,17094,1747,1044,17058,1636,1080,17127,1830,1011,17120,1708,1018
test_45_2_0.png,5571,601,493,5610,842,454,5590,618,474,5664,677,400,5638,611,426
test_45_2_1.png,9740,640,677,9810,777,607,9694,650,723,9770,737,647,9765,669,652
test_45_2_2.png,18193,1692,1063,18123,1692,1133,18254,1767,1002,18203,1764,1053,18212,1662,1044
test_45_2_3.png,19596,1761,1073,19639,1702,1030,19548,1782,1121,19596,1771,1073,19626,1698,1043
test_45_3_0.png,7985,764,499,8053,814,431,8027,758,457,8029,820,455,8043,767,441
test_45_3_1.png,10525,1170,633,10577,1098,581,10516,1017,642,10530,1069,628,10570,1037,588
test_45_3_2.png,13756,1429,805,13659,1343,902,13655,1215,906,13334,1149,1227,13649,1262,912
test_45_3_3.png,19474,2053,1273,19485,1894,1262,19181,1776,1566,19318,1803,1429,19417,1815,1330
test_46_0_0.png,18685,1586,898,18838,1844,745,18830,1794,753,18825,1776,758,18813,1724,770
test_46_0_1.png,19269,1824,1426,19413,2011,1282,19350,2085,1345,19413,2056,1282,19387,1958,1308
test_46_0_2.png,8698,750,364,8667,756,395,8659,704,403,8608,639,454,8673,690,389
test_46_0_3.png,0,0,0,0,0,0,0,0,0,0,0,0,0,0,0
test_46_1_0.png,20292,1304,1048,20479,1504,861,20531,1591,809,20419,1537,921,20447,1460,893
test_46_1_1.png,18147,1693,1012,18287,1883,872,18149,1772,1010,18145,1911,1014,18210,1774,949
test_46_1_2.png,9387,760,561,9394,762,554,9445,810,503,9407,780,541,9422,759,526
test_46_1_3.png,0,0,0,0,0,0,0,0,0,0,0,0,0,0,0
test_46_2_0.png,6006,353,466,6016,480,456,5970,501,502,5976,520,496,5978,470,494
test_46_2_1.png,7560,738,346,7500,721,406,7564,724,342,7509,743,397,7547,706,359
test_46_2_2.png,1294,236,129,1251,221,172,1254,219,169,1267,181,156,1271,213,152
test_46_2_3.png,0,0,0,0,0,0,0,0,0,0,0,0,0,0,0
test_46_3_0.png,3316,173,142,3324,204,134,3339,247,119,3313,194,145,3329,202,129
test_46_3_1.png,782,24,179,803,43,158,793,43,168,807,60,154,800,37,161
test_46_3_2.png,0,0,0,0,0,0,0,0,0,0,0,0,0,0,0
test_46_3_3.png,0,0,0,0,0,0,0,0,0,0,0,0,0,0,0
test_47_0_0.png,0,0,0,0,0,0,0,0,0,0,0,0,0,0,0
test_47_0_1.png,5194,250,224,5175,273,243,5187,259,231,5174,288,244,5189,253,229
test_47_0_2.png,0,0,0,0,0,0,0,0,0,0,0,0,0,0,0
test_47_0_3.png,5420,492,125,5372,444,173,5374,495,171,5355,563,190,5386,483,159
test_47_1_0.png,0,0,0,0,0,0,0,0,0,0,0,0,0,0,0
test_47_1_1.png,4868,319,263,4803,263,328,4842,319,289,4844,285,287,4837,288,294
test_47_1_2.png,15031,1295,593,14991,1237,633,14904,1202,720,15053,1396,571,15015,1260,609
test_47_1_3.png,15822,1704,385,15860,1811,347,15815,1764,392,15865,1809,342,15861,1736,346
test_47_2_0.png,468,24,44,465,20,47,494,49,18,483,31,29,481,26,31
test_47_2_1.png,0,0,0,0,0,0,0,0,0,0,0,0,0,0,0
test_47_2_2.png,7911,601,979,7906,618,984,7939,655,951,7908,627,982,7923,616,967
test_47_2_3.png,14606,1244,701,14577,1277,730,14644,1373,663,14510,1297,797,14611,1282,696
test_47_3_0.png,0,0,0,0,0,0,0,0,0,0,0,0,0,0,0
test_47_3_1.png,0,0,0,0,0,0,0,0,0,0,0,0,0,0,0
test_47_3_2.png,209,13,147,298,30,58,274,29,82,287,25,69,290,26,66
test_47_3_3.png,1816,170,3494,1831,153,3479,2892,209,2418,3575,233,1735,1927,144,3383
test_48_0_0.png,0,0,0,0,0,0,0,0,0,0,0,0,0,0,0
test_48_0_1.png,2233,55,120,2200,48,153,2122,50,231,2000,39,353,2207,47,146
test_48_0_2.png,511,13,75,535,29,51,459,2,127,514,30,72,518,15,68
test_48_0_3.png,4313,770,237,4301,723,249,4283,720,267,4280,755,270,4296,709,254
test_48_1_0.png,0,0,0,0,0,0,0,0,0,0,0,0,0,0,0
test_48_1_1.png,0,0,0,0,0,0,0,0,0,0,0,0,0,0,0
test_48_1_2.png,0,0,0,0,0,0,0,0,0,0,0,0,0,0,0
test_48_1_3.png,0,0,0,0,0,0,0,0,0,0,0,0,0,0,0
test_48_2_0.png,0,0,0,0,0,0,0,0,0,0,0,0,0,0,0
test_48_2_1.png,0,0,0,0,0,0,0,0,0,0,0,0,0,0,0
test_48_2_2.png,0,0,0,0,0,0,0,0,0,0,0,0,0,0,0
test_48_2_3.png,0,0,0,0,0,0,0,0,0,0,1,0,0,0,0
test_48_3_0.png,0,0,0,0,0,0,0,0,0,0,0,0,0,0,0
test_48_3_1.png,0,0,0,0,0,0,0,0,0,0,0,0,0,0,0
test_48_3_2.png,0,0,0,0,0,0,0,0,0,0,0,0,0,0,0
test_48_3_3.png,885,74,8,883,79,10,880,69,13,883,74,10,884,76,9
test_49_0_0.png,0,61,0,0,0,0,0,0,0,0,0,0,0,0,0
test_49_0_1.png,6734,706,406,6750,677,390,6714,618,426,6729,691,411,6726,640,414
test_49_0_2.png,11474,789,869,11427,808,916,11474,752,869,11374,749,969,11455,775,888
test_49_0_3.png,12768,1045,1201,12748,912,1221,12634,1089,1335,12541,898,1428,12705,984,1264
test_49_1_0.png,209,0,42,203,0,48,199,2,52,197,0,54,200,0,51
test_49_1_1.png,9355,599,411,9361,646,405,9345,629,421,9401,636,365,9379,605,387
test_49_1_2.png,14454,998,766,14402,998,818,14425,943,795,14444,1013,776,14437,982,783
test_49_1_3.png,11986,1281,547,11965,1225,568,11975,1245,558,12032,1360,501,12001,1251,532
test_49_2_0.png,1665,16,106,1666,15,105,1684,21,87,1654,21,117,1671,15,100
test_49_2_1.png,6174,398,246,6169,368,251,6165,396,255,6153,378,267,6174,363,246
test_49_2_2.png,7938,493,471,7932,522,477,7920,488,489,7916,528,493,7933,499,476
test_49_2_3.png,8194,529,224,8164,514,254,8158,508,260,8169,474,249,8177,497,241
test_49_3_0.png,0,0,0,0,0,0,0,0,0,0,0,0,0,0,0
test_49_3_1.png,0,0,0,0,0,0,0,0,0,0,0,0,0,0,0
test_49_3_2.png,11076,329,883,11070,302,889,11046,292,913,11049,277,910,11077,284,882
test_49_3_3.png,17556,1573,811,17585,1767,782,17584,1766,783,17564,1699,803,17580,1676,787
test_4_0_0.png,328,34,14,322,26,20,334,24,8,326,35,16,329,30,13
test_4_0_1.png,208,40,262,205,36,265,209,61,261,207,40,263,207,42,263
test_4_0_2.png,364,38,53,353,39,64,349,45,68,364,40,53,358,40,59
test_4_0_3.png,0,0,0,0,0,0,0,0,0,0,0,0,0,0,0
test_4_1_0.png,0,0,0,0,0,0,0,0,0,0,0,0,0,0,0
test_4_1_1.png,0,0,0,0,0,0,0,0,0,0,0,0,0,0,0
test_4_1_2.png,0,0,0,0,0,0,0,0,0,0,0,0,0,0,0
test_4_1_3.png,0,0,0,0,0,0,0,0,0,0,0,0,0,0,0
test_4_2_0.png,0,0,0,0,0,0,0,0,0,0,0,0,0,0,0
test_4_2_1.png,0,0,0,0,0,0,0,0,0,0,0,0,0,0,0
test_4_2_2.png,0,0,0,0,0,0,0,0,0,0,0,0,0,0,0
test_4_2_3.png,0,0,0,0,0,0,0,0,0,0,0,0,0,0,0
test_4_3_0.png,0,0,0,0,0,0,0,0,0,0,0,0,0,0,0
test_4_3_1.png,1432,56,162,1456,58,138,1432,56,162,1450,56,144,1443,56,151
test_4_3_2.png,3427,301,224,3456,317,195,3402,246,249,3413,248,238,3429,271,222
test_4_3_3.png,5279,267,444,5318,307,405,5168,245,555,5298,283,425,5274,265,449
test_50_0_0.png,0,0,0,0,0,0,0,0,0,0,0,0,0,0,0
test_50_0_1.png,0,0,0,0,0,0,0,0,0,0,0,0,0,0,0
test_50_0_2.png,0,0,0,0,0,0,0,0,0,0,0,0,0,0,0
test_50_0_3.png,0,0,0,0,0,0,0,0,0,0,0,0,0,0,0
test_50_1_0.png,0,0,0,0,0,0,0,0,0,0,0,0,0,0,0
test_50_1_1.png,0,0,0,0,0,0,0,0,0,0,0,0,0,0,0
test_50_1_2.png,0,0,0,0,0,0,0,0,0,0,0,0,0,0,0
test_50_1_3.png,142,43,24,155,33,11,151,42,15,145,27,21,149,35,17
test_50_2_0.png,4145,402,328,4258,465,215,4283,503,190,4307,532,166,4284,444,189
test_50_2_1.png,1077,134,93,1073,141,97,1067,129,103,1080,141,90,1073,137,97
test_50_2_2.png,1066,70,33,1065,62,34,1067,67,32,1077,78,22,1068,65,31
test_50_2_3.png,3876,846,410,3831,761,455,3760,694,526,3826,725,460,3827,739,459
test_50_3_0.png,13934,887,771,13964,848,741,13933,910,772,13883,797,822,13955,831,750
test_50_3_1.png,17704,1766,986,17559,1658,1131,17488,1683,1202,17554,1750,1136,17545,1681,1145
test_50_3_2.png,14458,1285,835,14481,1237,812,14425,1280,868,14501,1361,792,14486,1253,807
test_50_3_3.png,3757,308,94,3738,362,113,3730,323,121,3733,306,118,3738,319,113
test_51_0_0.png,6560,1692,332,6493,1596,399,6540,1487,352,6544,1592,348,6536,1584,356
test_51_0_1.png,0,0,0,0,0,0,0,0,0,0,0,0,0,0,0
test_51_0_2.png,0,0,0,0,0,0,0,0,0,0,0,0,0,0,0
test_51_0_3.png,0,0,0,0,0,0,0,0,0,0,0,0,0,0,0
test_51_1_0.png,0,0,47,0,0,47,0,0,47,0,0,47,0,0,47
test_51_1_1.png,0,0,0,0,0,0,0,0,0,0,0,0,0,0,0
test_51_1_2.png,0,0,0,0,0,0,0,0,0,0,0,0,0,0,0
test_51_1_3.png,0,0,0,0,0,0,0,0,0,0,0,0,0,0,0
test_51_2_0.png,0,0,0,0,0,0,0,0,0,0,0,0,0,0,0
test_51_2_1.png,0,0,0,0,0,0,0,0,0,0,0,0,0,0,0
test_51_2_2.png,0,0,0,0,0,0,0,0,0,0,0,0,0,0,0
test_51_2_3.png,0,0,0,0,0,0,0,0,0,0,0,0,0,0,0
test_51_3_0.png,0,0,0,0,0,0,0,0,0,0,0,0,0,0,0
test_51_3_1.png,0,0,0,0,0,0,0,0,0,0,0,0,0,0,0
test_51_3_2.png,0,0,0,0,0,0,0,0,0,0,0,0,0,0,0
test_51_3_3.png,0,0,0,0,0,0,0,0,0,0,0,0,0,0,0
test_52_0_0.png,0,0,0,0,0,0,0,0,0,0,0,0,0,0,0
test_52_0_1.png,0,0,0,0,0,0,0,0,0,0,0,0,0,0,0
test_52_0_2.png,0,0,0,0,0,0,0,0,0,0,0,0,0,0,0
test_52_0_3.png,0,0,0,0,0,0,0,0,0,0,0,0,0,0,0
test_52_1_0.png,0,0,0,0,0,0,0,0,0,0,0,0,0,0,0
test_52_1_1.png,0,0,0,0,0,0,0,0,0,0,0,0,0,0,0
test_52_1_2.png,0,0,0,0,0,0,0,0,0,0,0,0,0,0,0
test_52_1_3.png,0,0,0,0,0,0,0,0,0,0,0,0,0,0,0
test_52_2_0.png,9234,673,1079,9137,641,1176,9049,599,1264,9235,664,1078,9166,632,1147
test_52_2_1.png,2340,66,221,2307,46,254,2313,54,248,2323,60,238,2319,50,242
test_52_2_2.png,0,0,0,0,0,0,0,0,0,0,0,0,0,0,0
test_52_2_3.png,0,0,0,0,0,0,0,0,0,0,0,0,0,0,0
test_52_3_0.png,19849,1080,1288,19929,967,1208,19923,1102,1214,19980,1100,1157,19931,1052,1206
test_52_3_1.png,7622,253,498,7635,251,485,7646,276,474,7652,265,468,7634,259,486
test_52_3_2.png,2,0,80,16,0,66,0,0,82,0,0,82,0,0,82
test_52_3_3.png,0,0,0,0,0,0,0,0,0,0,0,0,0,0,0
test_53_0_0.png,0,0,0,0,0,0,0,0,0,0,0,0,0,0,0
test_53_0_1.png,0,0,0,0,0,0,0,0,0,0,0,0,0,0,0
test_53_0_2.png,0,1281,0,0,0,0,0,0,0,0,0,0,0,0,0
test_53_0_3.png,0,0,46,0,0,46,0,0,46,0,0,46,0,0,46
test_53_1_0.png,0,0,0,0,0,0,0,0,0,0,0,0,0,0,0
test_53_1_1.png,0,0,0,0,0,0,0,0,0,0,0,0,0,0,0
test_53_1_2.png,0,0,0,0,32,0,0,1248,0,0,1229,0,0,0,0
test_53_1_3.png,0,0,142,0,0,142,0,0,142,0,0,142,0,0,142
test_53_2_0.png,0,0,0,0,0,0,0,0,0,0,0,0,0,0,0
test_53_2_1.png,1630,87,67,1642,91,55,1628,83,69,1629,97,68,1632,83,65
test_53_2_2.png,0,0,0,0,0,0,0,0,0,0,1665,0,0,0,0
test_53_2_3.png,0,0,0,0,0,0,0,0,0,0,0,0,0,0,0
test_53_3_0.png,965,7,75,948,4,92,954,8,86,944,8,96,951,4,89
test_53_3_1.png,4118,188,244,4108,220,254,4128,179,234,4136,182,226,4127,184,235
test_53_3_2.png,4065,111,315,4067,126,313,4067,135,313,4069,149,311,4072,115,308
test_53_3_3.png,0,0,0,0,0,0,0,0,0,0,0,0,0,0,0
test_54_0_0.png,6261,502,63,6248,488,76,6230,413,94,6208,312,116,6239,406,85
test_54_0_1.png,7041,363,375,6852,318,564,6935,329,481,6846,305,570,6863,327,553
test_54_0_2.png,1084,46,241,1121,9,204,1072,382,253,1066,486,259,1086,8,239
test_54_0_3.png,0,0,0,0,0,0,0,0,0,0,0,0,0,0,0
test_54_1_0.png,3642,445,84,3629,436,97,3626,412,100,3621,419,105,3637,420,89
test_54_1_1.png,6713,287,456,6675,279,494,6615,244,554,6670,284,499,6671,256,498
test_54_1_2.png,0,0,0,0,0,0,0,0,0,0,0,0,0,0,0
test_54_1_3.png,0,0,0,0,0,0,0,0,0,0,0,0,0,0,0
test_54_2_0.png,2294,821,31,2280,685,45,2301,808,24,2300,636,25,2296,729,29
test_54_2_1.png,0,0,0,0,0,0,0,0,0,0,0,0,0,0,0
test_54_2_2.png,0,0,0,0,0,0,0,0,0,0,0,0,0,0,0
test_54_2_3.png,0,0,0,0,0,0,0,0,0,0,0,0,0,0,0
test_54_3_0.png,2581,331,244,2353,323,472,2341,219,484,2335,130,490,2347,248,478
test_54_3_1.png,0,0,0,0,0,0,0,0,0,0,0,0,0,0,0
test_54_3_2.png,0,0,0,0,0,0,0,0,0,0,0,0,0,0,0
test_54_3_3.png,0,0,0,0,0,0,0,0,0,0,0,0,0,0,0
test_55_0_0.png,0,0,0,0,0,0,0,0,0,0,0,0,0,0,0
test_55_0_1.png,0,0,0,0,0,0,0,0,0,0,0,0,0,0,0
test_55_0_2.png,0,0,0,0,0,0,0,0,0,0,0,0,0,0,0
test_55_0_3.png,0,0,0,0,0,0,0,0,0,0,0,0,0,0,0
test_55_1_0.png,8421,590,224,8413,499,232,8396,505,249,8393,513,252,8427,503,218
test_55_1_1.png,3317,172,177,3323,200,171,3328,205,166,3308,224,186,3325,189,169
test_55_1_2.png,0,0,0,0,0,0,0,0,0,0,0,0,0,0,0
test_55_1_3.png,0,0,0,0,0,0,0,0,0,0,0,0,0,0,0
test_55_2_0.png,20063,1732,771,20009,1763,825,20021,1882,813,20037,2061,797,20040,1826,794
test_55_2_1.png,13416,1356,571,13395,1273,592,12797,1217,1190,12899,1328,1088,13294,1242,693
test_55_2_2.png,3235,228,193,3184,184,244,3224,201,204,3226,241,202,3218,212,210
test_55_2_3.png,0,0,0,0,23,0,0,0,0,0,0,0,0,0,0
test_55_3_0.png,11490,837,898,11493,758,895,11499,883,889,11457,787,931,11474,779,914
test_55_3_1.png,20088,1814,934,20034,1912,988,20047,1948,975,20073,2000,949,20077,1898,945
test_55_3_2.png,16661,1836,778,16528,1723,911,16605,1891,834,16620,2033,819,16606,1826,833
test_55_3_3.png,13422,823,957,13439,748,940,13431,802,948,13465,857,914,13456,786,923
test_56_0_0.png,0,0,0,0,0,0,0,0,0,0,0,0,0,0,0
test_56_0_1.png,0,0,0,0,0,0,0,0,0,0,0,0,0,0,0
test_56_0_2.png,0,0,0,0,0,0,0,0,0,0,0,0,0,0,0
test_56_0_3.png,986,314,14,978,328,22,971,287,29,968,219,32,975,286,25
test_56_1_0.png,0,0,0,0,0,0,0,0,0,0,0,0,0,0,0
test_56_1_1.png,0,0,0,0,0,0,0,0,0,0,0,0,0,0,0
test_56_1_2.png,0,0,0,0,0,0,0,0,0,0,0,0,0,0,0
test_56_1_3.png,0,0,0,0,0,0,0,0,0,0,0,0,0,0,0
test_56_2_0.png,0,0,0,0,0,0,0,0,0,0,0,0,0,0,0
test_56_2_1.png,1351,0,95,1299,0,147,1342,0,104,1346,0,100,1333,0,113
test_56_2_2.png,3635,157,306,3589,158,352,3621,117,320,3608,146,333,3615,144,326
test_56_2_3.png,0,0,0,0,0,0,0,0,0,0,0,0,0,0,0
test_56_3_0.png,0,0,0,0,0,0,0,0,0,0,0,0,0,0,0
test_56_3_1.png,1353,12,137,1176,0,314,1287,0,203,1238,0,252,1271,0,219
test_56_3_2.png,0,0,8,0,0,8,0,0,8,0,0,8,0,0,8
test_56_3_3.png,0,0,0,0,0,0,0,0,0,0,0,0,0,0,0
test_57_0_0.png,603,10,210,472,27,341,452,1,361,440,1,373,481,3,332
test_57_0_1.png,7612,801,683,7583,741,712,7275,512,1020,7578,695,717,7557,684,738
test_57_0_2.png,8269,851,454,8324,916,399,8241,902,482,8359,882,364,8339,866,384
test_57_0_3.png,0,0,0,0,0,0,0,0,0,0,0,0,0,0,0
test_57_1_0.png,0,0,0,0,0,0,0,0,0,0,0,0,0,0,0
test_57_1_1.png,0,0,0,0,0,0,0,0,0,0,0,0,0,0,0
test_57_1_2.png,0,0,0,0,0,0,0,0,0,0,0,0,0,0,0
test_57_1_3.png,0,0,0,0,0,0,0,0,0,0,0,0,0,0,0
test_57_2_0.png,0,0,119,0,0,119,0,0,119,0,0,119,0,0,119
test_57_2_1.png,0,0,0,0,0,0,0,0,0,0,0,0,0,0,0
test_57_2_2.png,0,0,0,0,0,0,0,0,0,0,0,0,0,0,0
test_57_2_3.png,0,0,0,0,0,0,0,0,0,0,0,0,0,0,0
test_57_3_0.png,265,48,711,250,44,726,135,31,841,278,56,698,258,47,718
test_57_3_1.png,236,203,0,236,179,0,235,157,1,236,163,0,236,175,0
test_57_3_2.png,0,0,0,0,0,0,0,0,0,0,0,0,0,0,0
test_57_3_3.png,0,0,0,0,0,0,0,0,0,0,0,0,0,0,0
test_58_0_0.png,521,830,18,518,837,21,520,838,19,521,840,18,521,837,18
test_58_0_1.png,0,0,0,0,0,0,0,0,0,0,0,0,0,0,0
test_58_0_2.png,0,0,0,0,0,0,0,0,0,0,0,0,0,0,0
test_58_0_3.png,0,0,0,0,0,0,0,0,0,0,0,0,0,0,0
test_58_1_0.png,0,0,0,0,0,0,0,0,0,0,0,0,0,0,0
test_58_1_1.png,0,0,0,0,0,0,0,0,0,0,0,0,0,0,0
test_58_1_2.png,0,0,0,0,0,0,0,0,0,0,0,0,0,0,0
test_58_1_3.png,0,0,0,0,0,0,0,0,0,0,0,0,0,0,0
test_58_2_0.png,0,0,0,0,0,0,0,0,0,0,0,0,0,0,0
test_58_2_1.png,0,0,0,0,0,0,0,0,0,0,0,0,0,0,0
test_58_2_2.png,0,0,0,0,0,0,0,0,0,0,0,0,0,0,0
test_58_2_3.png,0,0,0,0,0,0,0,0,0,0,0,0,0,0,0
test_58_3_0.png,0,0,0,0,0,0,0,0,0,0,0,0,0,0,0
test_58_3_1.png,0,0,0,0,0,0,0,0,0,0,0,0,0,0,0
test_58_3_2.png,0,0,0,0,0,0,0,0,0,0,0,0,0,0,0
test_58_3_3.png,0,0,0,0,0,0,0,0,0,0,0,0,0,0,0
test_59_0_0.png,0,0,0,0,0,0,0,0,0,0,0,0,0,0,0
test_59_0_1.png,0,0,0,0,0,0,0,0,0,0,0,0,0,0,0
test_59_0_2.png,0,0,0,0,0,0,0,0,0,0,0,0,0,0,0
test_59_0_3.png,0,0,0,0,0,0,0,0,0,0,0,0,0,0,0
test_59_1_0.png,0,0,0,0,0,0,0,0,0,0,0,0,0,0,0
test_59_1_1.png,0,0,0,0,0,0,0,0,0,0,0,0,0,0,0
test_59_1_2.png,0,0,0,0,0,0,0,0,0,0,0,0,0,0,0
test_59_1_3.png,0,0,0,0,0,0,0,0,0,0,0,0,0,0,0
test_59_2_0.png,0,0,0,0,0,0,0,0,0,0,0,0,0,0,0
test_59_2_1.png,0,0,0,0,0,0,0,0,0,0,0,0,0,0,0
test_59_2_2.png,0,0,0,0,0,0,0,0,0,0,0,0,0,0,0
test_59_2_3.png,0,0,0,0,0,0,0,0,0,0,0,0,0,0,0
test_59_3_0.png,0,0,0,0,0,0,0,0,0,0,0,0,0,0,0
test_59_3_1.png,0,0,0,0,0,0,0,0,0,0,0,0,0,0,0
test_59_3_2.png,0,0,230,0,0,230,0,0,230,0,0,230,0,0,230
test_59_3_3.png,0,0,0,0,0,0,0,0,0,0,0,0,0,0,0
test_5_0_0.png,0,0,0,0,0,0,0,0,0,0,0,0,0,0,0
test_5_0_1.png,0,0,0,0,0,0,0,0,0,0,0,0,0,0,0
test_5_0_2.png,0,0,0,0,0,0,0,0,0,0,0,0,0,0,0
test_5_0_3.png,0,0,0,0,0,0,0,0,0,0,0,0,0,0,0
test_5_1_0.png,0,0,0,0,0,0,0,0,0,0,0,0,0,0,0
test_5_1_1.png,0,0,0,0,0,0,0,0,0,0,0,0,0,0,0
test_5_1_2.png,0,0,0,0,0,0,0,0,0,0,0,0,0,0,0
test_5_1_3.png,0,0,0,0,0,0,0,0,0,0,0,0,0,0,0
test_5_2_0.png,0,0,0,0,0,0,0,0,0,0,0,0,0,0,0
test_5_2_1.png,0,0,0,0,0,0,0,0,0,0,0,0,0,0,0
test_5_2_2.png,100,12,22,99,11,23,97,4,25,97,8,25,99,8,23
test_5_2_3.png,4993,256,436,5098,297,331,5003,330,426,5014,300,415,5014,293,415
test_5_3_0.png,0,0,0,0,0,0,0,0,0,0,0,0,0,0,0
test_5_3_1.png,0,0,0,0,0,0,0,0,0,0,0,0,0,0,0
test_5_3_2.png,2040,107,53,2038,101,55,2033,197,60,2030,112,63,2038,111,55
test_5_3_3.png,4667,289,261,4662,297,266,4638,293,290,4626,272,302,4652,282,276
test_60_0_0.png,0,0,0,0,0,0,0,0,0,0,0,0,0,0,0
test_60_0_1.png,0,0,0,0,0,0,0,0,0,0,0,0,0,0,0
test_60_0_2.png,0,0,0,0,0,0,0,0,0,0,0,0,0,0,0
test_60_0_3.png,0,0,0,0,0,0,0,0,0,0,0,0,0,0,0
test_60_1_0.png,0,0,0,0,0,0,0,0,0,0,0,0,0,0,0
test_60_1_1.png,0,0,0,0,0,0,0,0,0,0,0,0,0,0,0
test_60_1_2.png,0,0,0,0,0,0,0,0,0,0,0,0,0,0,0
test_60_1_3.png,0,0,0,0,0,0,0,0,0,0,0,0,0,0,0
test_60_2_0.png,0,0,0,0,0,0,0,0,0,0,0,0,0,0,0
test_60_2_1.png,0,0,0,0,0,0,0,0,0,0,0,0,0,0,0
test_60_2_2.png,0,0,0,0,0,0,0,0,0,0,0,0,0,0,0
test_60_2_3.png,0,0,0,0,0,0,0,0,0,0,0,0,0,0,0
test_60_3_0.png,0,0,0,0,0,0,0,0,0,0,0,0,0,0,0
test_60_3_1.png,0,0,0,0,0,0,0,0,0,0,0,0,0,0,0
test_60_3_2.png,0,0,0,0,0,0,0,0,0,0,0,0,0,0,0
test_60_3_3.png,0,0,0,0,0,0,0,0,0,0,0,0,0,0,0
test_61_0_0.png,0,0,0,0,0,0,0,0,0,0,0,0,0,0,0
test_61_0_1.png,0,0,0,0,0,0,0,0,0,0,0,0,0,0,0
test_61_0_2.png,0,0,0,0,0,0,0,0,0,0,0,0,0,0,0
test_61_0_3.png,0,0,0,0,0,0,0,0,0,0,0,0,0,0,0
test_61_1_0.png,0,0,0,0,0,0,0,0,0,0,0,0,0,0,0
test_61_1_1.png,0,0,0,0,0,0,0,0,0,0,0,0,0,0,0
test_61_1_2.png,0,0,0,0,0,0,0,0,0,0,0,0,0,0,0
test_61_1_3.png,0,0,185,0,0,185,0,0,185,0,0,185,0,0,185
test_61_2_0.png,0,0,0,0,0,0,0,0,0,0,0,0,0,0,0
test_61_2_1.png,0,0,0,0,0,0,0,0,0,0,0,0,0,0,0
test_61_2_2.png,0,0,0,0,0,0,0,0,0,0,0,0,0,0,0
test_61_2_3.png,0,0,0,0,0,0,0,0,0,0,0,0,0,0,0
test_61_3_0.png,0,0,0,0,0,0,0,0,0,0,0,0,0,0,0
test_61_3_1.png,0,0,0,0,0,0,0,0,0,0,0,0,0,0,0
test_61_3_2.png,0,0,0,0,0,0,0,0,0,0,0,0,0,0,0
test_61_3_3.png,0,0,0,0,0,0,0,0,0,0,0,0,0,0,0
test_62_0_0.png,0,0,0,0,0,0,0,0,0,0,0,0,0,0,0
test_62_0_1.png,0,0,0,0,0,0,0,0,0,0,0,0,0,0,0
test_62_0_2.png,0,0,0,0,0,0,0,0,0,0,0,0,0,0,0
test_62_0_3.png,0,0,0,0,0,0,0,0,0,0,0,0,0,0,0
test_62_1_0.png,0,0,0,0,0,0,0,0,0,0,0,0,0,0,0
test_62_1_1.png,0,0,0,0,0,0,0,0,0,0,0,0,0,0,0
test_62_1_2.png,0,0,0,0,0,0,0,0,0,0,0,0,0,0,0
test_62_1_3.png,0,0,0,0,0,0,0,0,0,0,0,0,0,0,0
test_62_2_0.png,0,0,0,0,0,0,0,0,0,0,0,0,0,0,0
test_62_2_1.png,0,0,0,0,0,0,0,0,0,0,0,0,0,0,0
test_62_2_2.png,0,0,0,0,0,0,0,0,0,0,0,0,0,0,0
test_62_2_3.png,0,0,0,0,0,0,0,0,0,0,0,0,0,0,0
test_62_3_0.png,0,0,0,0,0,0,0,0,0,0,0,0,0,0,0
test_62_3_1.png,0,0,0,0,0,0,0,0,0,0,0,0,0,0,0
test_62_3_2.png,0,0,0,0,0,0,0,0,0,0,0,0,0,0,0
test_62_3_3.png,0,0,0,0,0,0,0,0,0,0,0,0,0,0,0
test_63_0_0.png,0,0,0,0,0,0,0,0,0,0,0,0,0,0,0
test_63_0_1.png,0,0,0,0,0,0,0,0,0,0,0,0,0,0,0
test_63_0_2.png,0,0,0,0,0,0,0,0,0,0,0,0,0,0,0
test_63_0_3.png,0,0,0,0,0,0,0,0,0,0,0,0,0,0,0
test_63_1_0.png,0,0,262,0,0,262,0,0,262,0,0,262,0,0,262
test_63_1_1.png,0,0,0,0,0,0,0,0,0,0,0,0,0,0,0
test_63_1_2.png,0,0,0,0,0,0,0,0,0,0,0,0,0,0,0
test_63_1_3.png,0,0,0,0,0,0,0,0,0,0,0,0,0,0,0
test_63_2_0.png,0,0,0,0,0,0,0,0,0,0,0,0,0,0,0
test_63_2_1.png,0,0,0,0,0,0,0,0,0,0,0,0,0,0,0
test_63_2_2.png,0,0,0,0,0,0,0,0,0,0,0,0,0,0,0
test_63_2_3.png,0,0,0,0,0,0,0,0,0,0,0,0,0,0,0
test_63_3_0.png,0,0,0,0,0,0,0,0,0,0,0,0,0,0,0
test_63_3_1.png,0,0,0,0,0,0,0,0,0,0,0,0,0,0,0
test_63_3_2.png,0,0,0,0,0,0,0,0,0,0,0,0,0,0,0
test_63_3_3.png,0,0,0,0,0,0,0,0,0,0,0,0,0,0,0
test_64_0_0.png,0,0,0,0,0,0,0,0,0,0,0,0,0,0,0
test_64_0_1.png,0,0,0,0,0,0,0,0,0,0,0,0,0,0,0
test_64_0_2.png,0,0,0,0,0,0,0,0,0,0,0,0,0,0,0
test_64_0_3.png,0,0,0,0,0,0,0,0,0,0,0,0,0,0,0
test_64_1_0.png,0,0,0,0,0,0,0,0,0,0,0,0,0,0,0
test_64_1_1.png,0,0,0,0,0,0,0,0,0,0,0,0,0,0,0
test_64_1_2.png,0,0,0,0,0,0,0,0,0,0,0,0,0,0,0
test_64_1_3.png,0,0,0,0,0,0,0,0,0,0,0,0,0,0,0
test_64_2_0.png,0,0,0,0,0,0,0,0,0,0,0,0,0,0,0
test_64_2_1.png,0,0,0,0,0,0,0,0,0,0,0,0,0,0,0
test_64_2_2.png,0,0,0,0,0,0,0,0,0,0,0,0,0,0,0
test_64_2_3.png,0,0,0,0,0,0,0,0,0,0,0,0,0,0,0
test_64_3_0.png,0,0,0,0,0,0,0,0,0,0,0,0,0,0,0
test_64_3_1.png,0,0,0,0,0,0,0,0,0,0,0,0,0,0,0
test_64_3_2.png,0,0,0,0,0,0,0,0,0,0,0,0,0,0,0
test_64_3_3.png,0,0,0,0,0,0,0,0,0,0,0,0,0,0,0
test_65_0_0.png,0,0,0,0,0,0,0,0,0,0,0,0,0,0,0
test_65_0_1.png,0,0,0,0,0,0,0,0,0,0,0,0,0,0,0
test_65_0_2.png,0,0,0,0,0,0,0,0,0,0,0,0,0,0,0
test_65_0_3.png,0,0,0,0,0,0,0,0,0,0,0,0,0,0,0
test_65_1_0.png,0,0,0,0,0,0,0,0,0,0,0,0,0,0,0
test_65_1_1.png,0,0,0,0,0,0,0,0,0,0,0,0,0,0,0
test_65_1_2.png,0,0,0,0,0,0,0,0,0,0,0,0,0,0,0
test_65_1_3.png,0,0,0,0,0,0,0,0,0,0,0,0,0,0,0
test_65_2_0.png,0,0,0,0,0,0,0,0,0,0,0,0,0,0,0
test_65_2_1.png,0,0,0,0,0,0,0,0,0,0,0,0,0,0,0
test_65_2_2.png,0,0,0,0,0,0,0,0,0,0,0,0,0,0,0
test_65_2_3.png,0,0,0,0,0,0,0,0,0,0,0,0,0,0,0
test_65_3_0.png,0,0,0,0,0,0,0,0,0,0,0,0,0,0,0
test_65_3_1.png,0,0,0,0,0,0,0,0,0,0,0,0,0,0,0
test_65_3_2.png,0,0,0,0,0,0,0,0,0,0,0,0,0,0,0
test_65_3_3.png,0,0,0,0,0,0,0,0,0,0,0,0,0,0,0
test_66_0_0.png,0,0,0,0,0,0,0,0,0,0,0,0,0,0,0
test_66_0_1.png,0,0,0,0,0,0,0,0,0,0,0,0,0,0,0
test_66_0_2.png,0,0,0,0,0,0,0,0,0,0,0,0,0,0,0
test_66_0_3.png,0,0,0,0,0,0,0,0,0,0,0,0,0,0,0
test_66_1_0.png,0,0,0,0,0,0,0,0,0,0,0,0,0,0,0
test_66_1_1.png,0,0,0,0,0,0,0,0,0,0,0,0,0,0,0
test_66_1_2.png,0,0,0,0,0,0,0,0,0,0,0,0,0,0,0
test_66_1_3.png,0,0,0,0,0,0,0,0,0,0,0,0,0,0,0
test_66_2_0.png,0,0,0,0,0,0,0,0,0,0,0,0,0,0,0
test_66_2_1.png,0,0,0,0,0,0,0,0,0,0,0,0,0,0,0
test_66_2_2.png,0,0,0,0,0,0,0,0,0,0,0,0,0,0,0
test_66_2_3.png,0,0,0,0,0,0,0,0,0,0,0,0,0,0,0
test_66_3_0.png,0,0,0,0,0,0,0,0,0,0,0,0,0,0,0
test_66_3_1.png,0,0,0,0,0,0,0,0,0,0,0,0,0,0,0
test_66_3_2.png,0,0,0,0,0,0,0,0,0,0,0,0,0,0,0
test_66_3_3.png,0,0,0,0,0,0,0,0,0,0,0,0,0,0,0
test_67_0_0.png,0,0,0,0,0,0,0,0,0,0,0,0,0,0,0
test_67_0_1.png,0,0,0,0,0,0,0,0,0,0,0,0,0,0,0
test_67_0_2.png,3353,497,90,3363,499,80,3304,488,139,3379,497,64,3369,490,74
test_67_0_3.png,16466,1433,653,16457,1503,662,16476,1479,643,16486,1804,633,16487,1434,632
test_67_1_0.png,277,0,526,366,4,437,590,3,213,21,0,782,347,0,456
test_67_1_1.png,0,0,0,0,0,0,0,0,0,0,0,0,0,0,0
test_67_1_2.png,3103,233,181,2991,235,293,3130,264,154,3136,278,148,3115,251,169
test_67_1_3.png,5955,748,213,5917,672,251,5794,659,374,5920,599,248,5936,684,232
test_67_2_0.png,383,18,249,380,16,252,378,11,254,585,275,47,382,13,250
test_67_2_1.png,0,0,0,0,0,0,0,0,0,0,0,0,0,0,0
test_67_2_2.png,6169,614,123,6174,550,118,6166,575,126,6127,492,165,6178,546,114
test_67_2_3.png,13474,1891,194,13442,1768,226,13457,1924,211,13511,1950,157,13481,1842,187
test_67_3_0.png,922,49,19,920,51,21,924,55,17,927,56,14,924,51,17
test_67_3_1.png,0,0,0,0,0,0,0,0,0,0,0,0,0,0,0
test_67_3_2.png,0,0,0,0,0,0,0,0,0,0,0,0,0,0,0
test_67_3_3.png,203,25,11,205,4,9,203,33,11,202,29,12,202,25,12
test_68_0_0.png,12470,1047,494,12633,1112,331,12578,1006,386,12609,1092,355,12567,1058,397
test_68_0_1.png,1745,221,17,1744,211,18,1743,224,19,1749,239,13,1746,228,16
test_68_0_2.png,0,0,0,0,0,0,0,0,0,0,0,0,0,0,0
test_68_0_3.png,0,0,465,0,0,465,432,11,33,59,0,406,0,0,465
test_68_1_0.png,18697,1537,313,18797,1866,213,18790,1783,220,18692,1799,318,18780,1689,230
test_68_1_1.png,12556,1078,336,12536,1153,356,12575,1227,317,12592,1228,300,12579,1125,313
test_68_1_2.png,5234,602,300,5177,591,357,5196,624,338,5155,512,379,5168,573,366
test_68_1_3.png,377,4,32,378,5,31,378,7,31,334,3,75,376,3,33
test_68_2_0.png,21507,1743,327,21542,1967,292,21425,1907,409,21316,1807,518,21441,1798,393
test_68_2_1.png,9464,918,123,9432,830,155,9390,755,197,9413,846,174,9433,809,154
test_68_2_2.png,2,59,170,114,187,58,0,0,172,0,2,172,0,5,172
test_68_2_3.png,0,0,457,0,0,457,0,0,457,0,0,457,0,0,457
test_68_3_0.png,8165,928,238,8167,950,236,8122,828,281,8157,964,246,8163,886,240
test_68_3_1.png,0,0,0,0,0,0,0,0,0,0,0,0,0,0,0
test_68_3_2.png,0,0,0,0,0,0,0,0,0,0,0,0,0,0,0
test_68_3_3.png,0,0,0,0,0,0,0,0,0,0,0,0,0,0,0
test_69_0_0.png,0,0,0,0,0,0,0,0,0,0,0,0,0,0,0
test_69_0_1.png,0,0,0,0,0,0,0,0,0,0,0,0,0,0,0
test_69_0_2.png,0,0,0,0,0,0,0,0,0,0,0,0,0,0,0
test_69_0_3.png,8437,669,292,8394,616,335,8381,597,348,8421,574,308,8417,603,312
test_69_1_0.png,2544,207,38,2542,195,40,2502,186,80,2550,208,32,2548,198,34
test_69_1_1.png,865,54,239,865,71,239,866,77,238,865,62,239,868,63,236
test_69_1_2.png,59,6,8,57,0,10,38,0,29,22,0,45,48,0,19
test_69_1_3.png,10973,606,421,10948,589,446,10970,606,424,10963,570,431,10968,568,426
test_69_2_0.png,17776,1089,342,17847,1199,271,17850,1259,268,17874,1316,244,17852,1190,266
test_69_2_1.png,15345,1123,625,15329,1230,641,15341,1246,629,15435,1438,535,15383,1236,587
test_69_2_2.png,9252,837,115,9245,720,122,9214,714,153,9258,818,109,9257,748,110
test_69_2_3.png,1014,98,13,1012,89,15,1017,80,10,1019,98,8,1015,92,12
test_69_3_0.png,18989,1477,321,19010,1438,300,19004,1567,306,19033,1848,277,19040,1533,270
test_69_3_1.png,16419,1358,304,16408,1423,315,16418,1426,305,16477,1645,246,16439,1437,284
test_69_3_2.png,19227,1500,229,19155,1285,301,19201,1501,255,19279,1702,177,19231,1456,225
test_69_3_3.png,11411,1017,256,11422,952,245,11385,978,282,11414,941,253,11419,913,248
test_6_0_0.png,0,0,0,0,0,0,0,0,0,0,0,0,0,0,0
test_6_0_1.png,0,0,468,0,0,468,357,17,111,383,16,85,41,0,427
test_6_0_2.png,0,0,0,0,0,0,0,0,0,0,0,0,0,0,0
test_6_0_3.png,0,0,0,0,0,0,0,45,0,0,0,0,0,0,0
test_6_1_0.png,295,21,6,291,18,10,292,20,9,293,22,8,293,18,8
test_6_1_1.png,0,0,0,0,0,0,0,0,0,0,0,0,0,0,0
test_6_1_2.png,0,0,0,0,0,0,0,0,0,0,0,0,0,0,0
test_6_1_3.png,0,0,367,0,0,367,0,0,367,0,0,367,0,0,367
test_6_2_0.png,0,0,0,0,0,0,0,0,0,0,0,0,0,0,0
test_6_2_1.png,0,0,0,0,0,0,0,0,0,0,0,0,0,0,0
test_6_2_2.png,473,33,44,478,24,39,465,32,52,473,29,44,472,28,45
test_6_2_3.png,0,7,254,0,0,254,0,0,254,0,0,254,0,0,254
test_6_3_0.png,0,0,0,0,0,0,0,0,0,0,0,0,0,0,0
test_6_3_1.png,0,0,0,0,0,0,0,0,0,0,0,0,0,0,0
test_6_3_2.png,0,0,0,0,0,0,0,0,0,0,0,0,0,0,0
test_6_3_3.png,387,16,145,392,18,140,391,17,141,402,12,130,391,12,141
test_70_0_0.png,11805,928,272,11818,970,259,11803,1115,274,11819,869,258,11816,913,261
test_70_0_1.png,4687,570,132,4687,479,132,4669,470,150,4682,435,137,4685,465,134
test_70_0_2.png,11151,1293,389,11121,1139,419,11142,1237,398,11106,1256,434,11140,1185,400
test_70_0_3.png,16580,1222,678,16534,1217,724,16596,1197,662,16607,1226,651,16589,1167,669
test_70_1_0.png,17048,1320,369,17044,1303,373,17046,1371,371,17097,1388,320,17076,1309,341
test_70_1_1.png,19698,1458,439,19757,1597,380,19688,1437,449,19702,1420,435,19732,1426,405
test_70_1_2.png,17849,1249,402,17869,1288,382,17855,1283,396,17890,1199,361,17885,1222,366
test_70_1_3.png,13576,1053,361,13521,840,416,13543,942,394,13633,987,304,13585,915,352
test_70_2_0.png,718,16,598,698,18,618,723,22,593,675,18,641,707,21,609
test_70_2_1.png,6137,370,216,6079,370,274,6058,339,295,6132,380,221,6111,362,242
test_70_2_2.png,11563,633,269,11584,634,248,11497,529,335,11533,546,299,11558,570,274
test_70_2_3.png,12541,957,423,12558,949,406,12464,969,500,12483,980,481,12509,930,455
test_70_3_0.png,16071,359,75,16019,359,127,16065,388,81,16061,381,85,16055,367,91
test_70_3_1.png,4279,453,193,4287,450,185,4262,445,210,4270,405,202,4273,425,199
test_70_3_2.png,8973,443,307,8981,495,299,8981,436,299,8966,485,314,8989,458,291
test_70_3_3.png,8418,659,448,8434,652,432,8413,640,453,8413,630,453,8429,625,437
test_71_0_0.png,4760,272,234,4785,341,209,4723,191,271,4775,245,219,4768,247,226
test_71_0_1.png,6361,414,319,6357,526,323,6250,349,430,6291,418,389,6331,409,349
test_71_0_2.png,1955,197,25,1961,203,19,1961,210,19,1960,226,20,1958,207,22
test_71_0_3.png,0,0,0,0,0,0,0,0,0,0,0,0,0,0,0
test_71_1_0.png,0,0,0,0,0,0,0,0,0,0,0,0,0,0,0
test_71_1_1.png,0,0,4929,0,0,4929,0,0,4929,0,0,4929,0,0,4929
test_71_1_2.png,3802,539,401,3816,735,387,4196,1410,7,3893,977,310,3827,918,376
test_71_1_3.png,0,0,0,0,0,0,0,0,0,0,0,0,0,0,0
test_71_2_0.png,0,0,0,0,0,0,0,0,0,0,0,0,0,0,0
test_71_2_1.png,0,0,0,0,0,0,0,0,0,0,0,0,0,0,0
test_71_2_2.png,691,0,1222,1324,28,589,1355,36,558,1601,48,312,1353,14,560
test_71_2_3.png,0,0,3435,0,0,3435,0,0,3435,0,0,3435,0,0,3435
test_71_3_0.png,0,0,0,0,0,0,0,0,0,0,0,0,0,0,0
test_71_3_1.png,0,0,0,0,0,0,0,0,0,0,0,0,0,0,0
test_71_3_2.png,1,500,779,1,521,779,96,457,684,1,695,779,1,519,779
test_71_3_3.png,44072,1247,816,43768,1400,1120,44094,1295,794,43773,1096,1115,44039,1194,849
test_72_0_0.png,15771,993,517,15824,1027,464,15791,1054,497,15755,992,533,15806,979,482
test_72_0_1.png,8041,491,365,8050,484,356,8045,460,361,8080,504,326,8058,464,348
test_72_0_2.png,13680,1269,255,13572,1109,363,13620,1160,315,13608,1091,327,13640,1128,295
test_72_0_3.png,16389,957,330,16297,919,422,16323,955,396,16342,970,377,16343,918,376
test_72_1_0.png,7052,369,387,7094,388,345,7076,367,363,7102,408,337,7093,366,346
test_72_1_1.png,2166,319,98,2170,238,94,2164,102,100,2172,397,92,2163,275,101
test_72_1_2.png,7621,1325,283,7623,554,281,7594,679,310,7609,720,295,7609,574,295
test_72_1_3.png,15450,796,443,15449,883,444,15480,864,413,15490,881,403,15483,813,410
test_72_2_0.png,0,0,0,0,0,0,0,0,0,0,0,0,0,0,0
test_72_2_1.png,0,0,0,0,0,0,0,0,0,0,0,0,0,0,0
test_72_2_2.png,1760,338,166,1704,1005,222,1590,28,336,1705,776,221,1696,409,230
test_72_2_3.png,6108,375,871,4894,576,2085,5162,228,1817,4059,224,2920,5120,195,1859
test_72_3_0.png,0,0,0,0,0,0,0,0,0,0,0,0,0,0,0
test_72_3_1.png,0,0,0,0,0,0,0,0,0,0,0,0,0,0,0
test_72_3_2.png,0,0,0,0,0,0,0,0,0,0,0,0,0,0,0
test_72_3_3.png,0,0,0,0,0,0,0,0,0,0,0,0,0,0,0
test_73_0_0.png,19573,1182,570,19557,1221,586,19584,1264,559,19437,1038,706,19559,1131,584
test_73_0_1.png,2584,208,137,2559,181,162,2545,162,176,2535,159,186,2559,172,162
test_73_0_2.png,0,0,0,0,0,0,0,0,0,0,0,0,0,0,0
test_73_0_3.png,0,0,0,0,0,0,0,0,0,0,0,0,0,0,0
test_73_1_0.png,15928,925,580,15904,913,604,15983,1070,525,16041,1058,467,15978,941,530
test_73_1_1.png,0,0,0,0,0,0,0,0,0,0,0,0,0,0,0
test_73_1_2.png,0,0,0,0,0,0,0,0,0,0,0,0,0,0,0
test_73_1_3.png,0,0,0,0,0,0,0,0,0,0,0,0,0,0,0
test_73_2_0.png,2947,186,115,2946,135,116,2957,158,105,2931,116,131,2951,140,111
test_73_2_1.png,0,0,0,0,0,0,0,0,0,0,0,0,0,0,0
test_73_2_2.png,0,0,0,0,0,0,0,0,0,0,0,0,0,0,0
test_73_2_3.png,321,19,26,320,21,27,316,18,31,308,15,39,318,17,29
test_73_3_0.png,0,0,0,0,0,0,0,0,0,0,0,0,0,0,0
test_73_3_1.png,0,0,0,0,0,0,0,0,0,0,0,0,0,0,0
test_73_3_2.png,0,0,0,0,0,0,0,0,0,0,0,0,0,0,0
test_73_3_3.png,0,0,0,0,0,0,0,0,0,0,0,0,0,0,0
test_74_0_0.png,4898,349,132,4861,333,169,4846,271,184,4877,358,153,4880,319,150
test_74_0_1.png,21299,1274,416,21169,1229,546,21095,1072,620,21296,1403,419,21236,1196,479
test_74_0_2.png,18224,1292,430,18166,1224,488,18158,1187,496,18245,1443,409,18226,1233,428
test_74_0_3.png,5609,471,162,5535,470,236,5576,449,195,5612,521,159,5605,465,166
test_74_1_0.png,954,155,16,951,149,19,951,144,19,945,127,25,953,134,17
test_74_1_1.png,3375,203,137,3333,178,179,3301,154,211,3355,182,157,3342,169,170
test_74_1_2.png,11552,715,318,11567,687,303,11551,748,319,11571,786,299,11579,713,291
test_74_1_3.png,550,39,114,556,32,108,632,48,32,609,37,55,562,39,102
test_74_2_0.png,2720,426,68,2727,360,61,2732,413,56,2740,407,48,2736,397,52
test_74_2_1.png,8873,749,254,8868,721,259,8880,787,247,8873,736,254,8894,725,233
test_74_2_2.png,6981,586,287,7008,707,260,7023,676,245,7047,683,221,7014,636,254
test_74_2_3.png,0,0,0,0,0,0,0,0,0,0,0,0,0,0,0
test_74_3_0.png,0,0,0,0,0,0,0,0,0,0,0,0,0,0,0
test_74_3_1.png,2197,188,139,2224,195,112,2190,155,146,2198,171,138,2205,168,131
test_74_3_2.png,6292,684,180,6279,673,193,6274,641,198,6214,603,258,6279,640,193
test_74_3_3.png,0,0,0,0,0,0,0,0,0,0,0,0,0,0,0
test_75_0_0.png,0,0,0,0,0,0,0,0,0,0,0,0,0,0,0
test_75_0_1.png,0,0,0,0,0,0,0,0,0,0,0,0,0,0,0
test_75_0_2.png,0,0,0,0,0,0,0,0,0,0,0,0,0,0,0
test_75_0_3.png,0,0,0,0,0,0,0,0,0,0,0,0,0,0,0
test_75_1_0.png,0,0,0,0,0,0,0,0,0,0,0,0,0,0,0
test_75_1_1.png,0,0,0,0,0,0,0,0,0,0,0,0,0,0,0
test_75_1_2.png,0,0,0,0,0,0,0,0,0,0,0,0,0,0,0
test_75_1_3.png,0,0,0,0,0,0,0,0,0,0,0,0,0,0,0
test_75_2_0.png,0,0,0,0,0,0,0,0,0,0,0,0,0,0,0
test_75_2_1.png,6573,593,467,6494,678,546,6487,681,553,6189,616,851,6523,623,517
test_75_2_2.png,11552,1108,708,11605,1257,655,11547,1091,713,11577,1244,683,11590,1143,670
test_75_2_3.png,5670,237,577,5652,222,595,5624,277,623,5649,285,598,5653,239,594
test_75_3_0.png,1494,86,169,1432,67,231,1444,64,219,1440,64,223,1454,66,209
test_75_3_1.png,15203,1270,1158,15180,1385,1181,15123,1324,1238,15123,1374,1238,15140,1304,1221
test_75_3_2.png,17731,1608,1432,17840,1691,1323,17670,1689,1493,17818,1739,1345,17769,1579,1394
test_75_3_3.png,12279,1253,1133,12214,1355,1198,12357,1576,1055,12190,1492,1222,12285,1372,1127
test_76_0_0.png,0,0,0,0,0,0,0,0,0,0,0,0,0,0,0
test_76_0_1.png,180,20,2,180,14,2,179,4,3,179,10,3,179,11,3
test_76_0_2.png,0,0,166,0,0,166,0,0,166,0,0,166,0,0,166
test_76_0_3.png,5659,1070,849,5337,828,1171,5670,1112,838,5114,939,1394,5539,982,969
test_76_1_0.png,0,0,0,0,0,0,0,0,0,0,0,0,0,0,0
test_76_1_1.png,0,0,148,7,0,141,0,0,148,0,0,148,0,0,148
test_76_1_2.png,0,0,0,0,0,0,0,0,0,0,0,0,0,0,0
test_76_1_3.png,354,37,574,337,31,591,5,17,923,0,0,928,55,16,873
test_76_2_0.png,0,0,0,0,0,0,0,0,0,0,0,0,0,0,0
test_76_2_1.png,0,0,0,0,0,0,0,0,0,0,0,0,0,0,0
test_76_2_2.png,0,0,0,0,0,0,0,0,0,0,0,0,0,0,0
test_76_2_3.png,4639,718,77,4593,205,123,4593,382,123,4515,119,201,4610,215,106
test_76_3_0.png,0,0,0,0,0,0,0,0,0,0,0,0,0,0,0
test_76_3_1.png,763,97,145,693,71,215,3,0,905,0,0,908,441,5,467
test_76_3_2.png,0,0,0,0,0,0,0,0,0,0,0,0,0,0,0
test_76_3_3.png,0,0,0,0,0,0,0,0,0,0,0,0,0,0,0
test_77_0_0.png,7277,68,9382,14511,701,2148,10368,218,6291,12516,548,4143,11337,376,5322
test_77_0_1.png,156,29,77,169,1929,64,177,6,56,179,512,54,170,146,63
test_77_0_2.png,3974,28,2070,3869,22,2175,4661,432,1383,4604,74,1440,4419,35,1625
test_77_0_3.png,0,0,463,0,0,463,0,0,463,0,0,463,0,0,463
test_77_1_0.png,21992,5785,796,21966,5766,822,21908,2501,880,22000,3291,788,21961,4686,827
test_77_1_1.png,0,778,600,0,0,600,0,0,600,0,0,600,0,0,600
test_77_1_2.png,2790,191,338,2817,589,311,2794,607,334,2747,423,381,2798,496,330
test_77_1_3.png,0,0,0,0,0,0,0,0,0,0,0,0,0,0,0
test_77_2_0.png,9194,238,2213,7547,191,3860,9026,224,2381,8452,326,2955,9025,175,2382
test_77_2_1.png,11332,786,168,11377,1736,123,11217,583,283,11346,3852,154,11331,912,169
test_77_2_2.png,4727,932,507,4873,828,361,4463,856,771,4279,775,955,4597,833,637
test_77_2_3.png,825,58,30,832,68,23,819,50,36,822,52,33,826,56,29
test_77_3_0.png,15165,1696,3662,14913,1475,3914,15288,2192,3539,15084,1630,3743,15159,1661,3668
test_77_3_1.png,18225,2123,1191,18829,3059,587,18307,2936,1109,17750,2525,1666,18262,2496,1154
test_77_3_2.png,21630,1009,1557,21562,1564,1625,20968,844,2219,20934,1305,2253,21292,1198,1895
test_77_3_3.png,15983,27,1100,11427,30,5656,11790,25,5293,16734,81,349,14706,30,2377
test_78_0_0.png,0,0,0,0,0,0,0,0,0,0,0,0,0,0,0
test_78_0_1.png,0,0,0,0,0,0,0,0,0,0,0,0,0,0,0
test_78_0_2.png,0,0,0,0,0,0,0,0,0,0,0,0,0,0,0
test_78_0_3.png,941,174,16,943,175,14,946,187,11,938,180,19,946,179,11
test_78_1_0.png,0,0,0,0,0,0,0,0,0,0,0,0,0,0,0
test_78_1_1.png,0,0,0,0,0,0,0,0,0,0,0,0,0,0,0
test_78_1_2.png,0,0,0,0,0,0,0,0,0,0,0,0,0,0,0
test_78_1_3.png,0,0,0,0,0,0,0,0,0,0,0,0,0,0,0
test_78_2_0.png,5405,638,181,5411,655,175,5397,186,189,5389,185,197,5401,204,185
test_78_2_1.png,5389,342,90,5385,298,94,5319,202,160,5339,192,140,5377,249,102
test_78_2_2.png,0,0,0,0,0,0,0,0,0,0,0,0,0,0,0
test_78_2_3.png,0,0,0,0,0,0,0,0,0,0,0,0,0,0,0
test_78_3_0.png,11711,360,225,11576,268,360,11664,766,272,11621,671,315,11652,370,284
test_78_3_1.png,4383,68,244,4420,81,207,4091,77,536,3836,80,791,4335,77,292
test_78_3_2.png,0,56,0,0,0,0,0,334,0,0,808,0,0,173,0
test_78_3_3.png,0,0,0,0,0,0,0,0,0,0,0,0,0,0,0
test_79_0_0.png,297,0,896,234,0,959,0,0,1193,0,0,1193,46,0,1147
test_79_0_1.png,928,41,1091,870,268,1149,887,25,1132,187,2,1832,848,15,1171
test_79_0_2.png,2793,131,679,2815,119,657,2578,93,894,2428,69,1044,2756,102,716
test_79_0_3.png,1989,158,476,2033,33,432,2002,37,463,2048,36,417,2015,34,450
test_79_1_0.png,0,0,292,0,0,292,0,0,292,0,0,292,0,0,292
test_79_1_1.png,0,0,0,0,0,0,0,0,0,0,0,0,0,0,0
test_79_1_2.png,0,0,173,0,0,173,0,0,173,0,0,173,0,0,173
test_79_1_3.png,550,35,70,186,0,434,142,1,478,111,0,509,188,0,432
test_79_2_0.png,0,0,0,0,0,0,0,0,0,0,0,0,0,0,0
test_79_2_1.png,2996,162,505,2977,181,524,2988,120,513,2959,150,542,2982,150,519
test_79_2_2.png,1413,203,173,1430,116,156,1373,228,213,1449,133,137,1425,152,161
test_79_2_3.png,2760,79,550,2794,87,516,2791,165,519,2768,119,542,2783,105,527
test_79_3_0.png,134,0,2632,654,0,2112,0,0,2766,0,0,2766,0,0,2766
test_79_3_1.png,0,0,0,0,0,0,0,0,0,0,0,0,0,0,0
test_79_3_2.png,1875,43,178,1837,30,216,1834,17,219,1835,20,218,1842,29,211
test_79_3_3.png,4755,234,757,4800,236,712,4689,260,823,4789,273,723,4759,245,753
test_7_0_0.png,0,0,0,0,0,0,0,0,0,0,0,0,0,0,0
test_7_0_1.png,0,0,0,0,0,0,0,0,0,0,0,0,0,0,0
test_7_0_2.png,8090,697,493,8022,631,561,7955,665,628,8141,679,442,8030,658,553
test_7_0_3.png,0,0,0,0,0,0,0,0,0,0,0,0,0,0,0
test_7_1_0.png,8656,635,724,8720,706,660,8704,782,676,8747,784,633,8715,720,665
test_7_1_1.png,5193,555,224,5174,504,243,5165,512,252,5192,627,225,5183,547,234
test_7_1_2.png,8625,884,336,8603,826,358,8630,899,331,8585,873,376,8613,845,348
test_7_1_3.png,12215,1097,802,12198,1075,819,11993,972,1024,12107,1088,910,12141,1026,876
test_7_2_0.png,14636,1450,595,14519,1425,712,14592,1453,639,14543,1426,688,14580,1413,651
test_7_2_1.png,16195,1720,1642,16104,1580,1733,16107,1650,1730,16131,1724,1706,16137,1641,1700
test_7_2_2.png,4396,370,126,4385,410,137,4394,424,128,4385,381,137,4391,394,131
test_7_2_3.png,6099,562,373,6105,559,367,6050,494,422,6003,485,469,6053,520,419
test_7_3_0.png,4275,413,221,4263,405,233,4243,442,253,4283,461,213,4268,424,228
test_7_3_1.png,8313,1285,299,8319,1302,293,8308,1260,304,8305,1385,307,8321,1298,291
test_7_3_2.png,579,35,19,587,34,11,588,51,10,588,38,10,587,41,11
test_7_3_3.png,9833,949,886,9763,985,956,9875,939,844,9788,912,931,9842,912,877
test_80_0_0.png,11912,1055,1931,11839,1158,2004,11707,497,2136,11107,612,2736,11846,701,1997
test_80_0_1.png,19252,1558,1785,19176,1571,1861,18413,1484,2624,18494,1592,2543,18683,1502,2354
test_80_0_2.png,20651,1890,1158,20412,1576,1397,20632,2043,1177,20011,1874,1798,20556,1808,1253
test_80_0_3.png,21184,2374,1273,21039,2253,1418,21170,2534,1287,21119,2392,1338,21134,2339,1323
test_80_1_0.png,7733,678,786,7677,618,842,7649,547,870,7605,524,914,7656,595,863
test_80_1_1.png,17119,2581,1343,16781,2373,1681,16257,2269,2205,16543,2112,1919,16732,2313,1730
test_80_1_2.png,13214,1919,1694,13125,1755,1783,13303,1954,1605,13409,1946,1499,13283,1836,1625
test_80_1_3.png,9233,800,3535,9395,1020,3373,9471,1259,3297,9342,1092,3426,9360,1010,3408
test_80_2_0.png,3496,394,369,3495,302,370,3339,278,526,2977,428,888,3462,355,403
test_80_2_1.png,13835,805,1595,13977,868,1453,13311,819,2119,13962,845,1468,13883,814,1547
test_80_2_2.png,2951,208,1429,3298,310,1082,3252,1459,1128,3331,240,1049,3273,211,1107
test_80_2_3.png,3366,16,13575,989,13,15952,994,3,15947,7825,64,9116,1885,4,15056
test_80_3_0.png,6933,326,1657,6523,251,2067,6809,295,1781,5294,241,3296,6615,272,1975
test_80_3_1.png,10439,593,1027,10448,577,1018,10467,814,999,10920,922,546,10478,582,988
test_80_3_2.png,0,0,200,0,0,200,0,0,200,0,0,200,0,0,200
test_80_3_3.png,12213,1023,2532,11077,770,3668,11910,829,2835,9020,375,5725,11185,777,3560
test_81_0_0.png,1647,191,101,1656,182,92,1625,169,123,1596,180,152,1631,173,117
test_81_0_1.png,1722,6,146,1772,13,96,1756,23,112,1759,16,109,1745,7,123
test_81_0_2.png,0,0,0,0,0,0,0,0,0,0,0,0,0,0,0
test_81_0_3.png,0,0,0,0,0,0,0,0,0,0,0,0,0,0,0
test_81_1_0.png,0,0,0,0,0,0,0,0,0,0,0,0,0,0,0
test_81_1_1.png,0,0,0,0,0,0,0,0,0,0,0,0,0,0,0
test_81_1_2.png,0,0,0,0,0,0,0,0,0,0,0,0,0,0,0
test_81_1_3.png,2126,109,1035,2000,147,1161,1360,37,1801,2098,104,1063,1995,84,1166
test_81_2_0.png,0,0,0,0,0,0,0,0,0,0,0,0,0,0,0
test_81_2_1.png,0,0,0,0,0,0,0,0,0,0,0,0,0,0,0
test_81_2_2.png,0,0,0,0,0,0,0,0,0,0,0,0,0,0,0
test_81_2_3.png,1744,913,31,1741,884,34,1751,907,24,1730,235,45,1746,879,29
test_81_3_0.png,0,0,0,0,0,0,0,0,0,0,0,0,0,0,0
test_81_3_1.png,297,3,345,0,0,642,0,0,642,0,19,642,0,0,642
test_81_3_2.png,0,0,0,0,0,0,0,0,0,0,0,0,0,0,0
test_81_3_3.png,0,0,0,0,0,0,0,0,0,0,0,0,0,0,0
test_82_0_0.png,0,0,0,0,0,0,0,0,0,0,0,0,0,0,0
test_82_0_1.png,0,0,0,0,0,0,0,0,0,0,0,0,0,0,0
test_82_0_2.png,0,0,0,0,0,0,0,0,0,0,0,0,0,0,0
test_82_0_3.png,0,0,0,0,0,0,0,14,0,0,0,0,0,0,0
test_82_1_0.png,0,0,0,0,0,0,0,0,0,0,0,0,0,0,0
test_82_1_1.png,0,0,6094,0,0,6094,0,0,6094,0,0,6094,0,0,6094
test_82_1_2.png,0,0,11259,0,0,11259,0,0,11259,0,0,11259,0,0,11259
test_82_1_3.png,0,0,0,0,0,0,0,0,0,0,0,0,0,0,0
test_82_2_0.png,0,0,783,0,0,783,0,0,783,0,0,783,0,0,783
test_82_2_1.png,926,19,2456,159,0,3223,0,0,3382,0,0,3382,0,0,3382
test_82_2_2.png,14086,1381,8115,14062,3075,8139,13043,1112,9158,13199,1050,9002,13407,1388,8794
test_82_2_3.png,0,0,576,0,0,576,0,0,576,0,0,576,0,0,576
test_82_3_0.png,0,0,0,0,0,0,0,0,0,0,0,0,0,0,0
test_82_3_1.png,0,0,1357,0,0,1357,0,0,1357,0,0,1357,0,0,1357
test_82_3_2.png,2288,263,101,2191,98,198,1746,199,643,1332,96,1057,2012,120,377
test_82_3_3.png,5058,1078,462,5151,1223,369,5052,1066,468,5046,441,474,5081,1058,439
test_83_0_0.png,0,0,0,0,0,0,0,0,0,0,0,0,0,0,0
test_83_0_1.png,0,0,0,0,0,0,0,0,0,0,0,0,0,0,0
test_83_0_2.png,0,0,0,0,0,0,0,0,0,0,0,0,0,0,0
test_83_0_3.png,0,0,0,0,0,0,0,0,0,0,0,0,0,0,0
test_83_1_0.png,0,0,0,0,0,0,0,0,0,0,0,0,0,0,0
test_83_1_1.png,0,0,0,0,0,0,0,0,0,0,0,0,0,0,0
test_83_1_2.png,0,0,0,0,0,0,0,0,0,0,0,0,0,0,0
test_83_1_3.png,0,0,0,0,0,0,0,0,0,0,0,0,0,0,0
test_83_2_0.png,0,0,0,0,0,0,0,0,0,0,0,0,0,0,0
test_83_2_1.png,9671,456,1285,9701,493,1255,9723,499,1233,9665,518,1291,9694,470,1262
test_83_2_2.png,1240,29,324,1248,20,316,1214,13,350,1237,18,327,1232,17,332
test_83_2_3.png,0,0,0,0,0,0,0,0,0,0,0,0,0,0,0
test_83_3_0.png,6175,463,1015,6079,407,1111,5839,460,1351,6298,548,892,6087,424,1103
test_83_3_1.png,20111,1662,3510,20009,1409,3612,20337,1653,3284,20144,1507,3477,20176,1249,3445
test_83_3_2.png,5879,180,861,5832,205,908,5247,96,1493,5642,122,1098,5746,125,994
test_83_3_3.png,0,70,0,0,291,0,0,65,0,0,162,0,0,144,0
test_84_0_0.png,0,0,0,0,0,0,0,0,0,0,0,0,0,0,0
test_84_0_1.png,70,7,38,63,4,45,67,63,41,66,0,42,64,4,44
test_84_0_2.png,1272,569,135,1256,333,151,1262,882,145,1249,395,158,1255,577,152
test_84_0_3.png,1803,93,1122,1953,125,972,2025,193,900,1839,125,1086,1922,104,1003
test_84_1_0.png,0,0,0,0,0,0,0,0,0,0,0,0,0,0,0
test_84_1_1.png,4425,191,954,4676,272,703,4682,284,697,4865,432,514,4683,264,696
test_84_1_2.png,11062,1285,1718,10811,912,1969,11150,2097,1630,10980,1268,1800,11017,1167,1763
test_84_1_3.png,5422,801,769,5426,751,765,5463,869,728,5442,805,749,5442,773,749
test_84_2_0.png,0,0,0,0,0,0,0,0,0,0,0,0,0,0,0
test_84_2_1.png,3740,270,891,3703,174,928,3858,592,773,3781,259,850,3774,221,857
test_84_2_2.png,8717,530,1500,8538,373,1679,8571,406,1646,8662,321,1555,8607,396,1610
test_84_2_3.png,2213,218,802,2277,204,738,2248,202,767,2333,128,682,2292,193,723
test_84_3_0.png,0,0,0,0,0,0,0,0,0,0,0,0,0,0,0
test_84_3_1.png,1280,200,365,1258,170,387,1326,261,319,1298,327,347,1289,206,356
test_84_3_2.png,2020,73,298,2039,44,279,1927,32,391,1963,39,355,1999,34,319
test_84_3_3.png,0,0,0,0,0,0,0,0,0,0,0,0,0,0,0
test_85_0_0.png,0,0,0,0,0,0,0,0,0,0,0,0,0,0,0
test_85_0_1.png,0,0,308,0,0,308,0,0,308,0,0,308,0,0,308
test_85_0_2.png,0,0,0,0,0,0,0,0,0,0,0,0,0,0,0
test_85_0_3.png,0,0,0,0,0,0,0,0,0,0,0,0,0,0,0
test_85_1_0.png,8793,378,963,8761,366,995,8865,351,891,8792,339,964,8792,346,964
test_85_1_1.png,1766,25,236,1786,21,216,1786,25,216,1779,18,223,1780,22,222
test_85_1_2.png,0,0,0,0,0,0,0,0,0,0,0,0,0,0,0
test_85_1_3.png,0,0,0,0,0,0,0,0,0,0,0,0,0,0,0
test_85_2_0.png,13719,1379,1314,13775,1291,1258,13729,1255,1304,13627,1186,1406,13727,1199,1306
test_85_2_1.png,9235,853,1197,9304,905,1128,9190,688,1242,9212,828,1220,9244,812,1188
test_85_2_2.png,0,0,0,0,0,0,0,0,0,0,0,0,0,0,0
test_85_2_3.png,0,0,0,0,0,0,0,0,0,0,0,0,0,0,0
test_85_3_0.png,6053,572,541,6061,536,533,6084,605,510,6080,555,514,6075,552,519
test_85_3_1.png,2612,137,599,2630,167,581,2595,156,616,2621,170,590,2625,150,586
test_85_3_2.png,0,0,0,0,0,0,0,0,0,0,0,0,0,0,0
test_85_3_3.png,551,80,984,549,0,986,318,0,1217,5,0,1530,480,0,1055
test_86_0_0.png,0,0,0,0,0,0,0,0,0,0,0,0,0,0,0
test_86_0_1.png,640,3,103,0,0,743,635,3,108,497,0,246,579,0,164
test_86_0_2.png,0,0,0,0,0,0,0,0,0,0,0,0,0,0,0
test_86_0_3.png,0,0,0,0,0,0,0,0,0,0,0,0,0,0,0
test_86_1_0.png,0,0,420,324,9,96,400,100,20,385,1573,35,363,13,57
test_86_1_1.png,0,0,0,0,0,0,0,0,0,0,0,0,0,0,0
test_86_1_2.png,0,0,0,0,0,0,0,0,0,0,0,0,0,0,0
test_86_1_3.png,0,0,0,0,0,0,0,0,0,0,0,0,0,0,0
test_86_2_0.png,7,599,46,8,616,45,0,503,53,0,492,53,0,554,53
test_86_2_1.png,690,10,61,698,7,53,701,12,50,698,25,53,696,12,55
test_86_2_2.png,0,0,0,0,0,0,0,0,0,0,0,0,0,0,0
test_86_2_3.png,0,0,0,0,0,0,0,0,0,0,0,0,0,0,0
test_86_3_0.png,0,0,227,0,0,227,0,0,227,0,0,227,0,0,227
test_86_3_1.png,0,0,0,0,0,0,0,0,0,0,0,0,0,0,0
test_86_3_2.png,0,823,0,0,804,0,0,811,0,0,829,0,0,812,0
test_86_3_3.png,0,0,0,0,0,0,0,0,0,0,0,0,0,0,0
test_87_0_0.png,4124,832,643,4073,1217,694,3774,371,993,3764,1399,1003,3902,509,865
test_87_0_1.png,14540,798,2298,14325,2062,2513,14240,1904,2598,14478,2294,2360,14372,1999,2466
test_87_0_2.png,10748,676,1565,10727,625,1586,10695,538,1618,10770,629,1543,10767,638,1546
test_87_0_3.png,0,0,0,0,0,0,0,0,0,0,0,0,0,0,0
test_87_1_0.png,15178,687,2591,15126,754,2643,15024,713,2745,15016,632,2753,15105,667,2664
test_87_1_1.png,23292,910,3538,23275,815,3555,23163,753,3667,23038,693,3792,23164,754,3666
test_87_1_2.png,12001,451,2155,12013,473,2143,11989,481,2167,11898,362,2258,11985,421,2171
test_87_1_3.png,397,0,99,387,1,109,323,0,173,93,0,403,377,0,119
test_87_2_0.png,5710,475,516,5763,489,463,5696,417,530,5780,450,446,5740,453,486
test_87_2_1.png,7185,365,1051,7135,394,1101,7077,305,1159,7142,315,1094,7133,319,1103
test_87_2_2.png,2548,146,1016,2481,130,1083,2348,72,1216,2441,105,1123,2457,113,1107
test_87_2_3.png,0,0,0,0,0,0,0,0,0,0,0,0,0,0,0
test_87_3_0.png,0,0,0,0,0,0,0,0,0,0,0,0,0,0,0
test_87_3_1.png,0,0,0,0,0,0,0,0,0,0,0,0,0,0,0
test_87_3_2.png,0,0,0,0,0,0,0,0,0,0,0,0,0,0,0
test_87_3_3.png,0,0,0,0,0,0,0,0,0,0,0,0,0,0,0
test_88_0_0.png,0,0,573,0,0,573,0,0,573,0,0,573,0,0,573
test_88_0_1.png,0,0,0,0,0,0,0,0,0,0,0,0,0,0,0
test_88_0_2.png,0,0,0,0,0,0,0,0,0,0,0,0,0,0,0
test_88_0_3.png,0,0,0,0,0,0,0,0,0,0,0,0,0,0,0
test_88_1_0.png,0,0,0,0,0,0,0,0,0,0,0,0,0,0,0
test_88_1_1.png,0,0,0,0,0,0,0,0,0,0,0,0,0,0,0
test_88_1_2.png,0,0,0,0,0,0,0,0,0,0,0,0,0,0,0
test_88_1_3.png,0,0,0,0,0,0,0,0,0,0,0,0,0,0,0
test_88_2_0.png,0,0,0,0,0,0,0,0,0,0,0,0,0,0,0
test_88_2_1.png,0,0,0,0,0,0,0,0,0,0,0,0,0,0,0
test_88_2_2.png,0,0,0,0,0,0,0,0,0,0,0,0,0,0,0
test_88_2_3.png,0,0,0,0,0,0,0,0,0,0,0,0,0,0,0
test_88_3_0.png,0,0,0,0,0,0,0,0,0,0,0,0,0,0,0
test_88_3_1.png,0,0,0,0,0,0,0,0,0,0,0,0,0,0,0
test_88_3_2.png,0,0,0,0,0,0,0,0,0,0,0,0,0,0,0
test_88_3_3.png,0,0,0,0,0,0,0,0,0,0,0,0,0,0,0
test_89_0_0.png,0,0,0,0,0,0,0,0,0,0,0,0,0,0,0
test_89_0_1.png,0,0,0,0,0,0,0,0,0,0,0,0,0,0,0
test_89_0_2.png,0,0,0,0,0,0,0,0,0,0,0,0,0,0,0
test_89_0_3.png,0,1282,0,0,1407,0,0,1271,0,0,0,0,0,1247,0
test_89_1_0.png,0,0,0,0,0,0,0,0,0,0,0,0,0,0,0
test_89_1_1.png,0,0,0,0,0,0,0,0,0,0,0,0,0,0,0
test_89_1_2.png,0,0,0,0,0,0,0,0,0,0,0,0,0,0,0
test_89_1_3.png,0,0,0,0,0,0,0,0,0,0,0,0,0,0,0
test_89_2_0.png,0,0,0,0,0,0,0,0,0,0,0,0,0,0,0
test_89_2_1.png,21853,624,571,21753,450,671,22141,662,283,21872,672,552,21840,527,584
test_89_2_2.png,28525,234,2593,27869,185,3249,29515,447,1603,28635,305,2483,28511,246,2607
test_89_2_3.png,0,0,0,0,0,0,0,0,0,0,0,0,0,0,0
test_89_3_0.png,0,0,0,0,0,0,0,0,0,0,0,0,0,0,0
test_89_3_1.png,0,0,168,0,0,168,0,0,168,0,0,168,0,0,168
test_89_3_2.png,2604,40,53,2600,26,57,2592,29,65,2593,23,64,2594,27,63
test_89_3_3.png,1225,48,132,1189,53,168,1177,26,180,1217,48,140,1204,43,153
test_8_0_0.png,2939,275,49,2930,289,58,2922,269,66,2915,266,73,2931,279,57
test_8_0_1.png,0,0,0,0,0,0,0,0,0,0,0,0,0,0,0
test_8_0_2.png,1244,55,138,1213,58,169,1214,55,168,1207,56,175,1216,56,166
test_8_0_3.png,2877,263,147,2871,234,153,2896,276,128,2873,225,151,2880,243,144
test_8_1_0.png,0,0,0,0,0,0,0,0,0,0,0,0,0,0,0
test_8_1_1.png,0,0,0,0,0,0,0,0,0,0,0,0,0,0,0
test_8_1_2.png,0,0,0,0,0,0,0,0,0,0,0,0,0,0,0
test_8_1_3.png,0,0,0,0,0,0,0,0,0,0,0,0,0,0,0
test_8_2_0.png,4948,453,230,4902,427,276,4914,520,264,4879,376,299,4908,410,270
test_8_2_1.png,7619,456,481,7633,480,467,7698,426,402,7633,442,467,7664,450,436
test_8_2_2.png,9194,614,472,9231,687,435,9241,638,425,9184,613,482,9220,603,446
test_8_2_3.png,637,216,4,636,194,5,633,187,8,636,196,5,636,195,5
test_8_3_0.png,9641,522,649,9589,425,701,9612,468,678,9622,531,668,9615,478,675
test_8_3_1.png,16822,1164,1035,16876,1242,981,16884,1343,973,16869,1323,988,16872,1244,985
test_8_3_2.png,16879,1221,855,16769,1286,965,16890,1174,844,16792,1189,942,16853,1197,881
test_8_3_3.png,8110,415,329,8106,489,333,8097,475,342,8050,482,389,8096,459,343
test_90_0_0.png,0,0,0,0,0,0,0,0,0,0,0,0,0,0,0
test_90_0_1.png,0,0,0,0,0,0,0,0,0,0,0,0,0,0,0
test_90_0_2.png,0,0,0,0,0,0,0,0,0,0,0,0,0,0,0
test_90_0_3.png,0,0,0,0,0,0,0,0,0,0,0,0,0,0,0
test_90_1_0.png,0,0,0,0,0,0,0,0,0,0,0,0,0,0,0
test_90_1_1.png,0,0,0,0,0,0,0,0,0,0,0,0,0,0,0
test_90_1_2.png,0,0,0,0,0,0,0,0,0,0,0,0,0,0,0
test_90_1_3.png,0,0,0,0,0,0,0,0,0,0,0,0,0,0,0
test_90_2_0.png,0,0,0,0,0,0,0,0,0,0,0,0,0,0,0
test_90_2_1.png,0,0,0,0,0,0,0,0,0,0,0,0,0,0,0
test_90_2_2.png,0,0,0,0,0,0,0,0,0,0,0,0,0,0,0
test_90_2_3.png,0,0,0,0,0,0,0,0,0,0,0,0,0,0,0
test_90_3_0.png,0,0,0,0,0,0,0,0,0,0,0,0,0,0,0
test_90_3_1.png,0,0,0,0,0,0,0,0,0,0,0,0,0,0,0
test_90_3_2.png,0,0,0,0,0,0,0,0,0,0,0,0,0,0,0
test_90_3_3.png,0,0,0,0,0,0,0,0,0,0,0,0,0,0,0
test_91_0_0.png,3480,218,239,3468,231,251,3469,236,250,3460,209,259,3471,220,248
test_91_0_1.png,0,0,0,0,0,0,0,0,0,0,0,0,0,0,0
test_91_0_2.png,132,1,206,0,0,338,6,0,332,40,0,298,0,0,338
test_91_0_3.png,0,0,754,0,0,754,0,0,754,0,0,754,0,0,754
test_91_1_0.png,2569,96,420,2573,96,416,2555,95,434,2553,73,436,2564,91,425
test_91_1_1.png,0,0,0,0,0,0,0,0,0,0,0,0,0,0,0
test_91_1_2.png,0,0,0,0,0,0,0,0,0,0,0,0,0,0,0
test_91_1_3.png,1658,52,145,1663,48,140,1669,44,134,1690,67,113,1676,50,127
test_91_2_0.png,0,0,0,0,0,0,0,0,0,0,0,0,0,0,0
test_91_2_1.png,0,0,0,0,0,0,0,0,0,0,0,0,0,0,0
test_91_2_2.png,0,0,0,0,0,0,0,0,0,0,0,0,0,0,0
test_91_2_3.png,0,0,0,0,0,0,0,0,0,0,0,0,0,0,0
test_91_3_0.png,0,0,0,0,0,0,0,0,0,0,0,0,0,0,0
test_91_3_1.png,0,0,0,0,0,0,0,0,0,0,0,0,0,0,0
test_91_3_2.png,0,0,0,0,0,0,0,0,0,0,0,0,0,0,0
test_91_3_3.png,0,0,0,0,0,0,0,0,0,0,0,0,0,0,0
test_92_0_0.png,0,0,0,0,0,0,0,0,0,0,0,0,0,0,0
test_92_0_1.png,0,0,0,0,0,0,0,0,0,0,0,0,0,0,0
test_92_0_2.png,0,0,0,0,0,0,0,0,0,0,0,0,0,0,0
test_92_0_3.png,0,0,0,0,0,0,0,0,0,0,0,0,0,0,0
test_92_1_0.png,8571,377,740,8546,382,765,8617,393,694,8546,354,765,8589,364,722
test_92_1_1.png,3804,202,224,3854,251,174,3763,178,265,3755,206,273,3802,197,226
test_92_1_2.png,0,0,0,0,0,0,0,0,0,0,0,0,0,0,0
test_92_1_3.png,0,0,0,0,0,0,0,0,0,0,0,0,0,0,0
test_92_2_0.png,25637,1480,2056,25758,1505,1935,26118,1799,1575,26186,1781,1507,25966,1602,1727
test_92_2_1.png,3935,213,377,3973,229,339,3967,260,345,3990,206,322,3970,206,342
test_92_2_2.png,0,0,0,0,0,0,0,0,0,0,0,0,0,0,0
test_92_2_3.png,8112,269,1086,8011,244,1187,8008,207,1190,8085,286,1113,8046,238,1152
test_92_3_0.png,11749,284,1194,11635,279,1308,11771,353,1172,11924,371,1019,11774,298,1169
test_92_3_1.png,0,0,0,0,0,0,0,0,0,0,0,0,0,0,0
test_92_3_2.png,7266,140,647,7243,119,670,7264,168,649,7285,155,628,7261,131,652
test_92_3_3.png,21184,1100,2023,21184,1142,2023,21367,1179,1840,21461,1400,1746,21286,1157,1921
test_93_0_0.png,0,0,0,0,0,0,0,0,0,0,0,0,0,0,0
test_93_0_1.png,0,0,0,0,0,0,0,0,0,0,0,0,0,0,0
test_93_0_2.png,0,0,0,0,0,0,0,0,0,0,0,0,0,0,0
test_93_0_3.png,0,0,0,0,0,0,0,0,0,0,0,0,0,0,0
test_93_1_0.png,0,0,0,0,0,0,0,0,0,0,0,0,0,0,0
test_93_1_1.png,0,0,0,0,0,0,0,0,0,0,0,0,0,0,0
test_93_1_2.png,0,0,0,0,0,0,0,0,0,0,0,0,0,0,0
test_93_1_3.png,0,0,0,0,0,0,0,0,0,0,0,0,0,0,0
test_93_2_0.png,454,0,191,454,0,191,452,0,193,458,0,187,453,0,192
test_93_2_1.png,0,0,0,0,0,0,0,0,0,0,0,0,0,0,0
test_93_2_2.png,0,0,0,0,0,0,0,0,0,0,0,0,0,0,0
test_93_2_3.png,0,0,0,0,0,0,0,0,0,0,0,0,0,0,0
test_93_3_0.png,3589,251,435,3667,387,357,3589,314,435,3402,192,622,3585,269,439
test_93_3_1.png,0,0,0,0,0,0,0,0,0,0,0,0,0,0,0
test_93_3_2.png,0,0,0,0,0,0,0,0,0,0,0,0,0,0,0
test_93_3_3.png,0,0,0,0,0,0,0,0,0,0,0,0,0,0,0
test_94_0_0.png,0,0,0,0,0,0,0,0,0,0,0,0,0,0,0
test_94_0_1.png,0,0,0,0,0,0,0,0,0,0,0,0,0,0,0
test_94_0_2.png,0,0,0,0,0,0,0,0,0,0,0,0,0,0,0
test_94_0_3.png,0,0,0,0,0,0,0,0,0,0,0,0,0,0,0
test_94_1_0.png,0,0,0,0,0,0,0,0,0,0,0,0,0,0,0
test_94_1_1.png,0,0,0,0,0,0,0,0,0,0,0,0,0,0,0
test_94_1_2.png,0,0,0,0,0,0,0,0,0,0,0,0,0,0,0
test_94_1_3.png,0,0,0,0,0,0,0,0,0,0,0,0,0,0,0
test_94_2_0.png,0,0,0,0,0,0,0,0,0,0,0,0,0,0,0
test_94_2_1.png,0,0,0,0,0,0,0,0,0,0,0,0,0,0,0
test_94_2_2.png,0,0,0,0,0,0,0,0,0,0,0,0,0,0,0
test_94_2_3.png,0,0,561,0,0,561,0,0,561,0,0,561,0,0,561
test_94_3_0.png,0,0,0,0,0,0,0,0,0,0,0,0,0,0,0
test_94_3_1.png,0,0,0,0,0,0,0,0,0,0,0,0,0,0,0
test_94_3_2.png,0,0,0,0,0,0,0,0,0,0,0,0,0,0,0
test_94_3_3.png,0,0,0,0,0,0,0,0,0,0,0,0,0,0,0
test_95_0_0.png,0,0,0,0,0,0,0,0,0,0,0,0,0,0,0
test_95_0_1.png,0,0,0,0,0,0,0,0,0,0,0,0,0,0,0
test_95_0_2.png,0,0,0,0,0,0,0,0,0,0,0,0,0,0,0
test_95_0_3.png,0,0,0,0,0,0,0,0,0,0,0,0,0,0,0
test_95_1_0.png,0,0,0,0,0,0,0,0,0,0,0,0,0,0,0
test_95_1_1.png,0,0,0,0,0,0,0,0,0,0,0,0,0,0,0
test_95_1_2.png,0,0,0,0,0,0,0,0,0,0,0,0,0,0,0
test_95_1_3.png,0,0,0,0,0,0,0,0,0,0,0,0,0,0,0
test_95_2_0.png,0,0,0,0,0,0,0,0,0,0,0,0,0,0,0
test_95_2_1.png,0,0,0,0,0,0,0,0,0,0,0,0,0,0,0
test_95_2_2.png,0,0,0,0,0,0,0,0,0,0,0,0,0,0,0
test_95_2_3.png,0,0,0,0,0,0,0,0,0,0,0,0,0,0,0
test_95_3_0.png,81,0,44,113,1,12,118,1,7,119,2,6,114,0,11
test_95_3_1.png,0,0,0,0,0,0,0,0,0,0,0,0,0,0,0
test_95_3_2.png,0,0,0,0,0,0,0,0,0,0,0,0,0,0,0
test_95_3_3.png,0,0,0,0,0,0,0,0,0,0,0,0,0,0,0
test_96_0_0.png,1469,121,24,1471,117,22,1468,114,25,1458,124,35,1467,116,26
test_96_0_1.png,0,0,0,0,0,0,0,0,0,0,0,0,0,0,0
test_96_0_2.png,0,0,0,0,0,0,0,0,0,0,0,0,0,0,0
test_96_0_3.png,0,0,19,0,0,19,0,0,19,0,0,19,0,0,19
test_96_1_0.png,0,0,0,0,0,0,0,0,0,0,0,0,0,0,0
test_96_1_1.png,0,0,0,0,0,0,0,0,0,0,0,0,0,0,0
test_96_1_2.png,0,0,0,0,0,0,0,0,0,0,0,0,0,0,0
test_96_1_3.png,0,0,0,0,0,0,0,0,0,0,0,0,0,0,0
test_96_2_0.png,0,0,0,0,0,0,0,0,0,0,0,0,0,0,0
test_96_2_1.png,0,0,0,0,0,0,0,0,0,0,0,0,0,0,0
test_96_2_2.png,0,0,0,0,0,0,0,0,0,0,0,0,0,0,0
test_96_2_3.png,0,0,0,0,0,0,0,0,0,0,0,0,0,0,0
test_96_3_0.png,0,0,0,0,0,0,0,0,0,0,0,0,0,0,0
test_96_3_1.png,0,0,0,0,0,0,0,0,0,0,0,0,0,0,0
test_96_3_2.png,0,0,0,0,0,0,0,0,0,0,0,0,0,0,0
test_96_3_3.png,0,0,0,0,0,0,0,0,0,0,0,0,0,0,0
test_97_0_0.png,0,0,41,0,0,41,0,0,41,0,0,41,0,0,41
test_97_0_1.png,0,0,0,0,0,0,0,0,0,0,0,0,0,0,0
test_97_0_2.png,0,0,0,0,0,0,0,0,0,0,0,0,0,0,0
test_97_0_3.png,0,0,0,0,0,0,0,0,0,0,0,0,0,0,0
test_97_1_0.png,0,0,0,0,0,0,0,0,0,0,0,0,0,0,0
test_97_1_1.png,0,0,0,0,0,0,0,0,0,0,0,0,0,0,0
test_97_1_2.png,0,0,0,0,0,0,0,0,0,0,0,0,0,0,0
test_97_1_3.png,0,0,0,0,0,0,0,0,0,0,0,0,0,0,0
test_97_2_0.png,433,7,35,434,6,34,434,10,34,433,3,35,434,7,34
test_97_2_1.png,130,67,41,121,62,50,137,126,34,146,99,25,133,63,38
test_97_2_2.png,0,0,0,0,0,0,0,0,0,0,0,0,0,0,0
test_97_2_3.png,0,0,0,0,0,0,0,0,0,0,0,0,0,0,0
test_97_3_0.png,319,100,4,318,101,5,320,98,3,320,105,3,319,100,4
test_97_3_1.png,280,43,8,282,32,6,287,24,1,288,38,0,285,34,3
test_97_3_2.png,0,0,0,0,0,0,0,0,0,0,0,0,0,0,0
test_97_3_3.png,0,0,0,0,0,0,0,0,0,0,0,0,0,0,0
test_98_0_0.png,0,0,0,0,0,0,0,0,0,0,0,0,0,0,0
test_98_0_1.png,0,0,0,0,0,0,0,0,0,0,0,0,0,0,0
test_98_0_2.png,0,0,0,0,0,0,0,0,0,0,0,0,0,0,0
test_98_0_3.png,0,0,0,0,0,0,0,0,0,0,0,0,0,0,0
test_98_1_0.png,0,0,0,0,0,0,0,0,0,0,0,0,0,0,0
test_98_1_1.png,0,0,0,0,0,0,0,0,0,0,0,0,0,0,0
test_98_1_2.png,0,0,0,0,0,0,0,0,0,0,0,0,0,0,0
test_98_1_3.png,0,0,0,0,0,0,0,0,0,0,0,0,0,0,0
test_98_2_0.png,0,0,0,0,0,0,0,0,0,0,0,0,0,0,0
test_98_2_1.png,0,0,0,0,0,0,0,0,0,0,0,0,0,0,0
test_98_2_2.png,0,0,0,0,0,0,0,0,0,0,0,0,0,0,0
test_98_2_3.png,0,0,0,0,0,0,0,0,0,0,0,0,0,0,0
test_98_3_0.png,0,0,0,0,0,0,0,0,0,0,0,0,0,0,0
test_98_3_1.png,493,5,23,474,1,42,475,2,41,481,17,35,481,3,35
test_98_3_2.png,0,0,0,0,0,0,0,0,0,0,0,0,0,0,0
test_98_3_3.png,0,0,0,0,0,0,0,0,0,0,0,0,0,0,0
test_99_0_0.png,0,0,0,0,0,0,0,0,0,0,0,0,0,0,0
test_99_0_1.png,0,0,0,0,0,0,0,0,0,0,0,0,0,0,0
test_99_0_2.png,0,0,0,0,0,0,0,0,0,0,0,0,0,0,0
test_99_0_3.png,0,0,0,0,0,0,0,0,0,0,0,0,0,0,0
test_99_1_0.png,0,0,0,0,0,0,0,0,0,0,0,0,0,0,0
test_99_1_1.png,0,0,0,0,0,0,0,0,0,0,0,0,0,0,0
test_99_1_2.png,0,0,0,0,0,0,0,0,0,0,0,0,0,0,0
test_99_1_3.png,0,0,0,0,0,0,0,0,0,0,0,0,0,0,0
test_99_2_0.png,0,0,0,0,0,0,0,0,0,0,0,0,0,0,0
test_99_2_1.png,0,0,0,0,0,0,0,0,0,0,0,0,0,0,0
test_99_2_2.png,0,0,0,0,0,0,0,0,0,0,0,0,0,0,0
test_99_2_3.png,0,0,0,0,0,0,0,0,0,0,0,0,0,0,0
test_99_3_0.png,0,0,97,0,0,97,0,0,97,0,0,97,0,0,97
test_99_3_1.png,0,0,143,0,0,143,0,0,143,0,0,143,0,0,143
test_99_3_2.png,0,0,0,0,0,0,0,0,0,0,0,0,0,0,0
test_99_3_3.png,0,0,0,0,0,0,0,0,0,0,0,0,0,0,0
test_9_0_0.png,2346,183,203,2250,161,299,2411,213,138,2389,166,160,2368,171,181
test_9_0_1.png,0,0,0,0,0,0,0,0,0,0,0,0,0,0,0
test_9_0_2.png,0,0,0,0,0,0,0,0,0,0,0,0,0,0,0
test_9_0_3.png,0,0,0,0,0,0,0,0,0,0,0,0,0,0,0
test_9_1_0.png,2734,209,124,2703,154,155,2678,175,180,2674,145,184,2699,160,159
test_9_1_1.png,0,0,0,0,0,0,0,0,0,0,0,0,0,0,0
test_9_1_2.png,0,0,0,0,0,0,0,0,0,0,0,0,0,0,0
test_9_1_3.png,0,0,0,0,0,0,0,0,0,0,0,0,0,0,0
test_9_2_0.png,1090,57,173,1130,256,133,1115,215,148,1113,229,150,1111,223,152
test_9_2_1.png,0,0,0,0,0,0,0,0,0,0,0,0,0,0,0
test_9_2_2.png,0,0,0,0,0,0,0,0,0,0,0,0,0,0,0
test_9_2_3.png,0,0,0,0,0,0,0,0,0,0,0,0,0,0,0
test_9_3_0.png,1287,110,812,1265,111,834,1257,90,842,1282,122,817,1273,110,826
test_9_3_1.png,0,0,0,0,0,0,0,0,0,0,0,0,0,0,0
test_9_3_2.png,0,0,0,0,0,0,0,0,0,0,0,0,0,0,0
test_9_3_3.png,0,0,0,0,0,0,0,0,0,0,0,0,0,0,0
